sample_ts,zh,zm,sw
2025-06-14T00:05:00,70101500,富春江电站(坝上),23.24
2025-06-14T00:05:00,70101501,富春江坝下,7.65
2025-06-14T00:05:00,70101800,窄溪,5.17
2025-06-14T00:05:00,70102300,闸口,4.75
2025-06-14T00:05:00,7010AJ33,渌渚,5.2
2025-06-14T00:05:00,7011AJ4M,新桐乡,5.1
2025-06-14T00:05:00,7011AJ5M,渌渚镇,6.54
2025-06-14T00:05:00,7011AJ7R,山溪叶家,50.18
2025-06-14T00:05:00,7011AJ8R,山溪幕下,65.59
2025-06-14T00:05:00,7011AJ9R,山溪前桐,194.12
2025-06-14T00:05:00,7011AM2G,富春江水库严陵坞,23.31
2025-06-14T00:10:00,70101500,富春江电站(坝上),23.25
2025-06-14T00:10:00,70101501,富春江坝下,7.65
2025-06-14T00:10:00,70101800,窄溪,5.17
2025-06-14T00:10:00,70102300,闸口,4.74
2025-06-14T00:10:00,7010AJ33,渌渚,5.2
2025-06-14T00:10:00,7011AJ4M,新桐乡,5.1
2025-06-14T00:10:00,7011AJ5M,渌渚镇,6.54
2025-06-14T00:10:00,7011AJ7R,山溪叶家,50.18
2025-06-14T00:10:00,7011AJ8R,山溪幕下,65.59
2025-06-14T00:10:00,7011AJ9R,山溪前桐,194.14
2025-06-14T00:10:00,7011AM2G,富春江水库严陵坞,23.33
2025-06-14T00:15:00,70101500,富春江电站(坝上),23.25
2025-06-14T00:15:00,70101501,富春江坝下,7.66
2025-06-14T00:15:00,70101800,窄溪,5.17
2025-06-14T00:15:00,70102300,闸口,4.74
2025-06-14T00:15:00,7010AJ33,渌渚,5.2
2025-06-14T00:15:00,7011AJ4M,新桐乡,5.11
2025-06-14T00:15:00,7011AJ5M,渌渚镇,6.54
2025-06-14T00:15:00,7011AJ7R,山溪叶家,50.18
2025-06-14T00:15:00,7011AJ8R,山溪幕下,65.6
2025-06-14T00:15:00,7011AJ9R,山溪前桐,194.14
2025-06-14T00:15:00,7011AM2G,富春江水库严陵坞,23.33
2025-06-14T00:20:00,70101500,富春江电站(坝上),23.25
2025-06-14T00:20:00,70101501,富春江坝下,7.65
2025-06-14T00:20:00,70101800,窄溪,5.17
2025-06-14T00:20:00,70102300,闸口,4.74
2025-06-14T00:20:00,7010AJ33,渌渚,5.22
2025-06-14T00:20:00,7011AJ4M,新桐乡,5.11
2025-06-14T00:20:00,7011AJ5M,渌渚镇,6.54
2025-06-14T00:20:00,7011AJ7R,山溪叶家,50.18
2025-06-14T00:20:00,7011AJ8R,山溪幕下,65.6
2025-06-14T00:20:00,7011AJ9R,山溪前桐,194.12
2025-06-14T00:20:00,7011AM2G,富春江水库严陵坞,23.33
2025-06-14T00:25:00,70101500,富春江电站(坝上),23.26
2025-06-14T00:25:00,70101501,富春江坝下,7.65
2025-06-14T00:25:00,70101800,窄溪,5.17
2025-06-14T00:25:00,70102300,闸口,4.73
2025-06-14T00:25:00,7010AJ33,渌渚,5.22
2025-06-14T00:25:00,7011AJ4M,新桐乡,5.11
2025-06-14T00:25:00,7011AJ5M,渌渚镇,6.54
2025-06-14T00:25:00,7011AJ7R,山溪叶家,50.18
2025-06-14T00:25:00,7011AJ8R,山溪幕下,65.59
2025-06-14T00:25:00,7011AJ9R,山溪前桐,194.13
2025-06-14T00:25:00,7011AM2G,富春江水库严陵坞,23.34
2025-06-14T00:30:00,70101500,富春江电站(坝上),23.27
2025-06-14T00:30:00,70101501,富春江坝下,7.65
2025-06-14T00:30:00,70101800,窄溪,5.17
2025-06-14T00:30:00,70102300,闸口,4.73
2025-06-14T00:30:00,7010AJ33,渌渚,5.22
2025-06-14T00:30:00,7011AJ4M,新桐乡,5.1
2025-06-14T00:30:00,7011AJ5M,渌渚镇,6.54
2025-06-14T00:30:00,7011AJ7R,山溪叶家,50.18
2025-06-14T00:30:00,7011AJ8R,山溪幕下,65.6
2025-06-14T00:30:00,7011AJ9R,山溪前桐,194.13
2025-06-14T00:30:00,7011AM2G,富春江水库严陵坞,23.35
2025-06-14T00:35:00,70101500,富春江电站(坝上),23.3
2025-06-14T00:35:00,70101501,富春江坝下,7.65
2025-06-14T00:35:00,70101800,窄溪,5.17
2025-06-14T00:35:00,70102300,闸口,4.73
2025-06-14T00:35:00,7010AJ33,渌渚,5.22
2025-06-14T00:35:00,7011AJ4M,新桐乡,5.1
2025-06-14T00:35:00,7011AJ5M,渌渚镇,6.54
2025-06-14T00:35:00,7011AJ7R,山溪叶家,50.18
2025-06-14T00:35:00,7011AJ8R,山溪幕下,65.59
2025-06-14T00:35:00,7011AJ9R,山溪前桐,194.13
2025-06-14T00:35:00,7011AM2G,富春江水库严陵坞,23.36
2025-06-14T00:40:00,70101500,富春江电站(坝上),23.3
2025-06-14T00:40:00,70101501,富春江坝下,7.65
2025-06-14T00:40:00,70101800,窄溪,5.18
2025-06-14T00:40:00,70102300,闸口,4.73
2025-06-14T00:40:00,7010AJ33,渌渚,5.22
2025-06-14T00:40:00,7011AJ4M,新桐乡,5.1
2025-06-14T00:40:00,7011AJ5M,渌渚镇,6.54
2025-06-14T00:40:00,7011AJ7R,山溪叶家,50.17
2025-06-14T00:40:00,7011AJ8R,山溪幕下,65.59
2025-06-14T00:40:00,7011AJ9R,山溪前桐,194.12
2025-06-14T00:40:00,7011AM2G,富春江水库严陵坞,23.38
2025-06-14T00:45:00,70101500,富春江电站(坝上),23.32
2025-06-14T00:45:00,70101501,富春江坝下,7.65
2025-06-14T00:45:00,70101800,窄溪,5.17
2025-06-14T00:45:00,70102300,闸口,4.72
2025-06-14T00:45:00,7010AJ33,渌渚,5.22
2025-06-14T00:45:00,7011AJ4M,新桐乡,5.1
2025-06-14T00:45:00,7011AJ5M,渌渚镇,6.54
2025-06-14T00:45:00,7011AJ7R,山溪叶家,50.17
2025-06-14T00:45:00,7011AJ8R,山溪幕下,65.59
2025-06-14T00:45:00,7011AJ9R,山溪前桐,194.12
2025-06-14T00:45:00,7011AM2G,富春江水库严陵坞,23.39
2025-06-14T00:50:00,70101500,富春江电站(坝上),23.33
2025-06-14T00:50:00,70101501,富春江坝下,7.65
2025-06-14T00:50:00,70101800,窄溪,5.17
2025-06-14T00:50:00,70102300,闸口,4.72
2025-06-14T00:50:00,7010AJ33,渌渚,5.22
2025-06-14T00:50:00,7011AJ4M,新桐乡,5.1
2025-06-14T00:50:00,7011AJ5M,渌渚镇,6.54
2025-06-14T00:50:00,7011AJ7R,山溪叶家,50.17
2025-06-14T00:50:00,7011AJ8R,山溪幕下,65.6
2025-06-14T00:50:00,7011AJ9R,山溪前桐,194.13
2025-06-14T00:50:00,7011AM2G,富春江水库严陵坞,23.41
2025-06-14T00:55:00,70101500,富春江电站(坝上),23.33
2025-06-14T00:55:00,70101501,富春江坝下,7.65
2025-06-14T00:55:00,70101800,窄溪,5.17
2025-06-14T00:55:00,70102300,闸口,4.72
2025-06-14T00:55:00,7010AJ33,渌渚,5.22
2025-06-14T00:55:00,7011AJ4M,新桐乡,5.1
2025-06-14T00:55:00,7011AJ5M,渌渚镇,6.54
2025-06-14T00:55:00,7011AJ7R,山溪叶家,50.17
2025-06-14T00:55:00,7011AJ8R,山溪幕下,65.59
2025-06-14T00:55:00,7011AJ9R,山溪前桐,194.13
2025-06-14T00:55:00,7011AM2G,富春江水库严陵坞,23.41
2025-06-14T01:00:00,70101500,富春江电站(坝上),23.35
2025-06-14T01:00:00,70101501,富春江坝下,7.66
2025-06-14T01:00:00,70101800,窄溪,5.18
2025-06-14T01:00:00,70102300,闸口,4.71
2025-06-14T01:00:00,7010AJ33,渌渚,5.22
2025-06-14T01:00:00,7011AJ4M,新桐乡,5.1
2025-06-14T01:00:00,7011AJ5M,渌渚镇,6.54
2025-06-14T01:00:00,7011AJ7R,山溪叶家,50.17
2025-06-14T01:00:00,7011AJ8R,山溪幕下,65.6
2025-06-14T01:00:00,7011AJ9R,山溪前桐,194.12
2025-06-14T01:00:00,7011AM2G,富春江水库严陵坞,23.42
2025-06-14T01:05:00,70101500,富春江电站(坝上),23.34
2025-06-14T01:05:00,70101501,富春江坝下,7.63
2025-06-14T01:05:00,70101800,窄溪,5.17
2025-06-14T01:05:00,70102300,闸口,4.71
2025-06-14T01:05:00,7010AJ33,渌渚,5.22
2025-06-14T01:05:00,7011AJ4M,新桐乡,5.1
2025-06-14T01:05:00,7011AJ5M,渌渚镇,6.54
2025-06-14T01:05:00,7011AJ7R,山溪叶家,50.17
2025-06-14T01:05:00,7011AJ8R,山溪幕下,65.59
2025-06-14T01:05:00,7011AJ9R,山溪前桐,194.13
2025-06-14T01:05:00,7011AM2G,富春江水库严陵坞,23.43
2025-06-14T01:10:00,70101500,富春江电站(坝上),23.36
2025-06-14T01:10:00,70101501,富春江坝下,7.64
2025-06-14T01:10:00,70101800,窄溪,5.18
2025-06-14T01:10:00,70102300,闸口,4.71
2025-06-14T01:10:00,7010AJ33,渌渚,5.22
2025-06-14T01:10:00,7011AJ4M,新桐乡,5.11
2025-06-14T01:10:00,7011AJ5M,渌渚镇,6.54
2025-06-14T01:10:00,7011AJ7R,山溪叶家,50.17
2025-06-14T01:10:00,7011AJ8R,山溪幕下,65.59
2025-06-14T01:10:00,7011AJ9R,山溪前桐,194.13
2025-06-14T01:10:00,7011AM2G,富春江水库严陵坞,23.43
2025-06-14T01:15:00,70101500,富春江电站(坝上),23.35
2025-06-14T01:15:00,70101501,富春江坝下,7.65
2025-06-14T01:15:00,70101800,窄溪,5.17
2025-06-14T01:15:00,70102300,闸口,4.71
2025-06-14T01:15:00,7010AJ33,渌渚,5.22
2025-06-14T01:15:00,7011AJ4M,新桐乡,5.11
2025-06-14T01:15:00,7011AJ5M,渌渚镇,6.54
2025-06-14T01:15:00,7011AJ7R,山溪叶家,50.17
2025-06-14T01:15:00,7011AJ8R,山溪幕下,65.59
2025-06-14T01:15:00,7011AJ9R,山溪前桐,194.1
2025-06-14T01:15:00,7011AM2G,富春江水库严陵坞,23.43
2025-06-14T01:20:00,70101500,富春江电站(坝上),23.35
2025-06-14T01:20:00,70101501,富春江坝下,7.65
2025-06-14T01:20:00,70101800,窄溪,5.17
2025-06-14T01:20:00,70102300,闸口,4.71
2025-06-14T01:20:00,7010AJ33,渌渚,5.22
2025-06-14T01:20:00,7011AJ4M,新桐乡,5.1
2025-06-14T01:20:00,7011AJ5M,渌渚镇,6.54
2025-06-14T01:20:00,7011AJ7R,山溪叶家,50.17
2025-06-14T01:20:00,7011AJ8R,山溪幕下,65.59
2025-06-14T01:20:00,7011AJ9R,山溪前桐,194.13
2025-06-14T01:20:00,7011AM2G,富春江水库严陵坞,23.43
2025-06-14T01:25:00,70101500,富春江电站(坝上),23.34
2025-06-14T01:25:00,70101501,富春江坝下,7.65
2025-06-14T01:25:00,70101800,窄溪,5.17
2025-06-14T01:25:00,70102300,闸口,4.71
2025-06-14T01:25:00,7010AJ33,渌渚,5.22
2025-06-14T01:25:00,7011AJ4M,新桐乡,5.1
2025-06-14T01:25:00,7011AJ5M,渌渚镇,6.54
2025-06-14T01:25:00,7011AJ7R,山溪叶家,50.17
2025-06-14T01:25:00,7011AJ8R,山溪幕下,65.59
2025-06-14T01:25:00,7011AJ9R,山溪前桐,194.12
2025-06-14T01:25:00,7011AM2G,富春江水库严陵坞,23.42
2025-06-14T01:30:00,70101500,富春江电站(坝上),23.33
2025-06-14T01:30:00,70101501,富春江坝下,7.64
2025-06-14T01:30:00,70101800,窄溪,5.17
2025-06-14T01:30:00,70102300,闸口,4.71
2025-06-14T01:30:00,7010AJ33,渌渚,5.22
2025-06-14T01:30:00,7011AJ4M,新桐乡,5.1
2025-06-14T01:30:00,7011AJ5M,渌渚镇,6.54
2025-06-14T01:30:00,7011AJ7R,山溪叶家,50.17
2025-06-14T01:30:00,7011AJ8R,山溪幕下,65.59
2025-06-14T01:30:00,7011AJ9R,山溪前桐,194.13
2025-06-14T01:30:00,7011AM2G,富春江水库严陵坞,23.41
2025-06-14T01:35:00,70101500,富春江电站(坝上),23.32
2025-06-14T01:35:00,70101501,富春江坝下,7.64
2025-06-14T01:35:00,70101800,窄溪,5.17
2025-06-14T01:35:00,70102300,闸口,4.7
2025-06-14T01:35:00,7010AJ33,渌渚,5.22
2025-06-14T01:35:00,7011AJ4M,新桐乡,5.1
2025-06-14T01:35:00,7011AJ5M,渌渚镇,6.54
2025-06-14T01:35:00,7011AJ7R,山溪叶家,50.17
2025-06-14T01:35:00,7011AJ8R,山溪幕下,65.59
2025-06-14T01:35:00,7011AJ9R,山溪前桐,194.12
2025-06-14T01:35:00,7011AM2G,富春江水库严陵坞,23.4
2025-06-14T01:40:00,70101500,富春江电站(坝上),23.31
2025-06-14T01:40:00,70101501,富春江坝下,7.65
2025-06-14T01:40:00,70101800,窄溪,5.17
2025-06-14T01:40:00,70102300,闸口,4.7
2025-06-14T01:40:00,7010AJ33,渌渚,5.22
2025-06-14T01:40:00,7011AJ4M,新桐乡,5.09
2025-06-14T01:40:00,7011AJ5M,渌渚镇,6.54
2025-06-14T01:40:00,7011AJ7R,山溪叶家,50.17
2025-06-14T01:40:00,7011AJ8R,山溪幕下,65.6
2025-06-14T01:40:00,7011AJ9R,山溪前桐,194.12
2025-06-14T01:40:00,7011AM2G,富春江水库严陵坞,23.39
2025-06-14T01:45:00,70101500,富春江电站(坝上),23.29
2025-06-14T01:45:00,70101501,富春江坝下,7.65
2025-06-14T01:45:00,70101800,窄溪,5.17
2025-06-14T01:45:00,70102300,闸口,4.7
2025-06-14T01:45:00,7010AJ33,渌渚,5.22
2025-06-14T01:45:00,7011AJ4M,新桐乡,5.09
2025-06-14T01:45:00,7011AJ5M,渌渚镇,6.54
2025-06-14T01:45:00,7011AJ7R,山溪叶家,50.17
2025-06-14T01:45:00,7011AJ8R,山溪幕下,65.59
2025-06-14T01:45:00,7011AJ9R,山溪前桐,194.12
2025-06-14T01:45:00,7011AM2G,富春江水库严陵坞,23.38
2025-06-14T01:50:00,70101500,富春江电站(坝上),23.27
2025-06-14T01:50:00,70101501,富春江坝下,7.65
2025-06-14T01:50:00,70101800,窄溪,5.17
2025-06-14T01:50:00,70102300,闸口,4.69
2025-06-14T01:50:00,7010AJ33,渌渚,5.22
2025-06-14T01:50:00,7011AJ4M,新桐乡,5.09
2025-06-14T01:50:00,7011AJ5M,渌渚镇,6.53
2025-06-14T01:50:00,7011AJ7R,山溪叶家,50.17
2025-06-14T01:50:00,7011AJ8R,山溪幕下,65.59
2025-06-14T01:50:00,7011AJ9R,山溪前桐,194.12
2025-06-14T01:50:00,7011AM2G,富春江水库严陵坞,23.36
2025-06-14T01:55:00,70101500,富春江电站(坝上),23.25
2025-06-14T01:55:00,70101501,富春江坝下,7.69
2025-06-14T01:55:00,70101800,窄溪,5.17
2025-06-14T01:55:00,70102300,闸口,4.69
2025-06-14T01:55:00,7010AJ33,渌渚,5.22
2025-06-14T01:55:00,7011AJ4M,新桐乡,5.1
2025-06-14T01:55:00,7011AJ5M,渌渚镇,6.53
2025-06-14T01:55:00,7011AJ7R,山溪叶家,50.17
2025-06-14T01:55:00,7011AJ8R,山溪幕下,65.59
2025-06-14T01:55:00,7011AJ9R,山溪前桐,194.13
2025-06-14T01:55:00,7011AM2G,富春江水库严陵坞,23.35
2025-06-14T02:00:00,70101500,富春江电站(坝上),23.25
2025-06-14T02:00:00,70101501,富春江坝下,7.71
2025-06-14T02:00:00,70101800,窄溪,5.17
2025-06-14T02:00:00,70102300,闸口,4.69
2025-06-14T02:00:00,7010AJ33,渌渚,5.2
2025-06-14T02:00:00,7011AJ4M,新桐乡,5.1
2025-06-14T02:00:00,7011AJ5M,渌渚镇,6.53
2025-06-14T02:00:00,7011AJ7R,山溪叶家,50.17
2025-06-14T02:00:00,7011AJ8R,山溪幕下,65.59
2025-06-14T02:00:00,7011AJ9R,山溪前桐,194.12
2025-06-14T02:00:00,7011AM2G,富春江水库严陵坞,23.33
2025-06-14T02:05:00,70101500,富春江电站(坝上),23.23
2025-06-14T02:05:00,70101501,富春江坝下,7.69
2025-06-14T02:05:00,70101800,窄溪,5.17
2025-06-14T02:05:00,70102300,闸口,4.69
2025-06-14T02:05:00,7010AJ33,渌渚,5.2
2025-06-14T02:05:00,7011AJ4M,新桐乡,5.09
2025-06-14T02:05:00,7011AJ5M,渌渚镇,6.53
2025-06-14T02:05:00,7011AJ7R,山溪叶家,50.17
2025-06-14T02:05:00,7011AJ8R,山溪幕下,65.59
2025-06-14T02:05:00,7011AJ9R,山溪前桐,194.12
2025-06-14T02:05:00,7011AM2G,富春江水库严陵坞,23.33
2025-06-14T02:10:00,70101500,富春江电站(坝上),23.22
2025-06-14T02:10:00,70101501,富春江坝下,7.69
2025-06-14T02:10:00,70101800,窄溪,5.17
2025-06-14T02:10:00,70102300,闸口,4.69
2025-06-14T02:10:00,7010AJ33,渌渚,5.2
2025-06-14T02:10:00,7011AJ4M,新桐乡,5.08
2025-06-14T02:10:00,7011AJ5M,渌渚镇,6.53
2025-06-14T02:10:00,7011AJ7R,山溪叶家,50.17
2025-06-14T02:10:00,7011AJ8R,山溪幕下,65.59
2025-06-14T02:10:00,7011AJ9R,山溪前桐,194.12
2025-06-14T02:10:00,7011AM2G,富春江水库严陵坞,23.31
2025-06-14T02:15:00,70101500,富春江电站(坝上),23.21
2025-06-14T02:15:00,70101501,富春江坝下,7.72
2025-06-14T02:15:00,70101800,窄溪,5.17
2025-06-14T02:15:00,70102300,闸口,4.69
2025-06-14T02:15:00,7010AJ33,渌渚,5.2
2025-06-14T02:15:00,7011AJ4M,新桐乡,5.08
2025-06-14T02:15:00,7011AJ5M,渌渚镇,6.53
2025-06-14T02:15:00,7011AJ7R,山溪叶家,50.17
2025-06-14T02:15:00,7011AJ8R,山溪幕下,65.59
2025-06-14T02:15:00,7011AJ9R,山溪前桐,194.12
2025-06-14T02:15:00,7011AM2G,富春江水库严陵坞,23.3
2025-06-14T02:20:00,70101500,富春江电站(坝上),23.2
2025-06-14T02:20:00,70101501,富春江坝下,7.73
2025-06-14T02:20:00,70101800,窄溪,5.17
2025-06-14T02:20:00,70102300,闸口,4.68
2025-06-14T02:20:00,7010AJ33,渌渚,5.2
2025-06-14T02:20:00,7011AJ4M,新桐乡,5.09
2025-06-14T02:20:00,7011AJ5M,渌渚镇,6.53
2025-06-14T02:20:00,7011AJ7R,山溪叶家,50.17
2025-06-14T02:20:00,7011AJ8R,山溪幕下,65.59
2025-06-14T02:20:00,7011AJ9R,山溪前桐,194.12
2025-06-14T02:20:00,7011AM2G,富春江水库严陵坞,23.29
2025-06-14T02:25:00,70101500,富春江电站(坝上),23.19
2025-06-14T02:25:00,70101501,富春江坝下,7.73
2025-06-14T02:25:00,70101800,窄溪,5.17
2025-06-14T02:25:00,70102300,闸口,4.68
2025-06-14T02:25:00,7010AJ33,渌渚,5.22
2025-06-14T02:25:00,7011AJ4M,新桐乡,5.09
2025-06-14T02:25:00,7011AJ5M,渌渚镇,6.53
2025-06-14T02:25:00,7011AJ7R,山溪叶家,50.17
2025-06-14T02:25:00,7011AJ8R,山溪幕下,65.59
2025-06-14T02:25:00,7011AJ9R,山溪前桐,194.12
2025-06-14T02:25:00,7011AM2G,富春江水库严陵坞,23.29
2025-06-14T02:30:00,70101500,富春江电站(坝上),23.19
2025-06-14T02:30:00,70101501,富春江坝下,7.75
2025-06-14T02:30:00,70102300,闸口,4.68
2025-06-14T02:30:00,7011AJ4M,新桐乡,5.09
2025-06-14T02:35:00,70101500,富春江电站(坝上),23.2
2025-06-14T02:35:00,70101501,富春江坝下,7.76
2025-06-14T02:35:00,70101800,窄溪,5.17
2025-06-14T02:35:00,70102300,闸口,4.68
2025-06-14T02:35:00,7010AJ33,渌渚,5.2
2025-06-14T02:35:00,7011AJ4M,新桐乡,5.08
2025-06-14T02:35:00,7011AJ5M,渌渚镇,6.52
2025-06-14T02:35:00,7011AJ7R,山溪叶家,50.17
2025-06-14T02:35:00,7011AJ8R,山溪幕下,65.59
2025-06-14T02:35:00,7011AJ9R,山溪前桐,194.12
2025-06-14T02:35:00,7011AM2G,富春江水库严陵坞,23.28
2025-06-14T02:40:00,70101500,富春江电站(坝上),23.2
2025-06-14T02:40:00,70101501,富春江坝下,7.76
2025-06-14T02:40:00,70101800,窄溪,5.17
2025-06-14T02:40:00,70102300,闸口,4.68
2025-06-14T02:40:00,7010AJ33,渌渚,5.2
2025-06-14T02:40:00,7011AJ4M,新桐乡,5.08
2025-06-14T02:40:00,7011AJ5M,渌渚镇,6.52
2025-06-14T02:40:00,7011AJ7R,山溪叶家,50.17
2025-06-14T02:40:00,7011AJ8R,山溪幕下,65.59
2025-06-14T02:40:00,7011AJ9R,山溪前桐,194.13
2025-06-14T02:40:00,7011AM2G,富春江水库严陵坞,23.28
2025-06-14T02:45:00,70101500,富春江电站(坝上),23.2
2025-06-14T02:45:00,70101501,富春江坝下,7.76
2025-06-14T02:45:00,70101800,窄溪,5.17
2025-06-14T02:45:00,70102300,闸口,4.68
2025-06-14T02:45:00,7010AJ33,渌渚,5.2
2025-06-14T02:45:00,7011AJ4M,新桐乡,5.08
2025-06-14T02:45:00,7011AJ5M,渌渚镇,6.52
2025-06-14T02:45:00,7011AJ7R,山溪叶家,50.17
2025-06-14T02:45:00,7011AJ8R,山溪幕下,65.59
2025-06-14T02:45:00,7011AJ9R,山溪前桐,194.12
2025-06-14T02:45:00,7011AM2G,富春江水库严陵坞,23.28
2025-06-14T02:50:00,70101500,富春江电站(坝上),23.2
2025-06-14T02:50:00,70101501,富春江坝下,7.75
2025-06-14T02:50:00,70101800,窄溪,5.17
2025-06-14T02:50:00,70102300,闸口,4.68
2025-06-14T02:50:00,7010AJ33,渌渚,5.22
2025-06-14T02:50:00,7011AJ4M,新桐乡,5.09
2025-06-14T02:50:00,7011AJ5M,渌渚镇,6.51
2025-06-14T02:50:00,7011AJ7R,山溪叶家,50.17
2025-06-14T02:50:00,7011AJ8R,山溪幕下,65.59
2025-06-14T02:50:00,7011AJ9R,山溪前桐,194.13
2025-06-14T02:50:00,7011AM2G,富春江水库严陵坞,23.29
2025-06-14T02:55:00,70101500,富春江电站(坝上),23.21
2025-06-14T02:55:00,70101501,富春江坝下,7.73
2025-06-14T02:55:00,70101800,窄溪,5.17
2025-06-14T02:55:00,70102300,闸口,4.68
2025-06-14T02:55:00,7010AJ33,渌渚,5.22
2025-06-14T02:55:00,7011AJ4M,新桐乡,5.09
2025-06-14T02:55:00,7011AJ5M,渌渚镇,6.51
2025-06-14T02:55:00,7011AJ7R,山溪叶家,50.17
2025-06-14T02:55:00,7011AJ8R,山溪幕下,65.59
2025-06-14T02:55:00,7011AJ9R,山溪前桐,194.13
2025-06-14T02:55:00,7011AM2G,富春江水库严陵坞,23.29
2025-06-14T03:00:00,70101500,富春江电站(坝上),23.22
2025-06-14T03:00:00,70101501,富春江坝下,7.76
2025-06-14T03:00:00,70101800,窄溪,5.17
2025-06-14T03:00:00,70102300,闸口,4.68
2025-06-14T03:00:00,7010AJ33,渌渚,5.22
2025-06-14T03:00:00,7011AJ4M,新桐乡,5.09
2025-06-14T03:00:00,7011AJ5M,渌渚镇,6.51
2025-06-14T03:00:00,7011AJ7R,山溪叶家,50.17
2025-06-14T03:00:00,7011AJ8R,山溪幕下,65.59
2025-06-14T03:00:00,7011AJ9R,山溪前桐,194.12
2025-06-14T03:00:00,7011AM2G,富春江水库严陵坞,23.3
2025-06-14T03:05:00,70101500,富春江电站(坝上),23.23
2025-06-14T03:05:00,70101501,富春江坝下,7.76
2025-06-14T03:05:00,70101800,窄溪,5.17
2025-06-14T03:05:00,70102300,闸口,4.67
2025-06-14T03:05:00,7010AJ33,渌渚,5.22
2025-06-14T03:05:00,7011AJ4M,新桐乡,5.09
2025-06-14T03:05:00,7011AJ5M,渌渚镇,6.51
2025-06-14T03:05:00,7011AJ7R,山溪叶家,50.17
2025-06-14T03:05:00,7011AJ8R,山溪幕下,65.59
2025-06-14T03:05:00,7011AJ9R,山溪前桐,194.12
2025-06-14T03:05:00,7011AM2G,富春江水库严陵坞,23.31
2025-06-14T03:10:00,70101500,富春江电站(坝上),23.24
2025-06-14T03:10:00,70101501,富春江坝下,7.78
2025-06-14T03:10:00,70101800,窄溪,5.17
2025-06-14T03:10:00,70102300,闸口,4.67
2025-06-14T03:10:00,7010AJ33,渌渚,5.22
2025-06-14T03:10:00,7011AJ4M,新桐乡,5.09
2025-06-14T03:10:00,7011AJ5M,渌渚镇,6.51
2025-06-14T03:10:00,7011AJ7R,山溪叶家,50.17
2025-06-14T03:10:00,7011AJ8R,山溪幕下,65.59
2025-06-14T03:10:00,7011AJ9R,山溪前桐,194.13
2025-06-14T03:10:00,7011AM2G,富春江水库严陵坞,23.31
2025-06-14T03:15:00,70101500,富春江电站(坝上),23.25
2025-06-14T03:15:00,70101501,富春江坝下,7.76
2025-06-14T03:15:00,70101800,窄溪,5.17
2025-06-14T03:15:00,70102300,闸口,4.67
2025-06-14T03:15:00,7010AJ33,渌渚,5.22
2025-06-14T03:15:00,7011AJ4M,新桐乡,5.09
2025-06-14T03:15:00,7011AJ5M,渌渚镇,6.51
2025-06-14T03:15:00,7011AJ7R,山溪叶家,50.17
2025-06-14T03:15:00,7011AJ8R,山溪幕下,65.59
2025-06-14T03:15:00,7011AJ9R,山溪前桐,194.12
2025-06-14T03:15:00,7011AM2G,富春江水库严陵坞,23.32
2025-06-14T03:20:00,70101500,富春江电站(坝上),23.22
2025-06-14T03:20:00,70101501,富春江坝下,7.77
2025-06-14T03:20:00,70101800,窄溪,5.17
2025-06-14T03:20:00,70102300,闸口,4.67
2025-06-14T03:20:00,7010AJ33,渌渚,5.22
2025-06-14T03:20:00,7011AJ4M,新桐乡,5.09
2025-06-14T03:20:00,7011AJ5M,渌渚镇,6.51
2025-06-14T03:20:00,7011AJ7R,山溪叶家,50.17
2025-06-14T03:20:00,7011AJ8R,山溪幕下,65.59
2025-06-14T03:20:00,7011AJ9R,山溪前桐,194.13
2025-06-14T03:20:00,7011AM2G,富春江水库严陵坞,23.33
2025-06-14T03:25:00,70101500,富春江电站(坝上),23.23
2025-06-14T03:25:00,70101501,富春江坝下,7.77
2025-06-14T03:25:00,70101800,窄溪,5.18
2025-06-14T03:25:00,70102300,闸口,4.67
2025-06-14T03:25:00,7010AJ33,渌渚,5.22
2025-06-14T03:25:00,7011AJ4M,新桐乡,5.09
2025-06-14T03:25:00,7011AJ5M,渌渚镇,6.51
2025-06-14T03:25:00,7011AJ7R,山溪叶家,50.17
2025-06-14T03:25:00,7011AJ8R,山溪幕下,65.59
2025-06-14T03:25:00,7011AJ9R,山溪前桐,194.12
2025-06-14T03:25:00,7011AM2G,富春江水库严陵坞,23.32
2025-06-14T03:30:00,70101500,富春江电站(坝上),23.23
2025-06-14T03:30:00,70101501,富春江坝下,7.76
2025-06-14T03:30:00,70101800,窄溪,5.17
2025-06-14T03:30:00,70102300,闸口,4.67
2025-06-14T03:30:00,7010AJ33,渌渚,5.22
2025-06-14T03:30:00,7011AJ4M,新桐乡,5.08
2025-06-14T03:30:00,7011AJ5M,渌渚镇,6.51
2025-06-14T03:30:00,7011AJ7R,山溪叶家,50.17
2025-06-14T03:30:00,7011AJ8R,山溪幕下,65.59
2025-06-14T03:30:00,7011AJ9R,山溪前桐,194.13
2025-06-14T03:30:00,7011AM2G,富春江水库严陵坞,23.33
2025-06-14T03:35:00,70101500,富春江电站(坝上),23.25
2025-06-14T03:35:00,70101501,富春江坝下,7.76
2025-06-14T03:35:00,70101800,窄溪,5.17
2025-06-14T03:35:00,70102300,闸口,4.66
2025-06-14T03:35:00,7010AJ33,渌渚,5.22
2025-06-14T03:35:00,7011AJ4M,新桐乡,5.08
2025-06-14T03:35:00,7011AJ5M,渌渚镇,6.5
2025-06-14T03:35:00,7011AJ7R,山溪叶家,50.17
2025-06-14T03:35:00,7011AJ8R,山溪幕下,65.59
2025-06-14T03:35:00,7011AJ9R,山溪前桐,194.12
2025-06-14T03:35:00,7011AM2G,富春江水库严陵坞,23.33
2025-06-14T03:40:00,70101500,富春江电站(坝上),23.26
2025-06-14T03:40:00,70101501,富春江坝下,7.76
2025-06-14T03:40:00,70101800,窄溪,5.17
2025-06-14T03:40:00,70102300,闸口,4.66
2025-06-14T03:40:00,7010AJ33,渌渚,5.22
2025-06-14T03:40:00,7011AJ4M,新桐乡,5.08
2025-06-14T03:40:00,7011AJ5M,渌渚镇,6.5
2025-06-14T03:40:00,7011AJ7R,山溪叶家,50.17
2025-06-14T03:40:00,7011AJ8R,山溪幕下,65.59
2025-06-14T03:40:00,7011AJ9R,山溪前桐,194.12
2025-06-14T03:40:00,7011AM2G,富春江水库严陵坞,23.33
2025-06-14T03:45:00,70101500,富春江电站(坝上),23.27
2025-06-14T03:45:00,70101501,富春江坝下,7.76
2025-06-14T03:45:00,70101800,窄溪,5.17
2025-06-14T03:45:00,70102300,闸口,4.66
2025-06-14T03:45:00,7010AJ33,渌渚,5.22
2025-06-14T03:45:00,7011AJ4M,新桐乡,5.08
2025-06-14T03:45:00,7011AJ5M,渌渚镇,6.5
2025-06-14T03:45:00,7011AJ7R,山溪叶家,50.17
2025-06-14T03:45:00,7011AJ8R,山溪幕下,65.59
2025-06-14T03:45:00,7011AJ9R,山溪前桐,194.13
2025-06-14T03:45:00,7011AM2G,富春江水库严陵坞,23.34
2025-06-14T03:50:00,70101500,富春江电站(坝上),23.27
2025-06-14T03:50:00,70101501,富春江坝下,7.76
2025-06-14T03:50:00,70101800,窄溪,5.17
2025-06-14T03:50:00,70102300,闸口,4.66
2025-06-14T03:50:00,7010AJ33,渌渚,5.22
2025-06-14T03:50:00,7011AJ4M,新桐乡,5.09
2025-06-14T03:50:00,7011AJ5M,渌渚镇,6.5
2025-06-14T03:50:00,7011AJ7R,山溪叶家,50.17
2025-06-14T03:50:00,7011AJ8R,山溪幕下,65.59
2025-06-14T03:50:00,7011AJ9R,山溪前桐,194.13
2025-06-14T03:50:00,7011AM2G,富春江水库严陵坞,23.35
2025-06-14T03:55:00,70101500,富春江电站(坝上),23.29
2025-06-14T03:55:00,70101501,富春江坝下,7.77
2025-06-14T03:55:00,70101800,窄溪,5.17
2025-06-14T03:55:00,70102300,闸口,4.66
2025-06-14T03:55:00,7010AJ33,渌渚,5.22
2025-06-14T03:55:00,7011AJ4M,新桐乡,5.09
2025-06-14T03:55:00,7011AJ5M,渌渚镇,6.5
2025-06-14T03:55:00,7011AJ7R,山溪叶家,50.17
2025-06-14T03:55:00,7011AJ8R,山溪幕下,65.59
2025-06-14T03:55:00,7011AJ9R,山溪前桐,194.12
2025-06-14T03:55:00,7011AM2G,富春江水库严陵坞,23.36
2025-06-14T04:00:00,70101500,富春江电站(坝上),23.28
2025-06-14T04:00:00,70101501,富春江坝下,7.76
2025-06-14T04:00:00,70101800,窄溪,5.17
2025-06-14T04:00:00,70102300,闸口,4.66
2025-06-14T04:00:00,7010AJ33,渌渚,5.22
2025-06-14T04:00:00,7011AJ4M,新桐乡,5.09
2025-06-14T04:00:00,7011AJ5M,渌渚镇,6.5
2025-06-14T04:00:00,7011AJ7R,山溪叶家,50.17
2025-06-14T04:00:00,7011AJ8R,山溪幕下,65.59
2025-06-14T04:00:00,7011AJ9R,山溪前桐,194.12
2025-06-14T04:00:00,7011AM2G,富春江水库严陵坞,23.37
2025-06-14T04:05:00,70101500,富春江电站(坝上),23.3
2025-06-14T04:05:00,70101501,富春江坝下,7.75
2025-06-14T04:05:00,70101800,窄溪,5.17
2025-06-14T04:05:00,70102300,闸口,4.66
2025-06-14T04:05:00,7010AJ33,渌渚,5.22
2025-06-14T04:05:00,7011AJ4M,新桐乡,5.09
2025-06-14T04:05:00,7011AJ5M,渌渚镇,6.5
2025-06-14T04:05:00,7011AJ7R,山溪叶家,50.17
2025-06-14T04:05:00,7011AJ8R,山溪幕下,65.59
2025-06-14T04:05:00,7011AJ9R,山溪前桐,194.11
2025-06-14T04:05:00,7011AM2G,富春江水库严陵坞,23.38
2025-06-14T04:10:00,70101500,富春江电站(坝上),23.31
2025-06-14T04:10:00,70101501,富春江坝下,7.76
2025-06-14T04:10:00,70101800,窄溪,5.17
2025-06-14T04:10:00,70102300,闸口,4.66
2025-06-14T04:10:00,7010AJ33,渌渚,5.22
2025-06-14T04:10:00,7011AJ4M,新桐乡,5.09
2025-06-14T04:10:00,7011AJ5M,渌渚镇,6.5
2025-06-14T04:10:00,7011AJ7R,山溪叶家,50.17
2025-06-14T04:10:00,7011AJ8R,山溪幕下,65.59
2025-06-14T04:10:00,7011AJ9R,山溪前桐,194.13
2025-06-14T04:10:00,7011AM2G,富春江水库严陵坞,23.38
2025-06-14T04:15:00,70101500,富春江电站(坝上),23.31
2025-06-14T04:15:00,70101501,富春江坝下,7.76
2025-06-14T04:15:00,70101800,窄溪,5.17
2025-06-14T04:15:00,70102300,闸口,4.66
2025-06-14T04:15:00,7010AJ33,渌渚,5.22
2025-06-14T04:15:00,7011AJ4M,新桐乡,5.09
2025-06-14T04:15:00,7011AJ5M,渌渚镇,6.5
2025-06-14T04:15:00,7011AJ7R,山溪叶家,50.17
2025-06-14T04:15:00,7011AJ8R,山溪幕下,65.59
2025-06-14T04:15:00,7011AJ9R,山溪前桐,194.12
2025-06-14T04:15:00,7011AM2G,富春江水库严陵坞,23.4
2025-06-14T04:20:00,70101500,富春江电站(坝上),23.31
2025-06-14T04:20:00,70101501,富春江坝下,7.76
2025-06-14T04:20:00,70101800,窄溪,5.17
2025-06-14T04:20:00,70102300,闸口,4.65
2025-06-14T04:20:00,7010AJ33,渌渚,5.22
2025-06-14T04:20:00,7011AJ4M,新桐乡,5.07
2025-06-14T04:20:00,7011AJ5M,渌渚镇,6.49
2025-06-14T04:20:00,7011AJ7R,山溪叶家,50.17
2025-06-14T04:20:00,7011AJ8R,山溪幕下,65.59
2025-06-14T04:20:00,7011AJ9R,山溪前桐,194.12
2025-06-14T04:20:00,7011AM2G,富春江水库严陵坞,23.4
2025-06-14T04:25:00,70101500,富春江电站(坝上),23.33
2025-06-14T04:25:00,70101501,富春江坝下,7.76
2025-06-14T04:25:00,70101800,窄溪,5.17
2025-06-14T04:25:00,70102300,闸口,5.07
2025-06-14T04:25:00,7010AJ33,渌渚,5.22
2025-06-14T04:25:00,7011AJ4M,新桐乡,5.06
2025-06-14T04:25:00,7011AJ5M,渌渚镇,6.49
2025-06-14T04:25:00,7011AJ7R,山溪叶家,50.17
2025-06-14T04:25:00,7011AJ8R,山溪幕下,65.59
2025-06-14T04:25:00,7011AJ9R,山溪前桐,194.11
2025-06-14T04:25:00,7011AM2G,富春江水库严陵坞,23.4
2025-06-14T04:30:00,70101500,富春江电站(坝上),23.32
2025-06-14T04:30:00,70101501,富春江坝下,7.76
2025-06-14T04:30:00,70101800,窄溪,5.17
2025-06-14T04:30:00,70102300,闸口,5.29
2025-06-14T04:30:00,7010AJ33,渌渚,5.22
2025-06-14T04:30:00,7011AJ4M,新桐乡,5.07
2025-06-14T04:30:00,7011AJ5M,渌渚镇,6.49
2025-06-14T04:30:00,7011AJ7R,山溪叶家,50.17
2025-06-14T04:30:00,7011AJ8R,山溪幕下,65.59
2025-06-14T04:30:00,7011AJ9R,山溪前桐,194.13
2025-06-14T04:30:00,7011AM2G,富春江水库严陵坞,23.41
2025-06-14T04:35:00,70101500,富春江电站(坝上),23.33
2025-06-14T04:35:00,70101501,富春江坝下,7.76
2025-06-14T04:35:00,70101800,窄溪,5.17
2025-06-14T04:35:00,70102300,闸口,5.28
2025-06-14T04:35:00,7010AJ33,渌渚,5.22
2025-06-14T04:35:00,7011AJ4M,新桐乡,5.07
2025-06-14T04:35:00,7011AJ5M,渌渚镇,6.49
2025-06-14T04:35:00,7011AJ7R,山溪叶家,50.17
2025-06-14T04:35:00,7011AJ8R,山溪幕下,65.59
2025-06-14T04:35:00,7011AJ9R,山溪前桐,194.12
2025-06-14T04:35:00,7011AM2G,富春江水库严陵坞,23.41
2025-06-14T04:40:00,70101500,富春江电站(坝上),23.33
2025-06-14T04:40:00,70101501,富春江坝下,7.73
2025-06-14T04:40:00,70101800,窄溪,5.17
2025-06-14T04:40:00,70102300,闸口,5.25
2025-06-14T04:40:00,7010AJ33,渌渚,5.22
2025-06-14T04:40:00,7011AJ4M,新桐乡,5.07
2025-06-14T04:40:00,7011AJ5M,渌渚镇,6.49
2025-06-14T04:40:00,7011AJ7R,山溪叶家,50.17
2025-06-14T04:40:00,7011AJ8R,山溪幕下,65.59
2025-06-14T04:40:00,7011AJ9R,山溪前桐,194.13
2025-06-14T04:40:00,7011AM2G,富春江水库严陵坞,23.41
2025-06-14T04:45:00,70101500,富春江电站(坝上),23.34
2025-06-14T04:45:00,70101501,富春江坝下,7.76
2025-06-14T04:45:00,70101800,窄溪,5.17
2025-06-14T04:45:00,70102300,闸口,5.28
2025-06-14T04:45:00,7010AJ33,渌渚,5.22
2025-06-14T04:45:00,7011AJ4M,新桐乡,5.07
2025-06-14T04:45:00,7011AJ5M,渌渚镇,6.49
2025-06-14T04:45:00,7011AJ7R,山溪叶家,50.17
2025-06-14T04:45:00,7011AJ8R,山溪幕下,65.59
2025-06-14T04:45:00,7011AJ9R,山溪前桐,194.11
2025-06-14T04:45:00,7011AM2G,富春江水库严陵坞,23.42
2025-06-14T04:50:00,70101500,富春江电站(坝上),23.34
2025-06-14T04:50:00,70101501,富春江坝下,7.73
2025-06-14T04:50:00,70101800,窄溪,5.17
2025-06-14T04:50:00,70102300,闸口,5.3
2025-06-14T04:50:00,7010AJ33,渌渚,5.22
2025-06-14T04:50:00,7011AJ4M,新桐乡,5.07
2025-06-14T04:50:00,7011AJ5M,渌渚镇,6.49
2025-06-14T04:50:00,7011AJ7R,山溪叶家,50.17
2025-06-14T04:50:00,7011AJ8R,山溪幕下,65.59
2025-06-14T04:50:00,7011AJ9R,山溪前桐,194.13
2025-06-14T04:50:00,7011AM2G,富春江水库严陵坞,23.42
2025-06-14T04:55:00,70101500,富春江电站(坝上),23.35
2025-06-14T04:55:00,70101501,富春江坝下,7.77
2025-06-14T04:55:00,70101800,窄溪,5.17
2025-06-14T04:55:00,70102300,闸口,5.3
2025-06-14T04:55:00,7010AJ33,渌渚,5.22
2025-06-14T04:55:00,7011AJ4M,新桐乡,5.07
2025-06-14T04:55:00,7011AJ5M,渌渚镇,6.49
2025-06-14T04:55:00,7011AJ7R,山溪叶家,50.17
2025-06-14T04:55:00,7011AJ8R,山溪幕下,65.59
2025-06-14T04:55:00,7011AJ9R,山溪前桐,194.12
2025-06-14T04:55:00,7011AM2G,富春江水库严陵坞,23.43
2025-06-14T05:00:00,70101500,富春江电站(坝上),23.35
2025-06-14T05:00:00,70101501,富春江坝下,7.79
2025-06-14T05:00:00,70101800,窄溪,5.17
2025-06-14T05:00:00,70102300,闸口,5.34
2025-06-14T05:00:00,7010AJ33,渌渚,5.2
2025-06-14T05:00:00,7011AJ4M,新桐乡,5.06
2025-06-14T05:00:00,7011AJ5M,渌渚镇,6.49
2025-06-14T05:00:00,7011AJ7R,山溪叶家,50.17
2025-06-14T05:00:00,7011AJ8R,山溪幕下,65.59
2025-06-14T05:00:00,7011AJ9R,山溪前桐,194.12
2025-06-14T05:00:00,7011AM2G,富春江水库严陵坞,23.43
2025-06-14T05:05:00,70101500,富春江电站(坝上),23.35
2025-06-14T05:05:00,70101501,富春江坝下,7.79
2025-06-14T05:05:00,70101800,窄溪,5.17
2025-06-14T05:05:00,70102300,闸口,5.35
2025-06-14T05:05:00,7010AJ33,渌渚,5.22
2025-06-14T05:05:00,7011AJ4M,新桐乡,5.06
2025-06-14T05:05:00,7011AJ5M,渌渚镇,6.49
2025-06-14T05:05:00,7011AJ7R,山溪叶家,50.17
2025-06-14T05:05:00,7011AJ8R,山溪幕下,65.59
2025-06-14T05:05:00,7011AJ9R,山溪前桐,194.12
2025-06-14T05:05:00,7011AM2G,富春江水库严陵坞,23.43
2025-06-14T05:10:00,70101500,富春江电站(坝上),23.34
2025-06-14T05:10:00,70101501,富春江坝下,7.76
2025-06-14T05:10:00,70101800,窄溪,5.17
2025-06-14T05:10:00,70102300,闸口,5.39
2025-06-14T05:10:00,7010AJ33,渌渚,5.2
2025-06-14T05:10:00,7011AJ4M,新桐乡,5.06
2025-06-14T05:10:00,7011AJ5M,渌渚镇,6.49
2025-06-14T05:10:00,7011AJ7R,山溪叶家,50.17
2025-06-14T05:10:00,7011AJ8R,山溪幕下,65.59
2025-06-14T05:10:00,7011AJ9R,山溪前桐,194.12
2025-06-14T05:10:00,7011AM2G,富春江水库严陵坞,23.43
2025-06-14T05:15:00,70101500,富春江电站(坝上),23.33
2025-06-14T05:15:00,70101501,富春江坝下,7.76
2025-06-14T05:15:00,70101800,窄溪,5.17
2025-06-14T05:15:00,70102300,闸口,5.41
2025-06-14T05:15:00,7010AJ33,渌渚,5.2
2025-06-14T05:15:00,7011AJ4M,新桐乡,5.06
2025-06-14T05:15:00,7011AJ5M,渌渚镇,6.48
2025-06-14T05:15:00,7011AJ7R,山溪叶家,50.17
2025-06-14T05:15:00,7011AJ8R,山溪幕下,65.59
2025-06-14T05:15:00,7011AJ9R,山溪前桐,194.11
2025-06-14T05:15:00,7011AM2G,富春江水库严陵坞,23.42
2025-06-14T05:20:00,70101500,富春江电站(坝上),23.33
2025-06-14T05:20:00,70101501,富春江坝下,7.76
2025-06-14T05:20:00,70101800,窄溪,5.17
2025-06-14T05:20:00,70102300,闸口,5.48
2025-06-14T05:20:00,7010AJ33,渌渚,5.2
2025-06-14T05:20:00,7011AJ4M,新桐乡,5.06
2025-06-14T05:20:00,7011AJ5M,渌渚镇,6.48
2025-06-14T05:20:00,7011AJ7R,山溪叶家,50.17
2025-06-14T05:20:00,7011AJ8R,山溪幕下,65.59
2025-06-14T05:20:00,7011AJ9R,山溪前桐,194.13
2025-06-14T05:20:00,7011AM2G,富春江水库严陵坞,23.41
2025-06-14T05:25:00,70101500,富春江电站(坝上),23.33
2025-06-14T05:25:00,70101501,富春江坝下,7.76
2025-06-14T05:25:00,70101800,窄溪,5.17
2025-06-14T05:25:00,70102300,闸口,5.45
2025-06-14T05:25:00,7010AJ33,渌渚,5.2
2025-06-14T05:25:00,7011AJ4M,新桐乡,5.06
2025-06-14T05:25:00,7011AJ5M,渌渚镇,6.48
2025-06-14T05:25:00,7011AJ7R,山溪叶家,50.17
2025-06-14T05:25:00,7011AJ8R,山溪幕下,65.59
2025-06-14T05:25:00,7011AJ9R,山溪前桐,194.12
2025-06-14T05:25:00,7011AM2G,富春江水库严陵坞,23.41
2025-06-14T05:30:00,70101500,富春江电站(坝上),23.32
2025-06-14T05:30:00,70101501,富春江坝下,7.76
2025-06-14T05:30:00,70101800,窄溪,5.17
2025-06-14T05:30:00,70102300,闸口,5.41
2025-06-14T05:30:00,7010AJ33,渌渚,5.2
2025-06-14T05:30:00,7011AJ4M,新桐乡,5.07
2025-06-14T05:30:00,7011AJ5M,渌渚镇,6.48
2025-06-14T05:30:00,7011AJ7R,山溪叶家,50.17
2025-06-14T05:30:00,7011AJ8R,山溪幕下,65.59
2025-06-14T05:30:00,7011AJ9R,山溪前桐,194.13
2025-06-14T05:30:00,7011AM2G,富春江水库严陵坞,23.41
2025-06-14T05:35:00,70101500,富春江电站(坝上),23.32
2025-06-14T05:35:00,70101501,富春江坝下,7.76
2025-06-14T05:35:00,70101800,窄溪,5.17
2025-06-14T05:35:00,70102300,闸口,5.36
2025-06-14T05:35:00,7010AJ33,渌渚,5.2
2025-06-14T05:35:00,7011AJ4M,新桐乡,5.06
2025-06-14T05:35:00,7011AJ5M,渌渚镇,6.48
2025-06-14T05:35:00,7011AJ7R,山溪叶家,50.17
2025-06-14T05:35:00,7011AJ8R,山溪幕下,65.59
2025-06-14T05:35:00,7011AJ9R,山溪前桐,194.12
2025-06-14T05:35:00,7011AM2G,富春江水库严陵坞,23.41
2025-06-14T05:40:00,70101500,富春江电站(坝上),23.31
2025-06-14T05:40:00,70101501,富春江坝下,7.75
2025-06-14T05:40:00,70101800,窄溪,5.17
2025-06-14T05:40:00,70102300,闸口,5.37
2025-06-14T05:40:00,7010AJ33,渌渚,5.2
2025-06-14T05:40:00,7011AJ4M,新桐乡,5.06
2025-06-14T05:40:00,7011AJ5M,渌渚镇,6.48
2025-06-14T05:40:00,7011AJ7R,山溪叶家,50.17
2025-06-14T05:40:00,7011AJ8R,山溪幕下,65.59
2025-06-14T05:40:00,7011AJ9R,山溪前桐,194.11
2025-06-14T05:40:00,7011AM2G,富春江水库严陵坞,23.4
2025-06-14T05:45:00,70101500,富春江电站(坝上),23.31
2025-06-14T05:45:00,70101501,富春江坝下,7.75
2025-06-14T05:45:00,70101800,窄溪,5.17
2025-06-14T05:45:00,70102300,闸口,5.43
2025-06-14T05:45:00,7010AJ33,渌渚,5.2
2025-06-14T05:45:00,7011AJ4M,新桐乡,5.06
2025-06-14T05:45:00,7011AJ5M,渌渚镇,6.48
2025-06-14T05:45:00,7011AJ7R,山溪叶家,50.17
2025-06-14T05:45:00,7011AJ8R,山溪幕下,65.59
2025-06-14T05:45:00,7011AJ9R,山溪前桐,194.12
2025-06-14T05:45:00,7011AM2G,富春江水库严陵坞,23.4
2025-06-14T05:50:00,70101500,富春江电站(坝上),23.31
2025-06-14T05:50:00,70101501,富春江坝下,7.76
2025-06-14T05:50:00,70101800,窄溪,5.17
2025-06-14T05:50:00,70102300,闸口,5.41
2025-06-14T05:50:00,7010AJ33,渌渚,5.2
2025-06-14T05:50:00,7011AJ4M,新桐乡,5.05
2025-06-14T05:50:00,7011AJ5M,渌渚镇,6.48
2025-06-14T05:50:00,7011AJ7R,山溪叶家,50.17
2025-06-14T05:50:00,7011AJ8R,山溪幕下,65.59
2025-06-14T05:50:00,7011AJ9R,山溪前桐,194.12
2025-06-14T05:50:00,7011AM2G,富春江水库严陵坞,23.4
2025-06-14T05:55:00,70101500,富春江电站(坝上),23.31
2025-06-14T05:55:00,70101501,富春江坝下,7.76
2025-06-14T05:55:00,70101800,窄溪,5.17
2025-06-14T05:55:00,70102300,闸口,5.33
2025-06-14T05:55:00,7010AJ33,渌渚,5.22
2025-06-14T05:55:00,7011AJ4M,新桐乡,5.06
2025-06-14T05:55:00,7011AJ5M,渌渚镇,6.48
2025-06-14T05:55:00,7011AJ7R,山溪叶家,50.17
2025-06-14T05:55:00,7011AJ8R,山溪幕下,65.59
2025-06-14T05:55:00,7011AJ9R,山溪前桐,194.11
2025-06-14T05:55:00,7011AM2G,富春江水库严陵坞,23.39
2025-06-14T06:00:00,70101500,富春江电站(坝上),23.28
2025-06-14T06:00:00,70101501,富春江坝下,7.75
2025-06-14T06:00:00,70101800,窄溪,5.17
2025-06-14T06:00:00,70102300,闸口,5.36
2025-06-14T06:00:00,7010AJ33,渌渚,5.22
2025-06-14T06:00:00,7011AJ4M,新桐乡,5.06
2025-06-14T06:00:00,7011AJ5M,渌渚镇,6.48
2025-06-14T06:00:00,7011AJ7R,山溪叶家,50.17
2025-06-14T06:00:00,7011AJ8R,山溪幕下,65.59
2025-06-14T06:00:00,7011AJ9R,山溪前桐,194.13
2025-06-14T06:00:00,7011AM2G,富春江水库严陵坞,23.39
2025-06-14T06:05:00,70101500,富春江电站(坝上),23.29
2025-06-14T06:05:00,70101501,富春江坝下,7.76
2025-06-14T06:05:00,70101800,窄溪,5.17
2025-06-14T06:05:00,70102300,闸口,5.33
2025-06-14T06:05:00,7010AJ33,渌渚,5.22
2025-06-14T06:05:00,7011AJ4M,新桐乡,5.05
2025-06-14T06:05:00,7011AJ5M,渌渚镇,6.48
2025-06-14T06:05:00,7011AJ7R,山溪叶家,50.17
2025-06-14T06:05:00,7011AJ8R,山溪幕下,65.59
2025-06-14T06:05:00,7011AJ9R,山溪前桐,194.12
2025-06-14T06:05:00,7011AM2G,富春江水库严陵坞,23.38
2025-06-14T06:10:00,70101500,富春江电站(坝上),23.29
2025-06-14T06:10:00,70101501,富春江坝下,7.76
2025-06-14T06:10:00,70101800,窄溪,5.16
2025-06-14T06:10:00,70102300,闸口,5.37
2025-06-14T06:10:00,7010AJ33,渌渚,5.22
2025-06-14T06:10:00,7011AJ4M,新桐乡,5.05
2025-06-14T06:10:00,7011AJ5M,渌渚镇,6.47
2025-06-14T06:10:00,7011AJ7R,山溪叶家,50.17
2025-06-14T06:10:00,7011AJ8R,山溪幕下,65.59
2025-06-14T06:10:00,7011AJ9R,山溪前桐,194.13
2025-06-14T06:10:00,7011AM2G,富春江水库严陵坞,23.37
2025-06-14T06:15:00,70101500,富春江电站(坝上),23.28
2025-06-14T06:15:00,70101501,富春江坝下,7.75
2025-06-14T06:15:00,70101800,窄溪,5.16
2025-06-14T06:15:00,70102300,闸口,5.43
2025-06-14T06:15:00,7010AJ33,渌渚,5.22
2025-06-14T06:15:00,7011AJ4M,新桐乡,5.05
2025-06-14T06:15:00,7011AJ5M,渌渚镇,6.47
2025-06-14T06:15:00,7011AJ7R,山溪叶家,50.17
2025-06-14T06:15:00,7011AJ8R,山溪幕下,65.59
2025-06-14T06:15:00,7011AJ9R,山溪前桐,194.14
2025-06-14T06:15:00,7011AM2G,富春江水库严陵坞,23.37
2025-06-14T06:20:00,70101500,富春江电站(坝上),23.27
2025-06-14T06:20:00,70101501,富春江坝下,7.75
2025-06-14T06:20:00,70101800,窄溪,5.16
2025-06-14T06:20:00,70102300,闸口,5.43
2025-06-14T06:20:00,7010AJ33,渌渚,5.22
2025-06-14T06:20:00,7011AJ4M,新桐乡,5.06
2025-06-14T06:20:00,7011AJ5M,渌渚镇,6.47
2025-06-14T06:20:00,7011AJ7R,山溪叶家,50.17
2025-06-14T06:20:00,7011AJ8R,山溪幕下,65.59
2025-06-14T06:20:00,7011AJ9R,山溪前桐,194.13
2025-06-14T06:20:00,7011AM2G,富春江水库严陵坞,23.36
2025-06-14T06:25:00,70101500,富春江电站(坝上),23.29
2025-06-14T06:25:00,70101501,富春江坝下,7.74
2025-06-14T06:25:00,70101800,窄溪,5.16
2025-06-14T06:25:00,70102300,闸口,5.36
2025-06-14T06:25:00,7010AJ33,渌渚,5.2
2025-06-14T06:25:00,7011AJ4M,新桐乡,5.08
2025-06-14T06:25:00,7011AJ5M,渌渚镇,6.47
2025-06-14T06:25:00,7011AJ7R,山溪叶家,50.17
2025-06-14T06:25:00,7011AJ8R,山溪幕下,65.59
2025-06-14T06:25:00,7011AJ9R,山溪前桐,194.12
2025-06-14T06:25:00,7011AM2G,富春江水库严陵坞,23.37
2025-06-14T06:30:00,70101500,富春江电站(坝上),23.29
2025-06-14T06:30:00,70101501,富春江坝下,7.77
2025-06-14T06:30:00,70101800,窄溪,5.19
2025-06-14T06:30:00,70102300,闸口,5.35
2025-06-14T06:30:00,7010AJ33,渌渚,5.2
2025-06-14T06:30:00,7011AJ4M,新桐乡,5.14
2025-06-14T06:30:00,7011AJ5M,渌渚镇,6.47
2025-06-14T06:30:00,7011AJ7R,山溪叶家,50.17
2025-06-14T06:30:00,7011AJ8R,山溪幕下,65.59
2025-06-14T06:30:00,7011AJ9R,山溪前桐,194.14
2025-06-14T06:30:00,7011AM2G,富春江水库严陵坞,23.37
2025-06-14T06:35:00,70101500,富春江电站(坝上),23.3
2025-06-14T06:35:00,70101501,富春江坝下,7.76
2025-06-14T06:35:00,70101800,窄溪,5.29
2025-06-14T06:35:00,70102300,闸口,5.31
2025-06-14T06:35:00,7010AJ33,渌渚,5.2
2025-06-14T06:35:00,7011AJ4M,新桐乡,5.31
2025-06-14T06:35:00,7011AJ5M,渌渚镇,6.47
2025-06-14T06:35:00,7011AJ7R,山溪叶家,50.17
2025-06-14T06:35:00,7011AJ8R,山溪幕下,65.59
2025-06-14T06:35:00,7011AJ9R,山溪前桐,194.13
2025-06-14T06:35:00,7011AM2G,富春江水库严陵坞,23.38
2025-06-14T06:40:00,70101500,富春江电站(坝上),23.3
2025-06-14T06:40:00,70101501,富春江坝下,7.76
2025-06-14T06:40:00,70101800,窄溪,5.34
2025-06-14T06:40:00,70102300,闸口,5.31
2025-06-14T06:40:00,7010AJ33,渌渚,5.2
2025-06-14T06:40:00,7011AJ4M,新桐乡,5.34
2025-06-14T06:40:00,7011AJ5M,渌渚镇,6.47
2025-06-14T06:40:00,7011AJ7R,山溪叶家,50.17
2025-06-14T06:40:00,7011AJ8R,山溪幕下,65.59
2025-06-14T06:40:00,7011AJ9R,山溪前桐,194.13
2025-06-14T06:40:00,7011AM2G,富春江水库严陵坞,23.38
2025-06-14T06:45:00,70101500,富春江电站(坝上),23.29
2025-06-14T06:45:00,70101501,富春江坝下,7.75
2025-06-14T06:45:00,70101800,窄溪,5.43
2025-06-14T06:45:00,70102300,闸口,5.28
2025-06-14T06:45:00,7010AJ33,渌渚,5.2
2025-06-14T06:45:00,7011AJ4M,新桐乡,5.34
2025-06-14T06:45:00,7011AJ5M,渌渚镇,6.47
2025-06-14T06:45:00,7011AJ7R,山溪叶家,50.17
2025-06-14T06:45:00,7011AJ8R,山溪幕下,65.59
2025-06-14T06:45:00,7011AJ9R,山溪前桐,194.13
2025-06-14T06:45:00,7011AM2G,富春江水库严陵坞,23.38
2025-06-14T06:50:00,70101500,富春江电站(坝上),23.3
2025-06-14T06:50:00,70101501,富春江坝下,7.74
2025-06-14T06:50:00,70101800,窄溪,5.48
2025-06-14T06:50:00,70102300,闸口,5.28
2025-06-14T06:50:00,7010AJ33,渌渚,5.28
2025-06-14T06:50:00,7011AJ4M,新桐乡,5.42
2025-06-14T06:50:00,7011AJ5M,渌渚镇,6.47
2025-06-14T06:50:00,7011AJ7R,山溪叶家,50.17
2025-06-14T06:50:00,7011AJ8R,山溪幕下,65.59
2025-06-14T06:50:00,7011AJ9R,山溪前桐,194.12
2025-06-14T06:50:00,7011AM2G,富春江水库严陵坞,23.38
2025-06-14T06:55:00,70101500,富春江电站(坝上),23.31
2025-06-14T06:55:00,70101501,富春江坝下,7.75
2025-06-14T06:55:00,70101800,窄溪,5.53
2025-06-14T06:55:00,70102300,闸口,5.27
2025-06-14T06:55:00,7010AJ33,渌渚,5.36
2025-06-14T06:55:00,7011AJ4M,新桐乡,5.49
2025-06-14T06:55:00,7011AJ5M,渌渚镇,6.47
2025-06-14T06:55:00,7011AJ7R,山溪叶家,50.17
2025-06-14T06:55:00,7011AJ8R,山溪幕下,65.59
2025-06-14T06:55:00,7011AJ9R,山溪前桐,194.12
2025-06-14T06:55:00,7011AM2G,富春江水库严陵坞,23.4
2025-06-14T07:00:00,70101500,富春江电站(坝上),23.31
2025-06-14T07:00:00,70101501,富春江坝下,7.76
2025-06-14T07:00:00,70101800,窄溪,5.55
2025-06-14T07:00:00,70102300,闸口,5.24
2025-06-14T07:00:00,7010AJ33,渌渚,5.45
2025-06-14T07:00:00,7011AJ4M,新桐乡,5.49
2025-06-14T07:00:00,7011AJ5M,渌渚镇,6.47
2025-06-14T07:00:00,7011AJ7R,山溪叶家,50.16
2025-06-14T07:00:00,7011AJ8R,山溪幕下,65.59
2025-06-14T07:00:00,7011AJ9R,山溪前桐,194.13
2025-06-14T07:00:00,7011AM2G,富春江水库严陵坞,23.4
2025-06-14T07:05:00,70101500,富春江电站(坝上),23.32
2025-06-14T07:05:00,70101501,富春江坝下,7.79
2025-06-14T07:05:00,70101800,窄溪,5.59
2025-06-14T07:05:00,70102300,闸口,5.23
2025-06-14T07:05:00,7010AJ33,渌渚,5.51
2025-06-14T07:05:00,7011AJ4M,新桐乡,5.51
2025-06-14T07:05:00,7011AJ5M,渌渚镇,6.46
2025-06-14T07:05:00,7011AJ7R,山溪叶家,50.17
2025-06-14T07:05:00,7011AJ8R,山溪幕下,65.59
2025-06-14T07:05:00,7011AJ9R,山溪前桐,194.13
2025-06-14T07:05:00,7011AM2G,富春江水库严陵坞,23.4
2025-06-14T07:10:00,70101500,富春江电站(坝上),23.32
2025-06-14T07:10:00,70101501,富春江坝下,7.79
2025-06-14T07:10:00,70101800,窄溪,5.61
2025-06-14T07:10:00,70102300,闸口,5.22
2025-06-14T07:10:00,7010AJ33,渌渚,5.59
2025-06-14T07:10:00,7011AJ4M,新桐乡,5.54
2025-06-14T07:10:00,7011AJ5M,渌渚镇,6.46
2025-06-14T07:10:00,7011AJ7R,山溪叶家,50.17
2025-06-14T07:10:00,7011AJ8R,山溪幕下,65.59
2025-06-14T07:10:00,7011AJ9R,山溪前桐,194.12
2025-06-14T07:10:00,7011AM2G,富春江水库严陵坞,23.4
2025-06-14T07:15:00,70101500,富春江电站(坝上),23.31
2025-06-14T07:15:00,70101501,富春江坝下,7.79
2025-06-14T07:15:00,70101800,窄溪,5.62
2025-06-14T07:15:00,70102300,闸口,5.22
2025-06-14T07:15:00,7010AJ33,渌渚,5.7
2025-06-14T07:15:00,7011AJ4M,新桐乡,5.58
2025-06-14T07:15:00,7011AJ5M,渌渚镇,6.46
2025-06-14T07:15:00,7011AJ7R,山溪叶家,50.17
2025-06-14T07:15:00,7011AJ8R,山溪幕下,65.59
2025-06-14T07:15:00,7011AJ9R,山溪前桐,194.11
2025-06-14T07:15:00,7011AM2G,富春江水库严陵坞,23.4
2025-06-14T07:20:00,70101500,富春江电站(坝上),23.32
2025-06-14T07:20:00,70101501,富春江坝下,7.76
2025-06-14T07:20:00,70101800,窄溪,5.64
2025-06-14T07:20:00,70102300,闸口,5.2
2025-06-14T07:20:00,7010AJ33,渌渚,5.78
2025-06-14T07:20:00,7011AJ4M,新桐乡,5.63
2025-06-14T07:20:00,7011AJ5M,渌渚镇,6.47
2025-06-14T07:20:00,7011AJ7R,山溪叶家,50.17
2025-06-14T07:20:00,7011AJ8R,山溪幕下,65.59
2025-06-14T07:20:00,7011AJ9R,山溪前桐,194.13
2025-06-14T07:20:00,7011AM2G,富春江水库严陵坞,23.41
2025-06-14T07:25:00,70101500,富春江电站(坝上),23.33
2025-06-14T07:25:00,70101501,富春江坝下,7.77
2025-06-14T07:25:00,70101800,窄溪,5.66
2025-06-14T07:25:00,70102300,闸口,5.19
2025-06-14T07:25:00,7010AJ33,渌渚,5.84
2025-06-14T07:25:00,7011AJ4M,新桐乡,5.64
2025-06-14T07:25:00,7011AJ5M,渌渚镇,6.47
2025-06-14T07:25:00,7011AJ7R,山溪叶家,50.17
2025-06-14T07:25:00,7011AJ8R,山溪幕下,65.59
2025-06-14T07:25:00,7011AJ9R,山溪前桐,194.12
2025-06-14T07:25:00,7011AM2G,富春江水库严陵坞,23.41
2025-06-14T07:30:00,70101500,富春江电站(坝上),23.33
2025-06-14T07:30:00,70101501,富春江坝下,7.77
2025-06-14T07:30:00,70101800,窄溪,5.68
2025-06-14T07:30:00,70102300,闸口,5.2
2025-06-14T07:30:00,7010AJ33,渌渚,5.88
2025-06-14T07:30:00,7011AJ4M,新桐乡,5.65
2025-06-14T07:30:00,7011AJ5M,渌渚镇,6.47
2025-06-14T07:30:00,7011AJ7R,山溪叶家,50.17
2025-06-14T07:30:00,7011AJ8R,山溪幕下,65.59
2025-06-14T07:30:00,7011AJ9R,山溪前桐,194.13
2025-06-14T07:30:00,7011AM2G,富春江水库严陵坞,23.41
2025-06-14T07:35:00,70101500,富春江电站(坝上),23.33
2025-06-14T07:35:00,70101501,富春江坝下,7.76
2025-06-14T07:35:00,70101800,窄溪,5.69
2025-06-14T07:35:00,70102300,闸口,5.2
2025-06-14T07:35:00,7010AJ33,渌渚,5.89
2025-06-14T07:35:00,7011AJ4M,新桐乡,5.65
2025-06-14T07:35:00,7011AJ5M,渌渚镇,6.47
2025-06-14T07:35:00,7011AJ7R,山溪叶家,50.17
2025-06-14T07:35:00,7011AJ8R,山溪幕下,65.59
2025-06-14T07:35:00,7011AJ9R,山溪前桐,194.13
2025-06-14T07:35:00,7011AM2G,富春江水库严陵坞,23.42
2025-06-14T07:40:00,70101500,富春江电站(坝上),23.33
2025-06-14T07:40:00,70101501,富春江坝下,7.75
2025-06-14T07:40:00,70101800,窄溪,5.71
2025-06-14T07:40:00,70102300,闸口,5.19
2025-06-14T07:40:00,7010AJ33,渌渚,5.89
2025-06-14T07:40:00,7011AJ4M,新桐乡,5.65
2025-06-14T07:40:00,7011AJ5M,渌渚镇,6.47
2025-06-14T07:40:00,7011AJ7R,山溪叶家,50.17
2025-06-14T07:40:00,7011AJ8R,山溪幕下,65.59
2025-06-14T07:40:00,7011AJ9R,山溪前桐,194.11
2025-06-14T07:40:00,7011AM2G,富春江水库严陵坞,23.42
2025-06-14T07:45:00,70101500,富春江电站(坝上),23.33
2025-06-14T07:45:00,70101501,富春江坝下,7.76
2025-06-14T07:45:00,70101800,窄溪,5.72
2025-06-14T07:45:00,70102300,闸口,5.19
2025-06-14T07:45:00,7010AJ33,渌渚,5.91
2025-06-14T07:45:00,7011AJ4M,新桐乡,5.65
2025-06-14T07:45:00,7011AJ5M,渌渚镇,6.47
2025-06-14T07:45:00,7011AJ7R,山溪叶家,50.17
2025-06-14T07:45:00,7011AJ8R,山溪幕下,65.59
2025-06-14T07:45:00,7011AJ9R,山溪前桐,194.12
2025-06-14T07:45:00,7011AM2G,富春江水库严陵坞,23.42
2025-06-14T07:50:00,70101500,富春江电站(坝上),23.34
2025-06-14T07:50:00,70101501,富春江坝下,7.78
2025-06-14T07:50:00,70101800,窄溪,5.72
2025-06-14T07:50:00,70102300,闸口,5.17
2025-06-14T07:50:00,7010AJ33,渌渚,5.86
2025-06-14T07:50:00,7011AJ4M,新桐乡,5.68
2025-06-14T07:50:00,7011AJ5M,渌渚镇,6.47
2025-06-14T07:50:00,7011AJ7R,山溪叶家,50.17
2025-06-14T07:50:00,7011AJ8R,山溪幕下,65.59
2025-06-14T07:50:00,7011AJ9R,山溪前桐,194.12
2025-06-14T07:50:00,7011AM2G,富春江水库严陵坞,23.42
2025-06-14T07:55:00,70101500,富春江电站(坝上),23.32
2025-06-14T07:55:00,70101501,富春江坝下,7.78
2025-06-14T07:55:00,70101800,窄溪,5.73
2025-06-14T07:55:00,70102300,闸口,5.16
2025-06-14T07:55:00,7010AJ33,渌渚,5.8
2025-06-14T07:55:00,7011AJ4M,新桐乡,5.68
2025-06-14T07:55:00,7011AJ5M,渌渚镇,6.47
2025-06-14T07:55:00,7011AJ7R,山溪叶家,50.17
2025-06-14T07:55:00,7011AJ8R,山溪幕下,65.59
2025-06-14T07:55:00,7011AJ9R,山溪前桐,194.13
2025-06-14T07:55:00,7011AM2G,富春江水库严陵坞,23.42
2025-06-14T08:00:00,70101500,富春江电站(坝上),23.32
2025-06-14T08:00:00,70101501,富春江坝下,7.78
2025-06-14T08:00:00,70101800,窄溪,5.74
2025-06-14T08:00:00,70102300,闸口,5.14
2025-06-14T08:00:00,7010AJ33,渌渚,5.78
2025-06-14T08:00:00,7011AJ4M,新桐乡,5.7
2025-06-14T08:00:00,7011AJ5M,渌渚镇,6.47
2025-06-14T08:00:00,7011AJ7R,山溪叶家,50.17
2025-06-14T08:00:00,7011AJ8R,山溪幕下,65.59
2025-06-14T08:00:00,7011AJ9R,山溪前桐,194.12
2025-06-14T08:00:00,7011AM2G,富春江水库严陵坞,23.41
2025-06-14T08:05:00,70101500,富春江电站(坝上),23.32
2025-06-14T08:05:00,70101501,富春江坝下,7.77
2025-06-14T08:05:00,70101800,窄溪,5.74
2025-06-14T08:05:00,70102300,闸口,5.15
2025-06-14T08:05:00,7010AJ33,渌渚,5.76
2025-06-14T08:05:00,7011AJ4M,新桐乡,5.7
2025-06-14T08:05:00,7011AJ5M,渌渚镇,6.47
2025-06-14T08:05:00,7011AJ7R,山溪叶家,50.17
2025-06-14T08:05:00,7011AJ8R,山溪幕下,65.59
2025-06-14T08:05:00,7011AJ9R,山溪前桐,194.13
2025-06-14T08:05:00,7011AM2G,富春江水库严陵坞,23.41
2025-06-14T08:10:00,70101500,富春江电站(坝上),23.33
2025-06-14T08:10:00,70101501,富春江坝下,7.79
2025-06-14T08:10:00,70101800,窄溪,5.75
2025-06-14T08:10:00,70102300,闸口,5.15
2025-06-14T08:10:00,7010AJ33,渌渚,5.72
2025-06-14T08:10:00,7011AJ4M,新桐乡,5.7
2025-06-14T08:10:00,7011AJ5M,渌渚镇,6.47
2025-06-14T08:10:00,7011AJ7R,山溪叶家,50.17
2025-06-14T08:10:00,7011AJ8R,山溪幕下,65.59
2025-06-14T08:10:00,7011AJ9R,山溪前桐,194.13
2025-06-14T08:10:00,7011AM2G,富春江水库严陵坞,23.41
2025-06-14T08:15:00,70101500,富春江电站(坝上),23.34
2025-06-14T08:15:00,70101501,富春江坝下,7.78
2025-06-14T08:15:00,70101800,窄溪,5.76
2025-06-14T08:15:00,70102300,闸口,5.16
2025-06-14T08:15:00,7010AJ33,渌渚,5.72
2025-06-14T08:15:00,7011AJ4M,新桐乡,5.7
2025-06-14T08:15:00,7011AJ5M,渌渚镇,6.47
2025-06-14T08:15:00,7011AJ7R,山溪叶家,50.17
2025-06-14T08:15:00,7011AJ8R,山溪幕下,65.59
2025-06-14T08:15:00,7011AJ9R,山溪前桐,194.12
2025-06-14T08:15:00,7011AM2G,富春江水库严陵坞,23.41
2025-06-14T08:20:00,70101500,富春江电站(坝上),23.34
2025-06-14T08:20:00,70101501,富春江坝下,7.81
2025-06-14T08:20:00,70101800,窄溪,5.76
2025-06-14T08:20:00,70102300,闸口,5.17
2025-06-14T08:20:00,7010AJ33,渌渚,5.7
2025-06-14T08:20:00,7011AJ4M,新桐乡,5.71
2025-06-14T08:20:00,7011AJ5M,渌渚镇,6.46
2025-06-14T08:20:00,7011AJ7R,山溪叶家,50.17
2025-06-14T08:20:00,7011AJ8R,山溪幕下,65.59
2025-06-14T08:20:00,7011AJ9R,山溪前桐,194.13
2025-06-14T08:20:00,7011AM2G,富春江水库严陵坞,23.42
2025-06-14T08:25:00,70101500,富春江电站(坝上),23.34
2025-06-14T08:25:00,70101501,富春江坝下,7.79
2025-06-14T08:25:00,70101800,窄溪,5.76
2025-06-14T08:25:00,70102300,闸口,5.17
2025-06-14T08:25:00,7010AJ33,渌渚,5.7
2025-06-14T08:25:00,7011AJ4M,新桐乡,5.7
2025-06-14T08:25:00,7011AJ5M,渌渚镇,6.46
2025-06-14T08:25:00,7011AJ7R,山溪叶家,50.17
2025-06-14T08:25:00,7011AJ8R,山溪幕下,65.58
2025-06-14T08:25:00,7011AJ9R,山溪前桐,194.12
2025-06-14T08:25:00,7011AM2G,富春江水库严陵坞,23.42
2025-06-14T08:30:00,70101500,富春江电站(坝上),23.35
2025-06-14T08:30:00,70101501,富春江坝下,7.81
2025-06-14T08:30:00,70101800,窄溪,5.75
2025-06-14T08:30:00,70102300,闸口,5.19
2025-06-14T08:30:00,7010AJ33,渌渚,5.72
2025-06-14T08:30:00,7011AJ4M,新桐乡,5.7
2025-06-14T08:30:00,7011AJ5M,渌渚镇,6.46
2025-06-14T08:30:00,7011AJ7R,山溪叶家,50.17
2025-06-14T08:30:00,7011AJ8R,山溪幕下,65.59
2025-06-14T08:30:00,7011AJ9R,山溪前桐,194.13
2025-06-14T08:30:00,7011AM2G,富春江水库严陵坞,23.42
2025-06-14T08:35:00,70101500,富春江电站(坝上),23.35
2025-06-14T08:35:00,70101501,富春江坝下,7.81
2025-06-14T08:35:00,70101800,窄溪,5.75
2025-06-14T08:35:00,70102300,闸口,5.19
2025-06-14T08:35:00,7010AJ33,渌渚,5.74
2025-06-14T08:35:00,7011AJ4M,新桐乡,5.7
2025-06-14T08:35:00,7011AJ5M,渌渚镇,6.46
2025-06-14T08:35:00,7011AJ7R,山溪叶家,50.17
2025-06-14T08:35:00,7011AJ8R,山溪幕下,65.59
2025-06-14T08:35:00,7011AJ9R,山溪前桐,194.12
2025-06-14T08:35:00,7011AM2G,富春江水库严陵坞,23.43
2025-06-14T08:40:00,70101500,富春江电站(坝上),23.33
2025-06-14T08:40:00,70101501,富春江坝下,7.81
2025-06-14T08:40:00,70101800,窄溪,5.74
2025-06-14T08:40:00,70102300,闸口,5.2
2025-06-14T08:40:00,7010AJ33,渌渚,5.76
2025-06-14T08:40:00,7011AJ4M,新桐乡,5.7
2025-06-14T08:40:00,7011AJ5M,渌渚镇,6.46
2025-06-14T08:40:00,7011AJ7R,山溪叶家,50.17
2025-06-14T08:40:00,7011AJ8R,山溪幕下,65.59
2025-06-14T08:40:00,7011AJ9R,山溪前桐,194.11
2025-06-14T08:40:00,7011AM2G,富春江水库严陵坞,23.43
2025-06-14T08:45:00,70101500,富春江电站(坝上),23.35
2025-06-14T08:45:00,70101501,富春江坝下,7.81
2025-06-14T08:45:00,70101800,窄溪,5.73
2025-06-14T08:45:00,70102300,闸口,5.2
2025-06-14T08:45:00,7010AJ33,渌渚,5.78
2025-06-14T08:45:00,7011AJ4M,新桐乡,5.7
2025-06-14T08:45:00,7011AJ5M,渌渚镇,6.46
2025-06-14T08:45:00,7011AJ7R,山溪叶家,50.17
2025-06-14T08:45:00,7011AJ8R,山溪幕下,65.59
2025-06-14T08:45:00,7011AJ9R,山溪前桐,194.12
2025-06-14T08:45:00,7011AM2G,富春江水库严陵坞,23.43
2025-06-14T08:50:00,70101500,富春江电站(坝上),23.35
2025-06-14T08:50:00,70101501,富春江坝下,7.82
2025-06-14T08:50:00,70101800,窄溪,5.73
2025-06-14T08:50:00,70102300,闸口,5.2
2025-06-14T08:50:00,7010AJ33,渌渚,5.8
2025-06-14T08:50:00,7011AJ4M,新桐乡,5.66
2025-06-14T08:50:00,7011AJ5M,渌渚镇,6.46
2025-06-14T08:50:00,7011AJ7R,山溪叶家,50.17
2025-06-14T08:50:00,7011AJ8R,山溪幕下,65.59
2025-06-14T08:50:00,7011AJ9R,山溪前桐,194.12
2025-06-14T08:50:00,7011AM2G,富春江水库严陵坞,23.43
2025-06-14T08:55:00,70101500,富春江电站(坝上),23.34
2025-06-14T08:55:00,70101501,富春江坝下,7.85
2025-06-14T08:55:00,70101800,窄溪,5.72
2025-06-14T08:55:00,70102300,闸口,5.2
2025-06-14T08:55:00,7010AJ33,渌渚,5.82
2025-06-14T08:55:00,7011AJ4M,新桐乡,5.64
2025-06-14T08:55:00,7011AJ5M,渌渚镇,6.46
2025-06-14T08:55:00,7011AJ7R,山溪叶家,50.17
2025-06-14T08:55:00,7011AJ8R,山溪幕下,65.59
2025-06-14T08:55:00,7011AJ9R,山溪前桐,194.12
2025-06-14T08:55:00,7011AM2G,富春江水库严陵坞,23.43
2025-06-14T09:00:00,70101500,富春江电站(坝上),23.33
2025-06-14T09:00:00,70101501,富春江坝下,7.88
2025-06-14T09:00:00,70101800,窄溪,5.71
2025-06-14T09:00:00,70102300,闸口,5.21
2025-06-14T09:00:00,7010AJ33,渌渚,5.82
2025-06-14T09:00:00,7011AJ4M,新桐乡,5.64
2025-06-14T09:00:00,7011AJ5M,渌渚镇,6.46
2025-06-14T09:00:00,7011AJ7R,山溪叶家,50.17
2025-06-14T09:00:00,7011AJ8R,山溪幕下,65.59
2025-06-14T09:00:00,7011AJ9R,山溪前桐,194.12
2025-06-14T09:00:00,7011AM2G,富春江水库严陵坞,23.42
2025-06-14T09:05:00,70101500,富春江电站(坝上),23.33
2025-06-14T09:05:00,70101501,富春江坝下,7.89
2025-06-14T09:05:00,70101800,窄溪,5.7
2025-06-14T09:05:00,70102300,闸口,5.2
2025-06-14T09:05:00,7010AJ33,渌渚,5.82
2025-06-14T09:05:00,7011AJ4M,新桐乡,5.64
2025-06-14T09:05:00,7011AJ5M,渌渚镇,6.46
2025-06-14T09:05:00,7011AJ7R,山溪叶家,50.17
2025-06-14T09:05:00,7011AJ8R,山溪幕下,65.58
2025-06-14T09:05:00,7011AJ9R,山溪前桐,194.12
2025-06-14T09:05:00,7011AM2G,富春江水库严陵坞,23.41
2025-06-14T09:10:00,70101500,富春江电站(坝上),23.32
2025-06-14T09:10:00,70101501,富春江坝下,7.86
2025-06-14T09:10:00,70101800,窄溪,5.7
2025-06-14T09:10:00,70102300,闸口,5.2
2025-06-14T09:10:00,7010AJ33,渌渚,5.82
2025-06-14T09:10:00,7011AJ4M,新桐乡,5.64
2025-06-14T09:10:00,7011AJ5M,渌渚镇,6.46
2025-06-14T09:10:00,7011AJ7R,山溪叶家,50.17
2025-06-14T09:10:00,7011AJ8R,山溪幕下,65.58
2025-06-14T09:10:00,7011AJ9R,山溪前桐,194.12
2025-06-14T09:10:00,7011AM2G,富春江水库严陵坞,23.41
2025-06-14T09:15:00,70101500,富春江电站(坝上),23.33
2025-06-14T09:15:00,70101501,富春江坝下,7.86
2025-06-14T09:15:00,70101800,窄溪,5.7
2025-06-14T09:15:00,70102300,闸口,5.2
2025-06-14T09:15:00,7010AJ33,渌渚,5.78
2025-06-14T09:15:00,7011AJ4M,新桐乡,5.61
2025-06-14T09:15:00,7011AJ5M,渌渚镇,6.46
2025-06-14T09:15:00,7011AJ7R,山溪叶家,50.17
2025-06-14T09:15:00,7011AJ8R,山溪幕下,65.59
2025-06-14T09:15:00,7011AJ9R,山溪前桐,194.13
2025-06-14T09:15:00,7011AM2G,富春江水库严陵坞,23.41
2025-06-14T09:20:00,70101500,富春江电站(坝上),23.33
2025-06-14T09:20:00,70101501,富春江坝下,7.87
2025-06-14T09:20:00,70101800,窄溪,5.69
2025-06-14T09:20:00,70102300,闸口,5.2
2025-06-14T09:20:00,7010AJ33,渌渚,5.76
2025-06-14T09:20:00,7011AJ4M,新桐乡,5.61
2025-06-14T09:20:00,7011AJ5M,渌渚镇,6.46
2025-06-14T09:20:00,7011AJ7R,山溪叶家,50.17
2025-06-14T09:20:00,7011AJ8R,山溪幕下,65.59
2025-06-14T09:20:00,7011AJ9R,山溪前桐,194.12
2025-06-14T09:20:00,7011AM2G,富春江水库严陵坞,23.41
2025-06-14T09:25:00,70101500,富春江电站(坝上),23.31
2025-06-14T09:25:00,70101501,富春江坝下,7.86
2025-06-14T09:25:00,70101800,窄溪,5.69
2025-06-14T09:25:00,70102300,闸口,5.2
2025-06-14T09:25:00,7010AJ33,渌渚,5.74
2025-06-14T09:25:00,7011AJ4M,新桐乡,5.61
2025-06-14T09:25:00,7011AJ5M,渌渚镇,6.46
2025-06-14T09:25:00,7011AJ7R,山溪叶家,50.17
2025-06-14T09:25:00,7011AJ8R,山溪幕下,65.59
2025-06-14T09:25:00,7011AJ9R,山溪前桐,194.12
2025-06-14T09:25:00,7011AM2G,富春江水库严陵坞,23.4
2025-06-14T09:30:00,70101500,富春江电站(坝上),23.3
2025-06-14T09:30:00,70101501,富春江坝下,7.85
2025-06-14T09:30:00,70101800,窄溪,5.69
2025-06-14T09:30:00,70102300,闸口,5.2
2025-06-14T09:30:00,7010AJ33,渌渚,5.72
2025-06-14T09:30:00,7011AJ4M,新桐乡,5.61
2025-06-14T09:30:00,7011AJ5M,渌渚镇,6.45
2025-06-14T09:30:00,7011AJ7R,山溪叶家,50.17
2025-06-14T09:30:00,7011AJ8R,山溪幕下,65.58
2025-06-14T09:30:00,7011AJ9R,山溪前桐,194.12
2025-06-14T09:30:00,7011AM2G,富春江水库严陵坞,23.4
2025-06-14T09:35:00,70101500,富春江电站(坝上),23.31
2025-06-14T09:35:00,70101501,富春江坝下,7.87
2025-06-14T09:35:00,70101800,窄溪,5.69
2025-06-14T09:35:00,70102300,闸口,5.21
2025-06-14T09:35:00,7010AJ33,渌渚,5.7
2025-06-14T09:35:00,7011AJ4M,新桐乡,5.59
2025-06-14T09:35:00,7011AJ5M,渌渚镇,6.45
2025-06-14T09:35:00,7011AJ7R,山溪叶家,50.17
2025-06-14T09:35:00,7011AJ8R,山溪幕下,65.59
2025-06-14T09:35:00,7011AJ9R,山溪前桐,194.11
2025-06-14T09:35:00,7011AM2G,富春江水库严陵坞,23.39
2025-06-14T09:40:00,70101500,富春江电站(坝上),23.3
2025-06-14T09:40:00,70101501,富春江坝下,7.85
2025-06-14T09:40:00,70101800,窄溪,5.69
2025-06-14T09:40:00,70102300,闸口,5.21
2025-06-14T09:40:00,7010AJ33,渌渚,5.68
2025-06-14T09:40:00,7011AJ4M,新桐乡,5.59
2025-06-14T09:40:00,7011AJ5M,渌渚镇,6.45
2025-06-14T09:40:00,7011AJ7R,山溪叶家,50.17
2025-06-14T09:40:00,7011AJ8R,山溪幕下,65.59
2025-06-14T09:40:00,7011AJ9R,山溪前桐,194.12
2025-06-14T09:40:00,7011AM2G,富春江水库严陵坞,23.39
2025-06-14T09:45:00,70101500,富春江电站(坝上),23.3
2025-06-14T09:45:00,70101501,富春江坝下,7.86
2025-06-14T09:45:00,70101800,窄溪,5.68
2025-06-14T09:45:00,70102300,闸口,5.2
2025-06-14T09:45:00,7010AJ33,渌渚,5.66
2025-06-14T09:45:00,7011AJ4M,新桐乡,5.59
2025-06-14T09:45:00,7011AJ5M,渌渚镇,6.43
2025-06-14T09:45:00,7011AJ7R,山溪叶家,50.17
2025-06-14T09:45:00,7011AJ8R,山溪幕下,65.59
2025-06-14T09:45:00,7011AJ9R,山溪前桐,194.12
2025-06-14T09:45:00,7011AM2G,富春江水库严陵坞,23.38
2025-06-14T09:50:00,70101500,富春江电站(坝上),23.27
2025-06-14T09:50:00,70101501,富春江坝下,7.87
2025-06-14T09:50:00,70101800,窄溪,5.68
2025-06-14T09:50:00,70102300,闸口,5.2
2025-06-14T09:50:00,7010AJ33,渌渚,5.66
2025-06-14T09:50:00,7011AJ4M,新桐乡,5.58
2025-06-14T09:50:00,7011AJ5M,渌渚镇,6.42
2025-06-14T09:50:00,7011AJ7R,山溪叶家,50.17
2025-06-14T09:50:00,7011AJ8R,山溪幕下,65.59
2025-06-14T09:50:00,7011AJ9R,山溪前桐,194.12
2025-06-14T09:50:00,7011AM2G,富春江水库严陵坞,23.38
2025-06-14T09:55:00,70101500,富春江电站(坝上),23.27
2025-06-14T09:55:00,70101501,富春江坝下,7.85
2025-06-14T09:55:00,70101800,窄溪,5.67
2025-06-14T09:55:00,70102300,闸口,5.2
2025-06-14T09:55:00,7010AJ33,渌渚,5.68
2025-06-14T09:55:00,7011AJ4M,新桐乡,5.58
2025-06-14T09:55:00,7011AJ5M,渌渚镇,6.42
2025-06-14T09:55:00,7011AJ7R,山溪叶家,50.17
2025-06-14T09:55:00,7011AJ8R,山溪幕下,65.59
2025-06-14T09:55:00,7011AJ9R,山溪前桐,194.12
2025-06-14T09:55:00,7011AM2G,富春江水库严陵坞,23.36
2025-06-14T10:00:00,70101500,富春江电站(坝上),23.26
2025-06-14T10:00:00,70101501,富春江坝下,7.87
2025-06-14T10:00:00,70101800,窄溪,5.66
2025-06-14T10:00:00,70102300,闸口,5.2
2025-06-14T10:00:00,7010AJ33,渌渚,5.68
2025-06-14T10:00:00,7011AJ4M,新桐乡,5.59
2025-06-14T10:00:00,7011AJ5M,渌渚镇,6.43
2025-06-14T10:00:00,7011AJ7R,山溪叶家,50.17
2025-06-14T10:00:00,7011AJ8R,山溪幕下,65.58
2025-06-14T10:00:00,7011AJ9R,山溪前桐,194.12
2025-06-14T10:00:00,7011AM2G,富春江水库严陵坞,23.36
2025-06-14T10:05:00,70101500,富春江电站(坝上),23.27
2025-06-14T10:05:00,70101501,富春江坝下,7.84
2025-06-14T10:05:00,70101800,窄溪,5.66
2025-06-14T10:05:00,70102300,闸口,5.2
2025-06-14T10:05:00,7010AJ33,渌渚,5.68
2025-06-14T10:05:00,7011AJ4M,新桐乡,5.59
2025-06-14T10:05:00,7011AJ5M,渌渚镇,6.43
2025-06-14T10:05:00,7011AJ7R,山溪叶家,50.17
2025-06-14T10:05:00,7011AJ8R,山溪幕下,65.59
2025-06-14T10:05:00,7011AJ9R,山溪前桐,194.13
2025-06-14T10:05:00,7011AM2G,富春江水库严陵坞,23.35
2025-06-14T10:10:00,70101500,富春江电站(坝上),23.27
2025-06-14T10:10:00,70101501,富春江坝下,7.85
2025-06-14T10:10:00,70101800,窄溪,5.66
2025-06-14T10:10:00,70102300,闸口,5.2
2025-06-14T10:10:00,7010AJ33,渌渚,5.68
2025-06-14T10:10:00,7011AJ4M,新桐乡,5.59
2025-06-14T10:10:00,7011AJ5M,渌渚镇,6.42
2025-06-14T10:10:00,7011AJ7R,山溪叶家,50.17
2025-06-14T10:10:00,7011AJ8R,山溪幕下,65.59
2025-06-14T10:10:00,7011AJ9R,山溪前桐,194.12
2025-06-14T10:10:00,7011AM2G,富春江水库严陵坞,23.35
2025-06-14T10:15:00,70101500,富春江电站(坝上),23.27
2025-06-14T10:15:00,70101501,富春江坝下,7.87
2025-06-14T10:15:00,70101800,窄溪,5.65
2025-06-14T10:15:00,70102300,闸口,5.19
2025-06-14T10:15:00,7010AJ33,渌渚,5.68
2025-06-14T10:15:00,7011AJ4M,新桐乡,5.58
2025-06-14T10:15:00,7011AJ5M,渌渚镇,6.42
2025-06-14T10:15:00,7011AJ7R,山溪叶家,50.17
2025-06-14T10:15:00,7011AJ8R,山溪幕下,65.59
2025-06-14T10:15:00,7011AJ9R,山溪前桐,194.11
2025-06-14T10:15:00,7011AM2G,富春江水库严陵坞,23.36
2025-06-14T10:20:00,70101500,富春江电站(坝上),23.27
2025-06-14T10:20:00,70101501,富春江坝下,7.86
2025-06-14T10:20:00,70101800,窄溪,5.65
2025-06-14T10:20:00,70102300,闸口,5.19
2025-06-14T10:20:00,7010AJ33,渌渚,5.7
2025-06-14T10:20:00,7011AJ4M,新桐乡,5.58
2025-06-14T10:20:00,7011AJ5M,渌渚镇,6.41
2025-06-14T10:20:00,7011AJ7R,山溪叶家,50.17
2025-06-14T10:20:00,7011AJ8R,山溪幕下,65.59
2025-06-14T10:20:00,7011AJ9R,山溪前桐,194.13
2025-06-14T10:20:00,7011AM2G,富春江水库严陵坞,23.36
2025-06-14T10:25:00,70101500,富春江电站(坝上),23.27
2025-06-14T10:25:00,70101501,富春江坝下,7.84
2025-06-14T10:25:00,70101800,窄溪,5.65
2025-06-14T10:25:00,70102300,闸口,5.18
2025-06-14T10:25:00,7010AJ33,渌渚,5.7
2025-06-14T10:25:00,7011AJ4M,新桐乡,5.57
2025-06-14T10:25:00,7011AJ5M,渌渚镇,6.42
2025-06-14T10:25:00,7011AJ7R,山溪叶家,50.17
2025-06-14T10:25:00,7011AJ8R,山溪幕下,65.58
2025-06-14T10:25:00,7011AJ9R,山溪前桐,194.12
2025-06-14T10:25:00,7011AM2G,富春江水库严陵坞,23.36
2025-06-14T10:30:00,70101500,富春江电站(坝上),23.27
2025-06-14T10:30:00,70101501,富春江坝下,7.86
2025-06-14T10:30:00,70101800,窄溪,5.65
2025-06-14T10:30:00,70102300,闸口,5.18
2025-06-14T10:30:00,7010AJ33,渌渚,5.7
2025-06-14T10:30:00,7011AJ4M,新桐乡,5.55
2025-06-14T10:30:00,7011AJ5M,渌渚镇,6.42
2025-06-14T10:30:00,7011AJ7R,山溪叶家,50.17
2025-06-14T10:30:00,7011AJ8R,山溪幕下,65.58
2025-06-14T10:30:00,7011AJ9R,山溪前桐,194.11
2025-06-14T10:30:00,7011AM2G,富春江水库严陵坞,23.36
2025-06-14T10:35:00,70101500,富春江电站(坝上),23.27
2025-06-14T10:35:00,70101501,富春江坝下,7.86
2025-06-14T10:35:00,70101800,窄溪,5.65
2025-06-14T10:35:00,70102300,闸口,5.17
2025-06-14T10:35:00,7010AJ33,渌渚,5.7
2025-06-14T10:35:00,7011AJ4M,新桐乡,5.55
2025-06-14T10:35:00,7011AJ5M,渌渚镇,6.39
2025-06-14T10:35:00,7011AJ7R,山溪叶家,50.17
2025-06-14T10:35:00,7011AJ8R,山溪幕下,65.58
2025-06-14T10:35:00,7011AJ9R,山溪前桐,194.12
2025-06-14T10:35:00,7011AM2G,富春江水库严陵坞,23.36
2025-06-14T10:40:00,70101500,富春江电站(坝上),23.28
2025-06-14T10:40:00,70101501,富春江坝下,7.86
2025-06-14T10:40:00,70101800,窄溪,5.64
2025-06-14T10:40:00,70102300,闸口,5.17
2025-06-14T10:40:00,7010AJ33,渌渚,5.7
2025-06-14T10:40:00,7011AJ4M,新桐乡,5.55
2025-06-14T10:40:00,7011AJ5M,渌渚镇,6.41
2025-06-14T10:40:00,7011AJ7R,山溪叶家,50.16
2025-06-14T10:40:00,7011AJ8R,山溪幕下,65.58
2025-06-14T10:40:00,7011AJ9R,山溪前桐,194.11
2025-06-14T10:40:00,7011AM2G,富春江水库严陵坞,23.37
2025-06-14T10:45:00,70101500,富春江电站(坝上),23.29
2025-06-14T10:45:00,70101501,富春江坝下,7.87
2025-06-14T10:45:00,70101800,窄溪,5.64
2025-06-14T10:45:00,70102300,闸口,5.17
2025-06-14T10:45:00,7010AJ33,渌渚,5.7
2025-06-14T10:45:00,7011AJ4M,新桐乡,5.55
2025-06-14T10:45:00,7011AJ5M,渌渚镇,6.41
2025-06-14T10:45:00,7011AJ7R,山溪叶家,50.17
2025-06-14T10:45:00,7011AJ8R,山溪幕下,65.58
2025-06-14T10:45:00,7011AJ9R,山溪前桐,194.12
2025-06-14T10:45:00,7011AM2G,富春江水库严陵坞,23.37
2025-06-14T10:50:00,70101500,富春江电站(坝上),23.3
2025-06-14T10:50:00,70101501,富春江坝下,7.87
2025-06-14T10:50:00,70101800,窄溪,5.64
2025-06-14T10:50:00,70102300,闸口,5.16
2025-06-14T10:50:00,7010AJ33,渌渚,5.68
2025-06-14T10:50:00,7011AJ4M,新桐乡,5.55
2025-06-14T10:50:00,7011AJ5M,渌渚镇,6.41
2025-06-14T10:50:00,7011AJ7R,山溪叶家,50.17
2025-06-14T10:50:00,7011AJ8R,山溪幕下,65.58
2025-06-14T10:50:00,7011AJ9R,山溪前桐,194.12
2025-06-14T10:50:00,7011AM2G,富春江水库严陵坞,23.38
2025-06-14T10:55:00,70101500,富春江电站(坝上),23.31
2025-06-14T10:55:00,70101501,富春江坝下,7.85
2025-06-14T10:55:00,70101800,窄溪,5.64
2025-06-14T10:55:00,70102300,闸口,5.16
2025-06-14T10:55:00,7010AJ33,渌渚,5.68
2025-06-14T10:55:00,7011AJ4M,新桐乡,5.55
2025-06-14T10:55:00,7011AJ5M,渌渚镇,6.4
2025-06-14T10:55:00,7011AJ7R,山溪叶家,50.15
2025-06-14T10:55:00,7011AJ8R,山溪幕下,65.58
2025-06-14T10:55:00,7011AJ9R,山溪前桐,194.11
2025-06-14T10:55:00,7011AM2G,富春江水库严陵坞,23.4
2025-06-14T11:00:00,70101500,富春江电站(坝上),23.33
2025-06-14T11:00:00,70101501,富春江坝下,7.86
2025-06-14T11:00:00,70101800,窄溪,5.64
2025-06-14T11:00:00,70102300,闸口,5.15
2025-06-14T11:00:00,7010AJ33,渌渚,5.68
2025-06-14T11:00:00,7011AJ4M,新桐乡,5.55
2025-06-14T11:00:00,7011AJ5M,渌渚镇,6.4
2025-06-14T11:00:00,7011AJ7R,山溪叶家,50.17
2025-06-14T11:00:00,7011AJ8R,山溪幕下,65.58
2025-06-14T11:00:00,7011AJ9R,山溪前桐,194.12
2025-06-14T11:00:00,7011AM2G,富春江水库严陵坞,23.4
2025-06-14T11:05:00,70101500,富春江电站(坝上),23.33
2025-06-14T11:05:00,70101501,富春江坝下,7.87
2025-06-14T11:05:00,70101800,窄溪,5.63
2025-06-14T11:05:00,70102300,闸口,5.15
2025-06-14T11:05:00,7010AJ33,渌渚,5.66
2025-06-14T11:05:00,7011AJ4M,新桐乡,5.55
2025-06-14T11:05:00,7011AJ5M,渌渚镇,6.4
2025-06-14T11:05:00,7011AJ7R,山溪叶家,50.17
2025-06-14T11:05:00,7011AJ8R,山溪幕下,65.58
2025-06-14T11:05:00,7011AJ9R,山溪前桐,194.12
2025-06-14T11:05:00,7011AM2G,富春江水库严陵坞,23.4
2025-06-14T11:10:00,70101500,富春江电站(坝上),23.33
2025-06-14T11:10:00,70101501,富春江坝下,7.87
2025-06-14T11:10:00,70101800,窄溪,5.63
2025-06-14T11:10:00,70102300,闸口,5.14
2025-06-14T11:10:00,7010AJ33,渌渚,5.66
2025-06-14T11:10:00,7011AJ4M,新桐乡,5.55
2025-06-14T11:10:00,7011AJ5M,渌渚镇,6.4
2025-06-14T11:10:00,7011AJ7R,山溪叶家,50.17
2025-06-14T11:10:00,7011AJ8R,山溪幕下,65.58
2025-06-14T11:10:00,7011AJ9R,山溪前桐,194.13
2025-06-14T11:10:00,7011AM2G,富春江水库严陵坞,23.41
2025-06-14T11:15:00,70101500,富春江电站(坝上),23.35
2025-06-14T11:15:00,70101501,富春江坝下,7.86
2025-06-14T11:15:00,70101800,窄溪,5.63
2025-06-14T11:15:00,70102300,闸口,5.14
2025-06-14T11:15:00,7010AJ33,渌渚,5.64
2025-06-14T11:15:00,7011AJ4M,新桐乡,5.55
2025-06-14T11:15:00,7011AJ5M,渌渚镇,6.39
2025-06-14T11:15:00,7011AJ7R,山溪叶家,50.17
2025-06-14T11:15:00,7011AJ8R,山溪幕下,65.58
2025-06-14T11:15:00,7011AJ9R,山溪前桐,194.12
2025-06-14T11:15:00,7011AM2G,富春江水库严陵坞,23.42
2025-06-14T11:20:00,70101500,富春江电站(坝上),23.38
2025-06-14T11:20:00,70101501,富春江坝下,7.85
2025-06-14T11:20:00,70101800,窄溪,5.62
2025-06-14T11:20:00,70102300,闸口,5.13
2025-06-14T11:20:00,7010AJ33,渌渚,5.64
2025-06-14T11:20:00,7011AJ4M,新桐乡,5.55
2025-06-14T11:20:00,7011AJ5M,渌渚镇,6.39
2025-06-14T11:20:00,7011AJ7R,山溪叶家,50.15
2025-06-14T11:20:00,7011AJ8R,山溪幕下,65.58
2025-06-14T11:20:00,7011AJ9R,山溪前桐,194.12
2025-06-14T11:20:00,7011AM2G,富春江水库严陵坞,23.43
2025-06-14T11:25:00,70101500,富春江电站(坝上),23.38
2025-06-14T11:25:00,70101501,富春江坝下,7.84
2025-06-14T11:25:00,70101800,窄溪,5.62
2025-06-14T11:25:00,70102300,闸口,5.13
2025-06-14T11:25:00,7010AJ33,渌渚,5.64
2025-06-14T11:25:00,7011AJ4M,新桐乡,5.54
2025-06-14T11:25:00,7011AJ5M,渌渚镇,6.39
2025-06-14T11:25:00,7011AJ7R,山溪叶家,50.15
2025-06-14T11:25:00,7011AJ8R,山溪幕下,65.58
2025-06-14T11:25:00,7011AJ9R,山溪前桐,194.13
2025-06-14T11:25:00,7011AM2G,富春江水库严陵坞,23.43
2025-06-14T11:30:00,70101500,富春江电站(坝上),23.34
2025-06-14T11:30:00,70101501,富春江坝下,7.83
2025-06-14T11:30:00,70101800,窄溪,5.62
2025-06-14T11:30:00,70102300,闸口,5.12
2025-06-14T11:30:00,7010AJ33,渌渚,5.64
2025-06-14T11:30:00,7011AJ4M,新桐乡,5.54
2025-06-14T11:30:00,7011AJ5M,渌渚镇,6.39
2025-06-14T11:30:00,7011AJ7R,山溪叶家,50.17
2025-06-14T11:30:00,7011AJ8R,山溪幕下,65.58
2025-06-14T11:30:00,7011AJ9R,山溪前桐,194.12
2025-06-14T11:30:00,7011AM2G,富春江水库严陵坞,23.42
2025-06-14T11:35:00,70101500,富春江电站(坝上),23.3
2025-06-14T11:35:00,70101501,富春江坝下,7.87
2025-06-14T11:35:00,70101800,窄溪,5.61
2025-06-14T11:35:00,70102300,闸口,5.12
2025-06-14T11:35:00,7010AJ33,渌渚,5.59
2025-06-14T11:35:00,7011AJ4M,新桐乡,5.54
2025-06-14T11:35:00,7011AJ5M,渌渚镇,6.39
2025-06-14T11:35:00,7011AJ7R,山溪叶家,50.15
2025-06-14T11:35:00,7011AJ8R,山溪幕下,65.58
2025-06-14T11:35:00,7011AJ9R,山溪前桐,194.11
2025-06-14T11:35:00,7011AM2G,富春江水库严陵坞,23.4
2025-06-14T11:40:00,70101500,富春江电站(坝上),23.27
2025-06-14T11:40:00,70101501,富春江坝下,7.88
2025-06-14T11:40:00,70101800,窄溪,5.61
2025-06-14T11:40:00,70102300,闸口,5.11
2025-06-14T11:40:00,7010AJ33,渌渚,5.61
2025-06-14T11:40:00,7011AJ4M,新桐乡,5.53
2025-06-14T11:40:00,7011AJ5M,渌渚镇,6.39
2025-06-14T11:40:00,7011AJ7R,山溪叶家,50.14
2025-06-14T11:40:00,7011AJ8R,山溪幕下,65.58
2025-06-14T11:40:00,7011AJ9R,山溪前桐,194.12
2025-06-14T11:40:00,7011AM2G,富春江水库严陵坞,23.38
2025-06-14T11:45:00,70101500,富春江电站(坝上),23.27
2025-06-14T11:45:00,70101501,富春江坝下,7.86
2025-06-14T11:45:00,70101800,窄溪,5.61
2025-06-14T11:45:00,70102300,闸口,5.11
2025-06-14T11:45:00,7010AJ33,渌渚,5.61
2025-06-14T11:45:00,7011AJ4M,新桐乡,5.53
2025-06-14T11:45:00,7011AJ5M,渌渚镇,6.39
2025-06-14T11:45:00,7011AJ7R,山溪叶家,50.14
2025-06-14T11:45:00,7011AJ8R,山溪幕下,65.58
2025-06-14T11:45:00,7011AJ9R,山溪前桐,194.12
2025-06-14T11:45:00,7011AM2G,富春江水库严陵坞,23.36
2025-06-14T11:50:00,70101500,富春江电站(坝上),23.27
2025-06-14T11:50:00,70101501,富春江坝下,7.85
2025-06-14T11:50:00,70101800,窄溪,5.61
2025-06-14T11:50:00,70102300,闸口,5.11
2025-06-14T11:50:00,7010AJ33,渌渚,5.61
2025-06-14T11:50:00,7011AJ4M,新桐乡,5.53
2025-06-14T11:50:00,7011AJ5M,渌渚镇,6.37
2025-06-14T11:50:00,7011AJ7R,山溪叶家,50.14
2025-06-14T11:50:00,7011AJ8R,山溪幕下,65.58
2025-06-14T11:50:00,7011AJ9R,山溪前桐,194.12
2025-06-14T11:50:00,7011AM2G,富春江水库严陵坞,23.35
2025-06-14T11:55:00,70101500,富春江电站(坝上),23.27
2025-06-14T11:55:00,70101501,富春江坝下,7.87
2025-06-14T11:55:00,70101800,窄溪,5.61
2025-06-14T11:55:00,70102300,闸口,5.1
2025-06-14T11:55:00,7010AJ33,渌渚,5.61
2025-06-14T11:55:00,7011AJ4M,新桐乡,5.51
2025-06-14T11:55:00,7011AJ5M,渌渚镇,6.35
2025-06-14T11:55:00,7011AJ7R,山溪叶家,50.14
2025-06-14T11:55:00,7011AJ8R,山溪幕下,65.58
2025-06-14T11:55:00,7011AJ9R,山溪前桐,194.12
2025-06-14T11:55:00,7011AM2G,富春江水库严陵坞,23.35
2025-06-14T12:00:00,70101500,富春江电站(坝上),23.27
2025-06-14T12:00:00,70101501,富春江坝下,7.87
2025-06-14T12:00:00,70101800,窄溪,5.62
2025-06-14T12:00:00,70102300,闸口,5.09
2025-06-14T12:00:00,7010AJ33,渌渚,5.61
2025-06-14T12:00:00,7011AJ4M,新桐乡,5.51
2025-06-14T12:00:00,7011AJ5M,渌渚镇,6.36
2025-06-14T12:00:00,7011AJ7R,山溪叶家,50.14
2025-06-14T12:00:00,7011AJ8R,山溪幕下,65.58
2025-06-14T12:00:00,7011AJ9R,山溪前桐,194.12
2025-06-14T12:00:00,7011AM2G,富春江水库严陵坞,23.35
2025-06-14T12:05:00,70101500,富春江电站(坝上),23.27
2025-06-14T12:05:00,70101501,富春江坝下,7.85
2025-06-14T12:05:00,70101800,窄溪,5.62
2025-06-14T12:05:00,70102300,闸口,5.09
2025-06-14T12:05:00,7010AJ33,渌渚,5.66
2025-06-14T12:05:00,7011AJ4M,新桐乡,5.49
2025-06-14T12:05:00,7011AJ5M,渌渚镇,6.35
2025-06-14T12:05:00,7011AJ7R,山溪叶家,50.15
2025-06-14T12:05:00,7011AJ8R,山溪幕下,65.59
2025-06-14T12:05:00,7011AJ9R,山溪前桐,194.11
2025-06-14T12:05:00,7011AM2G,富春江水库严陵坞,23.35
2025-06-14T12:10:00,70101500,富春江电站(坝上),23.27
2025-06-14T12:10:00,70101501,富春江坝下,7.84
2025-06-14T12:10:00,70101800,窄溪,5.61
2025-06-14T12:10:00,70102300,闸口,5.08
2025-06-14T12:10:00,7010AJ33,渌渚,5.66
2025-06-14T12:10:00,7011AJ4M,新桐乡,5.48
2025-06-14T12:10:00,7011AJ5M,渌渚镇,6.34
2025-06-14T12:10:00,7011AJ7R,山溪叶家,50.17
2025-06-14T12:10:00,7011AJ8R,山溪幕下,65.6
2025-06-14T12:10:00,7011AJ9R,山溪前桐,194.12
2025-06-14T12:10:00,7011AM2G,富春江水库严陵坞,23.36
2025-06-14T12:15:00,70101500,富春江电站(坝上),23.27
2025-06-14T12:15:00,70101501,富春江坝下,7.85
2025-06-14T12:15:00,70101800,窄溪,5.61
2025-06-14T12:15:00,70102300,闸口,5.07
2025-06-14T12:15:00,7010AJ33,渌渚,5.7
2025-06-14T12:15:00,7011AJ4M,新桐乡,5.47
2025-06-14T12:15:00,7011AJ5M,渌渚镇,6.37
2025-06-14T12:15:00,7011AJ7R,山溪叶家,50.18
2025-06-14T12:15:00,7011AJ8R,山溪幕下,65.61
2025-06-14T12:15:00,7011AJ9R,山溪前桐,194.14
2025-06-14T12:15:00,7011AM2G,富春江水库严陵坞,23.35
2025-06-14T12:20:00,70101500,富春江电站(坝上),23.26
2025-06-14T12:20:00,70101501,富春江坝下,7.86
2025-06-14T12:20:00,70101800,窄溪,5.61
2025-06-14T12:20:00,70102300,闸口,5.07
2025-06-14T12:20:00,7010AJ33,渌渚,5.68
2025-06-14T12:20:00,7011AJ4M,新桐乡,5.47
2025-06-14T12:20:00,7011AJ5M,渌渚镇,6.37
2025-06-14T12:20:00,7011AJ7R,山溪叶家,50.2
2025-06-14T12:20:00,7011AJ8R,山溪幕下,65.63
2025-06-14T12:20:00,7011AJ9R,山溪前桐,194.14
2025-06-14T12:20:00,7011AM2G,富春江水库严陵坞,23.35
2025-06-14T12:25:00,70101500,富春江电站(坝上),23.26
2025-06-14T12:25:00,70101501,富春江坝下,7.87
2025-06-14T12:25:00,70101800,窄溪,5.61
2025-06-14T12:25:00,70102300,闸口,5.07
2025-06-14T12:25:00,7010AJ33,渌渚,5.7
2025-06-14T12:25:00,7011AJ4M,新桐乡,5.49
2025-06-14T12:25:00,7011AJ5M,渌渚镇,6.39
2025-06-14T12:25:00,7011AJ7R,山溪叶家,50.21
2025-06-14T12:25:00,7011AJ8R,山溪幕下,65.64
2025-06-14T12:25:00,7011AJ9R,山溪前桐,194.15
2025-06-14T12:25:00,7011AM2G,富春江水库严陵坞,23.35
2025-06-14T12:30:00,70101500,富春江电站(坝上),23.26
2025-06-14T12:30:00,70101501,富春江坝下,7.86
2025-06-14T12:30:00,70101800,窄溪,5.6
2025-06-14T12:30:00,70102300,闸口,5.06
2025-06-14T12:30:00,7010AJ33,渌渚,5.68
2025-06-14T12:30:00,7011AJ4M,新桐乡,5.49
2025-06-14T12:30:00,7011AJ5M,渌渚镇,6.39
2025-06-14T12:30:00,7011AJ7R,山溪叶家,50.22
2025-06-14T12:30:00,7011AJ8R,山溪幕下,65.64
2025-06-14T12:30:00,7011AJ9R,山溪前桐,194.14
2025-06-14T12:30:00,7011AM2G,富春江水库严陵坞,23.35
2025-06-14T12:35:00,70101500,富春江电站(坝上),23.26
2025-06-14T12:35:00,70101501,富春江坝下,7.86
2025-06-14T12:35:00,70101800,窄溪,5.59
2025-06-14T12:35:00,70102300,闸口,5.06
2025-06-14T12:35:00,7010AJ33,渌渚,5.68
2025-06-14T12:35:00,7011AJ4M,新桐乡,5.5
2025-06-14T12:35:00,7011AJ5M,渌渚镇,6.39
2025-06-14T12:35:00,7011AJ7R,山溪叶家,50.24
2025-06-14T12:35:00,7011AJ8R,山溪幕下,65.64
2025-06-14T12:35:00,7011AJ9R,山溪前桐,194.15
2025-06-14T12:35:00,7011AM2G,富春江水库严陵坞,23.35
2025-06-14T12:40:00,70101500,富春江电站(坝上),23.26
2025-06-14T12:40:00,70101501,富春江坝下,7.87
2025-06-14T12:40:00,70101800,窄溪,5.6
2025-06-14T12:40:00,70102300,闸口,5.06
2025-06-14T12:40:00,7010AJ33,渌渚,5.66
2025-06-14T12:40:00,7011AJ4M,新桐乡,5.5
2025-06-14T12:40:00,7011AJ5M,渌渚镇,6.39
2025-06-14T12:40:00,7011AJ7R,山溪叶家,50.28
2025-06-14T12:40:00,7011AJ8R,山溪幕下,65.65
2025-06-14T12:40:00,7011AJ9R,山溪前桐,194.16
2025-06-14T12:40:00,7011AM2G,富春江水库严陵坞,23.35
2025-06-14T12:45:00,70101500,富春江电站(坝上),23.24
2025-06-14T12:45:00,70101501,富春江坝下,7.88
2025-06-14T12:45:00,70101800,窄溪,5.6
2025-06-14T12:45:00,70102300,闸口,5.05
2025-06-14T12:45:00,7010AJ33,渌渚,5.66
2025-06-14T12:45:00,7011AJ4M,新桐乡,5.51
2025-06-14T12:45:00,7011AJ5M,渌渚镇,6.39
2025-06-14T12:45:00,7011AJ7R,山溪叶家,50.28
2025-06-14T12:45:00,7011AJ8R,山溪幕下,65.68
2025-06-14T12:45:00,7011AJ9R,山溪前桐,194.17
2025-06-14T12:45:00,7011AM2G,富春江水库严陵坞,23.35
2025-06-14T12:50:00,70101500,富春江电站(坝上),23.24
2025-06-14T12:50:00,70101501,富春江坝下,7.87
2025-06-14T12:50:00,70101800,窄溪,5.59
2025-06-14T12:50:00,70102300,闸口,5.05
2025-06-14T12:50:00,7010AJ33,渌渚,5.61
2025-06-14T12:50:00,7011AJ4M,新桐乡,5.51
2025-06-14T12:50:00,7011AJ5M,渌渚镇,6.39
2025-06-14T12:50:00,7011AJ7R,山溪叶家,50.29
2025-06-14T12:50:00,7011AJ8R,山溪幕下,65.7
2025-06-14T12:50:00,7011AJ9R,山溪前桐,194.18
2025-06-14T12:50:00,7011AM2G,富春江水库严陵坞,23.31
2025-06-14T12:55:00,70101500,富春江电站(坝上),23.23
2025-06-14T12:55:00,70101501,富春江坝下,7.85
2025-06-14T12:55:00,70101800,窄溪,5.59
2025-06-14T12:55:00,70102300,闸口,5.04
2025-06-14T12:55:00,7010AJ33,渌渚,5.63
2025-06-14T12:55:00,7011AJ4M,新桐乡,5.51
2025-06-14T12:55:00,7011AJ5M,渌渚镇,6.4
2025-06-14T12:55:00,7011AJ7R,山溪叶家,50.29
2025-06-14T12:55:00,7011AJ8R,山溪幕下,65.7
2025-06-14T12:55:00,7011AJ9R,山溪前桐,194.16
2025-06-14T12:55:00,7011AM2G,富春江水库严陵坞,23.32
2025-06-14T13:00:00,70101500,富春江电站(坝上),23.23
2025-06-14T13:00:00,70101501,富春江坝下,7.86
2025-06-14T13:00:00,70101800,窄溪,5.58
2025-06-14T13:00:00,70102300,闸口,5.04
2025-06-14T13:00:00,7010AJ33,渌渚,5.61
2025-06-14T13:00:00,7011AJ4M,新桐乡,5.5
2025-06-14T13:00:00,7011AJ5M,渌渚镇,6.4
2025-06-14T13:00:00,7011AJ7R,山溪叶家,50.3
2025-06-14T13:00:00,7011AJ8R,山溪幕下,65.69
2025-06-14T13:00:00,7011AJ9R,山溪前桐,194.18
2025-06-14T13:00:00,7011AM2G,富春江水库严陵坞,23.31
2025-06-14T13:05:00,70101500,富春江电站(坝上),23.24
2025-06-14T13:05:00,70101501,富春江坝下,7.87
2025-06-14T13:05:00,70101800,窄溪,5.58
2025-06-14T13:05:00,70102300,闸口,5.04
2025-06-14T13:05:00,7010AJ33,渌渚,5.59
2025-06-14T13:05:00,7011AJ4M,新桐乡,5.49
2025-06-14T13:05:00,7011AJ5M,渌渚镇,6.4
2025-06-14T13:05:00,7011AJ7R,山溪叶家,50.32
2025-06-14T13:05:00,7011AJ8R,山溪幕下,65.69
2025-06-14T13:05:00,7011AJ9R,山溪前桐,194.19
2025-06-14T13:05:00,7011AM2G,富春江水库严陵坞,23.31
2025-06-14T13:10:00,70101500,富春江电站(坝上),23.23
2025-06-14T13:10:00,70101501,富春江坝下,7.87
2025-06-14T13:10:00,70101800,窄溪,5.58
2025-06-14T13:10:00,70102300,闸口,5.03
2025-06-14T13:10:00,7010AJ33,渌渚,5.59
2025-06-14T13:10:00,7011AJ4M,新桐乡,5.49
2025-06-14T13:10:00,7011AJ5M,渌渚镇,6.4
2025-06-14T13:10:00,7011AJ7R,山溪叶家,50.32
2025-06-14T13:10:00,7011AJ8R,山溪幕下,65.68
2025-06-14T13:10:00,7011AJ9R,山溪前桐,194.17
2025-06-14T13:10:00,7011AM2G,富春江水库严陵坞,23.31
2025-06-14T13:15:00,70101500,富春江电站(坝上),23.23
2025-06-14T13:15:00,70101501,富春江坝下,7.87
2025-06-14T13:15:00,70101800,窄溪,5.58
2025-06-14T13:15:00,70102300,闸口,5.03
2025-06-14T13:15:00,7010AJ33,渌渚,5.61
2025-06-14T13:15:00,7011AJ4M,新桐乡,5.49
2025-06-14T13:15:00,7011AJ5M,渌渚镇,6.4
2025-06-14T13:15:00,7011AJ7R,山溪叶家,50.32
2025-06-14T13:15:00,7011AJ8R,山溪幕下,65.68
2025-06-14T13:15:00,7011AJ9R,山溪前桐,194.17
2025-06-14T13:15:00,7011AM2G,富春江水库严陵坞,23.31
2025-06-14T13:20:00,70101500,富春江电站(坝上),23.24
2025-06-14T13:20:00,70101501,富春江坝下,7.86
2025-06-14T13:20:00,70101800,窄溪,5.57
2025-06-14T13:20:00,70102300,闸口,5.04
2025-06-14T13:20:00,7010AJ33,渌渚,5.59
2025-06-14T13:20:00,7011AJ4M,新桐乡,5.49
2025-06-14T13:20:00,7011AJ5M,渌渚镇,6.4
2025-06-14T13:20:00,7011AJ7R,山溪叶家,50.32
2025-06-14T13:20:00,7011AJ8R,山溪幕下,65.68
2025-06-14T13:20:00,7011AJ9R,山溪前桐,194.15
2025-06-14T13:20:00,7011AM2G,富春江水库严陵坞,23.31
2025-06-14T13:25:00,70101500,富春江电站(坝上),23.24
2025-06-14T13:25:00,70101501,富春江坝下,7.86
2025-06-14T13:25:00,70101800,窄溪,5.57
2025-06-14T13:25:00,70102300,闸口,5.03
2025-06-14T13:25:00,7010AJ33,渌渚,5.61
2025-06-14T13:25:00,7011AJ4M,新桐乡,5.49
2025-06-14T13:25:00,7011AJ5M,渌渚镇,6.4
2025-06-14T13:25:00,7011AJ7R,山溪叶家,50.31
2025-06-14T13:25:00,7011AJ8R,山溪幕下,65.68
2025-06-14T13:25:00,7011AJ9R,山溪前桐,194.17
2025-06-14T13:25:00,7011AM2G,富春江水库严陵坞,23.31
2025-06-14T13:30:00,70101500,富春江电站(坝上),23.22
2025-06-14T13:30:00,70101501,富春江坝下,7.87
2025-06-14T13:30:00,70101800,窄溪,5.57
2025-06-14T13:30:00,70102300,闸口,5.03
2025-06-14T13:30:00,7010AJ33,渌渚,5.61
2025-06-14T13:30:00,7011AJ4M,新桐乡,5.49
2025-06-14T13:30:00,7011AJ5M,渌渚镇,6.4
2025-06-14T13:30:00,7011AJ7R,山溪叶家,50.31
2025-06-14T13:30:00,7011AJ8R,山溪幕下,65.68
2025-06-14T13:30:00,7011AJ9R,山溪前桐,194.16
2025-06-14T13:30:00,7011AM2G,富春江水库严陵坞,23.31
2025-06-14T13:35:00,70101500,富春江电站(坝上),23.22
2025-06-14T13:35:00,70101501,富春江坝下,7.85
2025-06-14T13:35:00,70101800,窄溪,5.57
2025-06-14T13:35:00,70102300,闸口,5.03
2025-06-14T13:35:00,7010AJ33,渌渚,5.61
2025-06-14T13:35:00,7011AJ4M,新桐乡,5.48
2025-06-14T13:35:00,7011AJ5M,渌渚镇,6.41
2025-06-14T13:35:00,7011AJ7R,山溪叶家,50.31
2025-06-14T13:35:00,7011AJ8R,山溪幕下,65.67
2025-06-14T13:35:00,7011AJ9R,山溪前桐,194.15
2025-06-14T13:35:00,7011AM2G,富春江水库严陵坞,23.3
2025-06-14T13:40:00,70101500,富春江电站(坝上),23.22
2025-06-14T13:40:00,70101501,富春江坝下,7.86
2025-06-14T13:40:00,70101800,窄溪,5.57
2025-06-14T13:40:00,70102300,闸口,5.03
2025-06-14T13:40:00,7010AJ33,渌渚,5.61
2025-06-14T13:40:00,7011AJ4M,新桐乡,5.48
2025-06-14T13:40:00,7011AJ5M,渌渚镇,6.41
2025-06-14T13:40:00,7011AJ7R,山溪叶家,50.3
2025-06-14T13:40:00,7011AJ8R,山溪幕下,65.67
2025-06-14T13:40:00,7011AJ9R,山溪前桐,194.16
2025-06-14T13:40:00,7011AM2G,富春江水库严陵坞,23.3
2025-06-14T13:45:00,70101500,富春江电站(坝上),23.21
2025-06-14T13:45:00,70101501,富春江坝下,7.88
2025-06-14T13:45:00,70101800,窄溪,5.57
2025-06-14T13:45:00,70102300,闸口,5.03
2025-06-14T13:45:00,7010AJ33,渌渚,5.63
2025-06-14T13:45:00,7011AJ4M,新桐乡,5.47
2025-06-14T13:45:00,7011AJ5M,渌渚镇,6.42
2025-06-14T13:45:00,7011AJ7R,山溪叶家,50.3
2025-06-14T13:45:00,7011AJ8R,山溪幕下,65.67
2025-06-14T13:45:00,7011AJ9R,山溪前桐,194.15
2025-06-14T13:45:00,7011AM2G,富春江水库严陵坞,23.3
2025-06-14T13:50:00,70101500,富春江电站(坝上),23.21
2025-06-14T13:50:00,70101501,富春江坝下,7.9
2025-06-14T13:50:00,70101800,窄溪,5.56
2025-06-14T13:50:00,70102300,闸口,5.03
2025-06-14T13:50:00,7010AJ33,渌渚,5.61
2025-06-14T13:50:00,7011AJ4M,新桐乡,5.47
2025-06-14T13:50:00,7011AJ5M,渌渚镇,6.42
2025-06-14T13:50:00,7011AJ7R,山溪叶家,50.29
2025-06-14T13:50:00,7011AJ8R,山溪幕下,65.66
2025-06-14T13:50:00,7011AJ9R,山溪前桐,194.16
2025-06-14T13:50:00,7011AM2G,富春江水库严陵坞,23.3
2025-06-14T13:55:00,70101500,富春江电站(坝上),23.2
2025-06-14T13:55:00,70101501,富春江坝下,7.91
2025-06-14T13:55:00,70101800,窄溪,5.56
2025-06-14T13:55:00,70102300,闸口,5.02
2025-06-14T13:55:00,7010AJ33,渌渚,5.61
2025-06-14T13:55:00,7011AJ4M,新桐乡,5.48
2025-06-14T13:55:00,7011AJ5M,渌渚镇,6.42
2025-06-14T13:55:00,7011AJ7R,山溪叶家,50.29
2025-06-14T13:55:00,7011AJ8R,山溪幕下,65.67
2025-06-14T13:55:00,7011AJ9R,山溪前桐,194.16
2025-06-14T13:55:00,7011AM2G,富春江水库严陵坞,23.29
2025-06-14T14:00:00,70101500,富春江电站(坝上),23.19
2025-06-14T14:00:00,70101501,富春江坝下,7.91
2025-06-14T14:00:00,70101800,窄溪,5.56
2025-06-14T14:00:00,70102300,闸口,5.02
2025-06-14T14:00:00,7010AJ33,渌渚,5.61
2025-06-14T14:00:00,7011AJ4M,新桐乡,5.48
2025-06-14T14:00:00,7011AJ5M,渌渚镇,6.43
2025-06-14T14:00:00,7011AJ7R,山溪叶家,50.29
2025-06-14T14:00:00,7011AJ8R,山溪幕下,65.66
2025-06-14T14:00:00,7011AJ9R,山溪前桐,194.16
2025-06-14T14:00:00,7011AM2G,富春江水库严陵坞,23.29
2025-06-14T14:05:00,70101500,富春江电站(坝上),23.2
2025-06-14T14:05:00,70101501,富春江坝下,7.9
2025-06-14T14:05:00,70101800,窄溪,5.55
2025-06-14T14:05:00,70102300,闸口,5.01
2025-06-14T14:05:00,7010AJ33,渌渚,5.61
2025-06-14T14:05:00,7011AJ4M,新桐乡,5.47
2025-06-14T14:05:00,7011AJ5M,渌渚镇,6.43
2025-06-14T14:05:00,7011AJ7R,山溪叶家,50.29
2025-06-14T14:05:00,7011AJ8R,山溪幕下,65.66
2025-06-14T14:05:00,7011AJ9R,山溪前桐,194.15
2025-06-14T14:05:00,7011AM2G,富春江水库严陵坞,23.27
2025-06-14T14:10:00,70101500,富春江电站(坝上),23.19
2025-06-14T14:10:00,70101501,富春江坝下,7.88
2025-06-14T14:10:00,70101800,窄溪,5.55
2025-06-14T14:10:00,70102300,闸口,5.01
2025-06-14T14:10:00,7010AJ33,渌渚,5.61
2025-06-14T14:10:00,7011AJ4M,新桐乡,5.47
2025-06-14T14:10:00,7011AJ5M,渌渚镇,6.43
2025-06-14T14:10:00,7011AJ7R,山溪叶家,50.28
2025-06-14T14:10:00,7011AJ8R,山溪幕下,65.66
2025-06-14T14:10:00,7011AJ9R,山溪前桐,194.16
2025-06-14T14:10:00,7011AM2G,富春江水库严陵坞,23.27
2025-06-14T14:15:00,70101500,富春江电站(坝上),23.19
2025-06-14T14:15:00,70101501,富春江坝下,7.89
2025-06-14T14:15:00,70101800,窄溪,5.54
2025-06-14T14:15:00,70102300,闸口,5.0
2025-06-14T14:15:00,7010AJ33,渌渚,5.61
2025-06-14T14:15:00,7011AJ4M,新桐乡,5.46
2025-06-14T14:15:00,7011AJ5M,渌渚镇,6.43
2025-06-14T14:15:00,7011AJ7R,山溪叶家,50.28
2025-06-14T14:15:00,7011AJ8R,山溪幕下,65.66
2025-06-14T14:15:00,7011AJ9R,山溪前桐,194.16
2025-06-14T14:15:00,7011AM2G,富春江水库严陵坞,23.28
2025-06-14T14:20:00,70101500,富春江电站(坝上),23.19
2025-06-14T14:20:00,70101501,富春江坝下,7.88
2025-06-14T14:20:00,70101800,窄溪,5.54
2025-06-14T14:20:00,70102300,闸口,5.0
2025-06-14T14:20:00,7010AJ33,渌渚,5.59
2025-06-14T14:20:00,7011AJ4M,新桐乡,5.46
2025-06-14T14:20:00,7011AJ5M,渌渚镇,6.44
2025-06-14T14:20:00,7011AJ7R,山溪叶家,50.28
2025-06-14T14:20:00,7011AJ8R,山溪幕下,65.66
2025-06-14T14:20:00,7011AJ9R,山溪前桐,194.16
2025-06-14T14:20:00,7011AM2G,富春江水库严陵坞,23.29
2025-06-14T14:25:00,70101500,富春江电站(坝上),23.19
2025-06-14T14:25:00,70101501,富春江坝下,7.88
2025-06-14T14:25:00,70101800,窄溪,5.54
2025-06-14T14:25:00,70102300,闸口,5.0
2025-06-14T14:25:00,7010AJ33,渌渚,5.59
2025-06-14T14:25:00,7011AJ4M,新桐乡,5.46
2025-06-14T14:25:00,7011AJ5M,渌渚镇,6.44
2025-06-14T14:25:00,7011AJ7R,山溪叶家,50.27
2025-06-14T14:25:00,7011AJ8R,山溪幕下,65.65
2025-06-14T14:25:00,7011AJ9R,山溪前桐,194.15
2025-06-14T14:25:00,7011AM2G,富春江水库严陵坞,23.27
2025-06-14T14:30:00,70101500,富春江电站(坝上),23.19
2025-06-14T14:30:00,70101501,富春江坝下,7.88
2025-06-14T14:30:00,70101800,窄溪,5.54
2025-06-14T14:30:00,70102300,闸口,4.99
2025-06-14T14:30:00,7010AJ33,渌渚,5.57
2025-06-14T14:30:00,7011AJ4M,新桐乡,5.46
2025-06-14T14:30:00,7011AJ5M,渌渚镇,6.45
2025-06-14T14:30:00,7011AJ7R,山溪叶家,50.27
2025-06-14T14:30:00,7011AJ8R,山溪幕下,65.65
2025-06-14T14:30:00,7011AJ9R,山溪前桐,194.16
2025-06-14T14:30:00,7011AM2G,富春江水库严陵坞,23.27
2025-06-14T14:35:00,70101500,富春江电站(坝上),23.19
2025-06-14T14:35:00,70101501,富春江坝下,7.88
2025-06-14T14:35:00,70101800,窄溪,5.54
2025-06-14T14:35:00,70102300,闸口,4.99
2025-06-14T14:35:00,7010AJ33,渌渚,5.57
2025-06-14T14:35:00,7011AJ4M,新桐乡,5.45
2025-06-14T14:35:00,7011AJ5M,渌渚镇,6.45
2025-06-14T14:35:00,7011AJ7R,山溪叶家,50.27
2025-06-14T14:35:00,7011AJ8R,山溪幕下,65.65
2025-06-14T14:35:00,7011AJ9R,山溪前桐,194.15
2025-06-14T14:35:00,7011AM2G,富春江水库严陵坞,23.27
2025-06-14T14:40:00,70101500,富春江电站(坝上),23.17
2025-06-14T14:40:00,70101501,富春江坝下,7.88
2025-06-14T14:40:00,70101800,窄溪,5.54
2025-06-14T14:40:00,70102300,闸口,4.98
2025-06-14T14:40:00,7010AJ33,渌渚,5.57
2025-06-14T14:40:00,7011AJ4M,新桐乡,5.45
2025-06-14T14:40:00,7011AJ5M,渌渚镇,6.46
2025-06-14T14:40:00,7011AJ7R,山溪叶家,50.26
2025-06-14T14:40:00,7011AJ8R,山溪幕下,65.65
2025-06-14T14:40:00,7011AJ9R,山溪前桐,194.14
2025-06-14T14:40:00,7011AM2G,富春江水库严陵坞,23.27
2025-06-14T14:45:00,70101500,富春江电站(坝上),23.16
2025-06-14T14:45:00,70101501,富春江坝下,7.88
2025-06-14T14:45:00,70101800,窄溪,5.53
2025-06-14T14:45:00,70102300,闸口,4.99
2025-06-14T14:45:00,7010AJ33,渌渚,5.57
2025-06-14T14:45:00,7011AJ4M,新桐乡,5.44
2025-06-14T14:45:00,7011AJ5M,渌渚镇,6.46
2025-06-14T14:45:00,7011AJ7R,山溪叶家,50.26
2025-06-14T14:45:00,7011AJ8R,山溪幕下,65.65
2025-06-14T14:45:00,7011AJ9R,山溪前桐,194.14
2025-06-14T14:45:00,7011AM2G,富春江水库严陵坞,23.27
2025-06-14T14:50:00,70101500,富春江电站(坝上),23.16
2025-06-14T14:50:00,70101501,富春江坝下,7.88
2025-06-14T14:50:00,70101800,窄溪,5.53
2025-06-14T14:50:00,70102300,闸口,4.99
2025-06-14T14:50:00,7010AJ33,渌渚,5.57
2025-06-14T14:50:00,7011AJ4M,新桐乡,5.44
2025-06-14T14:50:00,7011AJ5M,渌渚镇,6.46
2025-06-14T14:50:00,7011AJ7R,山溪叶家,50.26
2025-06-14T14:50:00,7011AJ8R,山溪幕下,65.64
2025-06-14T14:50:00,7011AJ9R,山溪前桐,194.16
2025-06-14T14:50:00,7011AM2G,富春江水库严陵坞,23.25
2025-06-14T14:55:00,70101500,富春江电站(坝上),23.15
2025-06-14T14:55:00,70101501,富春江坝下,7.87
2025-06-14T14:55:00,70101800,窄溪,5.53
2025-06-14T14:55:00,70102300,闸口,4.98
2025-06-14T14:55:00,7010AJ33,渌渚,5.57
2025-06-14T14:55:00,7011AJ4M,新桐乡,5.43
2025-06-14T14:55:00,7011AJ5M,渌渚镇,6.47
2025-06-14T14:55:00,7011AJ7R,山溪叶家,50.25
2025-06-14T14:55:00,7011AJ8R,山溪幕下,65.64
2025-06-14T14:55:00,7011AJ9R,山溪前桐,194.15
2025-06-14T14:55:00,7011AM2G,富春江水库严陵坞,23.25
2025-06-14T15:00:00,70101500,富春江电站(坝上),23.15
2025-06-14T15:00:00,70101501,富春江坝下,7.88
2025-06-14T15:00:00,70101800,窄溪,5.52
2025-06-14T15:00:00,70102300,闸口,4.98
2025-06-14T15:00:00,7010AJ33,渌渚,5.57
2025-06-14T15:00:00,7011AJ4M,新桐乡,5.44
2025-06-14T15:00:00,7011AJ5M,渌渚镇,6.47
2025-06-14T15:00:00,7011AJ7R,山溪叶家,50.26
2025-06-14T15:00:00,7011AJ8R,山溪幕下,65.64
2025-06-14T15:00:00,7011AJ9R,山溪前桐,194.15
2025-06-14T15:00:00,7011AM2G,富春江水库严陵坞,23.23
2025-06-14T15:05:00,70101500,富春江电站(坝上),23.16
2025-06-14T15:05:00,70101501,富春江坝下,7.87
2025-06-14T15:05:00,70101800,窄溪,5.52
2025-06-14T15:05:00,70102300,闸口,4.98
2025-06-14T15:05:00,7010AJ33,渌渚,5.57
2025-06-14T15:05:00,7011AJ4M,新桐乡,5.44
2025-06-14T15:05:00,7011AJ5M,渌渚镇,6.48
2025-06-14T15:05:00,7011AJ7R,山溪叶家,50.25
2025-06-14T15:05:00,7011AJ8R,山溪幕下,65.64
2025-06-14T15:05:00,7011AJ9R,山溪前桐,194.14
2025-06-14T15:05:00,7011AM2G,富春江水库严陵坞,23.24
2025-06-14T15:10:00,70101500,富春江电站(坝上),23.15
2025-06-14T15:10:00,70101501,富春江坝下,7.88
2025-06-14T15:10:00,70101800,窄溪,5.52
2025-06-14T15:10:00,70102300,闸口,4.97
2025-06-14T15:10:00,7010AJ33,渌渚,5.57
2025-06-14T15:10:00,7011AJ4M,新桐乡,5.44
2025-06-14T15:10:00,7011AJ5M,渌渚镇,6.49
2025-06-14T15:10:00,7011AJ7R,山溪叶家,50.25
2025-06-14T15:10:00,7011AJ8R,山溪幕下,65.64
2025-06-14T15:10:00,7011AJ9R,山溪前桐,194.15
2025-06-14T15:10:00,7011AM2G,富春江水库严陵坞,23.24
2025-06-14T15:15:00,70101500,富春江电站(坝上),23.15
2025-06-14T15:15:00,70101501,富春江坝下,7.87
2025-06-14T15:15:00,70101800,窄溪,5.51
2025-06-14T15:15:00,70102300,闸口,4.97
2025-06-14T15:15:00,7010AJ33,渌渚,5.57
2025-06-14T15:15:00,7011AJ4M,新桐乡,5.43
2025-06-14T15:15:00,7011AJ5M,渌渚镇,6.49
2025-06-14T15:15:00,7011AJ7R,山溪叶家,50.25
2025-06-14T15:15:00,7011AJ8R,山溪幕下,65.64
2025-06-14T15:15:00,7011AJ9R,山溪前桐,194.14
2025-06-14T15:15:00,7011AM2G,富春江水库严陵坞,23.23
2025-06-14T15:20:00,70101500,富春江电站(坝上),23.14
2025-06-14T15:20:00,70101501,富春江坝下,7.88
2025-06-14T15:20:00,70101800,窄溪,5.51
2025-06-14T15:20:00,70102300,闸口,4.97
2025-06-14T15:20:00,7010AJ33,渌渚,5.57
2025-06-14T15:20:00,7011AJ4M,新桐乡,5.42
2025-06-14T15:20:00,7011AJ5M,渌渚镇,6.49
2025-06-14T15:20:00,7011AJ7R,山溪叶家,50.25
2025-06-14T15:20:00,7011AJ8R,山溪幕下,65.64
2025-06-14T15:20:00,7011AJ9R,山溪前桐,194.14
2025-06-14T15:20:00,7011AM2G,富春江水库严陵坞,23.23
2025-06-14T15:25:00,70101500,富春江电站(坝上),23.14
2025-06-14T15:25:00,70101501,富春江坝下,7.87
2025-06-14T15:25:00,70101800,窄溪,5.51
2025-06-14T15:25:00,70102300,闸口,4.96
2025-06-14T15:25:00,7010AJ33,渌渚,5.57
2025-06-14T15:25:00,7011AJ4M,新桐乡,5.42
2025-06-14T15:25:00,7011AJ5M,渌渚镇,6.5
2025-06-14T15:25:00,7011AJ7R,山溪叶家,50.25
2025-06-14T15:25:00,7011AJ8R,山溪幕下,65.64
2025-06-14T15:25:00,7011AJ9R,山溪前桐,194.16
2025-06-14T15:25:00,7011AM2G,富春江水库严陵坞,23.23
2025-06-14T15:30:00,70101500,富春江电站(坝上),23.14
2025-06-14T15:30:00,70101501,富春江坝下,7.88
2025-06-14T15:30:00,70101800,窄溪,5.5
2025-06-14T15:30:00,70102300,闸口,4.96
2025-06-14T15:30:00,7010AJ33,渌渚,5.57
2025-06-14T15:30:00,7011AJ4M,新桐乡,5.42
2025-06-14T15:30:00,7011AJ5M,渌渚镇,6.51
2025-06-14T15:30:00,7011AJ7R,山溪叶家,50.25
2025-06-14T15:30:00,7011AJ8R,山溪幕下,65.64
2025-06-14T15:30:00,7011AJ9R,山溪前桐,194.14
2025-06-14T15:30:00,7011AM2G,富春江水库严陵坞,23.23
2025-06-14T15:35:00,70101500,富春江电站(坝上),23.14
2025-06-14T15:35:00,70101501,富春江坝下,7.88
2025-06-14T15:35:00,70101800,窄溪,5.5
2025-06-14T15:35:00,70102300,闸口,4.96
2025-06-14T15:35:00,7010AJ33,渌渚,5.57
2025-06-14T15:35:00,7011AJ4M,新桐乡,5.42
2025-06-14T15:35:00,7011AJ5M,渌渚镇,6.51
2025-06-14T15:35:00,7011AJ7R,山溪叶家,50.25
2025-06-14T15:35:00,7011AJ8R,山溪幕下,65.64
2025-06-14T15:35:00,7011AJ9R,山溪前桐,194.13
2025-06-14T15:35:00,7011AM2G,富春江水库严陵坞,23.22
2025-06-14T15:40:00,70101500,富春江电站(坝上),23.13
2025-06-14T15:40:00,70101501,富春江坝下,7.88
2025-06-14T15:40:00,70101800,窄溪,5.5
2025-06-14T15:40:00,70102300,闸口,4.96
2025-06-14T15:40:00,7010AJ33,渌渚,5.55
2025-06-14T15:40:00,7011AJ4M,新桐乡,5.42
2025-06-14T15:40:00,7011AJ5M,渌渚镇,6.51
2025-06-14T15:40:00,7011AJ7R,山溪叶家,50.25
2025-06-14T15:40:00,7011AJ8R,山溪幕下,65.64
2025-06-14T15:40:00,7011AJ9R,山溪前桐,194.15
2025-06-14T15:40:00,7011AM2G,富春江水库严陵坞,23.22
2025-06-14T15:45:00,70101500,富春江电站(坝上),23.12
2025-06-14T15:45:00,70101501,富春江坝下,7.88
2025-06-14T15:45:00,70101800,窄溪,5.49
2025-06-14T15:45:00,70102300,闸口,4.95
2025-06-14T15:45:00,7010AJ33,渌渚,5.55
2025-06-14T15:45:00,7011AJ4M,新桐乡,5.41
2025-06-14T15:45:00,7011AJ5M,渌渚镇,6.52
2025-06-14T15:45:00,7011AJ7R,山溪叶家,50.25
2025-06-14T15:45:00,7011AJ8R,山溪幕下,65.64
2025-06-14T15:45:00,7011AJ9R,山溪前桐,194.16
2025-06-14T15:45:00,7011AM2G,富春江水库严陵坞,23.21
2025-06-14T15:50:00,70101500,富春江电站(坝上),23.1
2025-06-14T15:50:00,70101501,富春江坝下,7.88
2025-06-14T15:50:00,70101800,窄溪,5.49
2025-06-14T15:50:00,70102300,闸口,4.95
2025-06-14T15:50:00,7010AJ33,渌渚,5.53
2025-06-14T15:50:00,7011AJ4M,新桐乡,5.4
2025-06-14T15:50:00,7011AJ5M,渌渚镇,6.53
2025-06-14T15:50:00,7011AJ7R,山溪叶家,50.25
2025-06-14T15:50:00,7011AJ8R,山溪幕下,65.64
2025-06-14T15:50:00,7011AJ9R,山溪前桐,194.15
2025-06-14T15:50:00,7011AM2G,富春江水库严陵坞,23.2
2025-06-14T15:55:00,70101500,富春江电站(坝上),23.09
2025-06-14T15:55:00,70101501,富春江坝下,7.88
2025-06-14T15:55:00,70101800,窄溪,5.49
2025-06-14T15:55:00,70102300,闸口,4.95
2025-06-14T15:55:00,7010AJ33,渌渚,5.53
2025-06-14T15:55:00,7011AJ4M,新桐乡,5.4
2025-06-14T15:55:00,7011AJ5M,渌渚镇,6.53
2025-06-14T15:55:00,7011AJ7R,山溪叶家,50.25
2025-06-14T15:55:00,7011AJ8R,山溪幕下,65.64
2025-06-14T15:55:00,7011AJ9R,山溪前桐,194.15
2025-06-14T15:55:00,7011AM2G,富春江水库严陵坞,23.19
2025-06-14T16:00:00,70101500,富春江电站(坝上),23.09
2025-06-14T16:00:00,70101501,富春江坝下,7.88
2025-06-14T16:00:00,70101800,窄溪,5.49
2025-06-14T16:00:00,70102300,闸口,4.95
2025-06-14T16:00:00,7010AJ33,渌渚,5.53
2025-06-14T16:00:00,7011AJ4M,新桐乡,5.4
2025-06-14T16:00:00,7011AJ5M,渌渚镇,6.53
2025-06-14T16:00:00,7011AJ7R,山溪叶家,50.25
2025-06-14T16:00:00,7011AJ8R,山溪幕下,65.64
2025-06-14T16:00:00,7011AJ9R,山溪前桐,194.14
2025-06-14T16:00:00,7011AM2G,富春江水库严陵坞,23.17
2025-06-14T16:05:00,70101500,富春江电站(坝上),23.08
2025-06-14T16:05:00,70101501,富春江坝下,7.89
2025-06-14T16:05:00,70101800,窄溪,5.48
2025-06-14T16:05:00,70102300,闸口,4.95
2025-06-14T16:05:00,7010AJ33,渌渚,5.53
2025-06-14T16:05:00,7011AJ4M,新桐乡,5.39
2025-06-14T16:05:00,7011AJ5M,渌渚镇,6.54
2025-06-14T16:05:00,7011AJ7R,山溪叶家,50.25
2025-06-14T16:05:00,7011AJ8R,山溪幕下,65.64
2025-06-14T16:05:00,7011AJ9R,山溪前桐,194.13
2025-06-14T16:05:00,7011AM2G,富春江水库严陵坞,23.16
2025-06-14T16:10:00,70101500,富春江电站(坝上),23.07
2025-06-14T16:10:00,70101501,富春江坝下,7.88
2025-06-14T16:10:00,70101800,窄溪,5.48
2025-06-14T16:10:00,70102300,闸口,4.94
2025-06-14T16:10:00,7010AJ33,渌渚,5.53
2025-06-14T16:10:00,7011AJ4M,新桐乡,5.39
2025-06-14T16:10:00,7011AJ5M,渌渚镇,6.54
2025-06-14T16:10:00,7011AJ7R,山溪叶家,50.25
2025-06-14T16:10:00,7011AJ8R,山溪幕下,65.64
2025-06-14T16:10:00,7011AJ9R,山溪前桐,194.14
2025-06-14T16:10:00,7011AM2G,富春江水库严陵坞,23.16
2025-06-14T16:15:00,70101500,富春江电站(坝上),23.07
2025-06-14T16:15:00,70101501,富春江坝下,7.87
2025-06-14T16:15:00,70101800,窄溪,5.48
2025-06-14T16:15:00,70102300,闸口,4.94
2025-06-14T16:15:00,7010AJ33,渌渚,5.51
2025-06-14T16:15:00,7011AJ4M,新桐乡,5.4
2025-06-14T16:15:00,7011AJ5M,渌渚镇,6.54
2025-06-14T16:15:00,7011AJ7R,山溪叶家,50.25
2025-06-14T16:15:00,7011AJ8R,山溪幕下,65.64
2025-06-14T16:15:00,7011AJ9R,山溪前桐,194.15
2025-06-14T16:15:00,7011AM2G,富春江水库严陵坞,23.15
2025-06-14T16:20:00,70101500,富春江电站(坝上),23.06
2025-06-14T16:20:00,70101501,富春江坝下,7.88
2025-06-14T16:20:00,70101800,窄溪,5.48
2025-06-14T16:20:00,70102300,闸口,4.94
2025-06-14T16:20:00,7010AJ33,渌渚,5.53
2025-06-14T16:20:00,7011AJ4M,新桐乡,5.39
2025-06-14T16:20:00,7011AJ5M,渌渚镇,6.55
2025-06-14T16:20:00,7011AJ7R,山溪叶家,50.25
2025-06-14T16:20:00,7011AJ8R,山溪幕下,65.64
2025-06-14T16:20:00,7011AJ9R,山溪前桐,194.14
2025-06-14T16:20:00,7011AM2G,富春江水库严陵坞,23.15
2025-06-14T16:25:00,70101500,富春江电站(坝上),23.05
2025-06-14T16:25:00,70101501,富春江坝下,7.93
2025-06-14T16:25:00,70101800,窄溪,5.48
2025-06-14T16:25:00,70102300,闸口,4.94
2025-06-14T16:25:00,7010AJ33,渌渚,5.51
2025-06-14T16:25:00,7011AJ4M,新桐乡,5.39
2025-06-14T16:25:00,7011AJ5M,渌渚镇,6.55
2025-06-14T16:25:00,7011AJ7R,山溪叶家,50.25
2025-06-14T16:25:00,7011AJ8R,山溪幕下,65.64
2025-06-14T16:25:00,7011AJ9R,山溪前桐,194.12
2025-06-14T16:25:00,7011AM2G,富春江水库严陵坞,23.14
2025-06-14T16:30:00,70101500,富春江电站(坝上),23.05
2025-06-14T16:30:00,70101501,富春江坝下,7.92
2025-06-14T16:30:00,70101800,窄溪,5.47
2025-06-14T16:30:00,70102300,闸口,4.93
2025-06-14T16:30:00,7010AJ33,渌渚,5.51
2025-06-14T16:30:00,7011AJ4M,新桐乡,5.39
2025-06-14T16:30:00,7011AJ5M,渌渚镇,6.55
2025-06-14T16:30:00,7011AJ7R,山溪叶家,50.25
2025-06-14T16:30:00,7011AJ8R,山溪幕下,65.64
2025-06-14T16:30:00,7011AJ9R,山溪前桐,194.14
2025-06-14T16:30:00,7011AM2G,富春江水库严陵坞,23.14
2025-06-14T16:35:00,70101500,富春江电站(坝上),23.04
2025-06-14T16:35:00,70101501,富春江坝下,7.9
2025-06-14T16:35:00,70101800,窄溪,5.47
2025-06-14T16:35:00,70102300,闸口,4.93
2025-06-14T16:35:00,7010AJ33,渌渚,5.51
2025-06-14T16:35:00,7011AJ4M,新桐乡,5.39
2025-06-14T16:35:00,7011AJ5M,渌渚镇,6.56
2025-06-14T16:35:00,7011AJ7R,山溪叶家,50.25
2025-06-14T16:35:00,7011AJ8R,山溪幕下,65.64
2025-06-14T16:35:00,7011AJ9R,山溪前桐,194.13
2025-06-14T16:35:00,7011AM2G,富春江水库严陵坞,23.13
2025-06-14T16:40:00,70101500,富春江电站(坝上),23.04
2025-06-14T16:40:00,70101501,富春江坝下,7.9
2025-06-14T16:40:00,70101800,窄溪,5.47
2025-06-14T16:40:00,70102300,闸口,4.93
2025-06-14T16:40:00,7010AJ33,渌渚,5.51
2025-06-14T16:40:00,7011AJ4M,新桐乡,5.39
2025-06-14T16:40:00,7011AJ5M,渌渚镇,6.56
2025-06-14T16:40:00,7011AJ7R,山溪叶家,50.25
2025-06-14T16:40:00,7011AJ8R,山溪幕下,65.64
2025-06-14T16:40:00,7011AJ9R,山溪前桐,194.13
2025-06-14T16:40:00,7011AM2G,富春江水库严陵坞,23.13
2025-06-14T16:45:00,70101500,富春江电站(坝上),23.04
2025-06-14T16:45:00,70101501,富春江坝下,7.91
2025-06-14T16:45:00,70101800,窄溪,5.47
2025-06-14T16:45:00,70102300,闸口,4.93
2025-06-14T16:45:00,7010AJ33,渌渚,5.51
2025-06-14T16:45:00,7011AJ4M,新桐乡,5.39
2025-06-14T16:45:00,7011AJ5M,渌渚镇,6.57
2025-06-14T16:45:00,7011AJ7R,山溪叶家,50.24
2025-06-14T16:45:00,7011AJ8R,山溪幕下,65.64
2025-06-14T16:45:00,7011AJ9R,山溪前桐,194.13
2025-06-14T16:45:00,7011AM2G,富春江水库严陵坞,23.12
2025-06-14T16:50:00,70101500,富春江电站(坝上),23.03
2025-06-14T16:50:00,70101501,富春江坝下,7.9
2025-06-14T16:50:00,70101800,窄溪,5.46
2025-06-14T16:50:00,70102300,闸口,4.93
2025-06-14T16:50:00,7010AJ33,渌渚,5.51
2025-06-14T16:50:00,7011AJ4M,新桐乡,5.38
2025-06-14T16:50:00,7011AJ5M,渌渚镇,6.56
2025-06-14T16:50:00,7011AJ7R,山溪叶家,50.24
2025-06-14T16:50:00,7011AJ8R,山溪幕下,65.65
2025-06-14T16:50:00,7011AJ9R,山溪前桐,194.14
2025-06-14T16:50:00,7011AM2G,富春江水库严陵坞,23.12
2025-06-14T16:55:00,70101500,富春江电站(坝上),23.02
2025-06-14T16:55:00,70101501,富春江坝下,7.89
2025-06-14T16:55:00,70101800,窄溪,5.47
2025-06-14T16:55:00,70102300,闸口,4.92
2025-06-14T16:55:00,7010AJ33,渌渚,5.51
2025-06-14T16:55:00,7011AJ4M,新桐乡,5.38
2025-06-14T16:55:00,7011AJ5M,渌渚镇,6.57
2025-06-14T16:55:00,7011AJ7R,山溪叶家,50.24
2025-06-14T16:55:00,7011AJ8R,山溪幕下,65.65
2025-06-14T16:55:00,7011AJ9R,山溪前桐,194.15
2025-06-14T16:55:00,7011AM2G,富春江水库严陵坞,23.11
2025-06-14T17:00:00,70101500,富春江电站(坝上),23.01
2025-06-14T17:00:00,70101501,富春江坝下,7.89
2025-06-14T17:00:00,70101800,窄溪,5.46
2025-06-14T17:00:00,70102300,闸口,4.92
2025-06-14T17:00:00,7010AJ33,渌渚,5.51
2025-06-14T17:00:00,7011AJ4M,新桐乡,5.38
2025-06-14T17:00:00,7011AJ5M,渌渚镇,6.57
2025-06-14T17:00:00,7011AJ7R,山溪叶家,50.24
2025-06-14T17:00:00,7011AJ8R,山溪幕下,65.64
2025-06-14T17:00:00,7011AJ9R,山溪前桐,194.12
2025-06-14T17:00:00,7011AM2G,富春江水库严陵坞,23.11
2025-06-14T17:05:00,70101500,富春江电站(坝上),23.0
2025-06-14T17:05:00,70101501,富春江坝下,7.89
2025-06-14T17:05:00,70101800,窄溪,5.47
2025-06-14T17:05:00,70102300,闸口,4.91
2025-06-14T17:05:00,7010AJ33,渌渚,5.51
2025-06-14T17:05:00,7011AJ4M,新桐乡,5.36
2025-06-14T17:05:00,7011AJ5M,渌渚镇,6.57
2025-06-14T17:05:00,7011AJ7R,山溪叶家,50.24
2025-06-14T17:05:00,7011AJ8R,山溪幕下,65.65
2025-06-14T17:05:00,7011AJ9R,山溪前桐,194.14
2025-06-14T17:05:00,7011AM2G,富春江水库严陵坞,23.1
2025-06-14T17:10:00,70101500,富春江电站(坝上),23.0
2025-06-14T17:10:00,70101501,富春江坝下,7.87
2025-06-14T17:10:00,70101800,窄溪,5.46
2025-06-14T17:10:00,70102300,闸口,4.91
2025-06-14T17:10:00,7010AJ33,渌渚,5.51
2025-06-14T17:10:00,7011AJ4M,新桐乡,5.36
2025-06-14T17:10:00,7011AJ5M,渌渚镇,6.57
2025-06-14T17:10:00,7011AJ7R,山溪叶家,50.24
2025-06-14T17:10:00,7011AJ8R,山溪幕下,65.65
2025-06-14T17:10:00,7011AJ9R,山溪前桐,194.14
2025-06-14T17:10:00,7011AM2G,富春江水库严陵坞,23.09
2025-06-14T17:15:00,70101500,富春江电站(坝上),22.99
2025-06-14T17:15:00,70101501,富春江坝下,7.88
2025-06-14T17:15:00,70101800,窄溪,5.46
2025-06-14T17:15:00,70102300,闸口,4.91
2025-06-14T17:15:00,7010AJ33,渌渚,5.49
2025-06-14T17:15:00,7011AJ4M,新桐乡,5.36
2025-06-14T17:15:00,7011AJ5M,渌渚镇,6.57
2025-06-14T17:15:00,7011AJ7R,山溪叶家,50.25
2025-06-14T17:15:00,7011AJ8R,山溪幕下,65.65
2025-06-14T17:15:00,7011AJ9R,山溪前桐,194.16
2025-06-14T17:15:00,7011AM2G,富春江水库严陵坞,23.09
2025-06-14T17:20:00,70101500,富春江电站(坝上),22.99
2025-06-14T17:20:00,70101501,富春江坝下,7.88
2025-06-14T17:20:00,70101800,窄溪,5.46
2025-06-14T17:20:00,70102300,闸口,4.91
2025-06-14T17:20:00,7010AJ33,渌渚,5.51
2025-06-14T17:20:00,7011AJ4M,新桐乡,5.36
2025-06-14T17:20:00,7011AJ5M,渌渚镇,6.56
2025-06-14T17:20:00,7011AJ7R,山溪叶家,50.25
2025-06-14T17:20:00,7011AJ8R,山溪幕下,65.65
2025-06-14T17:20:00,7011AJ9R,山溪前桐,194.14
2025-06-14T17:20:00,7011AM2G,富春江水库严陵坞,23.09
2025-06-14T17:25:00,70101500,富春江电站(坝上),22.99
2025-06-14T17:25:00,70101501,富春江坝下,7.89
2025-06-14T17:25:00,70101800,窄溪,5.45
2025-06-14T17:25:00,70102300,闸口,4.91
2025-06-14T17:25:00,7010AJ33,渌渚,5.51
2025-06-14T17:25:00,7011AJ4M,新桐乡,5.35
2025-06-14T17:25:00,7011AJ5M,渌渚镇,6.57
2025-06-14T17:25:00,7011AJ7R,山溪叶家,50.25
2025-06-14T17:25:00,7011AJ8R,山溪幕下,65.66
2025-06-14T17:25:00,7011AJ9R,山溪前桐,194.16
2025-06-14T17:25:00,7011AM2G,富春江水库严陵坞,23.08
2025-06-14T17:30:00,70101500,富春江电站(坝上),22.97
2025-06-14T17:30:00,70101501,富春江坝下,7.88
2025-06-14T17:30:00,70101800,窄溪,5.45
2025-06-14T17:30:00,70102300,闸口,4.91
2025-06-14T17:30:00,7010AJ33,渌渚,5.51
2025-06-14T17:30:00,7011AJ4M,新桐乡,5.36
2025-06-14T17:30:00,7011AJ5M,渌渚镇,6.58
2025-06-14T17:30:00,7011AJ7R,山溪叶家,50.26
2025-06-14T17:30:00,7011AJ8R,山溪幕下,65.66
2025-06-14T17:30:00,7011AJ9R,山溪前桐,194.15
2025-06-14T17:30:00,7011AM2G,富春江水库严陵坞,23.08
2025-06-14T17:35:00,70101500,富春江电站(坝上),22.97
2025-06-14T17:35:00,70101501,富春江坝下,7.86
2025-06-14T17:35:00,70101800,窄溪,5.45
2025-06-14T17:35:00,70102300,闸口,4.91
2025-06-14T17:35:00,7010AJ33,渌渚,5.49
2025-06-14T17:35:00,7011AJ4M,新桐乡,5.35
2025-06-14T17:35:00,7011AJ5M,渌渚镇,6.57
2025-06-14T17:35:00,7011AJ7R,山溪叶家,50.26
2025-06-14T17:35:00,7011AJ8R,山溪幕下,65.67
2025-06-14T17:35:00,7011AJ9R,山溪前桐,194.15
2025-06-14T17:35:00,7011AM2G,富春江水库严陵坞,23.06
2025-06-14T17:40:00,70101500,富春江电站(坝上),22.95
2025-06-14T17:40:00,70101501,富春江坝下,7.88
2025-06-14T17:40:00,70101800,窄溪,5.44
2025-06-14T17:40:00,70102300,闸口,4.91
2025-06-14T17:40:00,7010AJ33,渌渚,5.49
2025-06-14T17:40:00,7011AJ4M,新桐乡,5.34
2025-06-14T17:40:00,7011AJ5M,渌渚镇,6.58
2025-06-14T17:40:00,7011AJ7R,山溪叶家,50.27
2025-06-14T17:40:00,7011AJ8R,山溪幕下,65.67
2025-06-14T17:40:00,7011AJ9R,山溪前桐,194.15
2025-06-14T17:40:00,7011AM2G,富春江水库严陵坞,23.06
2025-06-14T17:45:00,70101500,富春江电站(坝上),22.95
2025-06-14T17:45:00,70101501,富春江坝下,7.9
2025-06-14T17:45:00,70101800,窄溪,5.44
2025-06-14T17:45:00,70102300,闸口,4.91
2025-06-14T17:45:00,7010AJ33,渌渚,5.49
2025-06-14T17:45:00,7011AJ4M,新桐乡,5.34
2025-06-14T17:45:00,7011AJ5M,渌渚镇,6.58
2025-06-14T17:45:00,7011AJ7R,山溪叶家,50.27
2025-06-14T17:45:00,7011AJ8R,山溪幕下,65.67
2025-06-14T17:45:00,7011AJ9R,山溪前桐,194.15
2025-06-14T17:45:00,7011AM2G,富春江水库严陵坞,23.04
2025-06-14T17:50:00,70101500,富春江电站(坝上),22.94
2025-06-14T17:50:00,70101501,富春江坝下,7.91
2025-06-14T17:50:00,70101800,窄溪,5.44
2025-06-14T17:50:00,70102300,闸口,4.95
2025-06-14T17:50:00,7010AJ33,渌渚,5.49
2025-06-14T17:50:00,7011AJ4M,新桐乡,5.35
2025-06-14T17:50:00,7011AJ5M,渌渚镇,6.56
2025-06-14T17:50:00,7011AJ7R,山溪叶家,50.28
2025-06-14T17:50:00,7011AJ8R,山溪幕下,65.68
2025-06-14T17:50:00,7011AJ9R,山溪前桐,194.15
2025-06-14T17:50:00,7011AM2G,富春江水库严陵坞,23.04
2025-06-14T17:55:00,70101500,富春江电站(坝上),22.95
2025-06-14T17:55:00,70101501,富春江坝下,7.9
2025-06-14T17:55:00,70101800,窄溪,5.44
2025-06-14T17:55:00,70102300,闸口,5.0
2025-06-14T17:55:00,7010AJ33,渌渚,5.49
2025-06-14T17:55:00,7011AJ4M,新桐乡,5.35
2025-06-14T17:55:00,7011AJ5M,渌渚镇,6.56
2025-06-14T17:55:00,7011AJ7R,山溪叶家,50.29
2025-06-14T17:55:00,7011AJ8R,山溪幕下,65.68
2025-06-14T17:55:00,7011AJ9R,山溪前桐,194.13
2025-06-14T17:55:00,7011AM2G,富春江水库严陵坞,23.04
2025-06-14T18:00:00,70101500,富春江电站(坝上),22.95
2025-06-14T18:00:00,70101501,富春江坝下,7.91
2025-06-14T18:00:00,70101800,窄溪,5.44
2025-06-14T18:00:00,70102300,闸口,5.01
2025-06-14T18:00:00,7010AJ33,渌渚,5.49
2025-06-14T18:00:00,7011AJ4M,新桐乡,5.34
2025-06-14T18:00:00,7011AJ5M,渌渚镇,6.57
2025-06-14T18:00:00,7011AJ7R,山溪叶家,50.29
2025-06-14T18:00:00,7011AJ8R,山溪幕下,65.68
2025-06-14T18:00:00,7011AJ9R,山溪前桐,194.15
2025-06-14T18:00:00,7011AM2G,富春江水库严陵坞,23.04
2025-06-14T18:05:00,70101500,富春江电站(坝上),22.95
2025-06-14T18:05:00,70101501,富春江坝下,7.91
2025-06-14T18:05:00,70101800,窄溪,5.44
2025-06-14T18:05:00,70102300,闸口,5.04
2025-06-14T18:05:00,7010AJ33,渌渚,5.49
2025-06-14T18:05:00,7011AJ4M,新桐乡,5.34
2025-06-14T18:05:00,7011AJ5M,渌渚镇,6.57
2025-06-14T18:05:00,7011AJ7R,山溪叶家,50.3
2025-06-14T18:05:00,7011AJ8R,山溪幕下,65.69
2025-06-14T18:05:00,7011AJ9R,山溪前桐,194.16
2025-06-14T18:05:00,7011AM2G,富春江水库严陵坞,23.04
2025-06-14T18:10:00,70101500,富春江电站(坝上),22.95
2025-06-14T18:10:00,70101501,富春江坝下,7.91
2025-06-14T18:10:00,70101800,窄溪,5.44
2025-06-14T18:10:00,70102300,闸口,5.05
2025-06-14T18:10:00,7010AJ33,渌渚,5.49
2025-06-14T18:10:00,7011AJ4M,新桐乡,5.34
2025-06-14T18:10:00,7011AJ5M,渌渚镇,6.58
2025-06-14T18:10:00,7011AJ7R,山溪叶家,50.31
2025-06-14T18:10:00,7011AJ8R,山溪幕下,65.69
2025-06-14T18:10:00,7011AJ9R,山溪前桐,194.16
2025-06-14T18:10:00,7011AM2G,富春江水库严陵坞,23.04
2025-06-14T18:15:00,70101500,富春江电站(坝上),22.95
2025-06-14T18:15:00,70101501,富春江坝下,7.93
2025-06-14T18:15:00,70101800,窄溪,5.43
2025-06-14T18:15:00,70102300,闸口,5.07
2025-06-14T18:15:00,7010AJ33,渌渚,5.49
2025-06-14T18:15:00,7011AJ4M,新桐乡,5.33
2025-06-14T18:15:00,7011AJ5M,渌渚镇,6.58
2025-06-14T18:15:00,7011AJ7R,山溪叶家,50.32
2025-06-14T18:15:00,7011AJ8R,山溪幕下,65.69
2025-06-14T18:15:00,7011AJ9R,山溪前桐,194.15
2025-06-14T18:15:00,7011AM2G,富春江水库严陵坞,23.04
2025-06-14T18:20:00,70101500,富春江电站(坝上),22.93
2025-06-14T18:20:00,70101501,富春江坝下,7.92
2025-06-14T18:20:00,70101800,窄溪,5.43
2025-06-14T18:20:00,70102300,闸口,5.08
2025-06-14T18:20:00,7010AJ33,渌渚,5.49
2025-06-14T18:20:00,7011AJ4M,新桐乡,5.33
2025-06-14T18:20:00,7011AJ5M,渌渚镇,6.58
2025-06-14T18:20:00,7011AJ7R,山溪叶家,50.32
2025-06-14T18:20:00,7011AJ8R,山溪幕下,65.69
2025-06-14T18:20:00,7011AJ9R,山溪前桐,194.15
2025-06-14T18:20:00,7011AM2G,富春江水库严陵坞,23.04
2025-06-14T18:25:00,70101500,富春江电站(坝上),22.93
2025-06-14T18:25:00,70101501,富春江坝下,7.91
2025-06-14T18:25:00,70101800,窄溪,5.43
2025-06-14T18:25:00,70102300,闸口,5.09
2025-06-14T18:25:00,7010AJ33,渌渚,5.49
2025-06-14T18:25:00,7011AJ4M,新桐乡,5.34
2025-06-14T18:25:00,7011AJ5M,渌渚镇,6.57
2025-06-14T18:25:00,7011AJ7R,山溪叶家,50.32
2025-06-14T18:25:00,7011AJ8R,山溪幕下,65.69
2025-06-14T18:25:00,7011AJ9R,山溪前桐,194.16
2025-06-14T18:25:00,7011AM2G,富春江水库严陵坞,23.03
2025-06-14T18:30:00,70101500,富春江电站(坝上),22.93
2025-06-14T18:30:00,70101501,富春江坝下,7.93
2025-06-14T18:30:00,70101800,窄溪,5.43
2025-06-14T18:30:00,70102300,闸口,5.11
2025-06-14T18:30:00,7010AJ33,渌渚,5.47
2025-06-14T18:30:00,7011AJ4M,新桐乡,5.34
2025-06-14T18:30:00,7011AJ5M,渌渚镇,6.57
2025-06-14T18:30:00,7011AJ7R,山溪叶家,50.32
2025-06-14T18:30:00,7011AJ8R,山溪幕下,65.69
2025-06-14T18:30:00,7011AJ9R,山溪前桐,194.15
2025-06-14T18:30:00,7011AM2G,富春江水库严陵坞,23.03
2025-06-14T18:35:00,70101500,富春江电站(坝上),22.93
2025-06-14T18:35:00,70101501,富春江坝下,7.93
2025-06-14T18:35:00,70101800,窄溪,5.43
2025-06-14T18:35:00,70102300,闸口,5.11
2025-06-14T18:35:00,7010AJ33,渌渚,5.47
2025-06-14T18:35:00,7011AJ4M,新桐乡,5.34
2025-06-14T18:35:00,7011AJ5M,渌渚镇,6.58
2025-06-14T18:35:00,7011AJ7R,山溪叶家,50.32
2025-06-14T18:35:00,7011AJ8R,山溪幕下,65.7
2025-06-14T18:35:00,7011AJ9R,山溪前桐,194.16
2025-06-14T18:35:00,7011AM2G,富春江水库严陵坞,23.03
2025-06-14T18:40:00,70101500,富春江电站(坝上),22.93
2025-06-14T18:40:00,70101501,富春江坝下,7.91
2025-06-14T18:40:00,70101800,窄溪,5.42
2025-06-14T18:40:00,70102300,闸口,5.11
2025-06-14T18:40:00,7010AJ33,渌渚,5.47
2025-06-14T18:40:00,7011AJ4M,新桐乡,5.34
2025-06-14T18:40:00,7011AJ5M,渌渚镇,6.58
2025-06-14T18:40:00,7011AJ7R,山溪叶家,50.33
2025-06-14T18:40:00,7011AJ8R,山溪幕下,65.7
2025-06-14T18:40:00,7011AJ9R,山溪前桐,194.16
2025-06-14T18:40:00,7011AM2G,富春江水库严陵坞,23.02
2025-06-14T18:45:00,70101500,富春江电站(坝上),22.91
2025-06-14T18:45:00,70101501,富春江坝下,7.93
2025-06-14T18:45:00,70101800,窄溪,5.42
2025-06-14T18:45:00,70102300,闸口,5.13
2025-06-14T18:45:00,7010AJ33,渌渚,5.47
2025-06-14T18:45:00,7011AJ4M,新桐乡,5.33
2025-06-14T18:45:00,7011AJ5M,渌渚镇,6.58
2025-06-14T18:45:00,7011AJ7R,山溪叶家,50.33
2025-06-14T18:45:00,7011AJ8R,山溪幕下,65.7
2025-06-14T18:45:00,7011AJ9R,山溪前桐,194.15
2025-06-14T18:45:00,7011AM2G,富春江水库严陵坞,23.01
2025-06-14T18:50:00,70101500,富春江电站(坝上),22.92
2025-06-14T18:50:00,70101501,富春江坝下,7.92
2025-06-14T18:50:00,70101800,窄溪,5.42
2025-06-14T18:50:00,70102300,闸口,5.13
2025-06-14T18:50:00,7010AJ33,渌渚,5.47
2025-06-14T18:50:00,7011AJ4M,新桐乡,5.33
2025-06-14T18:50:00,7011AJ5M,渌渚镇,6.58
2025-06-14T18:50:00,7011AJ7R,山溪叶家,50.33
2025-06-14T18:50:00,7011AJ8R,山溪幕下,65.7
2025-06-14T18:50:00,7011AJ9R,山溪前桐,194.15
2025-06-14T18:50:00,7011AM2G,富春江水库严陵坞,23.01
2025-06-14T18:55:00,70101500,富春江电站(坝上),22.9
2025-06-14T18:55:00,70101501,富春江坝下,7.92
2025-06-14T18:55:00,70101800,窄溪,5.42
2025-06-14T18:55:00,70102300,闸口,5.13
2025-06-14T18:55:00,7010AJ33,渌渚,5.47
2025-06-14T18:55:00,7011AJ4M,新桐乡,5.33
2025-06-14T18:55:00,7011AJ5M,渌渚镇,6.58
2025-06-14T18:55:00,7011AJ7R,山溪叶家,50.34
2025-06-14T18:55:00,7011AJ8R,山溪幕下,65.7
2025-06-14T18:55:00,7011AJ9R,山溪前桐,194.16
2025-06-14T18:55:00,7011AM2G,富春江水库严陵坞,23.0
2025-06-14T19:00:00,70101500,富春江电站(坝上),22.9
2025-06-14T19:00:00,70101501,富春江坝下,7.92
2025-06-14T19:00:00,70101800,窄溪,5.42
2025-06-14T19:00:00,70102300,闸口,5.14
2025-06-14T19:00:00,7010AJ33,渌渚,5.47
2025-06-14T19:00:00,7011AJ4M,新桐乡,5.33
2025-06-14T19:00:00,7011AJ5M,渌渚镇,6.58
2025-06-14T19:00:00,7011AJ7R,山溪叶家,50.35
2025-06-14T19:00:00,7011AJ8R,山溪幕下,65.7
2025-06-14T19:00:00,7011AJ9R,山溪前桐,194.16
2025-06-14T19:00:00,7011AM2G,富春江水库严陵坞,22.99
2025-06-14T19:05:00,70101500,富春江电站(坝上),22.89
2025-06-14T19:05:00,70101501,富春江坝下,7.93
2025-06-14T19:05:00,70101800,窄溪,5.42
2025-06-14T19:05:00,70102300,闸口,5.14
2025-06-14T19:05:00,7010AJ33,渌渚,5.47
2025-06-14T19:05:00,7011AJ4M,新桐乡,5.33
2025-06-14T19:05:00,7011AJ5M,渌渚镇,6.58
2025-06-14T19:05:00,7011AJ7R,山溪叶家,50.35
2025-06-14T19:05:00,7011AJ8R,山溪幕下,65.7
2025-06-14T19:05:00,7011AJ9R,山溪前桐,194.15
2025-06-14T19:05:00,7011AM2G,富春江水库严陵坞,22.99
2025-06-14T19:10:00,70101500,富春江电站(坝上),22.89
2025-06-14T19:10:00,70101501,富春江坝下,7.93
2025-06-14T19:10:00,70101800,窄溪,5.42
2025-06-14T19:10:00,70102300,闸口,5.14
2025-06-14T19:10:00,7010AJ33,渌渚,5.47
2025-06-14T19:10:00,7011AJ4M,新桐乡,5.32
2025-06-14T19:10:00,7011AJ5M,渌渚镇,6.59
2025-06-14T19:10:00,7011AJ7R,山溪叶家,50.35
2025-06-14T19:10:00,7011AJ8R,山溪幕下,65.7
2025-06-14T19:10:00,7011AJ9R,山溪前桐,194.15
2025-06-14T19:10:00,7011AM2G,富春江水库严陵坞,22.98
2025-06-14T19:15:00,70101500,富春江电站(坝上),22.88
2025-06-14T19:15:00,70101501,富春江坝下,7.94
2025-06-14T19:15:00,70101800,窄溪,5.42
2025-06-14T19:15:00,70102300,闸口,5.14
2025-06-14T19:15:00,7010AJ33,渌渚,5.47
2025-06-14T19:15:00,7011AJ4M,新桐乡,5.32
2025-06-14T19:15:00,7011AJ5M,渌渚镇,6.59
2025-06-14T19:15:00,7011AJ7R,山溪叶家,50.35
2025-06-14T19:15:00,7011AJ8R,山溪幕下,65.7
2025-06-14T19:15:00,7011AJ9R,山溪前桐,194.16
2025-06-14T19:15:00,7011AM2G,富春江水库严陵坞,22.98
2025-06-14T19:20:00,70101500,富春江电站(坝上),22.87
2025-06-14T19:20:00,70101501,富春江坝下,7.91
2025-06-14T19:20:00,70101800,窄溪,5.42
2025-06-14T19:20:00,70102300,闸口,5.15
2025-06-14T19:20:00,7010AJ33,渌渚,5.47
2025-06-14T19:20:00,7011AJ4M,新桐乡,5.32
2025-06-14T19:20:00,7011AJ5M,渌渚镇,6.59
2025-06-14T19:20:00,7011AJ7R,山溪叶家,50.35
2025-06-14T19:20:00,7011AJ8R,山溪幕下,65.7
2025-06-14T19:20:00,7011AJ9R,山溪前桐,194.14
2025-06-14T19:20:00,7011AM2G,富春江水库严陵坞,22.97
2025-06-14T19:25:00,70101500,富春江电站(坝上),22.86
2025-06-14T19:25:00,70101501,富春江坝下,7.93
2025-06-14T19:25:00,70101800,窄溪,5.42
2025-06-14T19:25:00,70102300,闸口,5.14
2025-06-14T19:25:00,7010AJ33,渌渚,5.47
2025-06-14T19:25:00,7011AJ4M,新桐乡,5.33
2025-06-14T19:25:00,7011AJ5M,渌渚镇,6.59
2025-06-14T19:25:00,7011AJ7R,山溪叶家,50.35
2025-06-14T19:25:00,7011AJ8R,山溪幕下,65.7
2025-06-14T19:25:00,7011AJ9R,山溪前桐,194.15
2025-06-14T19:25:00,7011AM2G,富春江水库严陵坞,22.96
2025-06-14T19:30:00,70101500,富春江电站(坝上),22.85
2025-06-14T19:30:00,70101501,富春江坝下,7.95
2025-06-14T19:30:00,70101800,窄溪,5.41
2025-06-14T19:30:00,70102300,闸口,5.14
2025-06-14T19:30:00,7010AJ33,渌渚,5.47
2025-06-14T19:30:00,7011AJ4M,新桐乡,5.32
2025-06-14T19:30:00,7011AJ5M,渌渚镇,6.59
2025-06-14T19:30:00,7011AJ7R,山溪叶家,50.35
2025-06-14T19:30:00,7011AJ8R,山溪幕下,65.7
2025-06-14T19:30:00,7011AJ9R,山溪前桐,194.14
2025-06-14T19:30:00,7011AM2G,富春江水库严陵坞,22.95
2025-06-14T19:35:00,70101500,富春江电站(坝上),22.84
2025-06-14T19:35:00,70101501,富春江坝下,7.97
2025-06-14T19:35:00,70101800,窄溪,5.41
2025-06-14T19:35:00,70102300,闸口,5.14
2025-06-14T19:35:00,7010AJ33,渌渚,5.47
2025-06-14T19:35:00,7011AJ4M,新桐乡,5.32
2025-06-14T19:35:00,7011AJ5M,渌渚镇,6.58
2025-06-14T19:35:00,7011AJ7R,山溪叶家,50.35
2025-06-14T19:35:00,7011AJ8R,山溪幕下,65.7
2025-06-14T19:35:00,7011AJ9R,山溪前桐,194.16
2025-06-14T19:35:00,7011AM2G,富春江水库严陵坞,22.94
2025-06-14T19:40:00,70101500,富春江电站(坝上),22.83
2025-06-14T19:40:00,70101501,富春江坝下,7.99
2025-06-14T19:40:00,70101800,窄溪,5.41
2025-06-14T19:40:00,70102300,闸口,5.15
2025-06-14T19:40:00,7010AJ33,渌渚,5.47
2025-06-14T19:40:00,7011AJ4M,新桐乡,5.32
2025-06-14T19:40:00,7011AJ5M,渌渚镇,6.59
2025-06-14T19:40:00,7011AJ7R,山溪叶家,50.35
2025-06-14T19:40:00,7011AJ8R,山溪幕下,65.7
2025-06-14T19:40:00,7011AJ9R,山溪前桐,194.15
2025-06-14T19:40:00,7011AM2G,富春江水库严陵坞,22.93
2025-06-14T19:45:00,70101500,富春江电站(坝上),22.83
2025-06-14T19:45:00,70101501,富春江坝下,7.97
2025-06-14T19:45:00,70101800,窄溪,5.41
2025-06-14T19:45:00,70102300,闸口,5.15
2025-06-14T19:45:00,7010AJ33,渌渚,5.47
2025-06-14T19:45:00,7011AJ4M,新桐乡,5.32
2025-06-14T19:45:00,7011AJ5M,渌渚镇,6.59
2025-06-14T19:45:00,7011AJ7R,山溪叶家,50.35
2025-06-14T19:45:00,7011AJ8R,山溪幕下,65.7
2025-06-14T19:45:00,7011AJ9R,山溪前桐,194.17
2025-06-14T19:45:00,7011AM2G,富春江水库严陵坞,22.93
2025-06-14T19:50:00,70101500,富春江电站(坝上),22.83
2025-06-14T19:50:00,70101501,富春江坝下,7.98
2025-06-14T19:50:00,70101800,窄溪,5.41
2025-06-14T19:50:00,70102300,闸口,5.16
2025-06-14T19:50:00,7010AJ33,渌渚,5.47
2025-06-14T19:50:00,7011AJ4M,新桐乡,5.32
2025-06-14T19:50:00,7011AJ5M,渌渚镇,6.59
2025-06-14T19:50:00,7011AJ7R,山溪叶家,50.35
2025-06-14T19:50:00,7011AJ8R,山溪幕下,65.7
2025-06-14T19:50:00,7011AJ9R,山溪前桐,194.15
2025-06-14T19:50:00,7011AM2G,富春江水库严陵坞,22.92
2025-06-14T19:55:00,70101500,富春江电站(坝上),22.82
2025-06-14T19:55:00,70101501,富春江坝下,7.96
2025-06-14T19:55:00,70101800,窄溪,5.41
2025-06-14T19:55:00,70102300,闸口,5.15
2025-06-14T19:55:00,7010AJ33,渌渚,5.47
2025-06-14T19:55:00,7011AJ4M,新桐乡,5.32
2025-06-14T19:55:00,7011AJ5M,渌渚镇,6.58
2025-06-14T19:55:00,7011AJ7R,山溪叶家,50.35
2025-06-14T19:55:00,7011AJ8R,山溪幕下,65.7
2025-06-14T19:55:00,7011AJ9R,山溪前桐,194.16
2025-06-14T19:55:00,7011AM2G,富春江水库严陵坞,22.92
2025-06-14T20:00:00,70101500,富春江电站(坝上),22.81
2025-06-14T20:00:00,70101501,富春江坝下,7.98
2025-06-14T20:00:00,70101800,窄溪,5.42
2025-06-14T20:00:00,70102300,闸口,5.15
2025-06-14T20:00:00,7010AJ33,渌渚,5.47
2025-06-14T20:00:00,7011AJ4M,新桐乡,5.32
2025-06-14T20:00:00,7011AJ5M,渌渚镇,6.59
2025-06-14T20:00:00,7011AJ7R,山溪叶家,50.35
2025-06-14T20:00:00,7011AJ8R,山溪幕下,65.7
2025-06-14T20:00:00,7011AJ9R,山溪前桐,194.16
2025-06-14T20:00:00,7011AM2G,富春江水库严陵坞,22.92
2025-06-14T20:05:00,70101500,富春江电站(坝上),22.81
2025-06-14T20:05:00,70101501,富春江坝下,7.96
2025-06-14T20:05:00,70101800,窄溪,5.42
2025-06-14T20:05:00,70102300,闸口,5.15
2025-06-14T20:05:00,7010AJ33,渌渚,5.47
2025-06-14T20:05:00,7011AJ4M,新桐乡,5.35
2025-06-14T20:05:00,7011AJ5M,渌渚镇,6.58
2025-06-14T20:05:00,7011AJ7R,山溪叶家,50.34
2025-06-14T20:05:00,7011AJ8R,山溪幕下,65.7
2025-06-14T20:05:00,7011AJ9R,山溪前桐,194.15
2025-06-14T20:05:00,7011AM2G,富春江水库严陵坞,22.91
2025-06-14T20:10:00,70101500,富春江电站(坝上),22.8
2025-06-14T20:10:00,70101501,富春江坝下,7.95
2025-06-14T20:10:00,70101800,窄溪,5.43
2025-06-14T20:10:00,70102300,闸口,5.14
2025-06-14T20:10:00,7010AJ33,渌渚,5.45
2025-06-14T20:10:00,7011AJ4M,新桐乡,5.35
2025-06-14T20:10:00,7011AJ5M,渌渚镇,6.58
2025-06-14T20:10:00,7011AJ7R,山溪叶家,50.34
2025-06-14T20:10:00,7011AJ8R,山溪幕下,65.7
2025-06-14T20:10:00,7011AJ9R,山溪前桐,194.16
2025-06-14T20:10:00,7011AM2G,富春江水库严陵坞,22.9
2025-06-14T20:15:00,70101500,富春江电站(坝上),22.8
2025-06-14T20:15:00,70101501,富春江坝下,7.96
2025-06-14T20:15:00,70101800,窄溪,5.44
2025-06-14T20:15:00,70102300,闸口,5.14
2025-06-14T20:15:00,7010AJ33,渌渚,5.47
2025-06-14T20:15:00,7011AJ4M,新桐乡,5.35
2025-06-14T20:15:00,7011AJ5M,渌渚镇,6.59
2025-06-14T20:15:00,7011AJ7R,山溪叶家,50.34
2025-06-14T20:15:00,7011AJ8R,山溪幕下,65.7
2025-06-14T20:15:00,7011AJ9R,山溪前桐,194.17
2025-06-14T20:15:00,7011AM2G,富春江水库严陵坞,22.89
2025-06-14T20:20:00,70101500,富春江电站(坝上),22.8
2025-06-14T20:20:00,70101501,富春江坝下,7.95
2025-06-14T20:20:00,70101800,窄溪,5.45
2025-06-14T20:20:00,70102300,闸口,5.14
2025-06-14T20:20:00,7010AJ33,渌渚,5.47
2025-06-14T20:20:00,7011AJ4M,新桐乡,5.36
2025-06-14T20:20:00,7011AJ5M,渌渚镇,6.6
2025-06-14T20:20:00,7011AJ7R,山溪叶家,50.35
2025-06-14T20:20:00,7011AJ8R,山溪幕下,65.7
2025-06-14T20:20:00,7011AJ9R,山溪前桐,194.15
2025-06-14T20:20:00,7011AM2G,富春江水库严陵坞,22.89
2025-06-14T20:25:00,70101500,富春江电站(坝上),22.79
2025-06-14T20:25:00,70101501,富春江坝下,7.96
2025-06-14T20:25:00,70101800,窄溪,5.47
2025-06-14T20:25:00,70102300,闸口,5.14
2025-06-14T20:25:00,7010AJ33,渌渚,5.47
2025-06-14T20:25:00,7011AJ4M,新桐乡,5.37
2025-06-14T20:25:00,7011AJ5M,渌渚镇,6.6
2025-06-14T20:25:00,7011AJ7R,山溪叶家,50.35
2025-06-14T20:25:00,7011AJ8R,山溪幕下,65.7
2025-06-14T20:25:00,7011AJ9R,山溪前桐,194.17
2025-06-14T20:25:00,7011AM2G,富春江水库严陵坞,22.88
2025-06-14T20:30:00,70101500,富春江电站(坝上),22.79
2025-06-14T20:30:00,70101501,富春江坝下,7.97
2025-06-14T20:30:00,70101800,窄溪,5.47
2025-06-14T20:30:00,70102300,闸口,5.14
2025-06-14T20:30:00,7010AJ33,渌渚,5.49
2025-06-14T20:30:00,7011AJ4M,新桐乡,5.38
2025-06-14T20:30:00,7011AJ5M,渌渚镇,6.61
2025-06-14T20:30:00,7011AJ7R,山溪叶家,50.34
2025-06-14T20:30:00,7011AJ8R,山溪幕下,65.7
2025-06-14T20:30:00,7011AJ9R,山溪前桐,194.15
2025-06-14T20:30:00,7011AM2G,富春江水库严陵坞,22.88
2025-06-14T20:35:00,70101500,富春江电站(坝上),22.78
2025-06-14T20:35:00,70101501,富春江坝下,7.96
2025-06-14T20:35:00,70101800,窄溪,5.48
2025-06-14T20:35:00,70102300,闸口,5.14
2025-06-14T20:35:00,7010AJ33,渌渚,5.51
2025-06-14T20:35:00,7011AJ4M,新桐乡,5.39
2025-06-14T20:35:00,7011AJ5M,渌渚镇,6.61
2025-06-14T20:35:00,7011AJ7R,山溪叶家,50.35
2025-06-14T20:35:00,7011AJ8R,山溪幕下,65.7
2025-06-14T20:35:00,7011AJ9R,山溪前桐,194.16
2025-06-14T20:35:00,7011AM2G,富春江水库严陵坞,22.87
2025-06-14T20:40:00,70101500,富春江电站(坝上),22.77
2025-06-14T20:40:00,70101501,富春江坝下,7.96
2025-06-14T20:40:00,70101800,窄溪,5.48
2025-06-14T20:40:00,70102300,闸口,5.14
2025-06-14T20:40:00,7010AJ33,渌渚,5.51
2025-06-14T20:40:00,7011AJ4M,新桐乡,5.4
2025-06-14T20:40:00,7011AJ5M,渌渚镇,6.62
2025-06-14T20:40:00,7011AJ7R,山溪叶家,50.35
2025-06-14T20:40:00,7011AJ8R,山溪幕下,65.7
2025-06-14T20:40:00,7011AJ9R,山溪前桐,194.16
2025-06-14T20:40:00,7011AM2G,富春江水库严陵坞,22.87
2025-06-14T20:45:00,70101500,富春江电站(坝上),22.77
2025-06-14T20:45:00,70101501,富春江坝下,7.95
2025-06-14T20:45:00,70101800,窄溪,5.49
2025-06-14T20:45:00,70102300,闸口,5.14
2025-06-14T20:45:00,7010AJ33,渌渚,5.53
2025-06-14T20:45:00,7011AJ4M,新桐乡,5.41
2025-06-14T20:45:00,7011AJ5M,渌渚镇,6.62
2025-06-14T20:45:00,7011AJ7R,山溪叶家,50.35
2025-06-14T20:45:00,7011AJ8R,山溪幕下,65.7
2025-06-14T20:45:00,7011AJ9R,山溪前桐,194.15
2025-06-14T20:45:00,7011AM2G,富春江水库严陵坞,22.87
2025-06-14T20:50:00,70101500,富春江电站(坝上),22.75
2025-06-14T20:50:00,70101501,富春江坝下,7.97
2025-06-14T20:50:00,70101800,窄溪,5.49
2025-06-14T20:50:00,70102300,闸口,5.13
2025-06-14T20:50:00,7010AJ33,渌渚,5.55
2025-06-14T20:50:00,7011AJ4M,新桐乡,5.42
2025-06-14T20:50:00,7011AJ5M,渌渚镇,6.62
2025-06-14T20:50:00,7011AJ7R,山溪叶家,50.35
2025-06-14T20:50:00,7011AJ8R,山溪幕下,65.7
2025-06-14T20:50:00,7011AJ9R,山溪前桐,194.15
2025-06-14T20:50:00,7011AM2G,富春江水库严陵坞,22.86
2025-06-14T20:55:00,70101500,富春江电站(坝上),22.75
2025-06-14T20:55:00,70101501,富春江坝下,7.99
2025-06-14T20:55:00,70101800,窄溪,5.49
2025-06-14T20:55:00,70102300,闸口,5.13
2025-06-14T20:55:00,7010AJ33,渌渚,5.55
2025-06-14T20:55:00,7011AJ4M,新桐乡,5.42
2025-06-14T20:55:00,7011AJ5M,渌渚镇,6.62
2025-06-14T20:55:00,7011AJ7R,山溪叶家,50.35
2025-06-14T20:55:00,7011AJ8R,山溪幕下,65.7
2025-06-14T20:55:00,7011AJ9R,山溪前桐,194.17
2025-06-14T20:55:00,7011AM2G,富春江水库严陵坞,22.85
2025-06-14T21:00:00,70101500,富春江电站(坝上),22.75
2025-06-14T21:00:00,70101501,富春江坝下,7.96
2025-06-14T21:00:00,70101800,窄溪,5.5
2025-06-14T21:00:00,70102300,闸口,5.13
2025-06-14T21:00:00,7010AJ33,渌渚,5.57
2025-06-14T21:00:00,7011AJ4M,新桐乡,5.42
2025-06-14T21:00:00,7011AJ5M,渌渚镇,6.63
2025-06-14T21:00:00,7011AJ7R,山溪叶家,50.35
2025-06-14T21:00:00,7011AJ8R,山溪幕下,65.7
2025-06-14T21:00:00,7011AJ9R,山溪前桐,194.15
2025-06-14T21:00:00,7011AM2G,富春江水库严陵坞,22.84
2025-06-14T21:05:00,70101500,富春江电站(坝上),22.74
2025-06-14T21:05:00,70101501,富春江坝下,7.98
2025-06-14T21:05:00,70101800,窄溪,5.5
2025-06-14T21:05:00,70102300,闸口,5.11
2025-06-14T21:05:00,7010AJ33,渌渚,5.57
2025-06-14T21:05:00,7011AJ4M,新桐乡,5.42
2025-06-14T21:05:00,7011AJ5M,渌渚镇,6.63
2025-06-14T21:05:00,7011AJ7R,山溪叶家,50.35
2025-06-14T21:05:00,7011AJ8R,山溪幕下,65.71
2025-06-14T21:05:00,7011AJ9R,山溪前桐,194.15
2025-06-14T21:05:00,7011AM2G,富春江水库严陵坞,22.83
2025-06-14T21:10:00,70101500,富春江电站(坝上),22.73
2025-06-14T21:10:00,70101501,富春江坝下,7.97
2025-06-14T21:10:00,70101800,窄溪,5.5
2025-06-14T21:10:00,70102300,闸口,5.12
2025-06-14T21:10:00,7010AJ33,渌渚,5.57
2025-06-14T21:10:00,7011AJ4M,新桐乡,5.43
2025-06-14T21:10:00,7011AJ5M,渌渚镇,6.63
2025-06-14T21:10:00,7011AJ7R,山溪叶家,50.35
2025-06-14T21:10:00,7011AJ8R,山溪幕下,65.7
2025-06-14T21:10:00,7011AJ9R,山溪前桐,194.14
2025-06-14T21:10:00,7011AM2G,富春江水库严陵坞,22.83
2025-06-14T21:15:00,70101500,富春江电站(坝上),22.74
2025-06-14T21:15:00,70101501,富春江坝下,7.99
2025-06-14T21:15:00,70101800,窄溪,5.51
2025-06-14T21:15:00,70102300,闸口,5.11
2025-06-14T21:15:00,7010AJ33,渌渚,5.57
2025-06-14T21:15:00,7011AJ4M,新桐乡,5.44
2025-06-14T21:15:00,7011AJ5M,渌渚镇,6.64
2025-06-14T21:15:00,7011AJ7R,山溪叶家,50.35
2025-06-14T21:15:00,7011AJ8R,山溪幕下,65.7
2025-06-14T21:15:00,7011AJ9R,山溪前桐,194.15
2025-06-14T21:15:00,7011AM2G,富春江水库严陵坞,22.83
2025-06-14T21:20:00,70101500,富春江电站(坝上),22.74
2025-06-14T21:20:00,70101501,富春江坝下,7.98
2025-06-14T21:20:00,70101800,窄溪,5.52
2025-06-14T21:20:00,70102300,闸口,5.12
2025-06-14T21:20:00,7010AJ33,渌渚,5.57
2025-06-14T21:20:00,7011AJ4M,新桐乡,5.45
2025-06-14T21:20:00,7011AJ5M,渌渚镇,6.64
2025-06-14T21:20:00,7011AJ7R,山溪叶家,50.35
2025-06-14T21:20:00,7011AJ8R,山溪幕下,65.71
2025-06-14T21:20:00,7011AJ9R,山溪前桐,194.15
2025-06-14T21:20:00,7011AM2G,富春江水库严陵坞,22.83
2025-06-14T21:25:00,70101500,富春江电站(坝上),22.72
2025-06-14T21:25:00,70101501,富春江坝下,7.97
2025-06-14T21:25:00,70101800,窄溪,5.52
2025-06-14T21:25:00,70102300,闸口,5.11
2025-06-14T21:25:00,7010AJ33,渌渚,5.57
2025-06-14T21:25:00,7011AJ4M,新桐乡,5.45
2025-06-14T21:25:00,7011AJ5M,渌渚镇,6.63
2025-06-14T21:25:00,7011AJ7R,山溪叶家,50.35
2025-06-14T21:25:00,7011AJ8R,山溪幕下,65.7
2025-06-14T21:25:00,7011AJ9R,山溪前桐,194.14
2025-06-14T21:25:00,7011AM2G,富春江水库严陵坞,22.82
2025-06-14T21:30:00,70101500,富春江电站(坝上),22.72
2025-06-14T21:30:00,70101501,富春江坝下,7.99
2025-06-14T21:30:00,70101800,窄溪,5.52
2025-06-14T21:30:00,70102300,闸口,5.11
2025-06-14T21:30:00,7010AJ33,渌渚,5.57
2025-06-14T21:30:00,7011AJ4M,新桐乡,5.45
2025-06-14T21:30:00,7011AJ5M,渌渚镇,6.64
2025-06-14T21:30:00,7011AJ7R,山溪叶家,50.35
2025-06-14T21:30:00,7011AJ8R,山溪幕下,65.7
2025-06-14T21:30:00,7011AJ9R,山溪前桐,194.16
2025-06-14T21:30:00,7011AM2G,富春江水库严陵坞,22.82
2025-06-14T21:35:00,70101500,富春江电站(坝上),22.71
2025-06-14T21:35:00,70101501,富春江坝下,7.98
2025-06-14T21:35:00,70101800,窄溪,5.52
2025-06-14T21:35:00,70102300,闸口,5.11
2025-06-14T21:35:00,7010AJ33,渌渚,5.57
2025-06-14T21:35:00,7011AJ4M,新桐乡,5.45
2025-06-14T21:35:00,7011AJ5M,渌渚镇,6.64
2025-06-14T21:35:00,7011AJ7R,山溪叶家,50.35
2025-06-14T21:35:00,7011AJ8R,山溪幕下,65.7
2025-06-14T21:35:00,7011AJ9R,山溪前桐,194.15
2025-06-14T21:35:00,7011AM2G,富春江水库严陵坞,22.81
2025-06-14T21:40:00,70101500,富春江电站(坝上),22.72
2025-06-14T21:40:00,70101501,富春江坝下,7.99
2025-06-14T21:40:00,70101800,窄溪,5.53
2025-06-14T21:40:00,70102300,闸口,5.1
2025-06-14T21:40:00,7010AJ33,渌渚,5.57
2025-06-14T21:40:00,7011AJ4M,新桐乡,5.45
2025-06-14T21:40:00,7011AJ5M,渌渚镇,6.65
2025-06-14T21:40:00,7011AJ7R,山溪叶家,50.36
2025-06-14T21:40:00,7011AJ8R,山溪幕下,65.7
2025-06-14T21:40:00,7011AJ9R,山溪前桐,194.15
2025-06-14T21:40:00,7011AM2G,富春江水库严陵坞,22.81
2025-06-14T21:45:00,70101500,富春江电站(坝上),22.71
2025-06-14T21:45:00,70101501,富春江坝下,8.0
2025-06-14T21:45:00,70101800,窄溪,5.53
2025-06-14T21:45:00,70102300,闸口,5.1
2025-06-14T21:45:00,7010AJ33,渌渚,5.57
2025-06-14T21:45:00,7011AJ4M,新桐乡,5.46
2025-06-14T21:45:00,7011AJ5M,渌渚镇,6.65
2025-06-14T21:45:00,7011AJ7R,山溪叶家,50.36
2025-06-14T21:45:00,7011AJ8R,山溪幕下,65.7
2025-06-14T21:45:00,7011AJ9R,山溪前桐,194.16
2025-06-14T21:45:00,7011AM2G,富春江水库严陵坞,22.81
2025-06-14T21:50:00,70101500,富春江电站(坝上),22.71
2025-06-14T21:50:00,70101501,富春江坝下,8.0
2025-06-14T21:50:00,70101800,窄溪,5.53
2025-06-14T21:50:00,70102300,闸口,5.1
2025-06-14T21:50:00,7010AJ33,渌渚,5.57
2025-06-14T21:50:00,7011AJ4M,新桐乡,5.46
2025-06-14T21:50:00,7011AJ5M,渌渚镇,6.65
2025-06-14T21:50:00,7011AJ7R,山溪叶家,50.36
2025-06-14T21:50:00,7011AJ8R,山溪幕下,65.7
2025-06-14T21:50:00,7011AJ9R,山溪前桐,194.15
2025-06-14T21:50:00,7011AM2G,富春江水库严陵坞,22.8
2025-06-14T21:55:00,70101500,富春江电站(坝上),22.7
2025-06-14T21:55:00,70101501,富春江坝下,8.0
2025-06-14T21:55:00,70101800,窄溪,5.54
2025-06-14T21:55:00,70102300,闸口,5.09
2025-06-14T21:55:00,7010AJ33,渌渚,5.57
2025-06-14T21:55:00,7011AJ4M,新桐乡,5.46
2025-06-14T21:55:00,7011AJ5M,渌渚镇,6.65
2025-06-14T21:55:00,7011AJ7R,山溪叶家,50.36
2025-06-14T21:55:00,7011AJ8R,山溪幕下,65.71
2025-06-14T21:55:00,7011AJ9R,山溪前桐,194.16
2025-06-14T21:55:00,7011AM2G,富春江水库严陵坞,22.8
2025-06-14T22:00:00,70101500,富春江电站(坝上),22.7
2025-06-14T22:00:00,70101501,富春江坝下,8.02
2025-06-14T22:00:00,70101800,窄溪,5.54
2025-06-14T22:00:00,70102300,闸口,5.09
2025-06-14T22:00:00,7010AJ33,渌渚,5.57
2025-06-14T22:00:00,7011AJ4M,新桐乡,5.46
2025-06-14T22:00:00,7011AJ5M,渌渚镇,6.65
2025-06-14T22:00:00,7011AJ7R,山溪叶家,50.36
2025-06-14T22:00:00,7011AJ8R,山溪幕下,65.7
2025-06-14T22:00:00,7011AJ9R,山溪前桐,194.13
2025-06-14T22:00:00,7011AM2G,富春江水库严陵坞,22.8
2025-06-14T22:05:00,70101500,富春江电站(坝上),22.69
2025-06-14T22:05:00,70101501,富春江坝下,8.02
2025-06-14T22:05:00,70101800,窄溪,5.54
2025-06-14T22:05:00,70102300,闸口,5.09
2025-06-14T22:05:00,7010AJ33,渌渚,5.57
2025-06-14T22:05:00,7011AJ4M,新桐乡,5.47
2025-06-14T22:05:00,7011AJ5M,渌渚镇,6.66
2025-06-14T22:05:00,7011AJ7R,山溪叶家,50.36
2025-06-14T22:05:00,7011AJ8R,山溪幕下,65.7
2025-06-14T22:05:00,7011AJ9R,山溪前桐,194.15
2025-06-14T22:05:00,7011AM2G,富春江水库严陵坞,22.79
2025-06-14T22:10:00,70101500,富春江电站(坝上),22.69
2025-06-14T22:10:00,70101501,富春江坝下,8.02
2025-06-14T22:10:00,70101800,窄溪,5.54
2025-06-14T22:10:00,70102300,闸口,5.09
2025-06-14T22:10:00,7010AJ33,渌渚,5.59
2025-06-14T22:10:00,7011AJ4M,新桐乡,5.47
2025-06-14T22:10:00,7011AJ5M,渌渚镇,6.66
2025-06-14T22:10:00,7011AJ7R,山溪叶家,50.36
2025-06-14T22:10:00,7011AJ8R,山溪幕下,65.7
2025-06-14T22:10:00,7011AJ9R,山溪前桐,194.16
2025-06-14T22:10:00,7011AM2G,富春江水库严陵坞,22.79
2025-06-14T22:15:00,70101500,富春江电站(坝上),22.68
2025-06-14T22:15:00,70101501,富春江坝下,8.02
2025-06-14T22:15:00,70101800,窄溪,5.55
2025-06-14T22:15:00,70102300,闸口,5.09
2025-06-14T22:15:00,7010AJ33,渌渚,5.59
2025-06-14T22:15:00,7011AJ4M,新桐乡,5.47
2025-06-14T22:15:00,7011AJ5M,渌渚镇,6.66
2025-06-14T22:15:00,7011AJ7R,山溪叶家,50.36
2025-06-14T22:15:00,7011AJ8R,山溪幕下,65.71
2025-06-14T22:15:00,7011AJ9R,山溪前桐,194.14
2025-06-14T22:15:00,7011AM2G,富春江水库严陵坞,22.78
2025-06-14T22:20:00,70101500,富春江电站(坝上),22.68
2025-06-14T22:20:00,70101501,富春江坝下,8.03
2025-06-14T22:20:00,70101800,窄溪,5.54
2025-06-14T22:20:00,70102300,闸口,5.09
2025-06-14T22:20:00,7010AJ33,渌渚,5.59
2025-06-14T22:20:00,7011AJ4M,新桐乡,5.47
2025-06-14T22:20:00,7011AJ5M,渌渚镇,6.66
2025-06-14T22:20:00,7011AJ7R,山溪叶家,50.36
2025-06-14T22:20:00,7011AJ8R,山溪幕下,65.71
2025-06-14T22:20:00,7011AJ9R,山溪前桐,194.15
2025-06-14T22:20:00,7011AM2G,富春江水库严陵坞,22.78
2025-06-14T22:25:00,70101500,富春江电站(坝上),22.69
2025-06-14T22:25:00,70101501,富春江坝下,8.02
2025-06-14T22:25:00,70101800,窄溪,5.55
2025-06-14T22:25:00,70102300,闸口,5.09
2025-06-14T22:25:00,7010AJ33,渌渚,5.59
2025-06-14T22:25:00,7011AJ4M,新桐乡,5.48
2025-06-14T22:25:00,7011AJ5M,渌渚镇,6.66
2025-06-14T22:25:00,7011AJ7R,山溪叶家,50.36
2025-06-14T22:25:00,7011AJ8R,山溪幕下,65.71
2025-06-14T22:25:00,7011AJ9R,山溪前桐,194.15
2025-06-14T22:25:00,7011AM2G,富春江水库严陵坞,22.78
2025-06-14T22:30:00,70101500,富春江电站(坝上),22.67
2025-06-14T22:30:00,70101501,富春江坝下,8.03
2025-06-14T22:30:00,70101800,窄溪,5.55
2025-06-14T22:30:00,70102300,闸口,5.07
2025-06-14T22:30:00,7010AJ33,渌渚,5.61
2025-06-14T22:30:00,7011AJ4M,新桐乡,5.48
2025-06-14T22:30:00,7011AJ5M,渌渚镇,6.64
2025-06-14T22:30:00,7011AJ7R,山溪叶家,50.36
2025-06-14T22:30:00,7011AJ8R,山溪幕下,65.71
2025-06-14T22:30:00,7011AJ9R,山溪前桐,194.14
2025-06-14T22:30:00,7011AM2G,富春江水库严陵坞,22.77
2025-06-14T22:35:00,70101500,富春江电站(坝上),22.67
2025-06-14T22:35:00,70101501,富春江坝下,8.03
2025-06-14T22:35:00,70101800,窄溪,5.56
2025-06-14T22:35:00,70102300,闸口,5.08
2025-06-14T22:35:00,7010AJ33,渌渚,5.59
2025-06-14T22:35:00,7011AJ4M,新桐乡,5.48
2025-06-14T22:35:00,7011AJ5M,渌渚镇,6.65
2025-06-14T22:35:00,7011AJ7R,山溪叶家,50.35
2025-06-14T22:35:00,7011AJ8R,山溪幕下,65.71
2025-06-14T22:35:00,7011AJ9R,山溪前桐,194.15
2025-06-14T22:35:00,7011AM2G,富春江水库严陵坞,22.77
2025-06-14T22:40:00,70101500,富春江电站(坝上),22.67
2025-06-14T22:40:00,70101501,富春江坝下,8.03
2025-06-14T22:40:00,70101800,窄溪,5.56
2025-06-14T22:40:00,70102300,闸口,5.07
2025-06-14T22:40:00,7010AJ33,渌渚,5.61
2025-06-14T22:40:00,7011AJ4M,新桐乡,5.48
2025-06-14T22:40:00,7011AJ5M,渌渚镇,6.65
2025-06-14T22:40:00,7011AJ7R,山溪叶家,50.35
2025-06-14T22:40:00,7011AJ8R,山溪幕下,65.71
2025-06-14T22:40:00,7011AJ9R,山溪前桐,194.15
2025-06-14T22:40:00,7011AM2G,富春江水库严陵坞,22.77
2025-06-14T22:45:00,70101500,富春江电站(坝上),22.66
2025-06-14T22:45:00,70101501,富春江坝下,8.03
2025-06-14T22:45:00,70101800,窄溪,5.56
2025-06-14T22:45:00,70102300,闸口,5.07
2025-06-14T22:45:00,7010AJ33,渌渚,5.59
2025-06-14T22:45:00,7011AJ4M,新桐乡,5.47
2025-06-14T22:45:00,7011AJ5M,渌渚镇,6.66
2025-06-14T22:45:00,7011AJ7R,山溪叶家,50.36
2025-06-14T22:45:00,7011AJ8R,山溪幕下,65.71
2025-06-14T22:45:00,7011AJ9R,山溪前桐,194.16
2025-06-14T22:45:00,7011AM2G,富春江水库严陵坞,22.76
2025-06-14T22:50:00,70101500,富春江电站(坝上),22.66
2025-06-14T22:50:00,70101501,富春江坝下,8.04
2025-06-14T22:50:00,70101800,窄溪,5.57
2025-06-14T22:50:00,70102300,闸口,5.07
2025-06-14T22:50:00,7010AJ33,渌渚,5.61
2025-06-14T22:50:00,7011AJ4M,新桐乡,5.47
2025-06-14T22:50:00,7011AJ5M,渌渚镇,6.66
2025-06-14T22:50:00,7011AJ7R,山溪叶家,50.36
2025-06-14T22:50:00,7011AJ8R,山溪幕下,65.71
2025-06-14T22:50:00,7011AJ9R,山溪前桐,194.15
2025-06-14T22:50:00,7011AM2G,富春江水库严陵坞,22.76
2025-06-14T22:55:00,70101500,富春江电站(坝上),22.65
2025-06-14T22:55:00,70101501,富春江坝下,8.06
2025-06-14T22:55:00,70101800,窄溪,5.57
2025-06-14T22:55:00,70102300,闸口,5.07
2025-06-14T22:55:00,7010AJ33,渌渚,5.61
2025-06-14T22:55:00,7011AJ4M,新桐乡,5.47
2025-06-14T22:55:00,7011AJ5M,渌渚镇,6.66
2025-06-14T22:55:00,7011AJ7R,山溪叶家,50.36
2025-06-14T22:55:00,7011AJ8R,山溪幕下,65.71
2025-06-14T22:55:00,7011AJ9R,山溪前桐,194.17
2025-06-14T22:55:00,7011AM2G,富春江水库严陵坞,22.75
2025-06-14T23:00:00,70101500,富春江电站(坝上),22.66
2025-06-14T23:00:00,70101501,富春江坝下,8.08
2025-06-14T23:00:00,70101800,窄溪,5.57
2025-06-14T23:00:00,70102300,闸口,5.07
2025-06-14T23:00:00,7010AJ33,渌渚,5.61
2025-06-14T23:00:00,7011AJ4M,新桐乡,5.48
2025-06-14T23:00:00,7011AJ5M,渌渚镇,6.66
2025-06-14T23:00:00,7011AJ7R,山溪叶家,50.37
2025-06-14T23:00:00,7011AJ8R,山溪幕下,65.71
2025-06-14T23:00:00,7011AJ9R,山溪前桐,194.16
2025-06-14T23:00:00,7011AM2G,富春江水库严陵坞,22.75
2025-06-14T23:05:00,70101500,富春江电站(坝上),22.63
2025-06-14T23:05:00,70101501,富春江坝下,8.06
2025-06-14T23:05:00,70101800,窄溪,5.57
2025-06-14T23:05:00,70102300,闸口,5.07
2025-06-14T23:05:00,7010AJ33,渌渚,5.63
2025-06-14T23:05:00,7011AJ4M,新桐乡,5.49
2025-06-14T23:05:00,7011AJ5M,渌渚镇,6.66
2025-06-14T23:05:00,7011AJ7R,山溪叶家,50.37
2025-06-14T23:05:00,7011AJ8R,山溪幕下,65.72
2025-06-14T23:05:00,7011AJ9R,山溪前桐,194.16
2025-06-14T23:05:00,7011AM2G,富春江水库严陵坞,22.74
2025-06-14T23:10:00,70101500,富春江电站(坝上),22.64
2025-06-14T23:10:00,70101501,富春江坝下,8.04
2025-06-14T23:10:00,70101800,窄溪,5.57
2025-06-14T23:10:00,70102300,闸口,5.06
2025-06-14T23:10:00,7010AJ33,渌渚,5.63
2025-06-14T23:10:00,7011AJ4M,新桐乡,5.49
2025-06-14T23:10:00,7011AJ5M,渌渚镇,6.66
2025-06-14T23:10:00,7011AJ7R,山溪叶家,50.37
2025-06-14T23:10:00,7011AJ8R,山溪幕下,65.73
2025-06-14T23:10:00,7011AJ9R,山溪前桐,194.18
2025-06-14T23:10:00,7011AM2G,富春江水库严陵坞,22.74
2025-06-14T23:15:00,70101500,富春江电站(坝上),22.63
2025-06-14T23:15:00,70101501,富春江坝下,8.05
2025-06-14T23:15:00,70101800,窄溪,5.57
2025-06-14T23:15:00,70102300,闸口,5.06
2025-06-14T23:15:00,7010AJ33,渌渚,5.63
2025-06-14T23:15:00,7011AJ4M,新桐乡,5.49
2025-06-14T23:15:00,7011AJ5M,渌渚镇,6.67
2025-06-14T23:15:00,7011AJ7R,山溪叶家,50.38
2025-06-14T23:15:00,7011AJ8R,山溪幕下,65.74
2025-06-14T23:15:00,7011AJ9R,山溪前桐,194.16
2025-06-14T23:15:00,7011AM2G,富春江水库严陵坞,22.74
2025-06-14T23:20:00,70101500,富春江电站(坝上),22.65
2025-06-14T23:20:00,70101501,富春江坝下,8.04
2025-06-14T23:20:00,70101800,窄溪,5.57
2025-06-14T23:20:00,70102300,闸口,5.06
2025-06-14T23:20:00,7010AJ33,渌渚,5.63
2025-06-14T23:20:00,7011AJ4M,新桐乡,5.49
2025-06-14T23:20:00,7011AJ5M,渌渚镇,6.64
2025-06-14T23:20:00,7011AJ7R,山溪叶家,50.38
2025-06-14T23:20:00,7011AJ8R,山溪幕下,65.75
2025-06-14T23:20:00,7011AJ9R,山溪前桐,194.18
2025-06-14T23:20:00,7011AM2G,富春江水库严陵坞,22.74
2025-06-14T23:25:00,70101500,富春江电站(坝上),22.64
2025-06-14T23:25:00,70101501,富春江坝下,8.03
2025-06-14T23:25:00,70101800,窄溪,5.58
2025-06-14T23:25:00,70102300,闸口,5.05
2025-06-14T23:25:00,7010AJ33,渌渚,5.63
2025-06-14T23:25:00,7011AJ4M,新桐乡,5.49
2025-06-14T23:25:00,7011AJ5M,渌渚镇,6.68
2025-06-14T23:25:00,7011AJ7R,山溪叶家,50.39
2025-06-14T23:25:00,7011AJ8R,山溪幕下,65.75
2025-06-14T23:25:00,7011AJ9R,山溪前桐,194.18
2025-06-14T23:25:00,7011AM2G,富春江水库严陵坞,22.73
2025-06-14T23:30:00,70101500,富春江电站(坝上),22.63
2025-06-14T23:30:00,70101501,富春江坝下,8.04
2025-06-14T23:30:00,70101800,窄溪,5.58
2025-06-14T23:30:00,70102300,闸口,5.05
2025-06-14T23:30:00,7010AJ33,渌渚,5.63
2025-06-14T23:30:00,7011AJ4M,新桐乡,5.49
2025-06-14T23:30:00,7011AJ5M,渌渚镇,6.68
2025-06-14T23:30:00,7011AJ7R,山溪叶家,50.39
2025-06-14T23:30:00,7011AJ8R,山溪幕下,65.76
2025-06-14T23:30:00,7011AJ9R,山溪前桐,194.18
2025-06-14T23:30:00,7011AM2G,富春江水库严陵坞,22.73
2025-06-14T23:35:00,70101500,富春江电站(坝上),22.63
2025-06-14T23:35:00,70101501,富春江坝下,8.06
2025-06-14T23:35:00,70101800,窄溪,5.59
2025-06-14T23:35:00,70102300,闸口,5.05
2025-06-14T23:35:00,7010AJ33,渌渚,5.64
2025-06-14T23:35:00,7011AJ4M,新桐乡,5.5
2025-06-14T23:35:00,7011AJ5M,渌渚镇,6.67
2025-06-14T23:35:00,7011AJ7R,山溪叶家,50.39
2025-06-14T23:35:00,7011AJ8R,山溪幕下,65.76
2025-06-14T23:35:00,7011AJ9R,山溪前桐,194.2
2025-06-14T23:35:00,7011AM2G,富春江水库严陵坞,22.73
2025-06-14T23:40:00,70101500,富春江电站(坝上),22.63
2025-06-14T23:40:00,70101501,富春江坝下,8.04
2025-06-14T23:40:00,70101800,窄溪,5.59
2025-06-14T23:40:00,70102300,闸口,5.05
2025-06-14T23:40:00,7010AJ33,渌渚,5.64
2025-06-14T23:40:00,7011AJ4M,新桐乡,5.49
2025-06-14T23:40:00,7011AJ5M,渌渚镇,6.67
2025-06-14T23:40:00,7011AJ7R,山溪叶家,50.4
2025-06-14T23:40:00,7011AJ8R,山溪幕下,65.76
2025-06-14T23:40:00,7011AJ9R,山溪前桐,194.18
2025-06-14T23:40:00,7011AM2G,富春江水库严陵坞,22.73
2025-06-14T23:45:00,70101500,富春江电站(坝上),22.64
2025-06-14T23:45:00,70101501,富春江坝下,8.05
2025-06-14T23:45:00,70101800,窄溪,5.59
2025-06-14T23:45:00,70102300,闸口,5.05
2025-06-14T23:45:00,7010AJ33,渌渚,5.64
2025-06-14T23:45:00,7011AJ4M,新桐乡,5.48
2025-06-14T23:45:00,7011AJ5M,渌渚镇,6.67
2025-06-14T23:45:00,7011AJ7R,山溪叶家,50.4
2025-06-14T23:45:00,7011AJ8R,山溪幕下,65.77
2025-06-14T23:45:00,7011AJ9R,山溪前桐,194.19
2025-06-14T23:45:00,7011AM2G,富春江水库严陵坞,22.73
2025-06-14T23:50:00,70101500,富春江电站(坝上),22.64
2025-06-14T23:50:00,70101501,富春江坝下,8.03
2025-06-14T23:50:00,70101800,窄溪,5.59
2025-06-14T23:50:00,70102300,闸口,5.04
2025-06-14T23:50:00,7010AJ33,渌渚,5.64
2025-06-14T23:50:00,7011AJ4M,新桐乡,5.49
2025-06-14T23:50:00,7011AJ5M,渌渚镇,6.68
2025-06-14T23:50:00,7011AJ7R,山溪叶家,50.4
2025-06-14T23:50:00,7011AJ8R,山溪幕下,65.77
2025-06-14T23:50:00,7011AJ9R,山溪前桐,194.2
2025-06-14T23:50:00,7011AM2G,富春江水库严陵坞,22.73
2025-06-14T23:55:00,70101500,富春江电站(坝上),22.65
2025-06-14T23:55:00,70101501,富春江坝下,8.05
2025-06-14T23:55:00,70101800,窄溪,5.59
2025-06-14T23:55:00,70102300,闸口,5.04
2025-06-14T23:55:00,7010AJ33,渌渚,5.64
2025-06-14T23:55:00,7011AJ4M,新桐乡,5.49
2025-06-14T23:55:00,7011AJ5M,渌渚镇,6.68
2025-06-14T23:55:00,7011AJ7R,山溪叶家,50.41
2025-06-14T23:55:00,7011AJ8R,山溪幕下,65.77
2025-06-14T23:55:00,7011AJ9R,山溪前桐,194.18
2025-06-14T23:55:00,7011AM2G,富春江水库严陵坞,22.73
2025-06-15T00:00:00,70101500,富春江电站(坝上),22.65
2025-06-15T00:00:00,70101501,富春江坝下,8.04
2025-06-15T00:00:00,70101800,窄溪,5.59
2025-06-15T00:00:00,70102300,闸口,5.04
2025-06-15T00:00:00,7010AJ33,渌渚,5.64
2025-06-15T00:00:00,7011AJ4M,新桐乡,5.5
2025-06-15T00:00:00,7011AJ5M,渌渚镇,6.68
2025-06-15T00:00:00,7011AJ7R,山溪叶家,50.41
2025-06-15T00:00:00,7011AJ8R,山溪幕下,65.77
2025-06-15T00:00:00,7011AJ9R,山溪前桐,194.19
2025-06-15T00:00:00,7011AM2G,富春江水库严陵坞,22.73
2025-06-15T00:05:00,70101500,富春江电站(坝上),22.64
2025-06-15T00:05:00,70101501,富春江坝下,8.04
2025-06-15T00:05:00,70101800,窄溪,5.59
2025-06-15T00:05:00,70102300,闸口,5.04
2025-06-15T00:05:00,7010AJ33,渌渚,5.64
2025-06-15T00:05:00,7011AJ4M,新桐乡,5.5
2025-06-15T00:05:00,7011AJ5M,渌渚镇,6.68
2025-06-15T00:05:00,7011AJ7R,山溪叶家,50.41
2025-06-15T00:05:00,7011AJ8R,山溪幕下,65.77
2025-06-15T00:05:00,7011AJ9R,山溪前桐,194.21
2025-06-15T00:05:00,7011AM2G,富春江水库严陵坞,22.73
2025-06-15T00:10:00,70101500,富春江电站(坝上),22.63
2025-06-15T00:10:00,70101501,富春江坝下,8.07
2025-06-15T00:10:00,70101800,窄溪,5.59
2025-06-15T00:10:00,70102300,闸口,5.03
2025-06-15T00:10:00,7010AJ33,渌渚,5.64
2025-06-15T00:10:00,7011AJ4M,新桐乡,5.49
2025-06-15T00:10:00,7011AJ5M,渌渚镇,6.68
2025-06-15T00:10:00,7011AJ7R,山溪叶家,50.42
2025-06-15T00:10:00,7011AJ8R,山溪幕下,65.77
2025-06-15T00:10:00,7011AJ9R,山溪前桐,194.19
2025-06-15T00:10:00,7011AM2G,富春江水库严陵坞,22.73
2025-06-15T00:15:00,70101500,富春江电站(坝上),22.62
2025-06-15T00:15:00,70101501,富春江坝下,8.04
2025-06-15T00:15:00,70101800,窄溪,5.59
2025-06-15T00:15:00,70102300,闸口,5.03
2025-06-15T00:15:00,7010AJ33,渌渚,5.66
2025-06-15T00:15:00,7011AJ4M,新桐乡,5.49
2025-06-15T00:15:00,7011AJ5M,渌渚镇,6.68
2025-06-15T00:15:00,7011AJ7R,山溪叶家,50.41
2025-06-15T00:15:00,7011AJ8R,山溪幕下,65.77
2025-06-15T00:15:00,7011AJ9R,山溪前桐,194.19
2025-06-15T00:15:00,7011AM2G,富春江水库严陵坞,22.71
2025-06-15T00:20:00,70101500,富春江电站(坝上),22.63
2025-06-15T00:20:00,70101501,富春江坝下,8.02
2025-06-15T00:20:00,70101800,窄溪,5.59
2025-06-15T00:20:00,70102300,闸口,5.03
2025-06-15T00:20:00,7010AJ33,渌渚,5.64
2025-06-15T00:20:00,7011AJ4M,新桐乡,5.5
2025-06-15T00:20:00,7011AJ5M,渌渚镇,6.69
2025-06-15T00:20:00,7011AJ7R,山溪叶家,50.42
2025-06-15T00:20:00,7011AJ8R,山溪幕下,65.77
2025-06-15T00:20:00,7011AJ9R,山溪前桐,194.19
2025-06-15T00:20:00,7011AM2G,富春江水库严陵坞,22.71
2025-06-15T00:25:00,70101500,富春江电站(坝上),22.63
2025-06-15T00:25:00,70101501,富春江坝下,8.0
2025-06-15T00:25:00,70101800,窄溪,5.59
2025-06-15T00:25:00,70102300,闸口,5.03
2025-06-15T00:25:00,7010AJ33,渌渚,5.64
2025-06-15T00:25:00,7011AJ4M,新桐乡,5.5
2025-06-15T00:25:00,7011AJ5M,渌渚镇,6.69
2025-06-15T00:25:00,7011AJ7R,山溪叶家,50.42
2025-06-15T00:25:00,7011AJ8R,山溪幕下,65.77
2025-06-15T00:25:00,7011AJ9R,山溪前桐,194.19
2025-06-15T00:25:00,7011AM2G,富春江水库严陵坞,22.71
2025-06-15T00:30:00,70101500,富春江电站(坝上),22.66
2025-06-15T00:30:00,70101501,富春江坝下,7.96
2025-06-15T00:30:00,70101800,窄溪,5.59
2025-06-15T00:30:00,70102300,闸口,5.03
2025-06-15T00:30:00,7010AJ33,渌渚,5.64
2025-06-15T00:30:00,7011AJ4M,新桐乡,5.49
2025-06-15T00:30:00,7011AJ5M,渌渚镇,6.69
2025-06-15T00:30:00,7011AJ7R,山溪叶家,50.41
2025-06-15T00:30:00,7011AJ8R,山溪幕下,65.77
2025-06-15T00:30:00,7011AJ9R,山溪前桐,194.2
2025-06-15T00:30:00,7011AM2G,富春江水库严陵坞,22.74
2025-06-15T00:35:00,70101500,富春江电站(坝上),22.66
2025-06-15T00:35:00,70101501,富春江坝下,7.98
2025-06-15T00:35:00,70101800,窄溪,5.59
2025-06-15T00:35:00,70102300,闸口,5.03
2025-06-15T00:35:00,7010AJ33,渌渚,5.64
2025-06-15T00:35:00,7011AJ4M,新桐乡,5.5
2025-06-15T00:35:00,7011AJ5M,渌渚镇,6.69
2025-06-15T00:35:00,7011AJ7R,山溪叶家,50.42
2025-06-15T00:35:00,7011AJ8R,山溪幕下,65.77
2025-06-15T00:35:00,7011AJ9R,山溪前桐,194.19
2025-06-15T00:35:00,7011AM2G,富春江水库严陵坞,22.74
2025-06-15T00:40:00,70101500,富春江电站(坝上),22.65
2025-06-15T00:40:00,70101501,富春江坝下,7.96
2025-06-15T00:40:00,70101800,窄溪,5.59
2025-06-15T00:40:00,70102300,闸口,5.02
2025-06-15T00:40:00,7010AJ33,渌渚,5.64
2025-06-15T00:40:00,7011AJ4M,新桐乡,5.5
2025-06-15T00:40:00,7011AJ5M,渌渚镇,6.69
2025-06-15T00:40:00,7011AJ7R,山溪叶家,50.42
2025-06-15T00:40:00,7011AJ8R,山溪幕下,65.77
2025-06-15T00:40:00,7011AJ9R,山溪前桐,194.19
2025-06-15T00:40:00,7011AM2G,富春江水库严陵坞,22.74
2025-06-15T00:45:00,70101500,富春江电站(坝上),22.65
2025-06-15T00:45:00,70101501,富春江坝下,7.95
2025-06-15T00:45:00,70101800,窄溪,5.59
2025-06-15T00:45:00,70102300,闸口,5.02
2025-06-15T00:45:00,7010AJ33,渌渚,5.64
2025-06-15T00:45:00,7011AJ4M,新桐乡,5.5
2025-06-15T00:45:00,7011AJ5M,渌渚镇,6.7
2025-06-15T00:45:00,7011AJ7R,山溪叶家,50.42
2025-06-15T00:45:00,7011AJ8R,山溪幕下,65.77
2025-06-15T00:45:00,7011AJ9R,山溪前桐,194.2
2025-06-15T00:45:00,7011AM2G,富春江水库严陵坞,22.74
2025-06-15T00:50:00,70101500,富春江电站(坝上),22.66
2025-06-15T00:50:00,70101501,富春江坝下,7.95
2025-06-15T00:50:00,70101800,窄溪,5.59
2025-06-15T00:50:00,70102300,闸口,5.02
2025-06-15T00:50:00,7010AJ33,渌渚,5.64
2025-06-15T00:50:00,7011AJ4M,新桐乡,5.51
2025-06-15T00:50:00,7011AJ5M,渌渚镇,6.69
2025-06-15T00:50:00,7011AJ7R,山溪叶家,50.42
2025-06-15T00:50:00,7011AJ8R,山溪幕下,65.77
2025-06-15T00:50:00,7011AJ9R,山溪前桐,194.19
2025-06-15T00:50:00,7011AM2G,富春江水库严陵坞,22.75
2025-06-15T00:55:00,70101500,富春江电站(坝上),22.65
2025-06-15T00:55:00,70101501,富春江坝下,7.96
2025-06-15T00:55:00,70101800,窄溪,5.59
2025-06-15T00:55:00,70102300,闸口,5.02
2025-06-15T00:55:00,7010AJ33,渌渚,5.64
2025-06-15T00:55:00,7011AJ4M,新桐乡,5.5
2025-06-15T00:55:00,7011AJ5M,渌渚镇,6.7
2025-06-15T00:55:00,7011AJ7R,山溪叶家,50.42
2025-06-15T00:55:00,7011AJ8R,山溪幕下,65.78
2025-06-15T00:55:00,7011AJ9R,山溪前桐,194.18
2025-06-15T00:55:00,7011AM2G,富春江水库严陵坞,22.75
2025-06-15T01:00:00,70101500,富春江电站(坝上),22.66
2025-06-15T01:00:00,70101501,富春江坝下,7.95
2025-06-15T01:00:00,70101800,窄溪,5.59
2025-06-15T01:00:00,70102300,闸口,5.01
2025-06-15T01:00:00,7010AJ33,渌渚,5.64
2025-06-15T01:00:00,7011AJ4M,新桐乡,5.5
2025-06-15T01:00:00,7011AJ5M,渌渚镇,6.7
2025-06-15T01:00:00,7011AJ7R,山溪叶家,50.42
2025-06-15T01:00:00,7011AJ8R,山溪幕下,65.78
2025-06-15T01:00:00,7011AJ9R,山溪前桐,194.2
2025-06-15T01:00:00,7011AM2G,富春江水库严陵坞,22.75
2025-06-15T01:05:00,70101500,富春江电站(坝上),22.66
2025-06-15T01:05:00,70101501,富春江坝下,7.95
2025-06-15T01:05:00,70101800,窄溪,5.59
2025-06-15T01:05:00,70102300,闸口,5.01
2025-06-15T01:05:00,7010AJ33,渌渚,5.64
2025-06-15T01:05:00,7011AJ4M,新桐乡,5.51
2025-06-15T01:05:00,7011AJ5M,渌渚镇,6.7
2025-06-15T01:05:00,7011AJ7R,山溪叶家,50.42
2025-06-15T01:05:00,7011AJ8R,山溪幕下,65.78
2025-06-15T01:05:00,7011AJ9R,山溪前桐,194.18
2025-06-15T01:05:00,7011AM2G,富春江水库严陵坞,22.75
2025-06-15T01:10:00,70101500,富春江电站(坝上),22.66
2025-06-15T01:10:00,70101501,富春江坝下,7.95
2025-06-15T01:10:00,70101800,窄溪,5.58
2025-06-15T01:10:00,70102300,闸口,5.01
2025-06-15T01:10:00,7010AJ33,渌渚,5.64
2025-06-15T01:10:00,7011AJ4M,新桐乡,5.51
2025-06-15T01:10:00,7011AJ5M,渌渚镇,6.71
2025-06-15T01:10:00,7011AJ7R,山溪叶家,50.42
2025-06-15T01:10:00,7011AJ8R,山溪幕下,65.78
2025-06-15T01:10:00,7011AJ9R,山溪前桐,194.2
2025-06-15T01:10:00,7011AM2G,富春江水库严陵坞,22.74
2025-06-15T01:15:00,70101500,富春江电站(坝上),22.65
2025-06-15T01:15:00,70101501,富春江坝下,7.96
2025-06-15T01:15:00,70101800,窄溪,5.58
2025-06-15T01:15:00,70102300,闸口,5.01
2025-06-15T01:15:00,7010AJ33,渌渚,5.64
2025-06-15T01:15:00,7011AJ4M,新桐乡,5.5
2025-06-15T01:15:00,7011AJ5M,渌渚镇,6.71
2025-06-15T01:15:00,7011AJ7R,山溪叶家,50.42
2025-06-15T01:15:00,7011AJ8R,山溪幕下,65.77
2025-06-15T01:15:00,7011AJ9R,山溪前桐,194.19
2025-06-15T01:15:00,7011AM2G,富春江水库严陵坞,22.74
2025-06-15T01:20:00,70101500,富春江电站(坝上),22.63
2025-06-15T01:20:00,70101501,富春江坝下,7.96
2025-06-15T01:20:00,70101800,窄溪,5.58
2025-06-15T01:20:00,70102300,闸口,5.0
2025-06-15T01:20:00,7010AJ33,渌渚,5.64
2025-06-15T01:20:00,7011AJ4M,新桐乡,5.5
2025-06-15T01:20:00,7011AJ5M,渌渚镇,6.71
2025-06-15T01:20:00,7011AJ7R,山溪叶家,50.42
2025-06-15T01:20:00,7011AJ8R,山溪幕下,65.78
2025-06-15T01:20:00,7011AJ9R,山溪前桐,194.18
2025-06-15T01:20:00,7011AM2G,富春江水库严陵坞,22.73
2025-06-15T01:25:00,70101500,富春江电站(坝上),22.63
2025-06-15T01:25:00,70101501,富春江坝下,7.93
2025-06-15T01:25:00,70101800,窄溪,5.58
2025-06-15T01:25:00,70102300,闸口,5.0
2025-06-15T01:25:00,7010AJ33,渌渚,5.64
2025-06-15T01:25:00,7011AJ4M,新桐乡,5.5
2025-06-15T01:25:00,7011AJ5M,渌渚镇,6.71
2025-06-15T01:25:00,7011AJ7R,山溪叶家,50.42
2025-06-15T01:25:00,7011AJ8R,山溪幕下,65.78
2025-06-15T01:25:00,7011AJ9R,山溪前桐,194.19
2025-06-15T01:25:00,7011AM2G,富春江水库严陵坞,22.73
2025-06-15T01:30:00,70101500,富春江电站(坝上),22.63
2025-06-15T01:30:00,70101501,富春江坝下,7.95
2025-06-15T01:30:00,70101800,窄溪,5.58
2025-06-15T01:30:00,70102300,闸口,5.0
2025-06-15T01:30:00,7010AJ33,渌渚,5.64
2025-06-15T01:30:00,7011AJ4M,新桐乡,5.5
2025-06-15T01:30:00,7011AJ5M,渌渚镇,6.71
2025-06-15T01:30:00,7011AJ7R,山溪叶家,50.42
2025-06-15T01:30:00,7011AJ8R,山溪幕下,65.78
2025-06-15T01:30:00,7011AJ9R,山溪前桐,194.19
2025-06-15T01:30:00,7011AM2G,富春江水库严陵坞,22.72
2025-06-15T01:35:00,70101500,富春江电站(坝上),22.63
2025-06-15T01:35:00,70101501,富春江坝下,7.96
2025-06-15T01:35:00,70101800,窄溪,5.58
2025-06-15T01:35:00,70102300,闸口,5.0
2025-06-15T01:35:00,7010AJ33,渌渚,5.64
2025-06-15T01:35:00,7011AJ4M,新桐乡,5.5
2025-06-15T01:35:00,7011AJ5M,渌渚镇,6.72
2025-06-15T01:35:00,7011AJ7R,山溪叶家,50.42
2025-06-15T01:35:00,7011AJ8R,山溪幕下,65.78
2025-06-15T01:35:00,7011AJ9R,山溪前桐,194.19
2025-06-15T01:35:00,7011AM2G,富春江水库严陵坞,22.72
2025-06-15T01:40:00,70101500,富春江电站(坝上),22.64
2025-06-15T01:40:00,70101501,富春江坝下,7.96
2025-06-15T01:40:00,70101800,窄溪,5.58
2025-06-15T01:40:00,70102300,闸口,5.0
2025-06-15T01:40:00,7010AJ33,渌渚,5.64
2025-06-15T01:40:00,7011AJ4M,新桐乡,5.49
2025-06-15T01:40:00,7011AJ5M,渌渚镇,6.72
2025-06-15T01:40:00,7011AJ7R,山溪叶家,50.42
2025-06-15T01:40:00,7011AJ8R,山溪幕下,65.78
2025-06-15T01:40:00,7011AJ9R,山溪前桐,194.2
2025-06-15T01:40:00,7011AM2G,富春江水库严陵坞,22.72
2025-06-15T01:45:00,70101500,富春江电站(坝上),22.63
2025-06-15T01:45:00,70101501,富春江坝下,7.96
2025-06-15T01:45:00,70101800,窄溪,5.57
2025-06-15T01:45:00,70102300,闸口,5.0
2025-06-15T01:45:00,7010AJ33,渌渚,5.64
2025-06-15T01:45:00,7011AJ4M,新桐乡,5.49
2025-06-15T01:45:00,7011AJ5M,渌渚镇,6.73
2025-06-15T01:45:00,7011AJ7R,山溪叶家,50.43
2025-06-15T01:45:00,7011AJ8R,山溪幕下,65.79
2025-06-15T01:45:00,7011AJ9R,山溪前桐,194.19
2025-06-15T01:45:00,7011AM2G,富春江水库严陵坞,22.72
2025-06-15T01:50:00,70101500,富春江电站(坝上),22.63
2025-06-15T01:50:00,70101501,富春江坝下,7.96
2025-06-15T01:50:00,70101800,窄溪,5.57
2025-06-15T01:50:00,70102300,闸口,5.0
2025-06-15T01:50:00,7010AJ33,渌渚,5.63
2025-06-15T01:50:00,7011AJ4M,新桐乡,5.49
2025-06-15T01:50:00,7011AJ5M,渌渚镇,6.73
2025-06-15T01:50:00,7011AJ7R,山溪叶家,50.43
2025-06-15T01:50:00,7011AJ8R,山溪幕下,65.79
2025-06-15T01:50:00,7011AJ9R,山溪前桐,194.19
2025-06-15T01:50:00,7011AM2G,富春江水库严陵坞,22.72
2025-06-15T01:55:00,70101500,富春江电站(坝上),22.63
2025-06-15T01:55:00,70101501,富春江坝下,7.95
2025-06-15T01:55:00,70101800,窄溪,5.57
2025-06-15T01:55:00,70102300,闸口,5.0
2025-06-15T01:55:00,7010AJ33,渌渚,5.64
2025-06-15T01:55:00,7011AJ4M,新桐乡,5.49
2025-06-15T01:55:00,7011AJ5M,渌渚镇,6.73
2025-06-15T01:55:00,7011AJ7R,山溪叶家,50.43
2025-06-15T01:55:00,7011AJ8R,山溪幕下,65.79
2025-06-15T01:55:00,7011AJ9R,山溪前桐,194.18
2025-06-15T01:55:00,7011AM2G,富春江水库严陵坞,22.72
2025-06-15T02:00:00,70101500,富春江电站(坝上),22.63
2025-06-15T02:00:00,70101501,富春江坝下,7.95
2025-06-15T02:00:00,70101800,窄溪,5.57
2025-06-15T02:00:00,70102300,闸口,5.0
2025-06-15T02:00:00,7010AJ33,渌渚,5.63
2025-06-15T02:00:00,7011AJ4M,新桐乡,5.49
2025-06-15T02:00:00,7011AJ5M,渌渚镇,6.74
2025-06-15T02:00:00,7011AJ7R,山溪叶家,50.42
2025-06-15T02:00:00,7011AJ8R,山溪幕下,65.79
2025-06-15T02:00:00,7011AJ9R,山溪前桐,194.19
2025-06-15T02:00:00,7011AM2G,富春江水库严陵坞,22.72
2025-06-15T02:05:00,70101500,富春江电站(坝上),22.65
2025-06-15T02:05:00,70101501,富春江坝下,7.99
2025-06-15T02:05:00,70101800,窄溪,5.57
2025-06-15T02:05:00,70102300,闸口,4.99
2025-06-15T02:05:00,7010AJ33,渌渚,5.63
2025-06-15T02:05:00,7011AJ4M,新桐乡,5.48
2025-06-15T02:05:00,7011AJ5M,渌渚镇,6.75
2025-06-15T02:05:00,7011AJ7R,山溪叶家,50.43
2025-06-15T02:05:00,7011AJ8R,山溪幕下,65.79
2025-06-15T02:05:00,7011AJ9R,山溪前桐,194.19
2025-06-15T02:05:00,7011AM2G,富春江水库严陵坞,22.73
2025-06-15T02:10:00,70101500,富春江电站(坝上),22.67
2025-06-15T02:10:00,70101501,富春江坝下,8.0
2025-06-15T02:10:00,70101800,窄溪,5.57
2025-06-15T02:10:00,70102300,闸口,4.99
2025-06-15T02:10:00,7010AJ33,渌渚,5.63
2025-06-15T02:10:00,7011AJ4M,新桐乡,5.48
2025-06-15T02:10:00,7011AJ5M,渌渚镇,6.75
2025-06-15T02:10:00,7011AJ7R,山溪叶家,50.43
2025-06-15T02:10:00,7011AJ8R,山溪幕下,65.79
2025-06-15T02:10:00,7011AJ9R,山溪前桐,194.2
2025-06-15T02:10:00,7011AM2G,富春江水库严陵坞,22.74
2025-06-15T02:15:00,70101500,富春江电站(坝上),22.69
2025-06-15T02:15:00,70101501,富春江坝下,7.99
2025-06-15T02:15:00,70101800,窄溪,5.57
2025-06-15T02:15:00,70102300,闸口,4.99
2025-06-15T02:15:00,7010AJ33,渌渚,5.64
2025-06-15T02:15:00,7011AJ4M,新桐乡,5.48
2025-06-15T02:15:00,7011AJ5M,渌渚镇,6.76
2025-06-15T02:15:00,7011AJ7R,山溪叶家,50.43
2025-06-15T02:15:00,7011AJ8R,山溪幕下,65.8
2025-06-15T02:15:00,7011AJ9R,山溪前桐,194.19
2025-06-15T02:15:00,7011AM2G,富春江水库严陵坞,22.76
2025-06-15T02:20:00,70101500,富春江电站(坝上),22.71
2025-06-15T02:20:00,70101501,富春江坝下,7.97
2025-06-15T02:20:00,70101800,窄溪,5.56
2025-06-15T02:20:00,70102300,闸口,4.98
2025-06-15T02:20:00,7010AJ33,渌渚,5.63
2025-06-15T02:20:00,7011AJ4M,新桐乡,5.48
2025-06-15T02:20:00,7011AJ5M,渌渚镇,6.76
2025-06-15T02:20:00,7011AJ7R,山溪叶家,50.43
2025-06-15T02:20:00,7011AJ8R,山溪幕下,65.79
2025-06-15T02:20:00,7011AJ9R,山溪前桐,194.19
2025-06-15T02:20:00,7011AM2G,富春江水库严陵坞,22.79
2025-06-15T02:25:00,70101500,富春江电站(坝上),22.72
2025-06-15T02:25:00,70101501,富春江坝下,7.96
2025-06-15T02:25:00,70101800,窄溪,5.56
2025-06-15T02:25:00,70102300,闸口,4.98
2025-06-15T02:25:00,7010AJ33,渌渚,5.61
2025-06-15T02:25:00,7011AJ4M,新桐乡,5.48
2025-06-15T02:25:00,7011AJ5M,渌渚镇,6.76
2025-06-15T02:25:00,7011AJ7R,山溪叶家,50.43
2025-06-15T02:25:00,7011AJ8R,山溪幕下,65.8
2025-06-15T02:25:00,7011AJ9R,山溪前桐,194.19
2025-06-15T02:25:00,7011AM2G,富春江水库严陵坞,22.8
2025-06-15T02:30:00,70101500,富春江电站(坝上),22.74
2025-06-15T02:30:00,70101501,富春江坝下,7.95
2025-06-15T02:30:00,70101800,窄溪,5.56
2025-06-15T02:30:00,70102300,闸口,4.98
2025-06-15T02:30:00,7010AJ33,渌渚,5.63
2025-06-15T02:30:00,7011AJ4M,新桐乡,5.47
2025-06-15T02:30:00,7011AJ5M,渌渚镇,6.78
2025-06-15T02:30:00,7011AJ7R,山溪叶家,50.44
2025-06-15T02:30:00,7011AJ8R,山溪幕下,65.81
2025-06-15T02:30:00,7011AJ9R,山溪前桐,194.19
2025-06-15T02:30:00,7011AM2G,富春江水库严陵坞,22.82
2025-06-15T02:35:00,70101500,富春江电站(坝上),22.74
2025-06-15T02:35:00,70101501,富春江坝下,7.97
2025-06-15T02:35:00,70101800,窄溪,5.56
2025-06-15T02:35:00,70102300,闸口,4.98
2025-06-15T02:35:00,7010AJ33,渌渚,5.63
2025-06-15T02:35:00,7011AJ4M,新桐乡,5.47
2025-06-15T02:35:00,7011AJ5M,渌渚镇,6.78
2025-06-15T02:35:00,7011AJ7R,山溪叶家,50.44
2025-06-15T02:35:00,7011AJ8R,山溪幕下,65.81
2025-06-15T02:35:00,7011AJ9R,山溪前桐,194.19
2025-06-15T02:35:00,7011AM2G,富春江水库严陵坞,22.82
2025-06-15T02:40:00,70101500,富春江电站(坝上),22.73
2025-06-15T02:40:00,70101501,富春江坝下,7.96
2025-06-15T02:40:00,70101800,窄溪,5.56
2025-06-15T02:40:00,70102300,闸口,4.98
2025-06-15T02:40:00,7010AJ33,渌渚,5.61
2025-06-15T02:40:00,7011AJ4M,新桐乡,5.47
2025-06-15T02:40:00,7011AJ5M,渌渚镇,6.78
2025-06-15T02:40:00,7011AJ7R,山溪叶家,50.44
2025-06-15T02:40:00,7011AJ8R,山溪幕下,65.81
2025-06-15T02:40:00,7011AJ9R,山溪前桐,194.18
2025-06-15T02:40:00,7011AM2G,富春江水库严陵坞,22.82
2025-06-15T02:45:00,70101500,富春江电站(坝上),22.74
2025-06-15T02:45:00,70101501,富春江坝下,7.97
2025-06-15T02:45:00,70101800,窄溪,5.57
2025-06-15T02:45:00,70102300,闸口,4.98
2025-06-15T02:45:00,7010AJ33,渌渚,5.61
2025-06-15T02:45:00,7011AJ4M,新桐乡,5.47
2025-06-15T02:45:00,7011AJ5M,渌渚镇,6.78
2025-06-15T02:45:00,7011AJ7R,山溪叶家,50.44
2025-06-15T02:45:00,7011AJ8R,山溪幕下,65.81
2025-06-15T02:45:00,7011AJ9R,山溪前桐,194.2
2025-06-15T02:45:00,7011AM2G,富春江水库严陵坞,22.82
2025-06-15T02:50:00,70101500,富春江电站(坝上),22.74
2025-06-15T02:50:00,70101501,富春江坝下,7.93
2025-06-15T02:50:00,70101800,窄溪,5.57
2025-06-15T02:50:00,70102300,闸口,4.97
2025-06-15T02:50:00,7010AJ33,渌渚,5.61
2025-06-15T02:50:00,7011AJ4M,新桐乡,5.47
2025-06-15T02:50:00,7011AJ5M,渌渚镇,6.8
2025-06-15T02:50:00,7011AJ7R,山溪叶家,50.44
2025-06-15T02:50:00,7011AJ8R,山溪幕下,65.81
2025-06-15T02:50:00,7011AJ9R,山溪前桐,194.19
2025-06-15T02:50:00,7011AM2G,富春江水库严陵坞,22.82
2025-06-15T02:55:00,70101500,富春江电站(坝上),22.73
2025-06-15T02:55:00,70101501,富春江坝下,7.95
2025-06-15T02:55:00,70101800,窄溪,5.57
2025-06-15T02:55:00,70102300,闸口,4.97
2025-06-15T02:55:00,7010AJ33,渌渚,5.61
2025-06-15T02:55:00,7011AJ4M,新桐乡,5.46
2025-06-15T02:55:00,7011AJ5M,渌渚镇,6.8
2025-06-15T02:55:00,7011AJ7R,山溪叶家,50.44
2025-06-15T02:55:00,7011AJ8R,山溪幕下,65.82
2025-06-15T02:55:00,7011AJ9R,山溪前桐,194.19
2025-06-15T02:55:00,7011AM2G,富春江水库严陵坞,22.82
2025-06-15T03:00:00,70101500,富春江电站(坝上),22.73
2025-06-15T03:00:00,70101501,富春江坝下,7.97
2025-06-15T03:00:00,70101800,窄溪,5.57
2025-06-15T03:00:00,70102300,闸口,4.97
2025-06-15T03:00:00,7010AJ33,渌渚,5.63
2025-06-15T03:00:00,7011AJ4M,新桐乡,5.46
2025-06-15T03:00:00,7011AJ5M,渌渚镇,6.8
2025-06-15T03:00:00,7011AJ7R,山溪叶家,50.44
2025-06-15T03:00:00,7011AJ8R,山溪幕下,65.82
2025-06-15T03:00:00,7011AJ9R,山溪前桐,194.19
2025-06-15T03:00:00,7011AM2G,富春江水库严陵坞,22.82
2025-06-15T03:05:00,70101500,富春江电站(坝上),22.72
2025-06-15T03:05:00,70101501,富春江坝下,7.96
2025-06-15T03:05:00,70101800,窄溪,5.56
2025-06-15T03:05:00,70102300,闸口,4.97
2025-06-15T03:05:00,7010AJ33,渌渚,5.63
2025-06-15T03:05:00,7011AJ4M,新桐乡,5.46
2025-06-15T03:05:00,7011AJ5M,渌渚镇,6.8
2025-06-15T03:05:00,7011AJ7R,山溪叶家,50.44
2025-06-15T03:05:00,7011AJ8R,山溪幕下,65.82
2025-06-15T03:05:00,7011AJ9R,山溪前桐,194.19
2025-06-15T03:05:00,7011AM2G,富春江水库严陵坞,22.82
2025-06-15T03:10:00,70101500,富春江电站(坝上),22.73
2025-06-15T03:10:00,70101501,富春江坝下,7.95
2025-06-15T03:10:00,70101800,窄溪,5.56
2025-06-15T03:10:00,70102300,闸口,4.97
2025-06-15T03:10:00,7010AJ33,渌渚,5.63
2025-06-15T03:10:00,7011AJ4M,新桐乡,5.46
2025-06-15T03:10:00,7011AJ5M,渌渚镇,6.8
2025-06-15T03:10:00,7011AJ7R,山溪叶家,50.45
2025-06-15T03:10:00,7011AJ8R,山溪幕下,65.82
2025-06-15T03:10:00,7011AJ9R,山溪前桐,194.18
2025-06-15T03:10:00,7011AM2G,富春江水库严陵坞,22.82
2025-06-15T03:15:00,70101500,富春江电站(坝上),22.74
2025-06-15T03:15:00,70101501,富春江坝下,7.94
2025-06-15T03:15:00,70101800,窄溪,5.56
2025-06-15T03:15:00,70102300,闸口,4.96
2025-06-15T03:15:00,7010AJ33,渌渚,5.63
2025-06-15T03:15:00,7011AJ4M,新桐乡,5.46
2025-06-15T03:15:00,7011AJ5M,渌渚镇,6.81
2025-06-15T03:15:00,7011AJ7R,山溪叶家,50.45
2025-06-15T03:15:00,7011AJ8R,山溪幕下,65.82
2025-06-15T03:15:00,7011AJ9R,山溪前桐,194.2
2025-06-15T03:15:00,7011AM2G,富春江水库严陵坞,22.82
2025-06-15T03:20:00,70101500,富春江电站(坝上),22.73
2025-06-15T03:20:00,70101501,富春江坝下,7.94
2025-06-15T03:20:00,70101800,窄溪,5.56
2025-06-15T03:20:00,70102300,闸口,4.96
2025-06-15T03:20:00,7010AJ33,渌渚,5.63
2025-06-15T03:20:00,7011AJ4M,新桐乡,5.46
2025-06-15T03:20:00,7011AJ5M,渌渚镇,6.81
2025-06-15T03:20:00,7011AJ7R,山溪叶家,50.45
2025-06-15T03:20:00,7011AJ8R,山溪幕下,65.82
2025-06-15T03:20:00,7011AJ9R,山溪前桐,194.2
2025-06-15T03:20:00,7011AM2G,富春江水库严陵坞,22.82
2025-06-15T03:25:00,70101500,富春江电站(坝上),22.73
2025-06-15T03:25:00,70101501,富春江坝下,7.93
2025-06-15T03:25:00,70101800,窄溪,5.55
2025-06-15T03:25:00,70102300,闸口,4.96
2025-06-15T03:25:00,7010AJ33,渌渚,5.63
2025-06-15T03:25:00,7011AJ4M,新桐乡,5.45
2025-06-15T03:25:00,7011AJ5M,渌渚镇,6.82
2025-06-15T03:25:00,7011AJ7R,山溪叶家,50.46
2025-06-15T03:25:00,7011AJ8R,山溪幕下,65.83
2025-06-15T03:25:00,7011AJ9R,山溪前桐,194.18
2025-06-15T03:25:00,7011AM2G,富春江水库严陵坞,22.82
2025-06-15T03:30:00,70101500,富春江电站(坝上),22.71
2025-06-15T03:30:00,70101501,富春江坝下,7.96
2025-06-15T03:30:00,70101800,窄溪,5.55
2025-06-15T03:30:00,70102300,闸口,4.96
2025-06-15T03:30:00,7010AJ33,渌渚,5.63
2025-06-15T03:30:00,7011AJ4M,新桐乡,5.45
2025-06-15T03:30:00,7011AJ5M,渌渚镇,6.83
2025-06-15T03:30:00,7011AJ7R,山溪叶家,50.46
2025-06-15T03:30:00,7011AJ8R,山溪幕下,65.83
2025-06-15T03:30:00,7011AJ9R,山溪前桐,194.2
2025-06-15T03:30:00,7011AM2G,富春江水库严陵坞,22.82
2025-06-15T03:35:00,70101500,富春江电站(坝上),22.71
2025-06-15T03:35:00,70101501,富春江坝下,7.94
2025-06-15T03:35:00,70101800,窄溪,5.55
2025-06-15T03:35:00,70102300,闸口,4.96
2025-06-15T03:35:00,7010AJ33,渌渚,5.61
2025-06-15T03:35:00,7011AJ4M,新桐乡,5.45
2025-06-15T03:35:00,7011AJ5M,渌渚镇,6.83
2025-06-15T03:35:00,7011AJ7R,山溪叶家,50.46
2025-06-15T03:35:00,7011AJ8R,山溪幕下,65.83
2025-06-15T03:35:00,7011AJ9R,山溪前桐,194.19
2025-06-15T03:35:00,7011AM2G,富春江水库严陵坞,22.81
2025-06-15T03:40:00,70101500,富春江电站(坝上),22.71
2025-06-15T03:40:00,70101501,富春江坝下,7.94
2025-06-15T03:40:00,70101800,窄溪,5.55
2025-06-15T03:40:00,70102300,闸口,4.95
2025-06-15T03:40:00,7010AJ33,渌渚,5.61
2025-06-15T03:40:00,7011AJ4M,新桐乡,5.45
2025-06-15T03:40:00,7011AJ5M,渌渚镇,6.83
2025-06-15T03:40:00,7011AJ7R,山溪叶家,50.46
2025-06-15T03:40:00,7011AJ8R,山溪幕下,65.83
2025-06-15T03:40:00,7011AJ9R,山溪前桐,194.19
2025-06-15T03:40:00,7011AM2G,富春江水库严陵坞,22.81
2025-06-15T03:45:00,70101500,富春江电站(坝上),22.72
2025-06-15T03:45:00,70101501,富春江坝下,7.95
2025-06-15T03:45:00,70101800,窄溪,5.55
2025-06-15T03:45:00,70102300,闸口,4.95
2025-06-15T03:45:00,7010AJ33,渌渚,5.61
2025-06-15T03:45:00,7011AJ4M,新桐乡,5.45
2025-06-15T03:45:00,7011AJ5M,渌渚镇,6.83
2025-06-15T03:45:00,7011AJ7R,山溪叶家,50.46
2025-06-15T03:45:00,7011AJ8R,山溪幕下,65.83
2025-06-15T03:45:00,7011AJ9R,山溪前桐,194.2
2025-06-15T03:45:00,7011AM2G,富春江水库严陵坞,22.81
2025-06-15T03:50:00,70101500,富春江电站(坝上),22.73
2025-06-15T03:50:00,70101501,富春江坝下,7.95
2025-06-15T03:50:00,70101800,窄溪,5.55
2025-06-15T03:50:00,70102300,闸口,4.95
2025-06-15T03:50:00,7010AJ33,渌渚,5.61
2025-06-15T03:50:00,7011AJ4M,新桐乡,5.45
2025-06-15T03:50:00,7011AJ5M,渌渚镇,6.83
2025-06-15T03:50:00,7011AJ7R,山溪叶家,50.46
2025-06-15T03:50:00,7011AJ8R,山溪幕下,65.83
2025-06-15T03:50:00,7011AJ9R,山溪前桐,194.19
2025-06-15T03:50:00,7011AM2G,富春江水库严陵坞,22.81
2025-06-15T03:55:00,70101500,富春江电站(坝上),22.73
2025-06-15T03:55:00,70101501,富春江坝下,7.95
2025-06-15T03:55:00,70101800,窄溪,5.55
2025-06-15T03:55:00,70102300,闸口,4.95
2025-06-15T03:55:00,7010AJ33,渌渚,5.61
2025-06-15T03:55:00,7011AJ4M,新桐乡,5.45
2025-06-15T03:55:00,7011AJ5M,渌渚镇,6.84
2025-06-15T03:55:00,7011AJ7R,山溪叶家,50.46
2025-06-15T03:55:00,7011AJ8R,山溪幕下,65.83
2025-06-15T03:55:00,7011AJ9R,山溪前桐,194.19
2025-06-15T03:55:00,7011AM2G,富春江水库严陵坞,22.82
2025-06-15T04:00:00,70101500,富春江电站(坝上),22.74
2025-06-15T04:00:00,70101501,富春江坝下,7.95
2025-06-15T04:00:00,70101800,窄溪,5.55
2025-06-15T04:00:00,70102300,闸口,4.95
2025-06-15T04:00:00,7010AJ33,渌渚,5.61
2025-06-15T04:00:00,7011AJ4M,新桐乡,5.45
2025-06-15T04:00:00,7011AJ5M,渌渚镇,6.84
2025-06-15T04:00:00,7011AJ7R,山溪叶家,50.46
2025-06-15T04:00:00,7011AJ8R,山溪幕下,65.83
2025-06-15T04:00:00,7011AJ9R,山溪前桐,194.19
2025-06-15T04:00:00,7011AM2G,富春江水库严陵坞,22.82
2025-06-15T04:05:00,70101500,富春江电站(坝上),22.75
2025-06-15T04:05:00,70101501,富春江坝下,7.95
2025-06-15T04:05:00,70101800,窄溪,5.55
2025-06-15T04:05:00,70102300,闸口,4.95
2025-06-15T04:05:00,7010AJ33,渌渚,5.61
2025-06-15T04:05:00,7011AJ4M,新桐乡,5.44
2025-06-15T04:05:00,7011AJ5M,渌渚镇,6.84
2025-06-15T04:05:00,7011AJ7R,山溪叶家,50.46
2025-06-15T04:05:00,7011AJ8R,山溪幕下,65.84
2025-06-15T04:05:00,7011AJ9R,山溪前桐,194.17
2025-06-15T04:05:00,7011AM2G,富春江水库严陵坞,22.83
2025-06-15T04:10:00,70101500,富春江电站(坝上),22.76
2025-06-15T04:10:00,70101501,富春江坝下,7.95
2025-06-15T04:10:00,70101800,窄溪,5.55
2025-06-15T04:10:00,70102300,闸口,4.95
2025-06-15T04:10:00,7010AJ33,渌渚,5.61
2025-06-15T04:10:00,7011AJ4M,新桐乡,5.45
2025-06-15T04:10:00,7011AJ5M,渌渚镇,6.84
2025-06-15T04:10:00,7011AJ7R,山溪叶家,50.46
2025-06-15T04:10:00,7011AJ8R,山溪幕下,65.83
2025-06-15T04:10:00,7011AJ9R,山溪前桐,194.18
2025-06-15T04:10:00,7011AM2G,富春江水库严陵坞,22.84
2025-06-15T04:15:00,70101500,富春江电站(坝上),22.76
2025-06-15T04:15:00,70101501,富春江坝下,7.95
2025-06-15T04:15:00,70101800,窄溪,5.55
2025-06-15T04:15:00,70102300,闸口,4.95
2025-06-15T04:15:00,7010AJ33,渌渚,5.61
2025-06-15T04:15:00,7011AJ4M,新桐乡,5.45
2025-06-15T04:15:00,7011AJ5M,渌渚镇,6.84
2025-06-15T04:15:00,7011AJ7R,山溪叶家,50.46
2025-06-15T04:15:00,7011AJ8R,山溪幕下,65.84
2025-06-15T04:15:00,7011AJ9R,山溪前桐,194.18
2025-06-15T04:15:00,7011AM2G,富春江水库严陵坞,22.85
2025-06-15T04:20:00,70101500,富春江电站(坝上),22.78
2025-06-15T04:20:00,70101501,富春江坝下,7.93
2025-06-15T04:20:00,70101800,窄溪,5.54
2025-06-15T04:20:00,70102300,闸口,4.94
2025-06-15T04:20:00,7010AJ33,渌渚,5.61
2025-06-15T04:20:00,7011AJ4M,新桐乡,5.44
2025-06-15T04:20:00,7011AJ5M,渌渚镇,6.84
2025-06-15T04:20:00,7011AJ7R,山溪叶家,50.46
2025-06-15T04:20:00,7011AJ8R,山溪幕下,65.83
2025-06-15T04:20:00,7011AJ9R,山溪前桐,194.18
2025-06-15T04:20:00,7011AM2G,富春江水库严陵坞,22.85
2025-06-15T04:25:00,70101500,富春江电站(坝上),22.78
2025-06-15T04:25:00,70101501,富春江坝下,7.92
2025-06-15T04:25:00,70101800,窄溪,5.55
2025-06-15T04:25:00,70102300,闸口,4.94
2025-06-15T04:25:00,7010AJ33,渌渚,5.61
2025-06-15T04:25:00,7011AJ4M,新桐乡,5.44
2025-06-15T04:25:00,7011AJ5M,渌渚镇,6.84
2025-06-15T04:25:00,7011AJ7R,山溪叶家,50.46
2025-06-15T04:25:00,7011AJ8R,山溪幕下,65.83
2025-06-15T04:25:00,7011AJ9R,山溪前桐,194.19
2025-06-15T04:25:00,7011AM2G,富春江水库严陵坞,22.87
2025-06-15T04:30:00,70101500,富春江电站(坝上),22.79
2025-06-15T04:30:00,70101501,富春江坝下,7.94
2025-06-15T04:30:00,70101800,窄溪,5.54
2025-06-15T04:30:00,70102300,闸口,4.94
2025-06-15T04:30:00,7010AJ33,渌渚,5.61
2025-06-15T04:30:00,7011AJ4M,新桐乡,5.44
2025-06-15T04:30:00,7011AJ5M,渌渚镇,6.84
2025-06-15T04:30:00,7011AJ7R,山溪叶家,50.46
2025-06-15T04:30:00,7011AJ8R,山溪幕下,65.83
2025-06-15T04:30:00,7011AJ9R,山溪前桐,194.18
2025-06-15T04:30:00,7011AM2G,富春江水库严陵坞,22.87
2025-06-15T04:35:00,70101500,富春江电站(坝上),22.8
2025-06-15T04:35:00,70101501,富春江坝下,7.93
2025-06-15T04:35:00,70101800,窄溪,5.54
2025-06-15T04:35:00,70102300,闸口,4.94
2025-06-15T04:35:00,7010AJ33,渌渚,5.61
2025-06-15T04:35:00,7011AJ4M,新桐乡,5.44
2025-06-15T04:35:00,7011AJ5M,渌渚镇,6.85
2025-06-15T04:35:00,7011AJ7R,山溪叶家,50.46
2025-06-15T04:35:00,7011AJ8R,山溪幕下,65.83
2025-06-15T04:35:00,7011AJ9R,山溪前桐,194.18
2025-06-15T04:35:00,7011AM2G,富春江水库严陵坞,22.88
2025-06-15T04:40:00,70101500,富春江电站(坝上),22.8
2025-06-15T04:40:00,70101501,富春江坝下,7.93
2025-06-15T04:40:00,70101800,窄溪,5.54
2025-06-15T04:40:00,70102300,闸口,4.94
2025-06-15T04:40:00,7010AJ33,渌渚,5.61
2025-06-15T04:40:00,7011AJ4M,新桐乡,5.44
2025-06-15T04:40:00,7011AJ5M,渌渚镇,6.84
2025-06-15T04:40:00,7011AJ7R,山溪叶家,50.46
2025-06-15T04:40:00,7011AJ8R,山溪幕下,65.84
2025-06-15T04:40:00,7011AJ9R,山溪前桐,194.18
2025-06-15T04:40:00,7011AM2G,富春江水库严陵坞,22.89
2025-06-15T04:45:00,70101500,富春江电站(坝上),22.81
2025-06-15T04:45:00,70101501,富春江坝下,7.93
2025-06-15T04:45:00,70101800,窄溪,5.53
2025-06-15T04:45:00,70102300,闸口,4.94
2025-06-15T04:45:00,7010AJ33,渌渚,5.59
2025-06-15T04:45:00,7011AJ4M,新桐乡,5.44
2025-06-15T04:45:00,7011AJ5M,渌渚镇,6.84
2025-06-15T04:45:00,7011AJ7R,山溪叶家,50.46
2025-06-15T04:45:00,7011AJ8R,山溪幕下,65.83
2025-06-15T04:45:00,7011AJ9R,山溪前桐,194.19
2025-06-15T04:45:00,7011AM2G,富春江水库严陵坞,22.89
2025-06-15T04:50:00,70101500,富春江电站(坝上),22.8
2025-06-15T04:50:00,70101501,富春江坝下,7.92
2025-06-15T04:50:00,70101800,窄溪,5.53
2025-06-15T04:50:00,70102300,闸口,4.94
2025-06-15T04:50:00,7010AJ33,渌渚,5.59
2025-06-15T04:50:00,7011AJ4M,新桐乡,5.44
2025-06-15T04:50:00,7011AJ5M,渌渚镇,6.85
2025-06-15T04:50:00,7011AJ7R,山溪叶家,50.46
2025-06-15T04:50:00,7011AJ8R,山溪幕下,65.83
2025-06-15T04:50:00,7011AJ9R,山溪前桐,194.17
2025-06-15T04:50:00,7011AM2G,富春江水库严陵坞,22.9
2025-06-15T04:55:00,70101500,富春江电站(坝上),22.82
2025-06-15T04:55:00,70101501,富春江坝下,7.93
2025-06-15T04:55:00,70101800,窄溪,5.53
2025-06-15T04:55:00,70102300,闸口,4.93
2025-06-15T04:55:00,7010AJ33,渌渚,5.59
2025-06-15T04:55:00,7011AJ4M,新桐乡,5.44
2025-06-15T04:55:00,7011AJ5M,渌渚镇,6.84
2025-06-15T04:55:00,7011AJ7R,山溪叶家,50.47
2025-06-15T04:55:00,7011AJ8R,山溪幕下,65.83
2025-06-15T04:55:00,7011AJ9R,山溪前桐,194.18
2025-06-15T04:55:00,7011AM2G,富春江水库严陵坞,22.9
2025-06-15T05:00:00,70101500,富春江电站(坝上),22.82
2025-06-15T05:00:00,70101501,富春江坝下,7.93
2025-06-15T05:00:00,70101800,窄溪,5.53
2025-06-15T05:00:00,70102300,闸口,4.93
2025-06-15T05:00:00,7010AJ33,渌渚,5.61
2025-06-15T05:00:00,7011AJ4M,新桐乡,5.44
2025-06-15T05:00:00,7011AJ5M,渌渚镇,6.85
2025-06-15T05:00:00,7011AJ7R,山溪叶家,50.46
2025-06-15T05:00:00,7011AJ8R,山溪幕下,65.84
2025-06-15T05:00:00,7011AJ9R,山溪前桐,194.18
2025-06-15T05:00:00,7011AM2G,富春江水库严陵坞,22.91
2025-06-15T05:05:00,70101500,富春江电站(坝上),22.83
2025-06-15T05:05:00,70101501,富春江坝下,7.94
2025-06-15T05:05:00,70101800,窄溪,5.53
2025-06-15T05:05:00,70102300,闸口,4.96
2025-06-15T05:05:00,7010AJ33,渌渚,5.61
2025-06-15T05:05:00,7011AJ4M,新桐乡,5.44
2025-06-15T05:05:00,7011AJ5M,渌渚镇,6.85
2025-06-15T05:05:00,7011AJ7R,山溪叶家,50.46
2025-06-15T05:05:00,7011AJ8R,山溪幕下,65.83
2025-06-15T05:05:00,7011AJ9R,山溪前桐,194.18
2025-06-15T05:05:00,7011AM2G,富春江水库严陵坞,22.91
2025-06-15T05:10:00,70101500,富春江电站(坝上),22.82
2025-06-15T05:10:00,70101501,富春江坝下,7.94
2025-06-15T05:10:00,70101800,窄溪,5.53
2025-06-15T05:10:00,70102300,闸口,5.37
2025-06-15T05:10:00,7010AJ33,渌渚,5.59
2025-06-15T05:10:00,7011AJ4M,新桐乡,5.43
2025-06-15T05:10:00,7011AJ5M,渌渚镇,6.85
2025-06-15T05:10:00,7011AJ7R,山溪叶家,50.46
2025-06-15T05:10:00,7011AJ8R,山溪幕下,65.83
2025-06-15T05:10:00,7011AJ9R,山溪前桐,194.18
2025-06-15T05:10:00,7011AM2G,富春江水库严陵坞,22.91
2025-06-15T05:15:00,70101500,富春江电站(坝上),22.83
2025-06-15T05:15:00,70101501,富春江坝下,7.93
2025-06-15T05:15:00,70101800,窄溪,5.53
2025-06-15T05:15:00,70102300,闸口,5.54
2025-06-15T05:15:00,7010AJ33,渌渚,5.59
2025-06-15T05:15:00,7011AJ4M,新桐乡,5.42
2025-06-15T05:15:00,7011AJ5M,渌渚镇,6.85
2025-06-15T05:15:00,7011AJ7R,山溪叶家,50.46
2025-06-15T05:15:00,7011AJ8R,山溪幕下,65.84
2025-06-15T05:15:00,7011AJ9R,山溪前桐,194.18
2025-06-15T05:15:00,7011AM2G,富春江水库严陵坞,22.92
2025-06-15T05:20:00,70101500,富春江电站(坝上),22.84
2025-06-15T05:20:00,70101501,富春江坝下,7.93
2025-06-15T05:20:00,70101800,窄溪,5.53
2025-06-15T05:20:00,70102300,闸口,5.59
2025-06-15T05:20:00,7010AJ33,渌渚,5.59
2025-06-15T05:20:00,7011AJ4M,新桐乡,5.42
2025-06-15T05:20:00,7011AJ5M,渌渚镇,6.85
2025-06-15T05:20:00,7011AJ7R,山溪叶家,50.46
2025-06-15T05:20:00,7011AJ8R,山溪幕下,65.84
2025-06-15T05:20:00,7011AJ9R,山溪前桐,194.18
2025-06-15T05:20:00,7011AM2G,富春江水库严陵坞,22.92
2025-06-15T05:25:00,70101500,富春江电站(坝上),22.83
2025-06-15T05:25:00,70101501,富春江坝下,7.92
2025-06-15T05:25:00,70101800,窄溪,5.52
2025-06-15T05:25:00,70102300,闸口,5.54
2025-06-15T05:25:00,7010AJ33,渌渚,5.59
2025-06-15T05:25:00,7011AJ4M,新桐乡,5.41
2025-06-15T05:25:00,7011AJ5M,渌渚镇,6.85
2025-06-15T05:25:00,7011AJ7R,山溪叶家,50.46
2025-06-15T05:25:00,7011AJ8R,山溪幕下,65.84
2025-06-15T05:25:00,7011AJ9R,山溪前桐,194.18
2025-06-15T05:25:00,7011AM2G,富春江水库严陵坞,22.92
2025-06-15T05:30:00,70101500,富春江电站(坝上),22.85
2025-06-15T05:30:00,70101501,富春江坝下,7.92
2025-06-15T05:30:00,70101800,窄溪,5.52
2025-06-15T05:30:00,70102300,闸口,5.52
2025-06-15T05:30:00,7010AJ33,渌渚,5.59
2025-06-15T05:30:00,7011AJ4M,新桐乡,5.41
2025-06-15T05:30:00,7011AJ5M,渌渚镇,6.85
2025-06-15T05:30:00,7011AJ7R,山溪叶家,50.47
2025-06-15T05:30:00,7011AJ8R,山溪幕下,65.84
2025-06-15T05:30:00,7011AJ9R,山溪前桐,194.18
2025-06-15T05:30:00,7011AM2G,富春江水库严陵坞,22.93
2025-06-15T05:35:00,70101500,富春江电站(坝上),22.85
2025-06-15T05:35:00,70101501,富春江坝下,7.97
2025-06-15T05:35:00,70101800,窄溪,5.52
2025-06-15T05:35:00,70102300,闸口,5.54
2025-06-15T05:35:00,7010AJ33,渌渚,5.59
2025-06-15T05:35:00,7011AJ4M,新桐乡,5.41
2025-06-15T05:35:00,7011AJ5M,渌渚镇,6.85
2025-06-15T05:35:00,7011AJ7R,山溪叶家,50.46
2025-06-15T05:35:00,7011AJ8R,山溪幕下,65.84
2025-06-15T05:35:00,7011AJ9R,山溪前桐,194.17
2025-06-15T05:35:00,7011AM2G,富春江水库严陵坞,22.93
2025-06-15T05:40:00,70101500,富春江电站(坝上),22.85
2025-06-15T05:40:00,70101501,富春江坝下,8.0
2025-06-15T05:40:00,70101800,窄溪,5.52
2025-06-15T05:40:00,70102300,闸口,5.64
2025-06-15T05:40:00,7010AJ33,渌渚,5.59
2025-06-15T05:40:00,7011AJ4M,新桐乡,5.41
2025-06-15T05:40:00,7011AJ5M,渌渚镇,6.85
2025-06-15T05:40:00,7011AJ7R,山溪叶家,50.46
2025-06-15T05:40:00,7011AJ8R,山溪幕下,65.84
2025-06-15T05:40:00,7011AJ9R,山溪前桐,194.18
2025-06-15T05:40:00,7011AM2G,富春江水库严陵坞,22.93
2025-06-15T05:45:00,70101500,富春江电站(坝上),22.85
2025-06-15T05:45:00,70101501,富春江坝下,7.95
2025-06-15T05:45:00,70101800,窄溪,5.52
2025-06-15T05:45:00,70102300,闸口,5.61
2025-06-15T05:45:00,7010AJ33,渌渚,5.59
2025-06-15T05:45:00,7011AJ4M,新桐乡,5.41
2025-06-15T05:45:00,7011AJ5M,渌渚镇,6.85
2025-06-15T05:45:00,7011AJ7R,山溪叶家,50.46
2025-06-15T05:45:00,7011AJ8R,山溪幕下,65.84
2025-06-15T05:45:00,7011AJ9R,山溪前桐,194.18
2025-06-15T05:45:00,7011AM2G,富春江水库严陵坞,22.93
2025-06-15T05:50:00,70101500,富春江电站(坝上),22.86
2025-06-15T05:50:00,70101501,富春江坝下,7.95
2025-06-15T05:50:00,70101800,窄溪,5.52
2025-06-15T05:50:00,70102300,闸口,5.64
2025-06-15T05:50:00,7010AJ33,渌渚,5.59
2025-06-15T05:50:00,7011AJ4M,新桐乡,5.42
2025-06-15T05:50:00,7011AJ5M,渌渚镇,6.85
2025-06-15T05:50:00,7011AJ7R,山溪叶家,50.46
2025-06-15T05:50:00,7011AJ8R,山溪幕下,65.84
2025-06-15T05:50:00,7011AJ9R,山溪前桐,194.18
2025-06-15T05:50:00,7011AM2G,富春江水库严陵坞,22.94
2025-06-15T05:55:00,70101500,富春江电站(坝上),22.86
2025-06-15T05:55:00,70101501,富春江坝下,7.94
2025-06-15T05:55:00,70101800,窄溪,5.52
2025-06-15T05:55:00,70102300,闸口,5.7
2025-06-15T05:55:00,7010AJ33,渌渚,5.59
2025-06-15T05:55:00,7011AJ4M,新桐乡,5.42
2025-06-15T05:55:00,7011AJ5M,渌渚镇,6.86
2025-06-15T05:55:00,7011AJ7R,山溪叶家,50.46
2025-06-15T05:55:00,7011AJ8R,山溪幕下,65.84
2025-06-15T05:55:00,7011AJ9R,山溪前桐,194.18
2025-06-15T05:55:00,7011AM2G,富春江水库严陵坞,22.94
2025-06-15T06:00:00,70101500,富春江电站(坝上),22.87
2025-06-15T06:00:00,70101501,富春江坝下,7.95
2025-06-15T06:00:00,70101800,窄溪,5.52
2025-06-15T06:00:00,70102300,闸口,5.76
2025-06-15T06:00:00,7010AJ33,渌渚,5.57
2025-06-15T06:00:00,7011AJ4M,新桐乡,5.42
2025-06-15T06:00:00,7011AJ5M,渌渚镇,6.85
2025-06-15T06:00:00,7011AJ7R,山溪叶家,50.47
2025-06-15T06:00:00,7011AJ8R,山溪幕下,65.84
2025-06-15T06:00:00,7011AJ9R,山溪前桐,194.18
2025-06-15T06:00:00,7011AM2G,富春江水库严陵坞,22.95
2025-06-15T06:05:00,70101500,富春江电站(坝上),22.88
2025-06-15T06:05:00,70101501,富春江坝下,7.95
2025-06-15T06:05:00,70101800,窄溪,5.52
2025-06-15T06:05:00,70102300,闸口,5.7
2025-06-15T06:05:00,7010AJ33,渌渚,5.59
2025-06-15T06:05:00,7011AJ4M,新桐乡,5.42
2025-06-15T06:05:00,7011AJ5M,渌渚镇,6.85
2025-06-15T06:05:00,7011AJ7R,山溪叶家,50.46
2025-06-15T06:05:00,7011AJ8R,山溪幕下,65.84
2025-06-15T06:05:00,7011AJ9R,山溪前桐,194.18
2025-06-15T06:05:00,7011AM2G,富春江水库严陵坞,22.95
2025-06-15T06:10:00,70101500,富春江电站(坝上),22.88
2025-06-15T06:10:00,70101501,富春江坝下,7.96
2025-06-15T06:10:00,70101800,窄溪,5.52
2025-06-15T06:10:00,70102300,闸口,5.67
2025-06-15T06:10:00,7010AJ33,渌渚,5.57
2025-06-15T06:10:00,7011AJ4M,新桐乡,5.42
2025-06-15T06:10:00,7011AJ5M,渌渚镇,6.85
2025-06-15T06:10:00,7011AJ7R,山溪叶家,50.47
2025-06-15T06:10:00,7011AJ8R,山溪幕下,65.84
2025-06-15T06:10:00,7011AJ9R,山溪前桐,194.18
2025-06-15T06:10:00,7011AM2G,富春江水库严陵坞,22.96
2025-06-15T06:15:00,70101500,富春江电站(坝上),22.88
2025-06-15T06:15:00,70101501,富春江坝下,7.96
2025-06-15T06:15:00,70101800,窄溪,5.53
2025-06-15T06:15:00,70102300,闸口,5.63
2025-06-15T06:15:00,7010AJ33,渌渚,5.57
2025-06-15T06:15:00,7011AJ4M,新桐乡,5.42
2025-06-15T06:15:00,7011AJ5M,渌渚镇,6.85
2025-06-15T06:15:00,7011AJ7R,山溪叶家,50.46
2025-06-15T06:15:00,7011AJ8R,山溪幕下,65.83
2025-06-15T06:15:00,7011AJ9R,山溪前桐,194.16
2025-06-15T06:15:00,7011AM2G,富春江水库严陵坞,22.97
2025-06-15T06:20:00,70101500,富春江电站(坝上),22.89
2025-06-15T06:20:00,70101501,富春江坝下,7.95
2025-06-15T06:20:00,70101800,窄溪,5.53
2025-06-15T06:20:00,70102300,闸口,5.65
2025-06-15T06:20:00,7010AJ33,渌渚,5.57
2025-06-15T06:20:00,7011AJ4M,新桐乡,5.42
2025-06-15T06:20:00,7011AJ5M,渌渚镇,6.85
2025-06-15T06:20:00,7011AJ7R,山溪叶家,50.46
2025-06-15T06:20:00,7011AJ8R,山溪幕下,65.83
2025-06-15T06:20:00,7011AJ9R,山溪前桐,194.17
2025-06-15T06:20:00,7011AM2G,富春江水库严陵坞,22.98
2025-06-15T06:25:00,70101500,富春江电站(坝上),22.9
2025-06-15T06:25:00,70101501,富春江坝下,7.95
2025-06-15T06:25:00,70101800,窄溪,5.52
2025-06-15T06:25:00,70102300,闸口,5.68
2025-06-15T06:25:00,7010AJ33,渌渚,5.59
2025-06-15T06:25:00,7011AJ4M,新桐乡,5.41
2025-06-15T06:25:00,7011AJ5M,渌渚镇,6.85
2025-06-15T06:25:00,7011AJ7R,山溪叶家,50.46
2025-06-15T06:25:00,7011AJ8R,山溪幕下,65.84
2025-06-15T06:25:00,7011AJ9R,山溪前桐,194.18
2025-06-15T06:25:00,7011AM2G,富春江水库严陵坞,22.98
2025-06-15T06:30:00,70101500,富春江电站(坝上),22.91
2025-06-15T06:30:00,70101501,富春江坝下,7.95
2025-06-15T06:30:00,70101800,窄溪,5.52
2025-06-15T06:30:00,70102300,闸口,5.63
2025-06-15T06:30:00,7010AJ33,渌渚,5.59
2025-06-15T06:30:00,7011AJ4M,新桐乡,5.41
2025-06-15T06:30:00,7011AJ5M,渌渚镇,6.85
2025-06-15T06:30:00,7011AJ7R,山溪叶家,50.46
2025-06-15T06:30:00,7011AJ8R,山溪幕下,65.84
2025-06-15T06:30:00,7011AJ9R,山溪前桐,194.18
2025-06-15T06:30:00,7011AM2G,富春江水库严陵坞,22.99
2025-06-15T06:35:00,70101500,富春江电站(坝上),22.91
2025-06-15T06:35:00,70101501,富春江坝下,7.95
2025-06-15T06:35:00,70101800,窄溪,5.52
2025-06-15T06:35:00,70102300,闸口,5.62
2025-06-15T06:35:00,7010AJ33,渌渚,5.59
2025-06-15T06:35:00,7011AJ4M,新桐乡,5.42
2025-06-15T06:35:00,7011AJ5M,渌渚镇,6.84
2025-06-15T06:35:00,7011AJ7R,山溪叶家,50.46
2025-06-15T06:35:00,7011AJ8R,山溪幕下,65.84
2025-06-15T06:35:00,7011AJ9R,山溪前桐,194.17
2025-06-15T06:35:00,7011AM2G,富春江水库严陵坞,23.0
2025-06-15T06:40:00,70101500,富春江电站(坝上),22.93
2025-06-15T06:40:00,70101501,富春江坝下,7.94
2025-06-15T06:40:00,70101800,窄溪,5.52
2025-06-15T06:40:00,70102300,闸口,5.61
2025-06-15T06:40:00,7010AJ33,渌渚,5.59
2025-06-15T06:40:00,7011AJ4M,新桐乡,5.42
2025-06-15T06:40:00,7011AJ5M,渌渚镇,6.84
2025-06-15T06:40:00,7011AJ7R,山溪叶家,50.46
2025-06-15T06:40:00,7011AJ8R,山溪幕下,65.84
2025-06-15T06:40:00,7011AJ9R,山溪前桐,194.18
2025-06-15T06:40:00,7011AM2G,富春江水库严陵坞,23.0
2025-06-15T06:45:00,70101500,富春江电站(坝上),22.93
2025-06-15T06:45:00,70101501,富春江坝下,7.95
2025-06-15T06:45:00,70101800,窄溪,5.52
2025-06-15T06:45:00,70102300,闸口,5.59
2025-06-15T06:45:00,7010AJ33,渌渚,5.59
2025-06-15T06:45:00,7011AJ4M,新桐乡,5.42
2025-06-15T06:45:00,7011AJ5M,渌渚镇,6.84
2025-06-15T06:45:00,7011AJ7R,山溪叶家,50.46
2025-06-15T06:45:00,7011AJ8R,山溪幕下,65.84
2025-06-15T06:45:00,7011AJ9R,山溪前桐,194.18
2025-06-15T06:45:00,7011AM2G,富春江水库严陵坞,23.01
2025-06-15T06:50:00,70101500,富春江电站(坝上),22.92
2025-06-15T06:50:00,70101501,富春江坝下,7.93
2025-06-15T06:50:00,70101800,窄溪,5.52
2025-06-15T06:50:00,70102300,闸口,5.65
2025-06-15T06:50:00,7010AJ33,渌渚,5.59
2025-06-15T06:50:00,7011AJ4M,新桐乡,5.42
2025-06-15T06:50:00,7011AJ5M,渌渚镇,6.84
2025-06-15T06:50:00,7011AJ7R,山溪叶家,50.47
2025-06-15T06:50:00,7011AJ8R,山溪幕下,65.84
2025-06-15T06:50:00,7011AJ9R,山溪前桐,194.18
2025-06-15T06:50:00,7011AM2G,富春江水库严陵坞,23.02
2025-06-15T06:55:00,70101500,富春江电站(坝上),22.93
2025-06-15T06:55:00,70101501,富春江坝下,7.94
2025-06-15T06:55:00,70101800,窄溪,5.52
2025-06-15T06:55:00,70102300,闸口,5.66
2025-06-15T06:55:00,7010AJ33,渌渚,5.59
2025-06-15T06:55:00,7011AJ4M,新桐乡,5.41
2025-06-15T06:55:00,7011AJ5M,渌渚镇,6.84
2025-06-15T06:55:00,7011AJ7R,山溪叶家,50.47
2025-06-15T06:55:00,7011AJ8R,山溪幕下,65.84
2025-06-15T06:55:00,7011AJ9R,山溪前桐,194.17
2025-06-15T06:55:00,7011AM2G,富春江水库严陵坞,23.01
2025-06-15T07:00:00,70101500,富春江电站(坝上),22.93
2025-06-15T07:00:00,70101501,富春江坝下,7.95
2025-06-15T07:00:00,70101800,窄溪,5.52
2025-06-15T07:00:00,70102300,闸口,5.65
2025-06-15T07:00:00,7010AJ33,渌渚,5.59
2025-06-15T07:00:00,7011AJ4M,新桐乡,5.42
2025-06-15T07:00:00,7011AJ5M,渌渚镇,6.84
2025-06-15T07:00:00,7011AJ7R,山溪叶家,50.46
2025-06-15T07:00:00,7011AJ8R,山溪幕下,65.84
2025-06-15T07:00:00,7011AJ9R,山溪前桐,194.18
2025-06-15T07:00:00,7011AM2G,富春江水库严陵坞,23.02
2025-06-15T07:05:00,70101500,富春江电站(坝上),22.95
2025-06-15T07:05:00,70101501,富春江坝下,7.94
2025-06-15T07:05:00,70101800,窄溪,5.52
2025-06-15T07:05:00,70102300,闸口,5.61
2025-06-15T07:05:00,7010AJ33,渌渚,5.59
2025-06-15T07:05:00,7011AJ4M,新桐乡,5.43
2025-06-15T07:05:00,7011AJ5M,渌渚镇,6.84
2025-06-15T07:05:00,7011AJ7R,山溪叶家,50.47
2025-06-15T07:05:00,7011AJ8R,山溪幕下,65.84
2025-06-15T07:05:00,7011AJ9R,山溪前桐,194.18
2025-06-15T07:05:00,7011AM2G,富春江水库严陵坞,23.02
2025-06-15T07:10:00,70101500,富春江电站(坝上),22.95
2025-06-15T07:10:00,70101501,富春江坝下,7.91
2025-06-15T07:10:00,70101800,窄溪,5.54
2025-06-15T07:10:00,70102300,闸口,5.61
2025-06-15T07:10:00,7010AJ33,渌渚,5.59
2025-06-15T07:10:00,7011AJ4M,新桐乡,5.54
2025-06-15T07:10:00,7011AJ5M,渌渚镇,6.84
2025-06-15T07:10:00,7011AJ7R,山溪叶家,50.47
2025-06-15T07:10:00,7011AJ8R,山溪幕下,65.84
2025-06-15T07:10:00,7011AJ9R,山溪前桐,194.19
2025-06-15T07:10:00,7011AM2G,富春江水库严陵坞,23.03
2025-06-15T07:15:00,70101500,富春江电站(坝上),22.96
2025-06-15T07:15:00,70101501,富春江坝下,7.95
2025-06-15T07:15:00,70101800,窄溪,5.63
2025-06-15T07:15:00,70102300,闸口,5.59
2025-06-15T07:15:00,7010AJ33,渌渚,5.59
2025-06-15T07:15:00,7011AJ4M,新桐乡,5.59
2025-06-15T07:15:00,7011AJ5M,渌渚镇,6.84
2025-06-15T07:15:00,7011AJ7R,山溪叶家,50.47
2025-06-15T07:15:00,7011AJ8R,山溪幕下,65.84
2025-06-15T07:15:00,7011AJ9R,山溪前桐,194.19
2025-06-15T07:15:00,7011AM2G,富春江水库严陵坞,23.03
2025-06-15T07:20:00,70101500,富春江电站(坝上),22.97
2025-06-15T07:20:00,70101501,富春江坝下,7.92
2025-06-15T07:20:00,70101800,窄溪,5.68
2025-06-15T07:20:00,70102300,闸口,5.59
2025-06-15T07:20:00,7010AJ33,渌渚,5.59
2025-06-15T07:20:00,7011AJ4M,新桐乡,5.59
2025-06-15T07:20:00,7011AJ5M,渌渚镇,6.84
2025-06-15T07:20:00,7011AJ7R,山溪叶家,50.47
2025-06-15T07:20:00,7011AJ8R,山溪幕下,65.84
2025-06-15T07:20:00,7011AJ9R,山溪前桐,194.19
2025-06-15T07:20:00,7011AM2G,富春江水库严陵坞,23.05
2025-06-15T07:25:00,70101500,富春江电站(坝上),22.97
2025-06-15T07:25:00,70101501,富春江坝下,7.91
2025-06-15T07:25:00,70101800,窄溪,5.75
2025-06-15T07:25:00,70102300,闸口,5.55
2025-06-15T07:25:00,7010AJ33,渌渚,5.59
2025-06-15T07:25:00,7011AJ4M,新桐乡,5.62
2025-06-15T07:25:00,7011AJ5M,渌渚镇,6.83
2025-06-15T07:25:00,7011AJ7R,山溪叶家,50.47
2025-06-15T07:25:00,7011AJ8R,山溪幕下,65.85
2025-06-15T07:25:00,7011AJ9R,山溪前桐,194.19
2025-06-15T07:25:00,7011AM2G,富春江水库严陵坞,23.06
2025-06-15T07:30:00,70101500,富春江电站(坝上),22.98
2025-06-15T07:30:00,70101501,富春江坝下,7.93
2025-06-15T07:30:00,70101800,窄溪,5.8
2025-06-15T07:30:00,70102300,闸口,5.55
2025-06-15T07:30:00,7010AJ33,渌渚,5.64
2025-06-15T07:30:00,7011AJ4M,新桐乡,5.76
2025-06-15T07:30:00,7011AJ5M,渌渚镇,6.84
2025-06-15T07:30:00,7011AJ7R,山溪叶家,50.47
2025-06-15T07:30:00,7011AJ8R,山溪幕下,65.85
2025-06-15T07:30:00,7011AJ9R,山溪前桐,194.2
2025-06-15T07:30:00,7011AM2G,富春江水库严陵坞,23.07
2025-06-15T07:35:00,70101500,富春江电站(坝上),22.99
2025-06-15T07:35:00,70101501,富春江坝下,7.93
2025-06-15T07:35:00,70101800,窄溪,5.84
2025-06-15T07:35:00,70102300,闸口,5.57
2025-06-15T07:35:00,7010AJ33,渌渚,5.72
2025-06-15T07:35:00,7011AJ4M,新桐乡,5.79
2025-06-15T07:35:00,7011AJ5M,渌渚镇,6.84
2025-06-15T07:35:00,7011AJ7R,山溪叶家,50.49
2025-06-15T07:35:00,7011AJ8R,山溪幕下,65.85
2025-06-15T07:35:00,7011AJ9R,山溪前桐,194.21
2025-06-15T07:35:00,7011AM2G,富春江水库严陵坞,23.08
2025-06-15T07:40:00,70101500,富春江电站(坝上),23.0
2025-06-15T07:40:00,70101501,富春江坝下,7.92
2025-06-15T07:40:00,70101800,窄溪,5.87
2025-06-15T07:40:00,70102300,闸口,5.54
2025-06-15T07:40:00,7010AJ33,渌渚,5.8
2025-06-15T07:40:00,7011AJ4M,新桐乡,5.83
2025-06-15T07:40:00,7011AJ5M,渌渚镇,6.85
2025-06-15T07:40:00,7011AJ7R,山溪叶家,50.49
2025-06-15T07:40:00,7011AJ8R,山溪幕下,65.85
2025-06-15T07:40:00,7011AJ9R,山溪前桐,194.23
2025-06-15T07:40:00,7011AM2G,富春江水库严陵坞,23.08
2025-06-15T07:45:00,70101500,富春江电站(坝上),23.0
2025-06-15T07:45:00,70101501,富春江坝下,7.93
2025-06-15T07:45:00,70101800,窄溪,5.91
2025-06-15T07:45:00,70102300,闸口,5.53
2025-06-15T07:45:00,7010AJ33,渌渚,5.86
2025-06-15T07:45:00,7011AJ4M,新桐乡,5.85
2025-06-15T07:45:00,7011AJ5M,渌渚镇,6.84
2025-06-15T07:45:00,7011AJ7R,山溪叶家,50.49
2025-06-15T07:45:00,7011AJ8R,山溪幕下,65.86
2025-06-15T07:45:00,7011AJ9R,山溪前桐,194.21
2025-06-15T07:45:00,7011AM2G,富春江水库严陵坞,23.09
2025-06-15T07:50:00,70101500,富春江电站(坝上),23.02
2025-06-15T07:50:00,70101501,富春江坝下,7.91
2025-06-15T07:50:00,70101800,窄溪,5.93
2025-06-15T07:50:00,70102300,闸口,5.52
2025-06-15T07:50:00,7010AJ33,渌渚,5.93
2025-06-15T07:50:00,7011AJ4M,新桐乡,5.86
2025-06-15T07:50:00,7011AJ5M,渌渚镇,6.85
2025-06-15T07:50:00,7011AJ7R,山溪叶家,50.5
2025-06-15T07:50:00,7011AJ8R,山溪幕下,65.88
2025-06-15T07:50:00,7011AJ9R,山溪前桐,194.22
2025-06-15T07:50:00,7011AM2G,富春江水库严陵坞,23.09
2025-06-15T07:55:00,70101500,富春江电站(坝上),23.03
2025-06-15T07:55:00,70101501,富春江坝下,7.93
2025-06-15T07:55:00,70101800,窄溪,5.93
2025-06-15T07:55:00,70102300,闸口,5.52
2025-06-15T07:55:00,7010AJ33,渌渚,6.03
2025-06-15T07:55:00,7011AJ4M,新桐乡,5.9
2025-06-15T07:55:00,7011AJ5M,渌渚镇,6.85
2025-06-15T07:55:00,7011AJ7R,山溪叶家,50.51
2025-06-15T07:55:00,7011AJ8R,山溪幕下,65.89
2025-06-15T07:55:00,7011AJ9R,山溪前桐,194.23
2025-06-15T07:55:00,7011AM2G,富春江水库严陵坞,23.11
2025-06-15T08:00:00,70101500,富春江电站(坝上),23.04
2025-06-15T08:00:00,70101501,富春江坝下,7.92
2025-06-15T08:00:00,70101800,窄溪,5.95
2025-06-15T08:00:00,70102300,闸口,5.51
2025-06-15T08:00:00,7010AJ33,渌渚,6.09
2025-06-15T08:00:00,7011AJ4M,新桐乡,5.95
2025-06-15T08:00:00,7011AJ5M,渌渚镇,6.85
2025-06-15T08:00:00,7011AJ7R,山溪叶家,50.51
2025-06-15T08:00:00,7011AJ8R,山溪幕下,65.89
2025-06-15T08:00:00,7011AJ9R,山溪前桐,194.19
2025-06-15T08:00:00,7011AM2G,富春江水库严陵坞,23.12
2025-06-15T08:05:00,70101500,富春江电站(坝上),23.03
2025-06-15T08:05:00,70101501,富春江坝下,7.92
2025-06-15T08:05:00,70101800,窄溪,5.98
2025-06-15T08:05:00,70102300,闸口,5.51
2025-06-15T08:05:00,7010AJ33,渌渚,6.16
2025-06-15T08:05:00,7011AJ4M,新桐乡,5.96
2025-06-15T08:05:00,7011AJ5M,渌渚镇,6.86
2025-06-15T08:05:00,7011AJ7R,山溪叶家,50.51
2025-06-15T08:05:00,7011AJ8R,山溪幕下,65.89
2025-06-15T08:05:00,7011AJ9R,山溪前桐,194.22
2025-06-15T08:05:00,7011AM2G,富春江水库严陵坞,23.13
2025-06-15T08:10:00,70101500,富春江电站(坝上),23.05
2025-06-15T08:10:00,70101501,富春江坝下,7.92
2025-06-15T08:10:00,70101800,窄溪,5.99
2025-06-15T08:10:00,70102300,闸口,5.52
2025-06-15T08:10:00,7010AJ33,渌渚,6.18
2025-06-15T08:10:00,7011AJ4M,新桐乡,5.96
2025-06-15T08:10:00,7011AJ5M,渌渚镇,6.86
2025-06-15T08:10:00,7011AJ7R,山溪叶家,50.51
2025-06-15T08:10:00,7011AJ8R,山溪幕下,65.89
2025-06-15T08:10:00,7011AJ9R,山溪前桐,194.23
2025-06-15T08:10:00,7011AM2G,富春江水库严陵坞,23.14
2025-06-15T08:15:00,70101500,富春江电站(坝上),23.06
2025-06-15T08:15:00,70101501,富春江坝下,7.91
2025-06-15T08:15:00,70101800,窄溪,6.0
2025-06-15T08:15:00,70102300,闸口,5.52
2025-06-15T08:15:00,7010AJ33,渌渚,6.18
2025-06-15T08:15:00,7011AJ4M,新桐乡,5.97
2025-06-15T08:15:00,7011AJ5M,渌渚镇,6.86
2025-06-15T08:15:00,7011AJ7R,山溪叶家,50.51
2025-06-15T08:15:00,7011AJ8R,山溪幕下,65.89
2025-06-15T08:15:00,7011AJ9R,山溪前桐,194.22
2025-06-15T08:15:00,7011AM2G,富春江水库严陵坞,23.14
2025-06-15T08:20:00,70101500,富春江电站(坝上),23.08
2025-06-15T08:20:00,70101501,富春江坝下,7.94
2025-06-15T08:20:00,70101800,窄溪,6.02
2025-06-15T08:20:00,70102300,闸口,5.51
2025-06-15T08:20:00,7010AJ33,渌渚,6.2
2025-06-15T08:20:00,7011AJ4M,新桐乡,5.99
2025-06-15T08:20:00,7011AJ5M,渌渚镇,6.87
2025-06-15T08:20:00,7011AJ7R,山溪叶家,50.51
2025-06-15T08:20:00,7011AJ8R,山溪幕下,65.88
2025-06-15T08:20:00,7011AJ9R,山溪前桐,194.22
2025-06-15T08:20:00,7011AM2G,富春江水库严陵坞,23.15
2025-06-15T08:25:00,70101500,富春江电站(坝上),23.09
2025-06-15T08:25:00,70101501,富春江坝下,7.94
2025-06-15T08:25:00,70101800,窄溪,6.03
2025-06-15T08:25:00,70102300,闸口,5.5
2025-06-15T08:25:00,7010AJ33,渌渚,6.2
2025-06-15T08:25:00,7011AJ4M,新桐乡,5.99
2025-06-15T08:25:00,7011AJ5M,渌渚镇,6.87
2025-06-15T08:25:00,7011AJ7R,山溪叶家,50.51
2025-06-15T08:25:00,7011AJ8R,山溪幕下,65.88
2025-06-15T08:25:00,7011AJ9R,山溪前桐,194.21
2025-06-15T08:25:00,7011AM2G,富春江水库严陵坞,23.16
2025-06-15T08:30:00,70101500,富春江电站(坝上),23.09
2025-06-15T08:30:00,70101501,富春江坝下,7.92
2025-06-15T08:30:00,70101800,窄溪,6.02
2025-06-15T08:30:00,70102300,闸口,5.48
2025-06-15T08:30:00,7010AJ33,渌渚,6.16
2025-06-15T08:30:00,7011AJ4M,新桐乡,5.99
2025-06-15T08:30:00,7011AJ5M,渌渚镇,6.87
2025-06-15T08:30:00,7011AJ7R,山溪叶家,50.51
2025-06-15T08:30:00,7011AJ8R,山溪幕下,65.88
2025-06-15T08:30:00,7011AJ9R,山溪前桐,194.21
2025-06-15T08:30:00,7011AM2G,富春江水库严陵坞,23.17
2025-06-15T08:35:00,70101500,富春江电站(坝上),23.09
2025-06-15T08:35:00,70101501,富春江坝下,7.95
2025-06-15T08:35:00,70101800,窄溪,6.03
2025-06-15T08:35:00,70102300,闸口,5.46
2025-06-15T08:35:00,7010AJ33,渌渚,6.11
2025-06-15T08:35:00,7011AJ4M,新桐乡,5.99
2025-06-15T08:35:00,7011AJ5M,渌渚镇,6.87
2025-06-15T08:35:00,7011AJ7R,山溪叶家,50.51
2025-06-15T08:35:00,7011AJ8R,山溪幕下,65.88
2025-06-15T08:35:00,7011AJ9R,山溪前桐,194.21
2025-06-15T08:35:00,7011AM2G,富春江水库严陵坞,23.18
2025-06-15T08:40:00,70101500,富春江电站(坝上),23.11
2025-06-15T08:40:00,70101501,富春江坝下,7.96
2025-06-15T08:40:00,70101800,窄溪,6.03
2025-06-15T08:40:00,70102300,闸口,5.47
2025-06-15T08:40:00,7010AJ33,渌渚,6.11
2025-06-15T08:40:00,7011AJ4M,新桐乡,5.98
2025-06-15T08:40:00,7011AJ5M,渌渚镇,6.87
2025-06-15T08:40:00,7011AJ7R,山溪叶家,50.51
2025-06-15T08:40:00,7011AJ8R,山溪幕下,65.88
2025-06-15T08:40:00,7011AJ9R,山溪前桐,194.22
2025-06-15T08:40:00,7011AM2G,富春江水库严陵坞,23.19
2025-06-15T08:45:00,70101500,富春江电站(坝上),23.1
2025-06-15T08:45:00,70101501,富春江坝下,7.96
2025-06-15T08:45:00,70101800,窄溪,6.04
2025-06-15T08:45:00,70102300,闸口,5.46
2025-06-15T08:45:00,7010AJ33,渌渚,6.07
2025-06-15T08:45:00,7011AJ4M,新桐乡,5.98
2025-06-15T08:45:00,7011AJ5M,渌渚镇,6.88
2025-06-15T08:45:00,7011AJ7R,山溪叶家,50.51
2025-06-15T08:45:00,7011AJ8R,山溪幕下,65.87
2025-06-15T08:45:00,7011AJ9R,山溪前桐,194.19
2025-06-15T08:45:00,7011AM2G,富春江水库严陵坞,23.19
2025-06-15T08:50:00,70101500,富春江电站(坝上),23.11
2025-06-15T08:50:00,70101501,富春江坝下,7.99
2025-06-15T08:50:00,70101800,窄溪,6.04
2025-06-15T08:50:00,70102300,闸口,5.47
2025-06-15T08:50:00,7010AJ33,渌渚,6.03
2025-06-15T08:50:00,7011AJ4M,新桐乡,5.99
2025-06-15T08:50:00,7011AJ5M,渌渚镇,6.88
2025-06-15T08:50:00,7011AJ7R,山溪叶家,50.5
2025-06-15T08:50:00,7011AJ8R,山溪幕下,65.87
2025-06-15T08:50:00,7011AJ9R,山溪前桐,194.21
2025-06-15T08:50:00,7011AM2G,富春江水库严陵坞,23.2
2025-06-15T08:55:00,70101500,富春江电站(坝上),23.13
2025-06-15T08:55:00,70101501,富春江坝下,8.01
2025-06-15T08:55:00,70101800,窄溪,6.05
2025-06-15T08:55:00,70102300,闸口,5.47
2025-06-15T08:55:00,7010AJ33,渌渚,6.03
2025-06-15T08:55:00,7011AJ4M,新桐乡,5.99
2025-06-15T08:55:00,7011AJ5M,渌渚镇,6.88
2025-06-15T08:55:00,7011AJ7R,山溪叶家,50.51
2025-06-15T08:55:00,7011AJ8R,山溪幕下,65.88
2025-06-15T08:55:00,7011AJ9R,山溪前桐,194.2
2025-06-15T08:55:00,7011AM2G,富春江水库严陵坞,23.21
2025-06-15T09:00:00,70101500,富春江电站(坝上),23.13
2025-06-15T09:00:00,70101501,富春江坝下,7.99
2025-06-15T09:00:00,70101800,窄溪,6.05
2025-06-15T09:00:00,70102300,闸口,5.47
2025-06-15T09:00:00,7010AJ33,渌渚,6.03
2025-06-15T09:00:00,7011AJ4M,新桐乡,5.99
2025-06-15T09:00:00,7011AJ5M,渌渚镇,6.86
2025-06-15T09:00:00,7011AJ7R,山溪叶家,50.5
2025-06-15T09:00:00,7011AJ8R,山溪幕下,65.88
2025-06-15T09:00:00,7011AJ9R,山溪前桐,194.22
2025-06-15T09:00:00,7011AM2G,富春江水库严陵坞,23.21
2025-06-15T09:05:00,70101500,富春江电站(坝上),23.14
2025-06-15T09:05:00,70101501,富春江坝下,7.98
2025-06-15T09:05:00,70101800,窄溪,6.05
2025-06-15T09:05:00,70102300,闸口,5.48
2025-06-15T09:05:00,7010AJ33,渌渚,6.03
2025-06-15T09:05:00,7011AJ4M,新桐乡,5.98
2025-06-15T09:05:00,7011AJ5M,渌渚镇,6.86
2025-06-15T09:05:00,7011AJ7R,山溪叶家,50.5
2025-06-15T09:05:00,7011AJ8R,山溪幕下,65.88
2025-06-15T09:05:00,7011AJ9R,山溪前桐,194.2
2025-06-15T09:05:00,7011AM2G,富春江水库严陵坞,23.22
2025-06-15T09:10:00,70101500,富春江电站(坝上),23.15
2025-06-15T09:10:00,70101501,富春江坝下,7.99
2025-06-15T09:10:00,70101800,窄溪,6.04
2025-06-15T09:10:00,70102300,闸口,5.48
2025-06-15T09:10:00,7010AJ33,渌渚,6.05
2025-06-15T09:10:00,7011AJ4M,新桐乡,5.98
2025-06-15T09:10:00,7011AJ5M,渌渚镇,6.87
2025-06-15T09:10:00,7011AJ7R,山溪叶家,50.5
2025-06-15T09:10:00,7011AJ8R,山溪幕下,65.87
2025-06-15T09:10:00,7011AJ9R,山溪前桐,194.21
2025-06-15T09:10:00,7011AM2G,富春江水库严陵坞,23.23
2025-06-15T09:15:00,70101500,富春江电站(坝上),23.15
2025-06-15T09:15:00,70101501,富春江坝下,7.99
2025-06-15T09:15:00,70101800,窄溪,6.04
2025-06-15T09:15:00,70102300,闸口,5.48
2025-06-15T09:15:00,7010AJ33,渌渚,6.05
2025-06-15T09:15:00,7011AJ4M,新桐乡,5.98
2025-06-15T09:15:00,7011AJ5M,渌渚镇,6.88
2025-06-15T09:15:00,7011AJ7R,山溪叶家,50.5
2025-06-15T09:15:00,7011AJ8R,山溪幕下,65.87
2025-06-15T09:15:00,7011AJ9R,山溪前桐,194.21
2025-06-15T09:15:00,7011AM2G,富春江水库严陵坞,23.24
2025-06-15T09:20:00,70101500,富春江电站(坝上),23.16
2025-06-15T09:20:00,70101501,富春江坝下,7.99
2025-06-15T09:20:00,70101800,窄溪,6.03
2025-06-15T09:20:00,70102300,闸口,5.49
2025-06-15T09:20:00,7010AJ33,渌渚,6.07
2025-06-15T09:20:00,7011AJ4M,新桐乡,5.97
2025-06-15T09:20:00,7011AJ5M,渌渚镇,6.89
2025-06-15T09:20:00,7011AJ7R,山溪叶家,50.51
2025-06-15T09:20:00,7011AJ8R,山溪幕下,65.87
2025-06-15T09:20:00,7011AJ9R,山溪前桐,194.21
2025-06-15T09:20:00,7011AM2G,富春江水库严陵坞,23.24
2025-06-15T09:25:00,70101500,富春江电站(坝上),23.17
2025-06-15T09:25:00,70101501,富春江坝下,7.97
2025-06-15T09:25:00,70101800,窄溪,6.03
2025-06-15T09:25:00,70102300,闸口,5.49
2025-06-15T09:25:00,7010AJ33,渌渚,6.09
2025-06-15T09:25:00,7011AJ4M,新桐乡,5.97
2025-06-15T09:25:00,7011AJ5M,渌渚镇,6.89
2025-06-15T09:25:00,7011AJ7R,山溪叶家,50.5
2025-06-15T09:25:00,7011AJ8R,山溪幕下,65.87
2025-06-15T09:25:00,7011AJ9R,山溪前桐,194.2
2025-06-15T09:25:00,7011AM2G,富春江水库严陵坞,23.25
2025-06-15T09:30:00,70101500,富春江电站(坝上),23.17
2025-06-15T09:30:00,70101501,富春江坝下,7.98
2025-06-15T09:30:00,70101800,窄溪,6.04
2025-06-15T09:30:00,70102300,闸口,5.49
2025-06-15T09:30:00,7010AJ33,渌渚,6.11
2025-06-15T09:30:00,7011AJ4M,新桐乡,5.97
2025-06-15T09:30:00,7011AJ5M,渌渚镇,6.88
2025-06-15T09:30:00,7011AJ7R,山溪叶家,50.5
2025-06-15T09:30:00,7011AJ8R,山溪幕下,65.87
2025-06-15T09:30:00,7011AJ9R,山溪前桐,194.21
2025-06-15T09:30:00,7011AM2G,富春江水库严陵坞,23.26
2025-06-15T09:35:00,70101500,富春江电站(坝上),23.19
2025-06-15T09:35:00,70101501,富春江坝下,7.96
2025-06-15T09:35:00,70101800,窄溪,6.04
2025-06-15T09:35:00,70102300,闸口,5.49
2025-06-15T09:35:00,7010AJ33,渌渚,6.11
2025-06-15T09:35:00,7011AJ4M,新桐乡,5.97
2025-06-15T09:35:00,7011AJ5M,渌渚镇,6.89
2025-06-15T09:35:00,7011AJ7R,山溪叶家,50.5
2025-06-15T09:35:00,7011AJ8R,山溪幕下,65.87
2025-06-15T09:35:00,7011AJ9R,山溪前桐,194.21
2025-06-15T09:35:00,7011AM2G,富春江水库严陵坞,23.27
2025-06-15T09:40:00,70101500,富春江电站(坝上),23.19
2025-06-15T09:40:00,70101501,富春江坝下,7.98
2025-06-15T09:40:00,70101800,窄溪,6.03
2025-06-15T09:40:00,70102300,闸口,5.49
2025-06-15T09:40:00,7010AJ33,渌渚,6.11
2025-06-15T09:40:00,7011AJ4M,新桐乡,5.97
2025-06-15T09:40:00,7011AJ5M,渌渚镇,6.9
2025-06-15T09:40:00,7011AJ7R,山溪叶家,50.5
2025-06-15T09:40:00,7011AJ8R,山溪幕下,65.87
2025-06-15T09:40:00,7011AJ9R,山溪前桐,194.19
2025-06-15T09:40:00,7011AM2G,富春江水库严陵坞,23.27
2025-06-15T09:45:00,70101500,富春江电站(坝上),23.2
2025-06-15T09:45:00,70101501,富春江坝下,7.97
2025-06-15T09:45:00,70101800,窄溪,6.03
2025-06-15T09:45:00,70102300,闸口,5.49
2025-06-15T09:45:00,7010AJ33,渌渚,6.13
2025-06-15T09:45:00,7011AJ4M,新桐乡,5.97
2025-06-15T09:45:00,7011AJ5M,渌渚镇,6.91
2025-06-15T09:45:00,7011AJ7R,山溪叶家,50.5
2025-06-15T09:45:00,7011AJ8R,山溪幕下,65.87
2025-06-15T09:45:00,7011AJ9R,山溪前桐,194.23
2025-06-15T09:45:00,7011AM2G,富春江水库严陵坞,23.28
2025-06-15T09:50:00,70101500,富春江电站(坝上),23.2
2025-06-15T09:50:00,70101501,富春江坝下,7.96
2025-06-15T09:50:00,70101800,窄溪,6.03
2025-06-15T09:50:00,70102300,闸口,5.49
2025-06-15T09:50:00,7010AJ33,渌渚,6.13
2025-06-15T09:50:00,7011AJ4M,新桐乡,5.96
2025-06-15T09:50:00,7011AJ5M,渌渚镇,6.91
2025-06-15T09:50:00,7011AJ7R,山溪叶家,50.5
2025-06-15T09:50:00,7011AJ8R,山溪幕下,65.87
2025-06-15T09:50:00,7011AJ9R,山溪前桐,194.21
2025-06-15T09:50:00,7011AM2G,富春江水库严陵坞,23.29
2025-06-15T09:55:00,70101500,富春江电站(坝上),23.21
2025-06-15T09:55:00,70101501,富春江坝下,7.97
2025-06-15T09:55:00,70101800,窄溪,6.03
2025-06-15T09:55:00,70102300,闸口,5.49
2025-06-15T09:55:00,7010AJ33,渌渚,6.11
2025-06-15T09:55:00,7011AJ4M,新桐乡,5.96
2025-06-15T09:55:00,7011AJ5M,渌渚镇,6.91
2025-06-15T09:55:00,7011AJ7R,山溪叶家,50.5
2025-06-15T09:55:00,7011AJ8R,山溪幕下,65.87
2025-06-15T09:55:00,7011AJ9R,山溪前桐,194.23
2025-06-15T09:55:00,7011AM2G,富春江水库严陵坞,23.3
2025-06-15T10:00:00,70101500,富春江电站(坝上),23.22
2025-06-15T10:00:00,70101501,富春江坝下,7.96
2025-06-15T10:00:00,70101800,窄溪,6.03
2025-06-15T10:00:00,70102300,闸口,5.49
2025-06-15T10:00:00,7010AJ33,渌渚,6.09
2025-06-15T10:00:00,7011AJ4M,新桐乡,5.95
2025-06-15T10:00:00,7011AJ5M,渌渚镇,6.92
2025-06-15T10:00:00,7011AJ7R,山溪叶家,50.5
2025-06-15T10:00:00,7011AJ8R,山溪幕下,65.87
2025-06-15T10:00:00,7011AJ9R,山溪前桐,194.21
2025-06-15T10:00:00,7011AM2G,富春江水库严陵坞,23.3
2025-06-15T10:05:00,70101500,富春江电站(坝上),23.22
2025-06-15T10:05:00,70101501,富春江坝下,7.97
2025-06-15T10:05:00,70101800,窄溪,6.02
2025-06-15T10:05:00,70102300,闸口,5.48
2025-06-15T10:05:00,7010AJ33,渌渚,6.09
2025-06-15T10:05:00,7011AJ4M,新桐乡,5.95
2025-06-15T10:05:00,7011AJ5M,渌渚镇,6.92
2025-06-15T10:05:00,7011AJ7R,山溪叶家,50.5
2025-06-15T10:05:00,7011AJ8R,山溪幕下,65.87
2025-06-15T10:05:00,7011AJ9R,山溪前桐,194.2
2025-06-15T10:05:00,7011AM2G,富春江水库严陵坞,23.31
2025-06-15T10:10:00,70101500,富春江电站(坝上),23.24
2025-06-15T10:10:00,70101501,富春江坝下,7.98
2025-06-15T10:10:00,70101800,窄溪,6.02
2025-06-15T10:10:00,70102300,闸口,5.48
2025-06-15T10:10:00,7010AJ33,渌渚,6.09
2025-06-15T10:10:00,7011AJ4M,新桐乡,5.94
2025-06-15T10:10:00,7011AJ5M,渌渚镇,6.92
2025-06-15T10:10:00,7011AJ7R,山溪叶家,50.5
2025-06-15T10:10:00,7011AJ8R,山溪幕下,65.87
2025-06-15T10:10:00,7011AJ9R,山溪前桐,194.21
2025-06-15T10:10:00,7011AM2G,富春江水库严陵坞,23.31
2025-06-15T10:15:00,70101500,富春江电站(坝上),23.23
2025-06-15T10:15:00,70101501,富春江坝下,7.96
2025-06-15T10:15:00,70101800,窄溪,6.02
2025-06-15T10:15:00,70102300,闸口,5.48
2025-06-15T10:15:00,7010AJ33,渌渚,6.07
2025-06-15T10:15:00,7011AJ4M,新桐乡,5.93
2025-06-15T10:15:00,7011AJ5M,渌渚镇,6.93
2025-06-15T10:15:00,7011AJ7R,山溪叶家,50.5
2025-06-15T10:15:00,7011AJ8R,山溪幕下,65.88
2025-06-15T10:15:00,7011AJ9R,山溪前桐,194.2
2025-06-15T10:15:00,7011AM2G,富春江水库严陵坞,23.32
2025-06-15T10:20:00,70101500,富春江电站(坝上),23.24
2025-06-15T10:20:00,70101501,富春江坝下,7.97
2025-06-15T10:20:00,70101800,窄溪,6.02
2025-06-15T10:20:00,70102300,闸口,5.48
2025-06-15T10:20:00,7010AJ33,渌渚,6.05
2025-06-15T10:20:00,7011AJ4M,新桐乡,5.93
2025-06-15T10:20:00,7011AJ5M,渌渚镇,6.93
2025-06-15T10:20:00,7011AJ7R,山溪叶家,50.5
2025-06-15T10:20:00,7011AJ8R,山溪幕下,65.88
2025-06-15T10:20:00,7011AJ9R,山溪前桐,194.2
2025-06-15T10:20:00,7011AM2G,富春江水库严陵坞,23.32
2025-06-15T10:25:00,70101500,富春江电站(坝上),23.25
2025-06-15T10:25:00,70101501,富春江坝下,7.96
2025-06-15T10:25:00,70101800,窄溪,6.02
2025-06-15T10:25:00,70102300,闸口,5.47
2025-06-15T10:25:00,7010AJ33,渌渚,6.05
2025-06-15T10:25:00,7011AJ4M,新桐乡,5.94
2025-06-15T10:25:00,7011AJ5M,渌渚镇,6.94
2025-06-15T10:25:00,7011AJ7R,山溪叶家,50.5
2025-06-15T10:25:00,7011AJ8R,山溪幕下,65.87
2025-06-15T10:25:00,7011AJ9R,山溪前桐,194.2
2025-06-15T10:25:00,7011AM2G,富春江水库严陵坞,23.33
2025-06-15T10:30:00,70101500,富春江电站(坝上),23.25
2025-06-15T10:30:00,70101501,富春江坝下,7.95
2025-06-15T10:30:00,70101800,窄溪,6.01
2025-06-15T10:30:00,70102300,闸口,5.47
2025-06-15T10:30:00,7010AJ33,渌渚,6.05
2025-06-15T10:30:00,7011AJ4M,新桐乡,5.94
2025-06-15T10:30:00,7011AJ5M,渌渚镇,6.94
2025-06-15T10:30:00,7011AJ7R,山溪叶家,50.5
2025-06-15T10:30:00,7011AJ8R,山溪幕下,65.89
2025-06-15T10:30:00,7011AJ9R,山溪前桐,194.19
2025-06-15T10:30:00,7011AM2G,富春江水库严陵坞,23.34
2025-06-15T10:35:00,70101500,富春江电站(坝上),23.2
2025-06-15T10:35:00,70101501,富春江坝下,7.99
2025-06-15T10:35:00,70101800,窄溪,6.01
2025-06-15T10:35:00,70102300,闸口,5.46
2025-06-15T10:35:00,7010AJ33,渌渚,6.05
2025-06-15T10:35:00,7011AJ4M,新桐乡,5.94
2025-06-15T10:35:00,7011AJ5M,渌渚镇,6.94
2025-06-15T10:35:00,7011AJ7R,山溪叶家,50.51
2025-06-15T10:35:00,7011AJ8R,山溪幕下,65.89
2025-06-15T10:35:00,7011AJ9R,山溪前桐,194.18
2025-06-15T10:35:00,7011AM2G,富春江水库严陵坞,23.34
2025-06-15T10:40:00,70101500,富春江电站(坝上),23.19
2025-06-15T10:40:00,70101501,富春江坝下,8.05
2025-06-15T10:40:00,70101800,窄溪,6.01
2025-06-15T10:40:00,70102300,闸口,5.46
2025-06-15T10:40:00,7010AJ33,渌渚,6.05
2025-06-15T10:40:00,7011AJ4M,新桐乡,5.93
2025-06-15T10:40:00,7011AJ5M,渌渚镇,6.95
2025-06-15T10:40:00,7011AJ7R,山溪叶家,50.51
2025-06-15T10:40:00,7011AJ8R,山溪幕下,65.9
2025-06-15T10:40:00,7011AJ9R,山溪前桐,194.2
2025-06-15T10:40:00,7011AM2G,富春江水库严陵坞,23.3
2025-06-15T10:45:00,70101500,富春江电站(坝上),23.19
2025-06-15T10:45:00,70101501,富春江坝下,8.13
2025-06-15T10:45:00,70101800,窄溪,6.01
2025-06-15T10:45:00,70102300,闸口,5.46
2025-06-15T10:45:00,7010AJ33,渌渚,6.05
2025-06-15T10:45:00,7011AJ4M,新桐乡,5.93
2025-06-15T10:45:00,7011AJ5M,渌渚镇,6.95
2025-06-15T10:45:00,7011AJ7R,山溪叶家,50.51
2025-06-15T10:45:00,7011AJ8R,山溪幕下,65.9
2025-06-15T10:45:00,7011AJ9R,山溪前桐,194.22
2025-06-15T10:45:00,7011AM2G,富春江水库严陵坞,23.29
2025-06-15T10:50:00,70101500,富春江电站(坝上),23.27
2025-06-15T10:50:00,70101501,富春江坝下,7.92
2025-06-15T10:50:00,70101800,窄溪,6.0
2025-06-15T10:50:00,70102300,闸口,5.45
2025-06-15T10:50:00,7010AJ33,渌渚,6.05
2025-06-15T10:50:00,7011AJ4M,新桐乡,5.93
2025-06-15T10:50:00,7011AJ5M,渌渚镇,6.95
2025-06-15T10:50:00,7011AJ7R,山溪叶家,50.51
2025-06-15T10:50:00,7011AJ8R,山溪幕下,65.9
2025-06-15T10:50:00,7011AJ9R,山溪前桐,194.2
2025-06-15T10:50:00,7011AM2G,富春江水库严陵坞,23.27
2025-06-15T10:55:00,70101500,富春江电站(坝上),23.28
2025-06-15T10:55:00,70101501,富春江坝下,7.85
2025-06-15T10:55:00,70101800,窄溪,6.0
2025-06-15T10:55:00,70102300,闸口,5.44
2025-06-15T10:55:00,7010AJ33,渌渚,6.05
2025-06-15T10:55:00,7011AJ4M,新桐乡,5.93
2025-06-15T10:55:00,7011AJ5M,渌渚镇,6.95
2025-06-15T10:55:00,7011AJ7R,山溪叶家,50.51
2025-06-15T10:55:00,7011AJ8R,山溪幕下,65.9
2025-06-15T10:55:00,7011AJ9R,山溪前桐,194.2
2025-06-15T10:55:00,7011AM2G,富春江水库严陵坞,23.36
2025-06-15T11:00:00,70101500,富春江电站(坝上),23.31
2025-06-15T11:00:00,70101501,富春江坝下,7.82
2025-06-15T11:00:00,70101800,窄溪,6.0
2025-06-15T11:00:00,70102300,闸口,5.44
2025-06-15T11:00:00,7010AJ33,渌渚,6.05
2025-06-15T11:00:00,7011AJ4M,新桐乡,5.92
2025-06-15T11:00:00,7011AJ5M,渌渚镇,6.96
2025-06-15T11:00:00,7011AJ7R,山溪叶家,50.51
2025-06-15T11:00:00,7011AJ8R,山溪幕下,65.9
2025-06-15T11:00:00,7011AJ9R,山溪前桐,194.18
2025-06-15T11:00:00,7011AM2G,富春江水库严陵坞,23.38
2025-06-15T11:05:00,70101500,富春江电站(坝上),23.31
2025-06-15T11:05:00,70101501,富春江坝下,7.84
2025-06-15T11:05:00,70101800,窄溪,6.0
2025-06-15T11:05:00,70102300,闸口,5.44
2025-06-15T11:05:00,7010AJ33,渌渚,6.05
2025-06-15T11:05:00,7011AJ4M,新桐乡,5.92
2025-06-15T11:05:00,7011AJ5M,渌渚镇,6.96
2025-06-15T11:05:00,7011AJ7R,山溪叶家,50.51
2025-06-15T11:05:00,7011AJ8R,山溪幕下,65.89
2025-06-15T11:05:00,7011AJ9R,山溪前桐,194.21
2025-06-15T11:05:00,7011AM2G,富春江水库严陵坞,23.4
2025-06-15T11:10:00,70101500,富春江电站(坝上),23.31
2025-06-15T11:10:00,70101501,富春江坝下,7.81
2025-06-15T11:10:00,70101800,窄溪,6.0
2025-06-15T11:10:00,70102300,闸口,5.43
2025-06-15T11:10:00,7010AJ33,渌渚,6.07
2025-06-15T11:10:00,7011AJ4M,新桐乡,5.93
2025-06-15T11:10:00,7011AJ5M,渌渚镇,6.97
2025-06-15T11:10:00,7011AJ7R,山溪叶家,50.51
2025-06-15T11:10:00,7011AJ8R,山溪幕下,65.9
2025-06-15T11:10:00,7011AJ9R,山溪前桐,194.21
2025-06-15T11:10:00,7011AM2G,富春江水库严陵坞,23.4
2025-06-15T11:15:00,70101500,富春江电站(坝上),23.34
2025-06-15T11:15:00,70101501,富春江坝下,7.77
2025-06-15T11:15:00,70101800,窄溪,6.0
2025-06-15T11:15:00,70102300,闸口,5.43
2025-06-15T11:15:00,7010AJ33,渌渚,6.07
2025-06-15T11:15:00,7011AJ4M,新桐乡,5.93
2025-06-15T11:15:00,7011AJ5M,渌渚镇,6.97
2025-06-15T11:15:00,7011AJ7R,山溪叶家,50.51
2025-06-15T11:15:00,7011AJ8R,山溪幕下,65.89
2025-06-15T11:15:00,7011AJ9R,山溪前桐,194.2
2025-06-15T11:15:00,7011AM2G,富春江水库严陵坞,23.41
2025-06-15T11:20:00,70101500,富春江电站(坝上),23.2
2025-06-15T11:20:00,70101501,富春江坝下,7.92
2025-06-15T11:20:00,70101800,窄溪,6.01
2025-06-15T11:20:00,70102300,闸口,5.42
2025-06-15T11:20:00,7010AJ33,渌渚,6.07
2025-06-15T11:20:00,7011AJ4M,新桐乡,5.93
2025-06-15T11:20:00,7011AJ5M,渌渚镇,6.98
2025-06-15T11:20:00,7011AJ7R,山溪叶家,50.51
2025-06-15T11:20:00,7011AJ8R,山溪幕下,65.9
2025-06-15T11:20:00,7011AJ9R,山溪前桐,194.19
2025-06-15T11:20:00,7011AM2G,富春江水库严陵坞,23.44
2025-06-15T11:25:00,70101500,富春江电站(坝上),23.15
2025-06-15T11:25:00,70101501,富春江坝下,8.27
2025-06-15T11:25:00,70101800,窄溪,6.02
2025-06-15T11:25:00,70102300,闸口,5.42
2025-06-15T11:25:00,7010AJ33,渌渚,6.07
2025-06-15T11:25:00,7011AJ4M,新桐乡,5.94
2025-06-15T11:25:00,7011AJ5M,渌渚镇,6.98
2025-06-15T11:25:00,7011AJ7R,山溪叶家,50.51
2025-06-15T11:25:00,7011AJ8R,山溪幕下,65.9
2025-06-15T11:25:00,7011AJ9R,山溪前桐,194.2
2025-06-15T11:25:00,7011AM2G,富春江水库严陵坞,23.32
2025-06-15T11:30:00,70101500,富春江电站(坝上),23.15
2025-06-15T11:30:00,70101501,富春江坝下,8.44
2025-06-15T11:30:00,70101800,窄溪,6.01
2025-06-15T11:30:00,70102300,闸口,5.42
2025-06-15T11:30:00,7010AJ33,渌渚,6.07
2025-06-15T11:30:00,7011AJ4M,新桐乡,5.94
2025-06-15T11:30:00,7011AJ5M,渌渚镇,6.98
2025-06-15T11:30:00,7011AJ7R,山溪叶家,50.51
2025-06-15T11:30:00,7011AJ8R,山溪幕下,65.89
2025-06-15T11:30:00,7011AJ9R,山溪前桐,194.21
2025-06-15T11:30:00,7011AM2G,富春江水库严陵坞,23.26
2025-06-15T11:35:00,70101500,富春江电站(坝上),23.14
2025-06-15T11:35:00,70101501,富春江坝下,8.58
2025-06-15T11:35:00,70101800,窄溪,6.0
2025-06-15T11:35:00,70102300,闸口,5.42
2025-06-15T11:35:00,7010AJ33,渌渚,6.07
2025-06-15T11:35:00,7011AJ4M,新桐乡,5.94
2025-06-15T11:35:00,7011AJ5M,渌渚镇,6.99
2025-06-15T11:35:00,7011AJ7R,山溪叶家,50.5
2025-06-15T11:35:00,7011AJ8R,山溪幕下,65.89
2025-06-15T11:35:00,7011AJ9R,山溪前桐,194.22
2025-06-15T11:35:00,7011AM2G,富春江水库严陵坞,23.23
2025-06-15T11:40:00,70101500,富春江电站(坝上),23.1
2025-06-15T11:40:00,70101501,富春江坝下,8.61
2025-06-15T11:40:00,70101800,窄溪,6.0
2025-06-15T11:40:00,70102300,闸口,5.41
2025-06-15T11:40:00,7010AJ33,渌渚,6.07
2025-06-15T11:40:00,7011AJ4M,新桐乡,5.94
2025-06-15T11:40:00,7011AJ5M,渌渚镇,6.99
2025-06-15T11:40:00,7011AJ7R,山溪叶家,50.5
2025-06-15T11:40:00,7011AJ8R,山溪幕下,65.89
2025-06-15T11:40:00,7011AJ9R,山溪前桐,194.21
2025-06-15T11:40:00,7011AM2G,富春江水库严陵坞,23.21
2025-06-15T11:45:00,70101500,富春江电站(坝上),23.08
2025-06-15T11:45:00,70101501,富春江坝下,8.68
2025-06-15T11:45:00,70101800,窄溪,6.0
2025-06-15T11:45:00,70102300,闸口,5.41
2025-06-15T11:45:00,7010AJ33,渌渚,6.07
2025-06-15T11:45:00,7011AJ4M,新桐乡,5.93
2025-06-15T11:45:00,7011AJ5M,渌渚镇,6.99
2025-06-15T11:45:00,7011AJ7R,山溪叶家,50.5
2025-06-15T11:45:00,7011AJ8R,山溪幕下,65.9
2025-06-15T11:45:00,7011AJ9R,山溪前桐,194.2
2025-06-15T11:45:00,7011AM2G,富春江水库严陵坞,23.19
2025-06-15T11:50:00,70101500,富春江电站(坝上),23.06
2025-06-15T11:50:00,70101501,富春江坝下,8.73
2025-06-15T11:50:00,70101800,窄溪,6.0
2025-06-15T11:50:00,70102300,闸口,5.41
2025-06-15T11:50:00,7010AJ33,渌渚,6.05
2025-06-15T11:50:00,7011AJ4M,新桐乡,5.93
2025-06-15T11:50:00,7011AJ5M,渌渚镇,6.99
2025-06-15T11:50:00,7011AJ7R,山溪叶家,50.51
2025-06-15T11:50:00,7011AJ8R,山溪幕下,65.9
2025-06-15T11:50:00,7011AJ9R,山溪前桐,194.21
2025-06-15T11:50:00,7011AM2G,富春江水库严陵坞,23.19
2025-06-15T11:55:00,70101500,富春江电站(坝上),23.07
2025-06-15T11:55:00,70101501,富春江坝下,8.77
2025-06-15T11:55:00,70101800,窄溪,5.99
2025-06-15T11:55:00,70102300,闸口,5.4
2025-06-15T11:55:00,7010AJ33,渌渚,6.05
2025-06-15T11:55:00,7011AJ4M,新桐乡,5.93
2025-06-15T11:55:00,7011AJ5M,渌渚镇,6.99
2025-06-15T11:55:00,7011AJ7R,山溪叶家,50.51
2025-06-15T11:55:00,7011AJ8R,山溪幕下,65.9
2025-06-15T11:55:00,7011AJ9R,山溪前桐,194.22
2025-06-15T11:55:00,7011AM2G,富春江水库严陵坞,23.18
2025-06-15T12:00:00,70101500,富春江电站(坝上),23.09
2025-06-15T12:00:00,70101501,富春江坝下,8.75
2025-06-15T12:00:00,70101800,窄溪,6.0
2025-06-15T12:00:00,70102300,闸口,5.4
2025-06-15T12:00:00,7010AJ33,渌渚,6.05
2025-06-15T12:00:00,7011AJ4M,新桐乡,5.93
2025-06-15T12:00:00,7011AJ5M,渌渚镇,6.99
2025-06-15T12:00:00,7011AJ7R,山溪叶家,50.51
2025-06-15T12:00:00,7011AJ8R,山溪幕下,65.9
2025-06-15T12:00:00,7011AJ9R,山溪前桐,194.29
2025-06-15T12:00:00,7011AM2G,富春江水库严陵坞,23.17
2025-06-15T12:05:00,70101500,富春江电站(坝上),23.07
2025-06-15T12:05:00,70101501,富春江坝下,8.82
2025-06-15T12:05:00,70101800,窄溪,6.01
2025-06-15T12:05:00,70102300,闸口,5.39
2025-06-15T12:05:00,7010AJ33,渌渚,6.05
2025-06-15T12:05:00,7011AJ4M,新桐乡,5.93
2025-06-15T12:05:00,7011AJ5M,渌渚镇,7.0
2025-06-15T12:05:00,7011AJ7R,山溪叶家,50.52
2025-06-15T12:05:00,7011AJ8R,山溪幕下,65.91
2025-06-15T12:05:00,7011AJ9R,山溪前桐,194.42
2025-06-15T12:05:00,7011AM2G,富春江水库严陵坞,23.17
2025-06-15T12:10:00,70101500,富春江电站(坝上),23.11
2025-06-15T12:10:00,70101501,富春江坝下,8.79
2025-06-15T12:10:00,70101800,窄溪,6.03
2025-06-15T12:10:00,70102300,闸口,5.39
2025-06-15T12:10:00,7010AJ33,渌渚,6.05
2025-06-15T12:10:00,7011AJ4M,新桐乡,5.92
2025-06-15T12:10:00,7011AJ5M,渌渚镇,7.01
2025-06-15T12:10:00,7011AJ7R,山溪叶家,50.54
2025-06-15T12:10:00,7011AJ8R,山溪幕下,65.94
2025-06-15T12:10:00,7011AJ9R,山溪前桐,194.43
2025-06-15T12:10:00,7011AM2G,富春江水库严陵坞,23.19
2025-06-15T12:15:00,70101500,富春江电站(坝上),23.15
2025-06-15T12:15:00,70101501,富春江坝下,8.75
2025-06-15T12:15:00,70101800,窄溪,6.04
2025-06-15T12:15:00,70102300,闸口,5.38
2025-06-15T12:15:00,7010AJ33,渌渚,6.05
2025-06-15T12:15:00,7011AJ4M,新桐乡,5.92
2025-06-15T12:15:00,7011AJ5M,渌渚镇,7.02
2025-06-15T12:15:00,7011AJ7R,山溪叶家,50.56
2025-06-15T12:15:00,7011AJ8R,山溪幕下,65.97
2025-06-15T12:15:00,7011AJ9R,山溪前桐,194.47
2025-06-15T12:15:00,7011AM2G,富春江水库严陵坞,23.22
2025-06-15T12:20:00,70101500,富春江电站(坝上),23.18
2025-06-15T12:20:00,70101501,富春江坝下,8.76
2025-06-15T12:20:00,70101800,窄溪,6.06
2025-06-15T12:20:00,70102300,闸口,5.38
2025-06-15T12:20:00,7010AJ33,渌渚,6.07
2025-06-15T12:20:00,7011AJ4M,新桐乡,5.92
2025-06-15T12:20:00,7011AJ5M,渌渚镇,7.03
2025-06-15T12:20:00,7011AJ7R,山溪叶家,50.56
2025-06-15T12:20:00,7011AJ8R,山溪幕下,66.04
2025-06-15T12:20:00,7011AJ9R,山溪前桐,194.46
2025-06-15T12:20:00,7011AM2G,富春江水库严陵坞,23.25
2025-06-15T12:25:00,70101500,富春江电站(坝上),23.18
2025-06-15T12:25:00,70101501,富春江坝下,8.65
2025-06-15T12:25:00,70101800,窄溪,6.08
2025-06-15T12:25:00,70102300,闸口,5.38
2025-06-15T12:25:00,7010AJ33,渌渚,6.09
2025-06-15T12:25:00,7011AJ4M,新桐乡,5.94
2025-06-15T12:25:00,7011AJ5M,渌渚镇,7.04
2025-06-15T12:25:00,7011AJ7R,山溪叶家,50.57
2025-06-15T12:25:00,7011AJ8R,山溪幕下,66.07
2025-06-15T12:25:00,7011AJ9R,山溪前桐,194.52
2025-06-15T12:25:00,7011AM2G,富春江水库严陵坞,23.26
2025-06-15T12:30:00,70101500,富春江电站(坝上),23.18
2025-06-15T12:30:00,70101501,富春江坝下,8.65
2025-06-15T12:30:00,70101800,窄溪,6.09
2025-06-15T12:30:00,70102300,闸口,5.38
2025-06-15T12:30:00,7010AJ33,渌渚,6.11
2025-06-15T12:30:00,7011AJ4M,新桐乡,5.95
2025-06-15T12:30:00,7011AJ5M,渌渚镇,7.06
2025-06-15T12:30:00,7011AJ7R,山溪叶家,50.62
2025-06-15T12:30:00,7011AJ8R,山溪幕下,66.08
2025-06-15T12:30:00,7011AJ9R,山溪前桐,194.56
2025-06-15T12:30:00,7011AM2G,富春江水库严陵坞,23.3
2025-06-15T12:35:00,70101500,富春江电站(坝上),23.21
2025-06-15T12:35:00,70101501,富春江坝下,8.68
2025-06-15T12:35:00,70101800,窄溪,6.09
2025-06-15T12:35:00,70102300,闸口,5.38
2025-06-15T12:35:00,7010AJ33,渌渚,6.14
2025-06-15T12:35:00,7011AJ4M,新桐乡,5.95
2025-06-15T12:35:00,7011AJ5M,渌渚镇,7.08
2025-06-15T12:35:00,7011AJ7R,山溪叶家,50.65
2025-06-15T12:35:00,7011AJ8R,山溪幕下,66.1
2025-06-15T12:35:00,7011AJ9R,山溪前桐,194.54
2025-06-15T12:35:00,7011AM2G,富春江水库严陵坞,23.3
2025-06-15T12:40:00,70101500,富春江电站(坝上),23.24
2025-06-15T12:40:00,70101501,富春江坝下,8.68
2025-06-15T12:40:00,70101800,窄溪,6.1
2025-06-15T12:40:00,70102300,闸口,5.36
2025-06-15T12:40:00,7010AJ33,渌渚,6.18
2025-06-15T12:40:00,7011AJ4M,新桐乡,5.94
2025-06-15T12:40:00,7011AJ5M,渌渚镇,7.1
2025-06-15T12:40:00,7011AJ7R,山溪叶家,50.67
2025-06-15T12:40:00,7011AJ8R,山溪幕下,66.13
2025-06-15T12:40:00,7011AJ9R,山溪前桐,194.52
2025-06-15T12:40:00,7011AM2G,富春江水库严陵坞,23.31
2025-06-15T12:45:00,70101500,富春江电站(坝上),23.25
2025-06-15T12:45:00,70101501,富春江坝下,8.68
2025-06-15T12:45:00,70101800,窄溪,6.1
2025-06-15T12:45:00,70102300,闸口,5.36
2025-06-15T12:45:00,7010AJ33,渌渚,6.2
2025-06-15T12:45:00,7011AJ4M,新桐乡,5.97
2025-06-15T12:45:00,7011AJ5M,渌渚镇,7.12
2025-06-15T12:45:00,7011AJ7R,山溪叶家,50.68
2025-06-15T12:45:00,7011AJ8R,山溪幕下,66.13
2025-06-15T12:45:00,7011AJ9R,山溪前桐,194.52
2025-06-15T12:45:00,7011AM2G,富春江水库严陵坞,23.33
2025-06-15T12:50:00,70101500,富春江电站(坝上),23.24
2025-06-15T12:50:00,70101501,富春江坝下,8.63
2025-06-15T12:50:00,70101800,窄溪,6.11
2025-06-15T12:50:00,70102300,闸口,5.35
2025-06-15T12:50:00,7010AJ33,渌渚,6.22
2025-06-15T12:50:00,7011AJ4M,新桐乡,5.98
2025-06-15T12:50:00,7011AJ5M,渌渚镇,7.15
2025-06-15T12:50:00,7011AJ7R,山溪叶家,50.69
2025-06-15T12:50:00,7011AJ8R,山溪幕下,66.13
2025-06-15T12:50:00,7011AJ9R,山溪前桐,194.5
2025-06-15T12:50:00,7011AM2G,富春江水库严陵坞,23.34
2025-06-15T12:55:00,70101500,富春江电站(坝上),23.27
2025-06-15T12:55:00,70101501,富春江坝下,8.63
2025-06-15T12:55:00,70101800,窄溪,6.11
2025-06-15T12:55:00,70102300,闸口,5.35
2025-06-15T12:55:00,7010AJ33,渌渚,6.24
2025-06-15T12:55:00,7011AJ4M,新桐乡,5.99
2025-06-15T12:55:00,7011AJ5M,渌渚镇,7.17
2025-06-15T12:55:00,7011AJ7R,山溪叶家,50.7
2025-06-15T12:55:00,7011AJ8R,山溪幕下,66.15
2025-06-15T12:55:00,7011AJ9R,山溪前桐,194.46
2025-06-15T12:55:00,7011AM2G,富春江水库严陵坞,23.36
2025-06-15T13:00:00,70101500,富春江电站(坝上),23.29
2025-06-15T13:00:00,70101501,富春江坝下,8.67
2025-06-15T13:00:00,70101800,窄溪,6.11
2025-06-15T13:00:00,70102300,闸口,5.35
2025-06-15T13:00:00,7010AJ33,渌渚,6.24
2025-06-15T13:00:00,7011AJ4M,新桐乡,5.99
2025-06-15T13:00:00,7011AJ5M,渌渚镇,7.19
2025-06-15T13:00:00,7011AJ7R,山溪叶家,50.7
2025-06-15T13:00:00,7011AJ8R,山溪幕下,66.15
2025-06-15T13:00:00,7011AJ9R,山溪前桐,194.47
2025-06-15T13:00:00,7011AM2G,富春江水库严陵坞,23.36
2025-06-15T13:05:00,70101500,富春江电站(坝上),23.27
2025-06-15T13:05:00,70101501,富春江坝下,8.6
2025-06-15T13:05:00,70101800,窄溪,6.12
2025-06-15T13:05:00,70102300,闸口,5.35
2025-06-15T13:05:00,7010AJ33,渌渚,6.26
2025-06-15T13:05:00,7011AJ4M,新桐乡,5.99
2025-06-15T13:05:00,7011AJ5M,渌渚镇,7.22
2025-06-15T13:05:00,7011AJ7R,山溪叶家,50.69
2025-06-15T13:05:00,7011AJ8R,山溪幕下,66.15
2025-06-15T13:05:00,7011AJ9R,山溪前桐,194.48
2025-06-15T13:05:00,7011AM2G,富春江水库严陵坞,23.36
2025-06-15T13:10:00,70101500,富春江电站(坝上),23.26
2025-06-15T13:10:00,70101501,富春江坝下,8.64
2025-06-15T13:10:00,70101800,窄溪,6.13
2025-06-15T13:10:00,70102300,闸口,5.35
2025-06-15T13:10:00,7010AJ33,渌渚,6.24
2025-06-15T13:10:00,7011AJ4M,新桐乡,5.99
2025-06-15T13:10:00,7011AJ5M,渌渚镇,7.24
2025-06-15T13:10:00,7011AJ7R,山溪叶家,50.69
2025-06-15T13:10:00,7011AJ8R,山溪幕下,66.15
2025-06-15T13:10:00,7011AJ9R,山溪前桐,194.47
2025-06-15T13:10:00,7011AM2G,富春江水库严陵坞,23.36
2025-06-15T13:15:00,70101500,富春江电站(坝上),23.25
2025-06-15T13:15:00,70101501,富春江坝下,8.67
2025-06-15T13:15:00,70101800,窄溪,6.13
2025-06-15T13:15:00,70102300,闸口,5.35
2025-06-15T13:15:00,7010AJ33,渌渚,6.24
2025-06-15T13:15:00,7011AJ4M,新桐乡,6.01
2025-06-15T13:15:00,7011AJ5M,渌渚镇,7.29
2025-06-15T13:15:00,7011AJ7R,山溪叶家,50.69
2025-06-15T13:15:00,7011AJ8R,山溪幕下,66.15
2025-06-15T13:15:00,7011AJ9R,山溪前桐,194.47
2025-06-15T13:15:00,7011AM2G,富春江水库严陵坞,23.35
2025-06-15T13:20:00,70101500,富春江电站(坝上),23.26
2025-06-15T13:20:00,70101501,富春江坝下,8.65
2025-06-15T13:20:00,70101800,窄溪,6.14
2025-06-15T13:20:00,70102300,闸口,5.35
2025-06-15T13:20:00,7010AJ33,渌渚,6.26
2025-06-15T13:20:00,7011AJ4M,新桐乡,6.01
2025-06-15T13:20:00,7011AJ5M,渌渚镇,7.32
2025-06-15T13:20:00,7011AJ7R,山溪叶家,50.7
2025-06-15T13:20:00,7011AJ8R,山溪幕下,66.15
2025-06-15T13:20:00,7011AJ9R,山溪前桐,194.45
2025-06-15T13:20:00,7011AM2G,富春江水库严陵坞,23.35
2025-06-15T13:25:00,70101500,富春江电站(坝上),23.27
2025-06-15T13:25:00,70101501,富春江坝下,8.67
2025-06-15T13:25:00,70101800,窄溪,6.14
2025-06-15T13:25:00,70102300,闸口,5.35
2025-06-15T13:25:00,7010AJ33,渌渚,6.26
2025-06-15T13:25:00,7011AJ4M,新桐乡,6.01
2025-06-15T13:25:00,7011AJ5M,渌渚镇,7.36
2025-06-15T13:25:00,7011AJ7R,山溪叶家,50.7
2025-06-15T13:25:00,7011AJ8R,山溪幕下,66.15
2025-06-15T13:25:00,7011AJ9R,山溪前桐,194.47
2025-06-15T13:25:00,7011AM2G,富春江水库严陵坞,23.35
2025-06-15T13:30:00,70101500,富春江电站(坝上),23.26
2025-06-15T13:30:00,70101501,富春江坝下,8.67
2025-06-15T13:30:00,70101800,窄溪,6.14
2025-06-15T13:30:00,70102300,闸口,5.34
2025-06-15T13:30:00,7010AJ33,渌渚,6.26
2025-06-15T13:30:00,7011AJ4M,新桐乡,6.02
2025-06-15T13:30:00,7011AJ5M,渌渚镇,7.39
2025-06-15T13:30:00,7011AJ7R,山溪叶家,50.7
2025-06-15T13:30:00,7011AJ8R,山溪幕下,66.15
2025-06-15T13:30:00,7011AJ9R,山溪前桐,194.45
2025-06-15T13:30:00,7011AM2G,富春江水库严陵坞,23.34
2025-06-15T13:35:00,70101500,富春江电站(坝上),23.24
2025-06-15T13:35:00,70101501,富春江坝下,8.63
2025-06-15T13:35:00,70101800,窄溪,6.15
2025-06-15T13:35:00,70102300,闸口,5.34
2025-06-15T13:35:00,7010AJ33,渌渚,6.26
2025-06-15T13:35:00,7011AJ4M,新桐乡,6.02
2025-06-15T13:35:00,7011AJ5M,渌渚镇,7.42
2025-06-15T13:35:00,7011AJ7R,山溪叶家,50.71
2025-06-15T13:35:00,7011AJ8R,山溪幕下,66.15
2025-06-15T13:35:00,7011AJ9R,山溪前桐,194.46
2025-06-15T13:35:00,7011AM2G,富春江水库严陵坞,23.33
2025-06-15T13:40:00,70101500,富春江电站(坝上),23.23
2025-06-15T13:40:00,70101501,富春江坝下,8.66
2025-06-15T13:40:00,70101800,窄溪,6.15
2025-06-15T13:40:00,70102300,闸口,5.34
2025-06-15T13:40:00,7010AJ33,渌渚,6.28
2025-06-15T13:40:00,7011AJ4M,新桐乡,6.02
2025-06-15T13:40:00,7011AJ5M,渌渚镇,7.46
2025-06-15T13:40:00,7011AJ7R,山溪叶家,50.72
2025-06-15T13:40:00,7011AJ8R,山溪幕下,66.15
2025-06-15T13:40:00,7011AJ9R,山溪前桐,194.43
2025-06-15T13:40:00,7011AM2G,富春江水库严陵坞,23.33
2025-06-15T13:45:00,70101500,富春江电站(坝上),23.22
2025-06-15T13:45:00,70101501,富春江坝下,8.68
2025-06-15T13:45:00,70101800,窄溪,6.16
2025-06-15T13:45:00,70102300,闸口,5.34
2025-06-15T13:45:00,7010AJ33,渌渚,6.28
2025-06-15T13:45:00,7011AJ4M,新桐乡,6.02
2025-06-15T13:45:00,7011AJ5M,渌渚镇,7.48
2025-06-15T13:45:00,7011AJ7R,山溪叶家,50.72
2025-06-15T13:45:00,7011AJ8R,山溪幕下,66.16
2025-06-15T13:45:00,7011AJ9R,山溪前桐,194.43
2025-06-15T13:45:00,7011AM2G,富春江水库严陵坞,23.31
2025-06-15T13:50:00,70101500,富春江电站(坝上),23.21
2025-06-15T13:50:00,70101501,富春江坝下,8.64
2025-06-15T13:50:00,70101800,窄溪,6.16
2025-06-15T13:50:00,70102300,闸口,5.33
2025-06-15T13:50:00,7010AJ33,渌渚,6.3
2025-06-15T13:50:00,7011AJ4M,新桐乡,6.03
2025-06-15T13:50:00,7011AJ5M,渌渚镇,7.53
2025-06-15T13:50:00,7011AJ7R,山溪叶家,50.73
2025-06-15T13:50:00,7011AJ8R,山溪幕下,66.16
2025-06-15T13:50:00,7011AJ9R,山溪前桐,194.46
2025-06-15T13:50:00,7011AM2G,富春江水库严陵坞,23.3
2025-06-15T13:55:00,70101500,富春江电站(坝上),23.21
2025-06-15T13:55:00,70101501,富春江坝下,8.64
2025-06-15T13:55:00,70101800,窄溪,6.16
2025-06-15T13:55:00,70102300,闸口,5.33
2025-06-15T13:55:00,7010AJ33,渌渚,6.3
2025-06-15T13:55:00,7011AJ4M,新桐乡,6.03
2025-06-15T13:55:00,7011AJ5M,渌渚镇,7.57
2025-06-15T13:55:00,7011AJ7R,山溪叶家,50.73
2025-06-15T13:55:00,7011AJ8R,山溪幕下,66.16
2025-06-15T13:55:00,7011AJ9R,山溪前桐,194.43
2025-06-15T13:55:00,7011AM2G,富春江水库严陵坞,23.3
2025-06-15T14:00:00,70101500,富春江电站(坝上),23.21
2025-06-15T14:00:00,70101501,富春江坝下,8.69
2025-06-15T14:00:00,70101800,窄溪,6.16
2025-06-15T14:00:00,70102300,闸口,5.34
2025-06-15T14:00:00,7010AJ33,渌渚,6.32
2025-06-15T14:00:00,7011AJ4M,新桐乡,6.03
2025-06-15T14:00:00,7011AJ5M,渌渚镇,7.59
2025-06-15T14:00:00,7011AJ7R,山溪叶家,50.74
2025-06-15T14:00:00,7011AJ8R,山溪幕下,66.15
2025-06-15T14:00:00,7011AJ9R,山溪前桐,194.44
2025-06-15T14:00:00,7011AM2G,富春江水库严陵坞,23.3
2025-06-15T14:05:00,70101500,富春江电站(坝上),23.21
2025-06-15T14:05:00,70101501,富春江坝下,8.67
2025-06-15T14:05:00,70101800,窄溪,6.17
2025-06-15T14:05:00,70102300,闸口,5.34
2025-06-15T14:05:00,7010AJ33,渌渚,6.34
2025-06-15T14:05:00,7011AJ4M,新桐乡,6.03
2025-06-15T14:05:00,7011AJ5M,渌渚镇,7.62
2025-06-15T14:05:00,7011AJ7R,山溪叶家,50.74
2025-06-15T14:05:00,7011AJ8R,山溪幕下,66.15
2025-06-15T14:05:00,7011AJ9R,山溪前桐,194.43
2025-06-15T14:05:00,7011AM2G,富春江水库严陵坞,23.3
2025-06-15T14:10:00,70101500,富春江电站(坝上),23.22
2025-06-15T14:10:00,70101501,富春江坝下,8.71
2025-06-15T14:10:00,70101800,窄溪,6.17
2025-06-15T14:10:00,70102300,闸口,5.34
2025-06-15T14:10:00,7010AJ33,渌渚,6.36
2025-06-15T14:10:00,7011AJ4M,新桐乡,6.04
2025-06-15T14:10:00,7011AJ5M,渌渚镇,7.65
2025-06-15T14:10:00,7011AJ7R,山溪叶家,50.75
2025-06-15T14:10:00,7011AJ8R,山溪幕下,66.16
2025-06-15T14:10:00,7011AJ9R,山溪前桐,194.42
2025-06-15T14:10:00,7011AM2G,富春江水库严陵坞,23.3
2025-06-15T14:15:00,70101500,富春江电站(坝上),23.22
2025-06-15T14:15:00,70101501,富春江坝下,8.67
2025-06-15T14:15:00,70101800,窄溪,6.18
2025-06-15T14:15:00,70102300,闸口,5.34
2025-06-15T14:15:00,7010AJ33,渌渚,6.38
2025-06-15T14:15:00,7011AJ4M,新桐乡,6.04
2025-06-15T14:15:00,7011AJ5M,渌渚镇,7.68
2025-06-15T14:15:00,7011AJ7R,山溪叶家,50.75
2025-06-15T14:15:00,7011AJ8R,山溪幕下,66.17
2025-06-15T14:15:00,7011AJ9R,山溪前桐,194.43
2025-06-15T14:15:00,7011AM2G,富春江水库严陵坞,23.3
2025-06-15T14:20:00,70101500,富春江电站(坝上),23.22
2025-06-15T14:20:00,70101501,富春江坝下,8.67
2025-06-15T14:20:00,70101800,窄溪,6.19
2025-06-15T14:20:00,70102300,闸口,5.34
2025-06-15T14:20:00,7010AJ33,渌渚,6.38
2025-06-15T14:20:00,7011AJ4M,新桐乡,6.04
2025-06-15T14:20:00,7011AJ5M,渌渚镇,7.7
2025-06-15T14:20:00,7011AJ7R,山溪叶家,50.75
2025-06-15T14:20:00,7011AJ8R,山溪幕下,66.16
2025-06-15T14:20:00,7011AJ9R,山溪前桐,194.4
2025-06-15T14:20:00,7011AM2G,富春江水库严陵坞,23.3
2025-06-15T14:25:00,70101500,富春江电站(坝上),23.22
2025-06-15T14:25:00,70101501,富春江坝下,8.69
2025-06-15T14:25:00,70101800,窄溪,6.19
2025-06-15T14:25:00,70102300,闸口,5.34
2025-06-15T14:25:00,7010AJ33,渌渚,6.39
2025-06-15T14:25:00,7011AJ4M,新桐乡,6.04
2025-06-15T14:25:00,7011AJ5M,渌渚镇,7.73
2025-06-15T14:25:00,7011AJ7R,山溪叶家,50.75
2025-06-15T14:25:00,7011AJ8R,山溪幕下,66.16
2025-06-15T14:25:00,7011AJ9R,山溪前桐,194.41
2025-06-15T14:25:00,7011AM2G,富春江水库严陵坞,23.31
2025-06-15T14:30:00,70101500,富春江电站(坝上),23.23
2025-06-15T14:30:00,70101501,富春江坝下,8.67
2025-06-15T14:30:00,70101800,窄溪,6.2
2025-06-15T14:30:00,70102300,闸口,5.34
2025-06-15T14:30:00,7010AJ33,渌渚,6.41
2025-06-15T14:30:00,7011AJ4M,新桐乡,6.04
2025-06-15T14:30:00,7011AJ5M,渌渚镇,7.75
2025-06-15T14:30:00,7011AJ7R,山溪叶家,50.75
2025-06-15T14:30:00,7011AJ8R,山溪幕下,66.17
2025-06-15T14:30:00,7011AJ9R,山溪前桐,194.39
2025-06-15T14:30:00,7011AM2G,富春江水库严陵坞,23.31
2025-06-15T14:35:00,70101500,富春江电站(坝上),23.24
2025-06-15T14:35:00,70101501,富春江坝下,8.67
2025-06-15T14:35:00,70101800,窄溪,6.21
2025-06-15T14:35:00,70102300,闸口,5.34
2025-06-15T14:35:00,7010AJ33,渌渚,6.43
2025-06-15T14:35:00,7011AJ4M,新桐乡,6.05
2025-06-15T14:35:00,7011AJ5M,渌渚镇,7.78
2025-06-15T14:35:00,7011AJ7R,山溪叶家,50.76
2025-06-15T14:35:00,7011AJ8R,山溪幕下,66.17
2025-06-15T14:35:00,7011AJ9R,山溪前桐,194.4
2025-06-15T14:35:00,7011AM2G,富春江水库严陵坞,23.32
2025-06-15T14:40:00,70101500,富春江电站(坝上),23.25
2025-06-15T14:40:00,70101501,富春江坝下,8.71
2025-06-15T14:40:00,70101800,窄溪,6.21
2025-06-15T14:40:00,70102300,闸口,5.34
2025-06-15T14:40:00,7010AJ33,渌渚,6.43
2025-06-15T14:40:00,7011AJ4M,新桐乡,6.06
2025-06-15T14:40:00,7011AJ5M,渌渚镇,7.8
2025-06-15T14:40:00,7011AJ7R,山溪叶家,50.76
2025-06-15T14:40:00,7011AJ8R,山溪幕下,66.17
2025-06-15T14:40:00,7011AJ9R,山溪前桐,194.4
2025-06-15T14:40:00,7011AM2G,富春江水库严陵坞,23.33
2025-06-15T14:45:00,70101500,富春江电站(坝上),23.25
2025-06-15T14:45:00,70101501,富春江坝下,8.73
2025-06-15T14:45:00,70101800,窄溪,6.21
2025-06-15T14:45:00,70102300,闸口,5.35
2025-06-15T14:45:00,7010AJ33,渌渚,6.45
2025-06-15T14:45:00,7011AJ4M,新桐乡,6.06
2025-06-15T14:45:00,7011AJ5M,渌渚镇,7.82
2025-06-15T14:45:00,7011AJ7R,山溪叶家,50.76
2025-06-15T14:45:00,7011AJ8R,山溪幕下,66.17
2025-06-15T14:45:00,7011AJ9R,山溪前桐,194.39
2025-06-15T14:45:00,7011AM2G,富春江水库严陵坞,23.33
2025-06-15T14:50:00,70101500,富春江电站(坝上),23.32
2025-06-15T14:50:00,70101501,富春江坝下,8.54
2025-06-15T14:50:00,70101800,窄溪,6.22
2025-06-15T14:50:00,70102300,闸口,5.35
2025-06-15T14:50:00,7010AJ33,渌渚,6.47
2025-06-15T14:50:00,7011AJ4M,新桐乡,6.06
2025-06-15T14:50:00,7011AJ5M,渌渚镇,7.85
2025-06-15T14:50:00,7011AJ7R,山溪叶家,50.76
2025-06-15T14:50:00,7011AJ8R,山溪幕下,66.18
2025-06-15T14:50:00,7011AJ9R,山溪前桐,194.38
2025-06-15T14:50:00,7011AM2G,富春江水库严陵坞,23.34
2025-06-15T14:55:00,70101500,富春江电站(坝上),23.27
2025-06-15T14:55:00,70101501,富春江坝下,8.5
2025-06-15T14:55:00,70101800,窄溪,6.22
2025-06-15T14:55:00,70102300,闸口,5.35
2025-06-15T14:55:00,7010AJ33,渌渚,6.49
2025-06-15T14:55:00,7011AJ4M,新桐乡,6.06
2025-06-15T14:55:00,7011AJ5M,渌渚镇,7.87
2025-06-15T14:55:00,7011AJ7R,山溪叶家,50.76
2025-06-15T14:55:00,7011AJ8R,山溪幕下,66.18
2025-06-15T14:55:00,7011AJ9R,山溪前桐,194.4
2025-06-15T14:55:00,7011AM2G,富春江水库严陵坞,23.41
2025-06-15T15:00:00,70101500,富春江电站(坝上),23.06
2025-06-15T15:00:00,70101501,富春江坝下,8.76
2025-06-15T15:00:00,70101800,窄溪,6.22
2025-06-15T15:00:00,70102300,闸口,5.35
2025-06-15T15:00:00,7010AJ33,渌渚,6.49
2025-06-15T15:00:00,7011AJ4M,新桐乡,6.07
2025-06-15T15:00:00,7011AJ5M,渌渚镇,7.89
2025-06-15T15:00:00,7011AJ7R,山溪叶家,50.76
2025-06-15T15:00:00,7011AJ8R,山溪幕下,66.17
2025-06-15T15:00:00,7011AJ9R,山溪前桐,194.37
2025-06-15T15:00:00,7011AM2G,富春江水库严陵坞,23.38
2025-06-15T15:05:00,70101500,富春江电站(坝上),23.08
2025-06-15T15:05:00,70101501,富春江坝下,9.02
2025-06-15T15:05:00,70101800,窄溪,6.24
2025-06-15T15:05:00,70102300,闸口,5.35
2025-06-15T15:05:00,7010AJ33,渌渚,6.51
2025-06-15T15:05:00,7011AJ4M,新桐乡,6.07
2025-06-15T15:05:00,7011AJ5M,渌渚镇,7.9
2025-06-15T15:05:00,7011AJ7R,山溪叶家,50.75
2025-06-15T15:05:00,7011AJ8R,山溪幕下,66.18
2025-06-15T15:05:00,7011AJ9R,山溪前桐,194.36
2025-06-15T15:05:00,7011AM2G,富春江水库严陵坞,23.17
2025-06-15T15:10:00,70101500,富春江电站(坝上),23.04
2025-06-15T15:10:00,70101501,富春江坝下,9.07
2025-06-15T15:10:00,70101800,窄溪,6.24
2025-06-15T15:10:00,70102300,闸口,5.35
2025-06-15T15:10:00,7010AJ33,渌渚,6.53
2025-06-15T15:10:00,7011AJ4M,新桐乡,6.07
2025-06-15T15:10:00,7011AJ5M,渌渚镇,7.93
2025-06-15T15:10:00,7011AJ7R,山溪叶家,50.76
2025-06-15T15:10:00,7011AJ8R,山溪幕下,66.18
2025-06-15T15:10:00,7011AJ9R,山溪前桐,194.34
2025-06-15T15:10:00,7011AM2G,富春江水库严陵坞,23.15
2025-06-15T15:15:00,70101500,富春江电站(坝上),23.0
2025-06-15T15:15:00,70101501,富春江坝下,9.07
2025-06-15T15:15:00,70101800,窄溪,6.25
2025-06-15T15:15:00,70102300,闸口,5.35
2025-06-15T15:15:00,7010AJ33,渌渚,6.53
2025-06-15T15:15:00,7011AJ4M,新桐乡,6.08
2025-06-15T15:15:00,7011AJ5M,渌渚镇,7.95
2025-06-15T15:15:00,7011AJ7R,山溪叶家,50.76
2025-06-15T15:15:00,7011AJ8R,山溪幕下,66.18
2025-06-15T15:15:00,7011AJ9R,山溪前桐,194.4
2025-06-15T15:15:00,7011AM2G,富春江水库严陵坞,23.12
2025-06-15T15:20:00,70101500,富春江电站(坝上),22.99
2025-06-15T15:20:00,70101501,富春江坝下,9.19
2025-06-15T15:20:00,70101800,窄溪,6.25
2025-06-15T15:20:00,70102300,闸口,5.35
2025-06-15T15:20:00,7010AJ33,渌渚,6.55
2025-06-15T15:20:00,7011AJ4M,新桐乡,6.08
2025-06-15T15:20:00,7011AJ5M,渌渚镇,7.97
2025-06-15T15:20:00,7011AJ7R,山溪叶家,50.76
2025-06-15T15:20:00,7011AJ8R,山溪幕下,66.18
2025-06-15T15:20:00,7011AJ9R,山溪前桐,194.38
2025-06-15T15:20:00,7011AM2G,富春江水库严陵坞,23.12
2025-06-15T15:25:00,70101500,富春江电站(坝上),22.99
2025-06-15T15:25:00,70101501,富春江坝下,9.21
2025-06-15T15:25:00,70101800,窄溪,6.25
2025-06-15T15:25:00,70102300,闸口,5.35
2025-06-15T15:25:00,7010AJ33,渌渚,6.57
2025-06-15T15:25:00,7011AJ4M,新桐乡,6.1
2025-06-15T15:25:00,7011AJ5M,渌渚镇,7.99
2025-06-15T15:25:00,7011AJ7R,山溪叶家,50.76
2025-06-15T15:25:00,7011AJ8R,山溪幕下,66.18
2025-06-15T15:25:00,7011AJ9R,山溪前桐,194.38
2025-06-15T15:25:00,7011AM2G,富春江水库严陵坞,23.09
2025-06-15T15:30:00,70101500,富春江电站(坝上),22.98
2025-06-15T15:30:00,70101501,富春江坝下,9.2
2025-06-15T15:30:00,70101800,窄溪,6.25
2025-06-15T15:30:00,70102300,闸口,5.36
2025-06-15T15:30:00,7010AJ33,渌渚,6.59
2025-06-15T15:30:00,7011AJ4M,新桐乡,6.1
2025-06-15T15:30:00,7011AJ5M,渌渚镇,8.01
2025-06-15T15:30:00,7011AJ7R,山溪叶家,50.76
2025-06-15T15:30:00,7011AJ8R,山溪幕下,66.18
2025-06-15T15:30:00,7011AJ9R,山溪前桐,194.4
2025-06-15T15:30:00,7011AM2G,富春江水库严陵坞,23.08
2025-06-15T15:35:00,70101500,富春江电站(坝上),22.98
2025-06-15T15:35:00,70101501,富春江坝下,9.26
2025-06-15T15:35:00,70101800,窄溪,6.27
2025-06-15T15:35:00,70102300,闸口,5.35
2025-06-15T15:35:00,7010AJ33,渌渚,6.61
2025-06-15T15:35:00,7011AJ4M,新桐乡,6.1
2025-06-15T15:35:00,7011AJ5M,渌渚镇,8.04
2025-06-15T15:35:00,7011AJ7R,山溪叶家,50.75
2025-06-15T15:35:00,7011AJ8R,山溪幕下,66.18
2025-06-15T15:35:00,7011AJ9R,山溪前桐,194.36
2025-06-15T15:35:00,7011AM2G,富春江水库严陵坞,23.08
2025-06-15T15:40:00,70101500,富春江电站(坝上),22.98
2025-06-15T15:40:00,70101501,富春江坝下,9.2
2025-06-15T15:40:00,70101800,窄溪,6.3
2025-06-15T15:40:00,70102300,闸口,5.36
2025-06-15T15:40:00,7010AJ33,渌渚,6.63
2025-06-15T15:40:00,7011AJ4M,新桐乡,6.1
2025-06-15T15:40:00,7011AJ5M,渌渚镇,8.05
2025-06-15T15:40:00,7011AJ7R,山溪叶家,50.76
2025-06-15T15:40:00,7011AJ8R,山溪幕下,66.18
2025-06-15T15:40:00,7011AJ9R,山溪前桐,194.37
2025-06-15T15:40:00,7011AM2G,富春江水库严陵坞,23.06
2025-06-15T15:45:00,70101500,富春江电站(坝上),22.95
2025-06-15T15:45:00,70101501,富春江坝下,9.23
2025-06-15T15:45:00,70101800,窄溪,6.31
2025-06-15T15:45:00,70102300,闸口,5.36
2025-06-15T15:45:00,7010AJ33,渌渚,6.63
2025-06-15T15:45:00,7011AJ4M,新桐乡,6.11
2025-06-15T15:45:00,7011AJ5M,渌渚镇,8.07
2025-06-15T15:45:00,7011AJ7R,山溪叶家,50.76
2025-06-15T15:45:00,7011AJ8R,山溪幕下,66.17
2025-06-15T15:45:00,7011AJ9R,山溪前桐,194.38
2025-06-15T15:45:00,7011AM2G,富春江水库严陵坞,23.08
2025-06-15T15:50:00,70101500,富春江电站(坝上),23.03
2025-06-15T15:50:00,70101501,富春江坝下,9.25
2025-06-15T15:50:00,70101800,窄溪,6.33
2025-06-15T15:50:00,70102300,闸口,5.36
2025-06-15T15:50:00,7010AJ33,渌渚,6.64
2025-06-15T15:50:00,7011AJ4M,新桐乡,6.12
2025-06-15T15:50:00,7011AJ5M,渌渚镇,8.1
2025-06-15T15:50:00,7011AJ7R,山溪叶家,50.75
2025-06-15T15:50:00,7011AJ8R,山溪幕下,66.16
2025-06-15T15:50:00,7011AJ9R,山溪前桐,194.37
2025-06-15T15:50:00,7011AM2G,富春江水库严陵坞,23.12
2025-06-15T15:55:00,70101500,富春江电站(坝上),23.1
2025-06-15T15:55:00,70101501,富春江坝下,9.23
2025-06-15T15:55:00,70101800,窄溪,6.35
2025-06-15T15:55:00,70102300,闸口,5.36
2025-06-15T15:55:00,7010AJ33,渌渚,6.68
2025-06-15T15:55:00,7011AJ4M,新桐乡,6.13
2025-06-15T15:55:00,7011AJ5M,渌渚镇,8.12
2025-06-15T15:55:00,7011AJ7R,山溪叶家,50.76
2025-06-15T15:55:00,7011AJ8R,山溪幕下,66.16
2025-06-15T15:55:00,7011AJ9R,山溪前桐,194.37
2025-06-15T15:55:00,7011AM2G,富春江水库严陵坞,23.16
2025-06-15T16:00:00,70101500,富春江电站(坝上),23.13
2025-06-15T16:00:00,70101501,富春江坝下,9.31
2025-06-15T16:00:00,70101800,窄溪,6.37
2025-06-15T16:00:00,70102300,闸口,5.36
2025-06-15T16:00:00,7010AJ33,渌渚,6.72
2025-06-15T16:00:00,7011AJ4M,新桐乡,6.14
2025-06-15T16:00:00,7011AJ5M,渌渚镇,8.14
2025-06-15T16:00:00,7011AJ7R,山溪叶家,50.76
2025-06-15T16:00:00,7011AJ8R,山溪幕下,66.16
2025-06-15T16:00:00,7011AJ9R,山溪前桐,194.36
2025-06-15T16:00:00,7011AM2G,富春江水库严陵坞,23.19
2025-06-15T16:05:00,70101500,富春江电站(坝上),23.12
2025-06-15T16:05:00,70101501,富春江坝下,9.33
2025-06-15T16:05:00,70101800,窄溪,6.38
2025-06-15T16:05:00,70102300,闸口,5.36
2025-06-15T16:05:00,7010AJ33,渌渚,6.76
2025-06-15T16:05:00,7011AJ4M,新桐乡,6.16
2025-06-15T16:05:00,7011AJ5M,渌渚镇,8.16
2025-06-15T16:05:00,7011AJ7R,山溪叶家,50.75
2025-06-15T16:05:00,7011AJ8R,山溪幕下,66.17
2025-06-15T16:05:00,7011AJ9R,山溪前桐,194.39
2025-06-15T16:05:00,7011AM2G,富春江水库严陵坞,23.22
2025-06-15T16:10:00,70101500,富春江电站(坝上),23.14
2025-06-15T16:10:00,70101501,富春江坝下,9.32
2025-06-15T16:10:00,70101800,窄溪,6.39
2025-06-15T16:10:00,70102300,闸口,5.36
2025-06-15T16:10:00,7010AJ33,渌渚,6.78
2025-06-15T16:10:00,7011AJ4M,新桐乡,6.17
2025-06-15T16:10:00,7011AJ5M,渌渚镇,8.19
2025-06-15T16:10:00,7011AJ7R,山溪叶家,50.75
2025-06-15T16:10:00,7011AJ8R,山溪幕下,66.16
2025-06-15T16:10:00,7011AJ9R,山溪前桐,194.39
2025-06-15T16:10:00,7011AM2G,富春江水库严陵坞,23.24
2025-06-15T16:15:00,70101500,富春江电站(坝上),23.17
2025-06-15T16:15:00,70101501,富春江坝下,9.28
2025-06-15T16:15:00,70101800,窄溪,6.42
2025-06-15T16:15:00,70102300,闸口,5.36
2025-06-15T16:15:00,7010AJ33,渌渚,6.8
2025-06-15T16:15:00,7011AJ4M,新桐乡,6.18
2025-06-15T16:15:00,7011AJ5M,渌渚镇,8.2
2025-06-15T16:15:00,7011AJ7R,山溪叶家,50.76
2025-06-15T16:15:00,7011AJ8R,山溪幕下,66.16
2025-06-15T16:15:00,7011AJ9R,山溪前桐,194.35
2025-06-15T16:15:00,7011AM2G,富春江水库严陵坞,23.25
2025-06-15T16:20:00,70101500,富春江电站(坝上),23.19
2025-06-15T16:20:00,70101501,富春江坝下,9.32
2025-06-15T16:20:00,70101800,窄溪,6.42
2025-06-15T16:20:00,70102300,闸口,5.36
2025-06-15T16:20:00,7010AJ33,渌渚,6.84
2025-06-15T16:20:00,7011AJ4M,新桐乡,6.18
2025-06-15T16:20:00,7011AJ5M,渌渚镇,8.22
2025-06-15T16:20:00,7011AJ7R,山溪叶家,50.76
2025-06-15T16:20:00,7011AJ8R,山溪幕下,66.15
2025-06-15T16:20:00,7011AJ9R,山溪前桐,194.37
2025-06-15T16:20:00,7011AM2G,富春江水库严陵坞,23.27
2025-06-15T16:25:00,70101500,富春江电站(坝上),23.08
2025-06-15T16:25:00,70101501,富春江坝下,9.47
2025-06-15T16:25:00,70101800,窄溪,6.44
2025-06-15T16:25:00,70102300,闸口,5.37
2025-06-15T16:25:00,7010AJ33,渌渚,6.86
2025-06-15T16:25:00,7011AJ4M,新桐乡,6.2
2025-06-15T16:25:00,7011AJ5M,渌渚镇,8.25
2025-06-15T16:25:00,7011AJ7R,山溪叶家,50.76
2025-06-15T16:25:00,7011AJ8R,山溪幕下,66.15
2025-06-15T16:25:00,7011AJ9R,山溪前桐,194.37
2025-06-15T16:25:00,7011AM2G,富春江水库严陵坞,23.29
2025-06-15T16:30:00,70101500,富春江电站(坝上),23.1
2025-06-15T16:30:00,70101501,富春江坝下,9.57
2025-06-15T16:30:00,70101800,窄溪,6.45
2025-06-15T16:30:00,70102300,闸口,5.37
2025-06-15T16:30:00,7010AJ33,渌渚,6.89
2025-06-15T16:30:00,7011AJ4M,新桐乡,6.2
2025-06-15T16:30:00,7011AJ5M,渌渚镇,8.27
2025-06-15T16:30:00,7011AJ7R,山溪叶家,50.76
2025-06-15T16:30:00,7011AJ8R,山溪幕下,66.16
2025-06-15T16:30:00,7011AJ9R,山溪前桐,194.36
2025-06-15T16:30:00,7011AM2G,富春江水库严陵坞,23.23
2025-06-15T16:35:00,70101500,富春江电站(坝上),23.1
2025-06-15T16:35:00,70101501,富春江坝下,9.57
2025-06-15T16:35:00,70101800,窄溪,6.47
2025-06-15T16:35:00,70102300,闸口,5.37
2025-06-15T16:35:00,7010AJ33,渌渚,6.91
2025-06-15T16:35:00,7011AJ4M,新桐乡,6.24
2025-06-15T16:35:00,7011AJ5M,渌渚镇,8.29
2025-06-15T16:35:00,7011AJ7R,山溪叶家,50.75
2025-06-15T16:35:00,7011AJ8R,山溪幕下,66.16
2025-06-15T16:35:00,7011AJ9R,山溪前桐,194.37
2025-06-15T16:35:00,7011AM2G,富春江水库严陵坞,23.22
2025-06-15T16:40:00,70101500,富春江电站(坝上),23.09
2025-06-15T16:40:00,70101501,富春江坝下,9.58
2025-06-15T16:40:00,70101800,窄溪,6.49
2025-06-15T16:40:00,70102300,闸口,5.37
2025-06-15T16:40:00,7010AJ33,渌渚,6.93
2025-06-15T16:40:00,7011AJ4M,新桐乡,6.24
2025-06-15T16:40:00,7011AJ5M,渌渚镇,8.31
2025-06-15T16:40:00,7011AJ7R,山溪叶家,50.76
2025-06-15T16:40:00,7011AJ8R,山溪幕下,66.16
2025-06-15T16:40:00,7011AJ9R,山溪前桐,194.36
2025-06-15T16:40:00,7011AM2G,富春江水库严陵坞,23.2
2025-06-15T16:45:00,70101500,富春江电站(坝上),23.1
2025-06-15T16:45:00,70101501,富春江坝下,9.6
2025-06-15T16:45:00,70101800,窄溪,6.5
2025-06-15T16:45:00,70102300,闸口,5.38
2025-06-15T16:45:00,7010AJ33,渌渚,6.97
2025-06-15T16:45:00,7011AJ4M,新桐乡,6.26
2025-06-15T16:45:00,7011AJ5M,渌渚镇,8.33
2025-06-15T16:45:00,7011AJ7R,山溪叶家,50.75
2025-06-15T16:45:00,7011AJ8R,山溪幕下,66.15
2025-06-15T16:45:00,7011AJ9R,山溪前桐,194.39
2025-06-15T16:45:00,7011AM2G,富春江水库严陵坞,23.2
2025-06-15T16:50:00,70101500,富春江电站(坝上),23.08
2025-06-15T16:50:00,70101501,富春江坝下,9.68
2025-06-15T16:50:00,70101800,窄溪,6.52
2025-06-15T16:50:00,70102300,闸口,5.38
2025-06-15T16:50:00,7010AJ33,渌渚,6.99
2025-06-15T16:50:00,7011AJ4M,新桐乡,6.26
2025-06-15T16:50:00,7011AJ5M,渌渚镇,8.35
2025-06-15T16:50:00,7011AJ7R,山溪叶家,50.76
2025-06-15T16:50:00,7011AJ8R,山溪幕下,66.16
2025-06-15T16:50:00,7011AJ9R,山溪前桐,194.38
2025-06-15T16:50:00,7011AM2G,富春江水库严陵坞,23.18
2025-06-15T16:55:00,70101500,富春江电站(坝上),23.05
2025-06-15T16:55:00,70101501,富春江坝下,9.67
2025-06-15T16:55:00,70101800,窄溪,6.54
2025-06-15T16:55:00,70102300,闸口,5.38
2025-06-15T16:55:00,7010AJ33,渌渚,7.01
2025-06-15T16:55:00,7011AJ4M,新桐乡,6.26
2025-06-15T16:55:00,7011AJ5M,渌渚镇,8.37
2025-06-15T16:55:00,7011AJ7R,山溪叶家,50.75
2025-06-15T16:55:00,7011AJ8R,山溪幕下,66.15
2025-06-15T16:55:00,7011AJ9R,山溪前桐,194.36
2025-06-15T16:55:00,7011AM2G,富春江水库严陵坞,23.17
2025-06-15T17:00:00,70101500,富春江电站(坝上),23.05
2025-06-15T17:00:00,70101501,富春江坝下,9.59
2025-06-15T17:00:00,70101800,窄溪,6.55
2025-06-15T17:00:00,70102300,闸口,5.38
2025-06-15T17:00:00,7010AJ33,渌渚,7.05
2025-06-15T17:00:00,7011AJ4M,新桐乡,6.26
2025-06-15T17:00:00,7011AJ5M,渌渚镇,8.38
2025-06-15T17:00:00,7011AJ7R,山溪叶家,50.75
2025-06-15T17:00:00,7011AJ8R,山溪幕下,66.15
2025-06-15T17:00:00,7011AJ9R,山溪前桐,194.38
2025-06-15T17:00:00,7011AM2G,富春江水库严陵坞,23.16
2025-06-15T17:05:00,70101500,富春江电站(坝上),23.06
2025-06-15T17:05:00,70101501,富春江坝下,9.7
2025-06-15T17:05:00,70101800,窄溪,6.58
2025-06-15T17:05:00,70102300,闸口,5.38
2025-06-15T17:05:00,7010AJ33,渌渚,7.05
2025-06-15T17:05:00,7011AJ4M,新桐乡,6.28
2025-06-15T17:05:00,7011AJ5M,渌渚镇,8.41
2025-06-15T17:05:00,7011AJ7R,山溪叶家,50.75
2025-06-15T17:05:00,7011AJ8R,山溪幕下,66.16
2025-06-15T17:05:00,7011AJ9R,山溪前桐,194.35
2025-06-15T17:05:00,7011AM2G,富春江水库严陵坞,23.15
2025-06-15T17:10:00,70101500,富春江电站(坝上),23.04
2025-06-15T17:10:00,70101501,富春江坝下,9.68
2025-06-15T17:10:00,70101800,窄溪,6.6
2025-06-15T17:10:00,70102300,闸口,5.38
2025-06-15T17:10:00,7010AJ33,渌渚,7.09
2025-06-15T17:10:00,7011AJ4M,新桐乡,6.3
2025-06-15T17:10:00,7011AJ5M,渌渚镇,8.43
2025-06-15T17:10:00,7011AJ7R,山溪叶家,50.75
2025-06-15T17:10:00,7011AJ8R,山溪幕下,66.16
2025-06-15T17:10:00,7011AJ9R,山溪前桐,194.36
2025-06-15T17:10:00,7011AM2G,富春江水库严陵坞,23.15
2025-06-15T17:15:00,70101500,富春江电站(坝上),23.04
2025-06-15T17:15:00,70101501,富春江坝下,9.66
2025-06-15T17:15:00,70101800,窄溪,6.62
2025-06-15T17:15:00,70102300,闸口,5.38
2025-06-15T17:15:00,7010AJ33,渌渚,7.11
2025-06-15T17:15:00,7011AJ4M,新桐乡,6.32
2025-06-15T17:15:00,7011AJ5M,渌渚镇,8.44
2025-06-15T17:15:00,7011AJ7R,山溪叶家,50.75
2025-06-15T17:15:00,7011AJ8R,山溪幕下,66.15
2025-06-15T17:15:00,7011AJ9R,山溪前桐,194.37
2025-06-15T17:15:00,7011AM2G,富春江水库严陵坞,23.15
2025-06-15T17:20:00,70101500,富春江电站(坝上),23.04
2025-06-15T17:20:00,70101501,富春江坝下,9.71
2025-06-15T17:20:00,70101800,窄溪,6.64
2025-06-15T17:20:00,70102300,闸口,5.38
2025-06-15T17:20:00,7010AJ33,渌渚,7.14
2025-06-15T17:20:00,7011AJ4M,新桐乡,6.32
2025-06-15T17:20:00,7011AJ5M,渌渚镇,8.46
2025-06-15T17:20:00,7011AJ7R,山溪叶家,50.74
2025-06-15T17:20:00,7011AJ8R,山溪幕下,66.15
2025-06-15T17:20:00,7011AJ9R,山溪前桐,194.36
2025-06-15T17:20:00,7011AM2G,富春江水库严陵坞,23.15
2025-06-15T17:25:00,70101500,富春江电站(坝上),23.04
2025-06-15T17:25:00,70101501,富春江坝下,9.73
2025-06-15T17:25:00,70101800,窄溪,6.66
2025-06-15T17:25:00,70102300,闸口,5.38
2025-06-15T17:25:00,7010AJ33,渌渚,7.16
2025-06-15T17:25:00,7011AJ4M,新桐乡,6.33
2025-06-15T17:25:00,7011AJ5M,渌渚镇,8.48
2025-06-15T17:25:00,7011AJ7R,山溪叶家,50.74
2025-06-15T17:25:00,7011AJ8R,山溪幕下,66.15
2025-06-15T17:25:00,7011AJ9R,山溪前桐,194.35
2025-06-15T17:25:00,7011AM2G,富春江水库严陵坞,23.15
2025-06-15T17:30:00,70101500,富春江电站(坝上),23.03
2025-06-15T17:30:00,70101501,富春江坝下,9.68
2025-06-15T17:30:00,70101800,窄溪,6.67
2025-06-15T17:30:00,70102300,闸口,5.39
2025-06-15T17:30:00,7010AJ33,渌渚,7.2
2025-06-15T17:30:00,7011AJ4M,新桐乡,6.36
2025-06-15T17:30:00,7011AJ5M,渌渚镇,8.49
2025-06-15T17:30:00,7011AJ7R,山溪叶家,50.73
2025-06-15T17:30:00,7011AJ8R,山溪幕下,66.15
2025-06-15T17:30:00,7011AJ9R,山溪前桐,194.35
2025-06-15T17:30:00,7011AM2G,富春江水库严陵坞,23.14
2025-06-15T17:35:00,70101500,富春江电站(坝上),23.01
2025-06-15T17:35:00,70101501,富春江坝下,9.69
2025-06-15T17:35:00,70101800,窄溪,6.68
2025-06-15T17:35:00,70102300,闸口,5.39
2025-06-15T17:35:00,7010AJ33,渌渚,7.2
2025-06-15T17:35:00,7011AJ4M,新桐乡,6.36
2025-06-15T17:35:00,7011AJ5M,渌渚镇,8.51
2025-06-15T17:35:00,7011AJ7R,山溪叶家,50.72
2025-06-15T17:35:00,7011AJ8R,山溪幕下,66.15
2025-06-15T17:35:00,7011AJ9R,山溪前桐,194.36
2025-06-15T17:35:00,7011AM2G,富春江水库严陵坞,23.13
2025-06-15T17:40:00,70101500,富春江电站(坝上),23.02
2025-06-15T17:40:00,70101501,富春江坝下,9.71
2025-06-15T17:40:00,70101800,窄溪,6.7
2025-06-15T17:40:00,70102300,闸口,5.39
2025-06-15T17:40:00,7010AJ33,渌渚,7.26
2025-06-15T17:40:00,7011AJ4M,新桐乡,6.36
2025-06-15T17:40:00,7011AJ5M,渌渚镇,8.52
2025-06-15T17:40:00,7011AJ7R,山溪叶家,50.73
2025-06-15T17:40:00,7011AJ8R,山溪幕下,66.15
2025-06-15T17:40:00,7011AJ9R,山溪前桐,194.36
2025-06-15T17:40:00,7011AM2G,富春江水库严陵坞,23.13
2025-06-15T17:45:00,70101500,富春江电站(坝上),23.03
2025-06-15T17:45:00,70101501,富春江坝下,9.75
2025-06-15T17:45:00,70101800,窄溪,6.72
2025-06-15T17:45:00,70102300,闸口,5.4
2025-06-15T17:45:00,7010AJ33,渌渚,7.26
2025-06-15T17:45:00,7011AJ4M,新桐乡,6.38
2025-06-15T17:45:00,7011AJ5M,渌渚镇,8.54
2025-06-15T17:45:00,7011AJ7R,山溪叶家,50.73
2025-06-15T17:45:00,7011AJ8R,山溪幕下,66.15
2025-06-15T17:45:00,7011AJ9R,山溪前桐,194.36
2025-06-15T17:45:00,7011AM2G,富春江水库严陵坞,23.13
2025-06-15T17:50:00,70101500,富春江电站(坝上),23.05
2025-06-15T17:50:00,70101501,富春江坝下,9.75
2025-06-15T17:50:00,70101800,窄溪,6.75
2025-06-15T17:50:00,70102300,闸口,5.4
2025-06-15T17:50:00,7010AJ33,渌渚,7.3
2025-06-15T17:50:00,7011AJ4M,新桐乡,6.43
2025-06-15T17:50:00,7011AJ5M,渌渚镇,8.56
2025-06-15T17:50:00,7011AJ7R,山溪叶家,50.71
2025-06-15T17:50:00,7011AJ8R,山溪幕下,66.15
2025-06-15T17:50:00,7011AJ9R,山溪前桐,194.36
2025-06-15T17:50:00,7011AM2G,富春江水库严陵坞,23.14
2025-06-15T17:55:00,70101500,富春江电站(坝上),23.04
2025-06-15T17:55:00,70101501,富春江坝下,9.72
2025-06-15T17:55:00,70101800,窄溪,6.75
2025-06-15T17:55:00,70102300,闸口,5.41
2025-06-15T17:55:00,7010AJ33,渌渚,7.32
2025-06-15T17:55:00,7011AJ4M,新桐乡,6.43
2025-06-15T17:55:00,7011AJ5M,渌渚镇,8.56
2025-06-15T17:55:00,7011AJ7R,山溪叶家,50.72
2025-06-15T17:55:00,7011AJ8R,山溪幕下,66.14
2025-06-15T17:55:00,7011AJ9R,山溪前桐,194.36
2025-06-15T17:55:00,7011AM2G,富春江水库严陵坞,23.14
2025-06-15T18:00:00,70101500,富春江电站(坝上),23.03
2025-06-15T18:00:00,70101501,富春江坝下,9.74
2025-06-15T18:00:00,70101800,窄溪,6.77
2025-06-15T18:00:00,70102300,闸口,5.41
2025-06-15T18:00:00,7010AJ33,渌渚,7.34
2025-06-15T18:00:00,7011AJ4M,新桐乡,6.44
2025-06-15T18:00:00,7011AJ5M,渌渚镇,8.57
2025-06-15T18:00:00,7011AJ7R,山溪叶家,50.72
2025-06-15T18:00:00,7011AJ8R,山溪幕下,66.14
2025-06-15T18:00:00,7011AJ9R,山溪前桐,194.37
2025-06-15T18:00:00,7011AM2G,富春江水库严陵坞,23.14
2025-06-15T18:05:00,70101500,富春江电站(坝上),23.03
2025-06-15T18:05:00,70101501,富春江坝下,9.68
2025-06-15T18:05:00,70101800,窄溪,6.77
2025-06-15T18:05:00,70102300,闸口,5.42
2025-06-15T18:05:00,7010AJ33,渌渚,7.38
2025-06-15T18:05:00,7011AJ4M,新桐乡,6.45
2025-06-15T18:05:00,7011AJ5M,渌渚镇,8.58
2025-06-15T18:05:00,7011AJ7R,山溪叶家,50.71
2025-06-15T18:05:00,7011AJ8R,山溪幕下,66.14
2025-06-15T18:05:00,7011AJ9R,山溪前桐,194.36
2025-06-15T18:05:00,7011AM2G,富春江水库严陵坞,23.14
2025-06-15T18:10:00,70101500,富春江电站(坝上),23.03
2025-06-15T18:10:00,70101501,富春江坝下,9.64
2025-06-15T18:10:00,70101800,窄溪,6.8
2025-06-15T18:10:00,70102300,闸口,5.42
2025-06-15T18:10:00,7010AJ33,渌渚,7.38
2025-06-15T18:10:00,7011AJ4M,新桐乡,6.46
2025-06-15T18:10:00,7011AJ5M,渌渚镇,8.6
2025-06-15T18:10:00,7011AJ7R,山溪叶家,50.71
2025-06-15T18:10:00,7011AJ8R,山溪幕下,66.14
2025-06-15T18:10:00,7011AJ9R,山溪前桐,194.35
2025-06-15T18:10:00,7011AM2G,富春江水库严陵坞,23.14
2025-06-15T18:15:00,70101500,富春江电站(坝上),23.03
2025-06-15T18:15:00,70101501,富春江坝下,9.79
2025-06-15T18:15:00,70101800,窄溪,6.81
2025-06-15T18:15:00,70102300,闸口,5.43
2025-06-15T18:15:00,7010AJ33,渌渚,7.41
2025-06-15T18:15:00,7011AJ4M,新桐乡,6.51
2025-06-15T18:15:00,7011AJ5M,渌渚镇,8.6
2025-06-15T18:15:00,7011AJ7R,山溪叶家,50.7
2025-06-15T18:15:00,7011AJ8R,山溪幕下,66.14
2025-06-15T18:15:00,7011AJ9R,山溪前桐,194.34
2025-06-15T18:15:00,7011AM2G,富春江水库严陵坞,23.14
2025-06-15T18:20:00,70101500,富春江电站(坝上),23.03
2025-06-15T18:20:00,70101501,富春江坝下,9.76
2025-06-15T18:20:00,70101800,窄溪,6.81
2025-06-15T18:20:00,70102300,闸口,5.43
2025-06-15T18:20:00,7010AJ33,渌渚,7.43
2025-06-15T18:20:00,7011AJ4M,新桐乡,6.52
2025-06-15T18:20:00,7011AJ5M,渌渚镇,8.61
2025-06-15T18:20:00,7011AJ7R,山溪叶家,50.7
2025-06-15T18:20:00,7011AJ8R,山溪幕下,66.13
2025-06-15T18:20:00,7011AJ9R,山溪前桐,194.34
2025-06-15T18:20:00,7011AM2G,富春江水库严陵坞,23.14
2025-06-15T18:25:00,70101500,富春江电站(坝上),23.03
2025-06-15T18:25:00,70101501,富春江坝下,9.73
2025-06-15T18:25:00,70101800,窄溪,6.85
2025-06-15T18:25:00,70102300,闸口,5.43
2025-06-15T18:25:00,7010AJ33,渌渚,7.45
2025-06-15T18:25:00,7011AJ4M,新桐乡,6.52
2025-06-15T18:25:00,7011AJ5M,渌渚镇,8.62
2025-06-15T18:25:00,7011AJ7R,山溪叶家,50.7
2025-06-15T18:25:00,7011AJ8R,山溪幕下,66.13
2025-06-15T18:25:00,7011AJ9R,山溪前桐,194.36
2025-06-15T18:25:00,7011AM2G,富春江水库严陵坞,23.14
2025-06-15T18:30:00,70101500,富春江电站(坝上),23.03
2025-06-15T18:30:00,70101501,富春江坝下,9.74
2025-06-15T18:30:00,70101800,窄溪,6.85
2025-06-15T18:30:00,70102300,闸口,5.44
2025-06-15T18:30:00,7010AJ33,渌渚,7.47
2025-06-15T18:30:00,7011AJ4M,新桐乡,6.54
2025-06-15T18:30:00,7011AJ5M,渌渚镇,8.62
2025-06-15T18:30:00,7011AJ7R,山溪叶家,50.68
2025-06-15T18:30:00,7011AJ8R,山溪幕下,66.13
2025-06-15T18:30:00,7011AJ9R,山溪前桐,194.33
2025-06-15T18:30:00,7011AM2G,富春江水库严陵坞,23.14
2025-06-15T18:35:00,70101500,富春江电站(坝上),23.03
2025-06-15T18:35:00,70101501,富春江坝下,9.8
2025-06-15T18:35:00,70101800,窄溪,6.88
2025-06-15T18:35:00,70102300,闸口,5.45
2025-06-15T18:35:00,7010AJ33,渌渚,7.49
2025-06-15T18:35:00,7011AJ4M,新桐乡,6.56
2025-06-15T18:35:00,7011AJ5M,渌渚镇,8.63
2025-06-15T18:35:00,7011AJ7R,山溪叶家,50.69
2025-06-15T18:35:00,7011AJ8R,山溪幕下,66.13
2025-06-15T18:35:00,7011AJ9R,山溪前桐,194.34
2025-06-15T18:35:00,7011AM2G,富春江水库严陵坞,23.14
2025-06-15T18:40:00,70101500,富春江电站(坝上),23.03
2025-06-15T18:40:00,70101501,富春江坝下,9.74
2025-06-15T18:40:00,70101800,窄溪,6.89
2025-06-15T18:40:00,70102300,闸口,5.46
2025-06-15T18:40:00,7010AJ33,渌渚,7.51
2025-06-15T18:40:00,7011AJ4M,新桐乡,6.57
2025-06-15T18:40:00,7011AJ5M,渌渚镇,8.65
2025-06-15T18:40:00,7011AJ7R,山溪叶家,50.68
2025-06-15T18:40:00,7011AJ8R,山溪幕下,66.12
2025-06-15T18:40:00,7011AJ9R,山溪前桐,194.35
2025-06-15T18:40:00,7011AM2G,富春江水库严陵坞,23.14
2025-06-15T18:45:00,70101500,富春江电站(坝上),23.03
2025-06-15T18:45:00,70101501,富春江坝下,9.84
2025-06-15T18:45:00,70101800,窄溪,6.89
2025-06-15T18:45:00,70102300,闸口,5.5
2025-06-15T18:45:00,7010AJ33,渌渚,7.53
2025-06-15T18:45:00,7011AJ4M,新桐乡,6.6
2025-06-15T18:45:00,7011AJ5M,渌渚镇,8.65
2025-06-15T18:45:00,7011AJ7R,山溪叶家,50.68
2025-06-15T18:45:00,7011AJ8R,山溪幕下,66.12
2025-06-15T18:45:00,7011AJ9R,山溪前桐,194.35
2025-06-15T18:45:00,7011AM2G,富春江水库严陵坞,23.13
2025-06-15T18:50:00,70101500,富春江电站(坝上),23.03
2025-06-15T18:50:00,70101501,富春江坝下,9.83
2025-06-15T18:50:00,70101800,窄溪,6.92
2025-06-15T18:50:00,70102300,闸口,5.54
2025-06-15T18:50:00,7010AJ33,渌渚,7.55
2025-06-15T18:50:00,7011AJ4M,新桐乡,6.61
2025-06-15T18:50:00,7011AJ5M,渌渚镇,8.66
2025-06-15T18:50:00,7011AJ7R,山溪叶家,50.69
2025-06-15T18:50:00,7011AJ8R,山溪幕下,66.11
2025-06-15T18:50:00,7011AJ9R,山溪前桐,194.35
2025-06-15T18:50:00,7011AM2G,富春江水库严陵坞,23.13
2025-06-15T18:55:00,70101500,富春江电站(坝上),23.02
2025-06-15T18:55:00,70101501,富春江坝下,9.73
2025-06-15T18:55:00,70101800,窄溪,6.92
2025-06-15T18:55:00,70102300,闸口,5.56
2025-06-15T18:55:00,7010AJ33,渌渚,7.57
2025-06-15T18:55:00,7011AJ4M,新桐乡,6.61
2025-06-15T18:55:00,7011AJ5M,渌渚镇,8.66
2025-06-15T18:55:00,7011AJ7R,山溪叶家,50.68
2025-06-15T18:55:00,7011AJ8R,山溪幕下,66.11
2025-06-15T18:55:00,7011AJ9R,山溪前桐,194.36
2025-06-15T18:55:00,7011AM2G,富春江水库严陵坞,23.13
2025-06-15T19:00:00,70101500,富春江电站(坝上),22.97
2025-06-15T19:00:00,70101501,富春江坝下,9.84
2025-06-15T19:00:00,70101800,窄溪,6.94
2025-06-15T19:00:00,70102300,闸口,5.59
2025-06-15T19:00:00,7010AJ33,渌渚,7.59
2025-06-15T19:00:00,7011AJ4M,新桐乡,6.61
2025-06-15T19:00:00,7011AJ5M,渌渚镇,8.67
2025-06-15T19:00:00,7011AJ7R,山溪叶家,50.68
2025-06-15T19:00:00,7011AJ8R,山溪幕下,66.11
2025-06-15T19:00:00,7011AJ9R,山溪前桐,194.34
2025-06-15T19:00:00,7011AM2G,富春江水库严陵坞,23.12
2025-06-15T19:05:00,70101500,富春江电站(坝上),22.97
2025-06-15T19:05:00,70101501,富春江坝下,9.92
2025-06-15T19:05:00,70101800,窄溪,6.96
2025-06-15T19:05:00,70102300,闸口,5.61
2025-06-15T19:05:00,7010AJ33,渌渚,7.61
2025-06-15T19:05:00,7011AJ4M,新桐乡,6.63
2025-06-15T19:05:00,7011AJ5M,渌渚镇,8.68
2025-06-15T19:05:00,7011AJ7R,山溪叶家,50.68
2025-06-15T19:05:00,7011AJ8R,山溪幕下,66.1
2025-06-15T19:05:00,7011AJ9R,山溪前桐,194.34
2025-06-15T19:05:00,7011AM2G,富春江水库严陵坞,23.08
2025-06-15T19:10:00,70101500,富春江电站(坝上),22.87
2025-06-15T19:10:00,70101501,富春江坝下,10.04
2025-06-15T19:10:00,70101800,窄溪,6.97
2025-06-15T19:10:00,70102300,闸口,5.64
2025-06-15T19:10:00,7010AJ33,渌渚,7.59
2025-06-15T19:10:00,7011AJ4M,新桐乡,6.65
2025-06-15T19:10:00,7011AJ5M,渌渚镇,8.68
2025-06-15T19:10:00,7011AJ7R,山溪叶家,50.68
2025-06-15T19:10:00,7011AJ8R,山溪幕下,66.1
2025-06-15T19:10:00,7011AJ9R,山溪前桐,194.33
2025-06-15T19:10:00,7011AM2G,富春江水库严陵坞,23.06
2025-06-15T19:15:00,70101500,富春江电站(坝上),22.86
2025-06-15T19:15:00,70101501,富春江坝下,10.11
2025-06-15T19:15:00,70101800,窄溪,6.99
2025-06-15T19:15:00,70102300,闸口,5.66
2025-06-15T19:15:00,7010AJ33,渌渚,7.63
2025-06-15T19:15:00,7011AJ4M,新桐乡,6.66
2025-06-15T19:15:00,7011AJ5M,渌渚镇,8.7
2025-06-15T19:15:00,7011AJ7R,山溪叶家,50.67
2025-06-15T19:15:00,7011AJ8R,山溪幕下,66.08
2025-06-15T19:15:00,7011AJ9R,山溪前桐,194.34
2025-06-15T19:15:00,7011AM2G,富春江水库严陵坞,23.01
2025-06-15T19:20:00,70101500,富春江电站(坝上),22.95
2025-06-15T19:20:00,70101501,富春江坝下,10.13
2025-06-15T19:20:00,70101800,窄溪,6.98
2025-06-15T19:20:00,70102300,闸口,5.68
2025-06-15T19:20:00,7010AJ33,渌渚,7.64
2025-06-15T19:20:00,7011AJ4M,新桐乡,6.66
2025-06-15T19:20:00,7011AJ5M,渌渚镇,8.7
2025-06-15T19:20:00,7011AJ7R,山溪叶家,50.67
2025-06-15T19:20:00,7011AJ8R,山溪幕下,66.08
2025-06-15T19:20:00,7011AJ9R,山溪前桐,194.34
2025-06-15T19:20:00,7011AM2G,富春江水库严陵坞,22.98
2025-06-15T19:25:00,70101500,富春江电站(坝上),23.02
2025-06-15T19:25:00,70101501,富春江坝下,9.71
2025-06-15T19:25:00,70101800,窄溪,7.0
2025-06-15T19:25:00,70102300,闸口,5.7
2025-06-15T19:25:00,7010AJ33,渌渚,7.66
2025-06-15T19:25:00,7011AJ4M,新桐乡,6.68
2025-06-15T19:25:00,7011AJ5M,渌渚镇,8.7
2025-06-15T19:25:00,7011AJ7R,山溪叶家,50.67
2025-06-15T19:25:00,7011AJ8R,山溪幕下,66.08
2025-06-15T19:25:00,7011AJ9R,山溪前桐,194.34
2025-06-15T19:25:00,7011AM2G,富春江水库严陵坞,23.01
2025-06-15T19:30:00,70101500,富春江电站(坝上),23.13
2025-06-15T19:30:00,70101501,富春江坝下,9.59
2025-06-15T19:30:00,70101800,窄溪,7.01
2025-06-15T19:30:00,70102300,闸口,5.71
2025-06-15T19:30:00,7010AJ33,渌渚,7.66
2025-06-15T19:30:00,7011AJ4M,新桐乡,6.68
2025-06-15T19:30:00,7011AJ5M,渌渚镇,8.7
2025-06-15T19:30:00,7011AJ7R,山溪叶家,50.66
2025-06-15T19:30:00,7011AJ8R,山溪幕下,66.08
2025-06-15T19:30:00,7011AJ9R,山溪前桐,194.33
2025-06-15T19:30:00,7011AM2G,富春江水库严陵坞,23.13
2025-06-15T19:35:00,70101500,富春江电站(坝上),23.01
2025-06-15T19:35:00,70101501,富春江坝下,9.66
2025-06-15T19:35:00,70101800,窄溪,7.02
2025-06-15T19:35:00,70102300,闸口,5.73
2025-06-15T19:35:00,7010AJ33,渌渚,7.66
2025-06-15T19:35:00,7011AJ4M,新桐乡,6.68
2025-06-15T19:35:00,7011AJ5M,渌渚镇,8.7
2025-06-15T19:35:00,7011AJ7R,山溪叶家,50.66
2025-06-15T19:35:00,7011AJ8R,山溪幕下,66.07
2025-06-15T19:35:00,7011AJ9R,山溪前桐,194.33
2025-06-15T19:35:00,7011AM2G,富春江水库严陵坞,23.23
2025-06-15T19:40:00,70101500,富春江电站(坝上),22.8
2025-06-15T19:40:00,70101501,富春江坝下,10.15
2025-06-15T19:40:00,70101800,窄溪,7.04
2025-06-15T19:40:00,70102300,闸口,5.75
2025-06-15T19:40:00,7010AJ33,渌渚,7.68
2025-06-15T19:40:00,7011AJ4M,新桐乡,6.7
2025-06-15T19:40:00,7011AJ5M,渌渚镇,8.7
2025-06-15T19:40:00,7011AJ7R,山溪叶家,50.65
2025-06-15T19:40:00,7011AJ8R,山溪幕下,66.07
2025-06-15T19:40:00,7011AJ9R,山溪前桐,194.34
2025-06-15T19:40:00,7011AM2G,富春江水库严陵坞,23.17
2025-06-15T19:45:00,70101500,富春江电站(坝上),22.87
2025-06-15T19:45:00,70101501,富春江坝下,10.28
2025-06-15T19:45:00,70101800,窄溪,7.05
2025-06-15T19:45:00,70102300,闸口,5.76
2025-06-15T19:45:00,7010AJ33,渌渚,7.68
2025-06-15T19:45:00,7011AJ4M,新桐乡,6.7
2025-06-15T19:45:00,7011AJ5M,渌渚镇,8.71
2025-06-15T19:45:00,7011AJ7R,山溪叶家,50.65
2025-06-15T19:45:00,7011AJ8R,山溪幕下,66.07
2025-06-15T19:45:00,7011AJ9R,山溪前桐,194.33
2025-06-15T19:45:00,7011AM2G,富春江水库严陵坞,22.95
2025-06-15T19:50:00,70101500,富春江电站(坝上),22.93
2025-06-15T19:50:00,70101501,富春江坝下,10.23
2025-06-15T19:50:00,70101800,窄溪,7.08
2025-06-15T19:50:00,70102300,闸口,5.78
2025-06-15T19:50:00,7010AJ33,渌渚,7.7
2025-06-15T19:50:00,7011AJ4M,新桐乡,6.74
2025-06-15T19:50:00,7011AJ5M,渌渚镇,8.71
2025-06-15T19:50:00,7011AJ7R,山溪叶家,50.65
2025-06-15T19:50:00,7011AJ8R,山溪幕下,66.07
2025-06-15T19:50:00,7011AJ9R,山溪前桐,194.33
2025-06-15T19:50:00,7011AM2G,富春江水库严陵坞,22.97
2025-06-15T19:55:00,70101500,富春江电站(坝上),22.9
2025-06-15T19:55:00,70101501,富春江坝下,10.08
2025-06-15T19:55:00,70101800,窄溪,7.09
2025-06-15T19:55:00,70102300,闸口,5.79
2025-06-15T19:55:00,7010AJ33,渌渚,7.7
2025-06-15T19:55:00,7011AJ4M,新桐乡,6.75
2025-06-15T19:55:00,7011AJ5M,渌渚镇,8.71
2025-06-15T19:55:00,7011AJ7R,山溪叶家,50.64
2025-06-15T19:55:00,7011AJ8R,山溪幕下,66.06
2025-06-15T19:55:00,7011AJ9R,山溪前桐,194.32
2025-06-15T19:55:00,7011AM2G,富春江水库严陵坞,23.01
2025-06-15T20:00:00,70101500,富春江电站(坝上),22.98
2025-06-15T20:00:00,70101501,富春江坝下,10.17
2025-06-15T20:00:00,70101800,窄溪,7.09
2025-06-15T20:00:00,70102300,闸口,5.8
2025-06-15T20:00:00,7010AJ33,渌渚,7.72
2025-06-15T20:00:00,7011AJ4M,新桐乡,6.75
2025-06-15T20:00:00,7011AJ5M,渌渚镇,8.7
2025-06-15T20:00:00,7011AJ7R,山溪叶家,50.64
2025-06-15T20:00:00,7011AJ8R,山溪幕下,66.06
2025-06-15T20:00:00,7011AJ9R,山溪前桐,194.34
2025-06-15T20:00:00,7011AM2G,富春江水库严陵坞,23.03
2025-06-15T20:05:00,70101500,富春江电站(坝上),22.91
2025-06-15T20:05:00,70101501,富春江坝下,10.12
2025-06-15T20:05:00,70101800,窄溪,7.08
2025-06-15T20:05:00,70102300,闸口,5.81
2025-06-15T20:05:00,7010AJ33,渌渚,7.74
2025-06-15T20:05:00,7011AJ4M,新桐乡,6.78
2025-06-15T20:05:00,7011AJ5M,渌渚镇,8.7
2025-06-15T20:05:00,7011AJ7R,山溪叶家,50.62
2025-06-15T20:05:00,7011AJ8R,山溪幕下,66.06
2025-06-15T20:05:00,7011AJ9R,山溪前桐,194.33
2025-06-15T20:05:00,7011AM2G,富春江水库严陵坞,23.07
2025-06-15T20:10:00,70101500,富春江电站(坝上),22.85
2025-06-15T20:10:00,70101501,富春江坝下,10.32
2025-06-15T20:10:00,70101800,窄溪,7.08
2025-06-15T20:10:00,70102300,闸口,5.81
2025-06-15T20:10:00,7010AJ33,渌渚,7.74
2025-06-15T20:10:00,7011AJ4M,新桐乡,6.78
2025-06-15T20:10:00,7011AJ5M,渌渚镇,8.71
2025-06-15T20:10:00,7011AJ7R,山溪叶家,50.62
2025-06-15T20:10:00,7011AJ8R,山溪幕下,66.06
2025-06-15T20:10:00,7011AJ9R,山溪前桐,194.35
2025-06-15T20:10:00,7011AM2G,富春江水库严陵坞,23.03
2025-06-15T20:15:00,70101500,富春江电站(坝上),22.92
2025-06-15T20:15:00,70101501,富春江坝下,10.29
2025-06-15T20:15:00,70101800,窄溪,7.12
2025-06-15T20:15:00,70102300,闸口,5.82
2025-06-15T20:15:00,7010AJ33,渌渚,7.78
2025-06-15T20:15:00,7011AJ4M,新桐乡,6.79
2025-06-15T20:15:00,7011AJ5M,渌渚镇,8.71
2025-06-15T20:15:00,7011AJ7R,山溪叶家,50.62
2025-06-15T20:15:00,7011AJ8R,山溪幕下,66.06
2025-06-15T20:15:00,7011AJ9R,山溪前桐,194.34
2025-06-15T20:15:00,7011AM2G,富春江水库严陵坞,22.97
2025-06-15T20:20:00,70101500,富春江电站(坝上),22.87
2025-06-15T20:20:00,70101501,富春江坝下,10.3
2025-06-15T20:20:00,70101800,窄溪,7.13
2025-06-15T20:20:00,70102300,闸口,5.84
2025-06-15T20:20:00,7010AJ33,渌渚,7.76
2025-06-15T20:20:00,7011AJ4M,新桐乡,6.79
2025-06-15T20:20:00,7011AJ5M,渌渚镇,8.72
2025-06-15T20:20:00,7011AJ7R,山溪叶家,50.62
2025-06-15T20:20:00,7011AJ8R,山溪幕下,66.06
2025-06-15T20:20:00,7011AJ9R,山溪前桐,194.34
2025-06-15T20:20:00,7011AM2G,富春江水库严陵坞,22.98
2025-06-15T20:25:00,70101500,富春江电站(坝上),22.83
2025-06-15T20:25:00,70101501,富春江坝下,10.29
2025-06-15T20:25:00,70101800,窄溪,7.14
2025-06-15T20:25:00,70102300,闸口,5.84
2025-06-15T20:25:00,7010AJ33,渌渚,7.76
2025-06-15T20:25:00,7011AJ4M,新桐乡,6.81
2025-06-15T20:25:00,7011AJ5M,渌渚镇,8.71
2025-06-15T20:25:00,7011AJ7R,山溪叶家,50.61
2025-06-15T20:25:00,7011AJ8R,山溪幕下,66.05
2025-06-15T20:25:00,7011AJ9R,山溪前桐,194.33
2025-06-15T20:25:00,7011AM2G,富春江水库严陵坞,23.0
2025-06-15T20:30:00,70101500,富春江电站(坝上),22.93
2025-06-15T20:30:00,70101501,富春江坝下,10.29
2025-06-15T20:30:00,70101800,窄溪,7.14
2025-06-15T20:30:00,70102300,闸口,5.86
2025-06-15T20:30:00,7010AJ33,渌渚,7.76
2025-06-15T20:30:00,7011AJ4M,新桐乡,6.81
2025-06-15T20:30:00,7011AJ5M,渌渚镇,8.71
2025-06-15T20:30:00,7011AJ7R,山溪叶家,50.61
2025-06-15T20:30:00,7011AJ8R,山溪幕下,66.05
2025-06-15T20:30:00,7011AJ9R,山溪前桐,194.33
2025-06-15T20:30:00,7011AM2G,富春江水库严陵坞,23.01
2025-06-15T20:35:00,70101500,富春江电站(坝上),22.94
2025-06-15T20:35:00,70101501,富春江坝下,10.3
2025-06-15T20:35:00,70101800,窄溪,7.17
2025-06-15T20:35:00,70102300,闸口,5.86
2025-06-15T20:35:00,7010AJ33,渌渚,7.8
2025-06-15T20:35:00,7011AJ4M,新桐乡,6.85
2025-06-15T20:35:00,7011AJ5M,渌渚镇,8.71
2025-06-15T20:35:00,7011AJ7R,山溪叶家,50.61
2025-06-15T20:35:00,7011AJ8R,山溪幕下,66.05
2025-06-15T20:35:00,7011AJ9R,山溪前桐,194.34
2025-06-15T20:35:00,7011AM2G,富春江水库严陵坞,23.03
2025-06-15T20:40:00,70101500,富春江电站(坝上),22.93
2025-06-15T20:40:00,70101501,富春江坝下,10.28
2025-06-15T20:40:00,70101800,窄溪,7.19
2025-06-15T20:40:00,70102300,闸口,5.87
2025-06-15T20:40:00,7010AJ33,渌渚,7.78
2025-06-15T20:40:00,7011AJ4M,新桐乡,6.85
2025-06-15T20:40:00,7011AJ5M,渌渚镇,8.7
2025-06-15T20:40:00,7011AJ7R,山溪叶家,50.61
2025-06-15T20:40:00,7011AJ8R,山溪幕下,66.05
2025-06-15T20:40:00,7011AJ9R,山溪前桐,194.34
2025-06-15T20:40:00,7011AM2G,富春江水库严陵坞,23.02
2025-06-15T20:45:00,70101500,富春江电站(坝上),22.88
2025-06-15T20:45:00,70101501,富春江坝下,10.26
2025-06-15T20:45:00,70101800,窄溪,7.19
2025-06-15T20:45:00,70102300,闸口,5.88
2025-06-15T20:45:00,7010AJ33,渌渚,7.8
2025-06-15T20:45:00,7011AJ4M,新桐乡,6.86
2025-06-15T20:45:00,7011AJ5M,渌渚镇,8.71
2025-06-15T20:45:00,7011AJ7R,山溪叶家,50.61
2025-06-15T20:45:00,7011AJ8R,山溪幕下,66.05
2025-06-15T20:45:00,7011AJ9R,山溪前桐,194.33
2025-06-15T20:45:00,7011AM2G,富春江水库严陵坞,23.04
2025-06-15T20:50:00,70101500,富春江电站(坝上),22.88
2025-06-15T20:50:00,70101501,富春江坝下,10.31
2025-06-15T20:50:00,70101800,窄溪,7.21
2025-06-15T20:50:00,70102300,闸口,5.89
2025-06-15T20:50:00,7010AJ33,渌渚,7.82
2025-06-15T20:50:00,7011AJ4M,新桐乡,6.86
2025-06-15T20:50:00,7011AJ5M,渌渚镇,8.7
2025-06-15T20:50:00,7011AJ7R,山溪叶家,50.61
2025-06-15T20:50:00,7011AJ8R,山溪幕下,66.06
2025-06-15T20:50:00,7011AJ9R,山溪前桐,194.34
2025-06-15T20:50:00,7011AM2G,富春江水库严陵坞,22.99
2025-06-15T20:55:00,70101500,富春江电站(坝上),22.87
2025-06-15T20:55:00,70101501,富春江坝下,10.27
2025-06-15T20:55:00,70101800,窄溪,7.21
2025-06-15T20:55:00,70102300,闸口,5.9
2025-06-15T20:55:00,7010AJ33,渌渚,7.8
2025-06-15T20:55:00,7011AJ4M,新桐乡,6.87
2025-06-15T20:55:00,7011AJ5M,渌渚镇,8.7
2025-06-15T20:55:00,7011AJ7R,山溪叶家,50.6
2025-06-15T20:55:00,7011AJ8R,山溪幕下,66.05
2025-06-15T20:55:00,7011AJ9R,山溪前桐,194.34
2025-06-15T20:55:00,7011AM2G,富春江水库严陵坞,23.0
2025-06-15T21:00:00,70101500,富春江电站(坝上),22.89
2025-06-15T21:00:00,70101501,富春江坝下,10.31
2025-06-15T21:00:00,70101800,窄溪,7.24
2025-06-15T21:00:00,70102300,闸口,5.9
2025-06-15T21:00:00,7010AJ33,渌渚,7.84
2025-06-15T21:00:00,7011AJ4M,新桐乡,6.87
2025-06-15T21:00:00,7011AJ5M,渌渚镇,8.7
2025-06-15T21:00:00,7011AJ7R,山溪叶家,50.6
2025-06-15T21:00:00,7011AJ8R,山溪幕下,66.05
2025-06-15T21:00:00,7011AJ9R,山溪前桐,194.32
2025-06-15T21:00:00,7011AM2G,富春江水库严陵坞,22.99
2025-06-15T21:05:00,70101500,富春江电站(坝上),22.89
2025-06-15T21:05:00,70101501,富春江坝下,10.34
2025-06-15T21:05:00,70101800,窄溪,7.24
2025-06-15T21:05:00,70102300,闸口,5.91
2025-06-15T21:05:00,7010AJ33,渌渚,7.82
2025-06-15T21:05:00,7011AJ4M,新桐乡,6.89
2025-06-15T21:05:00,7011AJ5M,渌渚镇,8.69
2025-06-15T21:05:00,7011AJ7R,山溪叶家,50.6
2025-06-15T21:05:00,7011AJ8R,山溪幕下,66.05
2025-06-15T21:05:00,7011AJ9R,山溪前桐,194.34
2025-06-15T21:05:00,7011AM2G,富春江水库严陵坞,22.99
2025-06-15T21:10:00,70101500,富春江电站(坝上),22.87
2025-06-15T21:10:00,70101501,富春江坝下,10.27
2025-06-15T21:10:00,70101800,窄溪,7.25
2025-06-15T21:10:00,70102300,闸口,5.92
2025-06-15T21:10:00,7010AJ33,渌渚,7.84
2025-06-15T21:10:00,7011AJ4M,新桐乡,6.93
2025-06-15T21:10:00,7011AJ5M,渌渚镇,8.7
2025-06-15T21:10:00,7011AJ7R,山溪叶家,50.6
2025-06-15T21:10:00,7011AJ8R,山溪幕下,66.05
2025-06-15T21:10:00,7011AJ9R,山溪前桐,194.34
2025-06-15T21:10:00,7011AM2G,富春江水库严陵坞,22.99
2025-06-15T21:15:00,70101500,富春江电站(坝上),22.88
2025-06-15T21:15:00,70101501,富春江坝下,10.35
2025-06-15T21:15:00,70101800,窄溪,7.27
2025-06-15T21:15:00,70102300,闸口,5.92
2025-06-15T21:15:00,7010AJ33,渌渚,7.86
2025-06-15T21:15:00,7011AJ4M,新桐乡,6.93
2025-06-15T21:15:00,7011AJ5M,渌渚镇,8.7
2025-06-15T21:15:00,7011AJ7R,山溪叶家,50.6
2025-06-15T21:15:00,7011AJ8R,山溪幕下,66.06
2025-06-15T21:15:00,7011AJ9R,山溪前桐,194.34
2025-06-15T21:15:00,7011AM2G,富春江水库严陵坞,22.99
2025-06-15T21:20:00,70101500,富春江电站(坝上),22.9
2025-06-15T21:20:00,70101501,富春江坝下,10.36
2025-06-15T21:20:00,70101800,窄溪,7.29
2025-06-15T21:20:00,70102300,闸口,5.92
2025-06-15T21:20:00,7010AJ33,渌渚,7.86
2025-06-15T21:20:00,7011AJ4M,新桐乡,6.94
2025-06-15T21:20:00,7011AJ5M,渌渚镇,8.7
2025-06-15T21:20:00,7011AJ7R,山溪叶家,50.6
2025-06-15T21:20:00,7011AJ8R,山溪幕下,66.05
2025-06-15T21:20:00,7011AJ9R,山溪前桐,194.35
2025-06-15T21:20:00,7011AM2G,富春江水库严陵坞,22.99
2025-06-15T21:25:00,70101500,富春江电站(坝上),22.88
2025-06-15T21:25:00,70101501,富春江坝下,10.31
2025-06-15T21:25:00,70101800,窄溪,7.29
2025-06-15T21:25:00,70102300,闸口,5.93
2025-06-15T21:25:00,7010AJ33,渌渚,7.86
2025-06-15T21:25:00,7011AJ4M,新桐乡,6.94
2025-06-15T21:25:00,7011AJ5M,渌渚镇,8.69
2025-06-15T21:25:00,7011AJ7R,山溪叶家,50.6
2025-06-15T21:25:00,7011AJ8R,山溪幕下,66.05
2025-06-15T21:25:00,7011AJ9R,山溪前桐,194.34
2025-06-15T21:25:00,7011AM2G,富春江水库严陵坞,22.99
2025-06-15T21:30:00,70101500,富春江电站(坝上),22.85
2025-06-15T21:30:00,70101501,富春江坝下,10.34
2025-06-15T21:30:00,70101800,窄溪,7.31
2025-06-15T21:30:00,70102300,闸口,5.93
2025-06-15T21:30:00,7010AJ33,渌渚,7.89
2025-06-15T21:30:00,7011AJ4M,新桐乡,6.97
2025-06-15T21:30:00,7011AJ5M,渌渚镇,8.68
2025-06-15T21:30:00,7011AJ7R,山溪叶家,50.6
2025-06-15T21:30:00,7011AJ8R,山溪幕下,66.05
2025-06-15T21:30:00,7011AJ9R,山溪前桐,194.33
2025-06-15T21:30:00,7011AM2G,富春江水库严陵坞,22.99
2025-06-15T21:35:00,70101500,富春江电站(坝上),22.85
2025-06-15T21:35:00,70101501,富春江坝下,10.35
2025-06-15T21:35:00,70101800,窄溪,7.31
2025-06-15T21:35:00,70102300,闸口,5.94
2025-06-15T21:35:00,7010AJ33,渌渚,7.88
2025-06-15T21:35:00,7011AJ4M,新桐乡,7.0
2025-06-15T21:35:00,7011AJ5M,渌渚镇,8.68
2025-06-15T21:35:00,7011AJ7R,山溪叶家,50.6
2025-06-15T21:35:00,7011AJ8R,山溪幕下,66.05
2025-06-15T21:35:00,7011AJ9R,山溪前桐,194.33
2025-06-15T21:35:00,7011AM2G,富春江水库严陵坞,22.97
2025-06-15T21:40:00,70101500,富春江电站(坝上),22.85
2025-06-15T21:40:00,70101501,富春江坝下,10.32
2025-06-15T21:40:00,70101800,窄溪,7.33
2025-06-15T21:40:00,70102300,闸口,5.94
2025-06-15T21:40:00,7010AJ33,渌渚,7.89
2025-06-15T21:40:00,7011AJ4M,新桐乡,7.0
2025-06-15T21:40:00,7011AJ5M,渌渚镇,8.68
2025-06-15T21:40:00,7011AJ7R,山溪叶家,50.59
2025-06-15T21:40:00,7011AJ8R,山溪幕下,66.05
2025-06-15T21:40:00,7011AJ9R,山溪前桐,194.33
2025-06-15T21:40:00,7011AM2G,富春江水库严陵坞,22.97
2025-06-15T21:45:00,70101500,富春江电站(坝上),22.86
2025-06-15T21:45:00,70101501,富春江坝下,10.36
2025-06-15T21:45:00,70101800,窄溪,7.34
2025-06-15T21:45:00,70102300,闸口,5.95
2025-06-15T21:45:00,7010AJ33,渌渚,7.89
2025-06-15T21:45:00,7011AJ4M,新桐乡,7.03
2025-06-15T21:45:00,7011AJ5M,渌渚镇,8.68
2025-06-15T21:45:00,7011AJ7R,山溪叶家,50.6
2025-06-15T21:45:00,7011AJ8R,山溪幕下,66.04
2025-06-15T21:45:00,7011AJ9R,山溪前桐,194.34
2025-06-15T21:45:00,7011AM2G,富春江水库严陵坞,22.97
2025-06-15T21:50:00,70101500,富春江电站(坝上),22.85
2025-06-15T21:50:00,70101501,富春江坝下,10.35
2025-06-15T21:50:00,70101800,窄溪,7.35
2025-06-15T21:50:00,70102300,闸口,5.95
2025-06-15T21:50:00,7010AJ33,渌渚,7.91
2025-06-15T21:50:00,7011AJ4M,新桐乡,7.03
2025-06-15T21:50:00,7011AJ5M,渌渚镇,8.67
2025-06-15T21:50:00,7011AJ7R,山溪叶家,50.59
2025-06-15T21:50:00,7011AJ8R,山溪幕下,66.04
2025-06-15T21:50:00,7011AJ9R,山溪前桐,194.34
2025-06-15T21:50:00,7011AM2G,富春江水库严陵坞,22.97
2025-06-15T21:55:00,70101500,富春江电站(坝上),22.84
2025-06-15T21:55:00,70101501,富春江坝下,10.36
2025-06-15T21:55:00,70101800,窄溪,7.37
2025-06-15T21:55:00,70102300,闸口,5.95
2025-06-15T21:55:00,7010AJ33,渌渚,7.91
2025-06-15T21:55:00,7011AJ4M,新桐乡,7.03
2025-06-15T21:55:00,7011AJ5M,渌渚镇,8.67
2025-06-15T21:55:00,7011AJ7R,山溪叶家,50.6
2025-06-15T21:55:00,7011AJ8R,山溪幕下,66.04
2025-06-15T21:55:00,7011AJ9R,山溪前桐,194.34
2025-06-15T21:55:00,7011AM2G,富春江水库严陵坞,22.97
2025-06-15T22:00:00,70101500,富春江电站(坝上),22.84
2025-06-15T22:00:00,70101501,富春江坝下,10.37
2025-06-15T22:00:00,70101800,窄溪,7.38
2025-06-15T22:00:00,70102300,闸口,5.96
2025-06-15T22:00:00,7010AJ33,渌渚,7.91
2025-06-15T22:00:00,7011AJ4M,新桐乡,7.05
2025-06-15T22:00:00,7011AJ5M,渌渚镇,8.67
2025-06-15T22:00:00,7011AJ7R,山溪叶家,50.59
2025-06-15T22:00:00,7011AJ8R,山溪幕下,66.04
2025-06-15T22:00:00,7011AJ9R,山溪前桐,194.34
2025-06-15T22:00:00,7011AM2G,富春江水库严陵坞,22.96
2025-06-15T22:05:00,70101500,富春江电站(坝上),22.83
2025-06-15T22:05:00,70101501,富春江坝下,10.35
2025-06-15T22:05:00,70101800,窄溪,7.39
2025-06-15T22:05:00,70102300,闸口,5.96
2025-06-15T22:05:00,7010AJ33,渌渚,7.91
2025-06-15T22:05:00,7011AJ4M,新桐乡,7.06
2025-06-15T22:05:00,7011AJ5M,渌渚镇,8.67
2025-06-15T22:05:00,7011AJ7R,山溪叶家,50.6
2025-06-15T22:05:00,7011AJ8R,山溪幕下,66.03
2025-06-15T22:05:00,7011AJ9R,山溪前桐,194.34
2025-06-15T22:05:00,7011AM2G,富春江水库严陵坞,22.96
2025-06-15T22:10:00,70101500,富春江电站(坝上),22.83
2025-06-15T22:10:00,70101501,富春江坝下,10.37
2025-06-15T22:10:00,70101800,窄溪,7.39
2025-06-15T22:10:00,70102300,闸口,5.95
2025-06-15T22:10:00,7010AJ33,渌渚,7.93
2025-06-15T22:10:00,7011AJ4M,新桐乡,7.09
2025-06-15T22:10:00,7011AJ5M,渌渚镇,8.67
2025-06-15T22:10:00,7011AJ7R,山溪叶家,50.59
2025-06-15T22:10:00,7011AJ8R,山溪幕下,66.03
2025-06-15T22:10:00,7011AJ9R,山溪前桐,194.35
2025-06-15T22:10:00,7011AM2G,富春江水库严陵坞,22.95
2025-06-15T22:15:00,70101500,富春江电站(坝上),22.83
2025-06-15T22:15:00,70101501,富春江坝下,10.37
2025-06-15T22:15:00,70101800,窄溪,7.41
2025-06-15T22:15:00,70102300,闸口,5.96
2025-06-15T22:15:00,7010AJ33,渌渚,7.93
2025-06-15T22:15:00,7011AJ4M,新桐乡,7.09
2025-06-15T22:15:00,7011AJ5M,渌渚镇,8.66
2025-06-15T22:15:00,7011AJ7R,山溪叶家,50.58
2025-06-15T22:15:00,7011AJ8R,山溪幕下,66.02
2025-06-15T22:15:00,7011AJ9R,山溪前桐,194.33
2025-06-15T22:15:00,7011AM2G,富春江水库严陵坞,22.95
2025-06-15T22:20:00,70101500,富春江电站(坝上),22.83
2025-06-15T22:20:00,70101501,富春江坝下,10.39
2025-06-15T22:20:00,70101800,窄溪,7.42
2025-06-15T22:20:00,70102300,闸口,5.96
2025-06-15T22:20:00,7010AJ33,渌渚,7.93
2025-06-15T22:20:00,7011AJ4M,新桐乡,7.09
2025-06-15T22:20:00,7011AJ5M,渌渚镇,8.67
2025-06-15T22:20:00,7011AJ7R,山溪叶家,50.59
2025-06-15T22:20:00,7011AJ8R,山溪幕下,66.03
2025-06-15T22:20:00,7011AJ9R,山溪前桐,194.33
2025-06-15T22:20:00,7011AM2G,富春江水库严陵坞,22.95
2025-06-15T22:25:00,70101500,富春江电站(坝上),22.83
2025-06-15T22:25:00,70101501,富春江坝下,10.36
2025-06-15T22:25:00,70101800,窄溪,7.44
2025-06-15T22:25:00,70102300,闸口,5.96
2025-06-15T22:25:00,7010AJ33,渌渚,7.95
2025-06-15T22:25:00,7011AJ4M,新桐乡,7.11
2025-06-15T22:25:00,7011AJ5M,渌渚镇,8.66
2025-06-15T22:25:00,7011AJ7R,山溪叶家,50.59
2025-06-15T22:25:00,7011AJ8R,山溪幕下,66.03
2025-06-15T22:25:00,7011AJ9R,山溪前桐,194.34
2025-06-15T22:25:00,7011AM2G,富春江水库严陵坞,22.95
2025-06-15T22:30:00,70101500,富春江电站(坝上),22.84
2025-06-15T22:30:00,70101501,富春江坝下,10.4
2025-06-15T22:30:00,70101800,窄溪,7.44
2025-06-15T22:30:00,70102300,闸口,5.96
2025-06-15T22:30:00,7010AJ33,渌渚,7.95
2025-06-15T22:30:00,7011AJ4M,新桐乡,7.14
2025-06-15T22:30:00,7011AJ5M,渌渚镇,8.66
2025-06-15T22:30:00,7011AJ7R,山溪叶家,50.59
2025-06-15T22:30:00,7011AJ8R,山溪幕下,66.04
2025-06-15T22:30:00,7011AJ9R,山溪前桐,194.34
2025-06-15T22:30:00,7011AM2G,富春江水库严陵坞,22.95
2025-06-15T22:35:00,70101500,富春江电站(坝上),22.84
2025-06-15T22:35:00,70101501,富春江坝下,10.42
2025-06-15T22:35:00,70101800,窄溪,7.45
2025-06-15T22:35:00,70102300,闸口,5.97
2025-06-15T22:35:00,7010AJ33,渌渚,7.95
2025-06-15T22:35:00,7011AJ4M,新桐乡,7.15
2025-06-15T22:35:00,7011AJ5M,渌渚镇,8.66
2025-06-15T22:35:00,7011AJ7R,山溪叶家,50.58
2025-06-15T22:35:00,7011AJ8R,山溪幕下,66.03
2025-06-15T22:35:00,7011AJ9R,山溪前桐,194.35
2025-06-15T22:35:00,7011AM2G,富春江水库严陵坞,22.95
2025-06-15T22:40:00,70101500,富春江电站(坝上),22.83
2025-06-15T22:40:00,70101501,富春江坝下,10.4
2025-06-15T22:40:00,70101800,窄溪,7.45
2025-06-15T22:40:00,70102300,闸口,5.96
2025-06-15T22:40:00,7010AJ33,渌渚,7.99
2025-06-15T22:40:00,7011AJ4M,新桐乡,7.17
2025-06-15T22:40:00,7011AJ5M,渌渚镇,8.66
2025-06-15T22:40:00,7011AJ7R,山溪叶家,50.59
2025-06-15T22:40:00,7011AJ8R,山溪幕下,66.03
2025-06-15T22:40:00,7011AJ9R,山溪前桐,194.34
2025-06-15T22:40:00,7011AM2G,富春江水库严陵坞,22.95
2025-06-15T22:45:00,70101500,富春江电站(坝上),22.83
2025-06-15T22:45:00,70101501,富春江坝下,10.42
2025-06-15T22:45:00,70101800,窄溪,7.46
2025-06-15T22:45:00,70102300,闸口,5.97
2025-06-15T22:45:00,7010AJ33,渌渚,7.97
2025-06-15T22:45:00,7011AJ4M,新桐乡,7.17
2025-06-15T22:45:00,7011AJ5M,渌渚镇,8.66
2025-06-15T22:45:00,7011AJ7R,山溪叶家,50.59
2025-06-15T22:45:00,7011AJ8R,山溪幕下,66.03
2025-06-15T22:45:00,7011AJ9R,山溪前桐,194.34
2025-06-15T22:45:00,7011AM2G,富春江水库严陵坞,22.95
2025-06-15T22:50:00,70101500,富春江电站(坝上),22.84
2025-06-15T22:50:00,70101501,富春江坝下,10.44
2025-06-15T22:50:00,70101800,窄溪,7.47
2025-06-15T22:50:00,70102300,闸口,5.97
2025-06-15T22:50:00,7010AJ33,渌渚,7.99
2025-06-15T22:50:00,7011AJ4M,新桐乡,7.18
2025-06-15T22:50:00,7011AJ5M,渌渚镇,8.66
2025-06-15T22:50:00,7011AJ7R,山溪叶家,50.6
2025-06-15T22:50:00,7011AJ8R,山溪幕下,66.03
2025-06-15T22:50:00,7011AJ9R,山溪前桐,194.38
2025-06-15T22:50:00,7011AM2G,富春江水库严陵坞,22.95
2025-06-15T22:55:00,70101500,富春江电站(坝上),22.84
2025-06-15T22:55:00,70101501,富春江坝下,10.43
2025-06-15T22:55:00,70101800,窄溪,7.48
2025-06-15T22:55:00,70102300,闸口,5.97
2025-06-15T22:55:00,7010AJ33,渌渚,7.97
2025-06-15T22:55:00,7011AJ4M,新桐乡,7.18
2025-06-15T22:55:00,7011AJ5M,渌渚镇,8.66
2025-06-15T22:55:00,7011AJ7R,山溪叶家,50.59
2025-06-15T22:55:00,7011AJ8R,山溪幕下,66.03
2025-06-15T22:55:00,7011AJ9R,山溪前桐,194.34
2025-06-15T22:55:00,7011AM2G,富春江水库严陵坞,22.95
2025-06-15T23:00:00,70101500,富春江电站(坝上),22.84
2025-06-15T23:00:00,70101501,富春江坝下,10.43
2025-06-15T23:00:00,70101800,窄溪,7.48
2025-06-15T23:00:00,70102300,闸口,5.97
2025-06-15T23:00:00,7010AJ33,渌渚,7.99
2025-06-15T23:00:00,7011AJ4M,新桐乡,7.18
2025-06-15T23:00:00,7011AJ5M,渌渚镇,8.66
2025-06-15T23:00:00,7011AJ7R,山溪叶家,50.6
2025-06-15T23:00:00,7011AJ8R,山溪幕下,66.03
2025-06-15T23:00:00,7011AJ9R,山溪前桐,194.36
2025-06-15T23:00:00,7011AM2G,富春江水库严陵坞,22.95
2025-06-15T23:05:00,70101500,富春江电站(坝上),22.84
2025-06-15T23:05:00,70101501,富春江坝下,10.4
2025-06-15T23:05:00,70101800,窄溪,7.49
2025-06-15T23:05:00,70102300,闸口,5.97
2025-06-15T23:05:00,7010AJ33,渌渚,7.99
2025-06-15T23:05:00,7011AJ4M,新桐乡,7.18
2025-06-15T23:05:00,7011AJ5M,渌渚镇,8.65
2025-06-15T23:05:00,7011AJ7R,山溪叶家,50.58
2025-06-15T23:05:00,7011AJ8R,山溪幕下,66.03
2025-06-15T23:05:00,7011AJ9R,山溪前桐,194.36
2025-06-15T23:05:00,7011AM2G,富春江水库严陵坞,22.95
2025-06-15T23:10:00,70101500,富春江电站(坝上),22.84
2025-06-15T23:10:00,70101501,富春江坝下,10.43
2025-06-15T23:10:00,70101800,窄溪,7.49
2025-06-15T23:10:00,70102300,闸口,5.97
2025-06-15T23:10:00,7010AJ33,渌渚,7.99
2025-06-15T23:10:00,7011AJ4M,新桐乡,7.19
2025-06-15T23:10:00,7011AJ5M,渌渚镇,8.65
2025-06-15T23:10:00,7011AJ7R,山溪叶家,50.59
2025-06-15T23:10:00,7011AJ8R,山溪幕下,66.03
2025-06-15T23:10:00,7011AJ9R,山溪前桐,194.35
2025-06-15T23:10:00,7011AM2G,富春江水库严陵坞,22.95
2025-06-15T23:15:00,70101500,富春江电站(坝上),22.83
2025-06-15T23:15:00,70101501,富春江坝下,10.42
2025-06-15T23:15:00,70101800,窄溪,7.51
2025-06-15T23:15:00,70102300,闸口,5.98
2025-06-15T23:15:00,7010AJ33,渌渚,8.01
2025-06-15T23:15:00,7011AJ4M,新桐乡,7.19
2025-06-15T23:15:00,7011AJ5M,渌渚镇,8.65
2025-06-15T23:15:00,7011AJ7R,山溪叶家,50.6
2025-06-15T23:15:00,7011AJ8R,山溪幕下,66.03
2025-06-15T23:15:00,7011AJ9R,山溪前桐,194.34
2025-06-15T23:15:00,7011AM2G,富春江水库严陵坞,22.96
2025-06-15T23:20:00,70101500,富春江电站(坝上),22.84
2025-06-15T23:20:00,70101501,富春江坝下,10.39
2025-06-15T23:20:00,70101800,窄溪,7.51
2025-06-15T23:20:00,70102300,闸口,5.97
2025-06-15T23:20:00,7010AJ33,渌渚,7.99
2025-06-15T23:20:00,7011AJ4M,新桐乡,7.21
2025-06-15T23:20:00,7011AJ5M,渌渚镇,8.65
2025-06-15T23:20:00,7011AJ7R,山溪叶家,50.6
2025-06-15T23:20:00,7011AJ8R,山溪幕下,66.03
2025-06-15T23:20:00,7011AJ9R,山溪前桐,194.35
2025-06-15T23:20:00,7011AM2G,富春江水库严陵坞,22.96
2025-06-15T23:25:00,70101500,富春江电站(坝上),22.85
2025-06-15T23:25:00,70101501,富春江坝下,10.4
2025-06-15T23:25:00,70101800,窄溪,7.51
2025-06-15T23:25:00,70102300,闸口,5.98
2025-06-15T23:25:00,7010AJ33,渌渚,7.99
2025-06-15T23:25:00,7011AJ4M,新桐乡,7.21
2025-06-15T23:25:00,7011AJ5M,渌渚镇,8.65
2025-06-15T23:25:00,7011AJ7R,山溪叶家,50.59
2025-06-15T23:25:00,7011AJ8R,山溪幕下,66.04
2025-06-15T23:25:00,7011AJ9R,山溪前桐,194.37
2025-06-15T23:25:00,7011AM2G,富春江水库严陵坞,22.96
2025-06-15T23:30:00,70101500,富春江电站(坝上),22.85
2025-06-15T23:30:00,70101501,富春江坝下,10.39
2025-06-15T23:30:00,70101800,窄溪,7.52
2025-06-15T23:30:00,70102300,闸口,5.98
2025-06-15T23:30:00,7010AJ33,渌渚,8.02
2025-06-15T23:30:00,7011AJ4M,新桐乡,7.21
2025-06-15T23:30:00,7011AJ5M,渌渚镇,8.65
2025-06-15T23:30:00,7011AJ7R,山溪叶家,50.59
2025-06-15T23:30:00,7011AJ8R,山溪幕下,66.04
2025-06-15T23:30:00,7011AJ9R,山溪前桐,194.35
2025-06-15T23:30:00,7011AM2G,富春江水库严陵坞,22.96
2025-06-15T23:35:00,70101500,富春江电站(坝上),22.86
2025-06-15T23:35:00,70101501,富春江坝下,10.35
2025-06-15T23:35:00,70101800,窄溪,7.52
2025-06-15T23:35:00,70102300,闸口,5.99
2025-06-15T23:35:00,7010AJ33,渌渚,8.01
2025-06-15T23:35:00,7011AJ4M,新桐乡,7.22
2025-06-15T23:35:00,7011AJ5M,渌渚镇,8.65
2025-06-15T23:35:00,7011AJ7R,山溪叶家,50.6
2025-06-15T23:35:00,7011AJ8R,山溪幕下,66.04
2025-06-15T23:35:00,7011AJ9R,山溪前桐,194.36
2025-06-15T23:35:00,7011AM2G,富春江水库严陵坞,22.97
2025-06-15T23:40:00,70101500,富春江电站(坝上),22.87
2025-06-15T23:40:00,70101501,富春江坝下,10.41
2025-06-15T23:40:00,70101800,窄溪,7.52
2025-06-15T23:40:00,70102300,闸口,5.97
2025-06-15T23:40:00,7010AJ33,渌渚,8.03
2025-06-15T23:40:00,7011AJ4M,新桐乡,7.24
2025-06-15T23:40:00,7011AJ5M,渌渚镇,8.65
2025-06-15T23:40:00,7011AJ7R,山溪叶家,50.6
2025-06-15T23:40:00,7011AJ8R,山溪幕下,66.04
2025-06-15T23:40:00,7011AJ9R,山溪前桐,194.35
2025-06-15T23:40:00,7011AM2G,富春江水库严陵坞,22.98
2025-06-15T23:45:00,70101500,富春江电站(坝上),22.87
2025-06-15T23:45:00,70101501,富春江坝下,10.39
2025-06-15T23:45:00,70101800,窄溪,7.52
2025-06-15T23:45:00,70102300,闸口,5.98
2025-06-15T23:45:00,7010AJ33,渌渚,8.01
2025-06-15T23:45:00,7011AJ4M,新桐乡,7.27
2025-06-15T23:45:00,7011AJ5M,渌渚镇,8.64
2025-06-15T23:45:00,7011AJ7R,山溪叶家,50.59
2025-06-15T23:45:00,7011AJ8R,山溪幕下,66.02
2025-06-15T23:45:00,7011AJ9R,山溪前桐,194.36
2025-06-15T23:45:00,7011AM2G,富春江水库严陵坞,22.98
2025-06-15T23:50:00,70101500,富春江电站(坝上),22.87
2025-06-15T23:50:00,70101501,富春江坝下,10.36
2025-06-15T23:50:00,70101800,窄溪,7.52
2025-06-15T23:50:00,70102300,闸口,5.98
2025-06-15T23:50:00,7010AJ33,渌渚,8.02
2025-06-15T23:50:00,7011AJ4M,新桐乡,7.24
2025-06-15T23:50:00,7011AJ5M,渌渚镇,8.64
2025-06-15T23:50:00,7011AJ7R,山溪叶家,50.59
2025-06-15T23:50:00,7011AJ8R,山溪幕下,66.03
2025-06-15T23:50:00,7011AJ9R,山溪前桐,194.33
2025-06-15T23:50:00,7011AM2G,富春江水库严陵坞,22.99
2025-06-15T23:55:00,70101500,富春江电站(坝上),22.87
2025-06-15T23:55:00,70101501,富春江坝下,10.4
2025-06-15T23:55:00,70101800,窄溪,7.54
2025-06-15T23:55:00,70102300,闸口,5.99
2025-06-15T23:55:00,7010AJ33,渌渚,8.01
2025-06-15T23:55:00,7011AJ4M,新桐乡,7.27
2025-06-15T23:55:00,7011AJ5M,渌渚镇,8.63
2025-06-15T23:55:00,7011AJ7R,山溪叶家,50.59
2025-06-15T23:55:00,7011AJ8R,山溪幕下,66.04
2025-06-15T23:55:00,7011AJ9R,山溪前桐,194.35
2025-06-15T23:55:00,7011AM2G,富春江水库严陵坞,22.99
2025-06-16T00:00:00,70101500,富春江电站(坝上),22.87
2025-06-16T00:00:00,70101501,富春江坝下,10.41
2025-06-16T00:00:00,70101800,窄溪,7.54
2025-06-16T00:00:00,70102300,闸口,5.99
2025-06-16T00:00:00,7010AJ33,渌渚,8.02
2025-06-16T00:00:00,7011AJ4M,新桐乡,7.27
2025-06-16T00:00:00,7011AJ5M,渌渚镇,8.63
2025-06-16T00:00:00,7011AJ7R,山溪叶家,50.6
2025-06-16T00:00:00,7011AJ8R,山溪幕下,66.04
2025-06-16T00:00:00,7011AJ9R,山溪前桐,194.34
2025-06-16T00:00:00,7011AM2G,富春江水库严陵坞,22.99
2025-06-16T00:05:00,70101500,富春江电站(坝上),22.86
2025-06-16T00:05:00,70101501,富春江坝下,10.44
2025-06-16T00:05:00,70101800,窄溪,7.54
2025-06-16T00:05:00,70102300,闸口,5.99
2025-06-16T00:05:00,7010AJ33,渌渚,8.02
2025-06-16T00:05:00,7011AJ4M,新桐乡,7.29
2025-06-16T00:05:00,7011AJ5M,渌渚镇,8.63
2025-06-16T00:05:00,7011AJ7R,山溪叶家,50.59
2025-06-16T00:05:00,7011AJ8R,山溪幕下,66.04
2025-06-16T00:05:00,7011AJ9R,山溪前桐,194.36
2025-06-16T00:05:00,7011AM2G,富春江水库严陵坞,22.99
2025-06-16T00:10:00,70101500,富春江电站(坝上),22.67
2025-06-16T00:10:00,70101501,富春江坝下,10.62
2025-06-16T00:10:00,70101800,窄溪,7.55
2025-06-16T00:10:00,70102300,闸口,5.99
2025-06-16T00:10:00,7010AJ33,渌渚,8.02
2025-06-16T00:10:00,7011AJ4M,新桐乡,7.31
2025-06-16T00:10:00,7011AJ5M,渌渚镇,8.63
2025-06-16T00:10:00,7011AJ7R,山溪叶家,50.59
2025-06-16T00:10:00,7011AJ8R,山溪幕下,66.04
2025-06-16T00:10:00,7011AJ9R,山溪前桐,194.36
2025-06-16T00:10:00,7011AM2G,富春江水库严陵坞,22.99
2025-06-16T00:15:00,70101500,富春江电站(坝上),22.69
2025-06-16T00:15:00,70101501,富春江坝下,10.71
2025-06-16T00:15:00,70101800,窄溪,7.55
2025-06-16T00:15:00,70102300,闸口,5.99
2025-06-16T00:15:00,7010AJ33,渌渚,8.02
2025-06-16T00:15:00,7011AJ4M,新桐乡,7.3
2025-06-16T00:15:00,7011AJ5M,渌渚镇,8.63
2025-06-16T00:15:00,7011AJ7R,山溪叶家,50.6
2025-06-16T00:15:00,7011AJ8R,山溪幕下,66.04
2025-06-16T00:15:00,7011AJ9R,山溪前桐,194.32
2025-06-16T00:15:00,7011AM2G,富春江水库严陵坞,22.83
2025-06-16T00:20:00,70101500,富春江电站(坝上),22.65
2025-06-16T00:20:00,70101501,富春江坝下,10.68
2025-06-16T00:20:00,70101800,窄溪,7.56
2025-06-16T00:20:00,70102300,闸口,5.99
2025-06-16T00:20:00,7010AJ33,渌渚,8.02
2025-06-16T00:20:00,7011AJ4M,新桐乡,7.29
2025-06-16T00:20:00,7011AJ5M,渌渚镇,8.62
2025-06-16T00:20:00,7011AJ7R,山溪叶家,50.59
2025-06-16T00:20:00,7011AJ8R,山溪幕下,66.04
2025-06-16T00:20:00,7011AJ9R,山溪前桐,194.34
2025-06-16T00:20:00,7011AM2G,富春江水库严陵坞,22.82
2025-06-16T00:25:00,70101500,富春江电站(坝上),22.63
2025-06-16T00:25:00,70101501,富春江坝下,10.77
2025-06-16T00:25:00,70101800,窄溪,7.55
2025-06-16T00:25:00,70102300,闸口,5.99
2025-06-16T00:25:00,7010AJ33,渌渚,8.02
2025-06-16T00:25:00,7011AJ4M,新桐乡,7.28
2025-06-16T00:25:00,7011AJ5M,渌渚镇,8.62
2025-06-16T00:25:00,7011AJ7R,山溪叶家,50.6
2025-06-16T00:25:00,7011AJ8R,山溪幕下,66.05
2025-06-16T00:25:00,7011AJ9R,山溪前桐,194.35
2025-06-16T00:25:00,7011AM2G,富春江水库严陵坞,22.77
2025-06-16T00:30:00,70101500,富春江电站(坝上),22.61
2025-06-16T00:30:00,70101501,富春江坝下,10.82
2025-06-16T00:30:00,70101800,窄溪,7.54
2025-06-16T00:30:00,70102300,闸口,5.99
2025-06-16T00:30:00,7010AJ33,渌渚,8.03
2025-06-16T00:30:00,7011AJ4M,新桐乡,7.26
2025-06-16T00:30:00,7011AJ5M,渌渚镇,8.61
2025-06-16T00:30:00,7011AJ7R,山溪叶家,50.6
2025-06-16T00:30:00,7011AJ8R,山溪幕下,66.04
2025-06-16T00:30:00,7011AJ9R,山溪前桐,194.36
2025-06-16T00:30:00,7011AM2G,富春江水库严陵坞,22.77
2025-06-16T00:35:00,70101500,富春江电站(坝上),22.61
2025-06-16T00:35:00,70101501,富春江坝下,10.84
2025-06-16T00:35:00,70101800,窄溪,7.55
2025-06-16T00:35:00,70102300,闸口,5.99
2025-06-16T00:35:00,7010AJ33,渌渚,8.02
2025-06-16T00:35:00,7011AJ4M,新桐乡,7.26
2025-06-16T00:35:00,7011AJ5M,渌渚镇,8.61
2025-06-16T00:35:00,7011AJ7R,山溪叶家,50.6
2025-06-16T00:35:00,7011AJ8R,山溪幕下,66.05
2025-06-16T00:35:00,7011AJ9R,山溪前桐,194.33
2025-06-16T00:35:00,7011AM2G,富春江水库严陵坞,22.74
2025-06-16T00:40:00,70101500,富春江电站(坝上),22.6
2025-06-16T00:40:00,70101501,富春江坝下,10.83
2025-06-16T00:40:00,70101800,窄溪,7.56
2025-06-16T00:40:00,70102300,闸口,5.99
2025-06-16T00:40:00,7010AJ33,渌渚,8.03
2025-06-16T00:40:00,7011AJ4M,新桐乡,7.33
2025-06-16T00:40:00,7011AJ5M,渌渚镇,8.61
2025-06-16T00:40:00,7011AJ7R,山溪叶家,50.6
2025-06-16T00:40:00,7011AJ8R,山溪幕下,66.05
2025-06-16T00:40:00,7011AJ9R,山溪前桐,194.35
2025-06-16T00:40:00,7011AM2G,富春江水库严陵坞,22.74
2025-06-16T00:45:00,70101500,富春江电站(坝上),22.56
2025-06-16T00:45:00,70101501,富春江坝下,10.88
2025-06-16T00:45:00,70101800,窄溪,7.58
2025-06-16T00:45:00,70102300,闸口,5.99
2025-06-16T00:45:00,7010AJ33,渌渚,8.02
2025-06-16T00:45:00,7011AJ4M,新桐乡,7.32
2025-06-16T00:45:00,7011AJ5M,渌渚镇,8.6
2025-06-16T00:45:00,7011AJ7R,山溪叶家,50.6
2025-06-16T00:45:00,7011AJ8R,山溪幕下,66.05
2025-06-16T00:45:00,7011AJ9R,山溪前桐,194.38
2025-06-16T00:45:00,7011AM2G,富春江水库严陵坞,22.73
2025-06-16T00:50:00,70101500,富春江电站(坝上),22.59
2025-06-16T00:50:00,70101501,富春江坝下,10.91
2025-06-16T00:50:00,70101800,窄溪,7.6
2025-06-16T00:50:00,70102300,闸口,6.0
2025-06-16T00:50:00,7010AJ33,渌渚,8.03
2025-06-16T00:50:00,7011AJ4M,新桐乡,7.3
2025-06-16T00:50:00,7011AJ5M,渌渚镇,8.6
2025-06-16T00:50:00,7011AJ7R,山溪叶家,50.61
2025-06-16T00:50:00,7011AJ8R,山溪幕下,66.05
2025-06-16T00:50:00,7011AJ9R,山溪前桐,194.35
2025-06-16T00:50:00,7011AM2G,富春江水库严陵坞,22.72
2025-06-16T00:55:00,70101500,富春江电站(坝上),22.55
2025-06-16T00:55:00,70101501,富春江坝下,10.91
2025-06-16T00:55:00,70101800,窄溪,7.6
2025-06-16T00:55:00,70102300,闸口,5.99
2025-06-16T00:55:00,7010AJ33,渌渚,8.02
2025-06-16T00:55:00,7011AJ4M,新桐乡,7.32
2025-06-16T00:55:00,7011AJ5M,渌渚镇,8.61
2025-06-16T00:55:00,7011AJ7R,山溪叶家,50.6
2025-06-16T00:55:00,7011AJ8R,山溪幕下,66.05
2025-06-16T00:55:00,7011AJ9R,山溪前桐,194.35
2025-06-16T00:55:00,7011AM2G,富春江水库严陵坞,22.71
2025-06-16T01:00:00,70101500,富春江电站(坝上),22.58
2025-06-16T01:00:00,70101501,富春江坝下,10.89
2025-06-16T01:00:00,70101800,窄溪,7.62
2025-06-16T01:00:00,70102300,闸口,5.99
2025-06-16T01:00:00,7010AJ33,渌渚,8.02
2025-06-16T01:00:00,7011AJ4M,新桐乡,7.32
2025-06-16T01:00:00,7011AJ5M,渌渚镇,8.6
2025-06-16T01:00:00,7011AJ7R,山溪叶家,50.61
2025-06-16T01:00:00,7011AJ8R,山溪幕下,66.05
2025-06-16T01:00:00,7011AJ9R,山溪前桐,194.36
2025-06-16T01:00:00,7011AM2G,富春江水库严陵坞,22.72
2025-06-16T01:05:00,70101500,富春江电站(坝上),22.59
2025-06-16T01:05:00,70101501,富春江坝下,10.95
2025-06-16T01:05:00,70101800,窄溪,7.63
2025-06-16T01:05:00,70102300,闸口,6.01
2025-06-16T01:05:00,7010AJ33,渌渚,8.03
2025-06-16T01:05:00,7011AJ4M,新桐乡,7.32
2025-06-16T01:05:00,7011AJ5M,渌渚镇,8.6
2025-06-16T01:05:00,7011AJ7R,山溪叶家,50.62
2025-06-16T01:05:00,7011AJ8R,山溪幕下,66.05
2025-06-16T01:05:00,7011AJ9R,山溪前桐,194.37
2025-06-16T01:05:00,7011AM2G,富春江水库严陵坞,22.73
2025-06-16T01:10:00,70101500,富春江电站(坝上),22.61
2025-06-16T01:10:00,70101501,富春江坝下,10.92
2025-06-16T01:10:00,70101800,窄溪,7.64
2025-06-16T01:10:00,70102300,闸口,6.01
2025-06-16T01:10:00,7010AJ33,渌渚,8.06
2025-06-16T01:10:00,7011AJ4M,新桐乡,7.33
2025-06-16T01:10:00,7011AJ5M,渌渚镇,8.6
2025-06-16T01:10:00,7011AJ7R,山溪叶家,50.62
2025-06-16T01:10:00,7011AJ8R,山溪幕下,66.06
2025-06-16T01:10:00,7011AJ9R,山溪前桐,194.35
2025-06-16T01:10:00,7011AM2G,富春江水库严陵坞,22.73
2025-06-16T01:15:00,70101500,富春江电站(坝上),22.61
2025-06-16T01:15:00,70101501,富春江坝下,10.94
2025-06-16T01:15:00,70101800,窄溪,7.63
2025-06-16T01:15:00,70102300,闸口,6.01
2025-06-16T01:15:00,7010AJ33,渌渚,8.07
2025-06-16T01:15:00,7011AJ4M,新桐乡,7.34
2025-06-16T01:15:00,7011AJ5M,渌渚镇,8.61
2025-06-16T01:15:00,7011AJ7R,山溪叶家,50.64
2025-06-16T01:15:00,7011AJ8R,山溪幕下,66.06
2025-06-16T01:15:00,7011AJ9R,山溪前桐,194.39
2025-06-16T01:15:00,7011AM2G,富春江水库严陵坞,22.74
2025-06-16T01:20:00,70101500,富春江电站(坝上),22.6
2025-06-16T01:20:00,70101501,富春江坝下,10.96
2025-06-16T01:20:00,70101800,窄溪,7.64
2025-06-16T01:20:00,70102300,闸口,6.0
2025-06-16T01:20:00,7010AJ33,渌渚,8.07
2025-06-16T01:20:00,7011AJ4M,新桐乡,7.37
2025-06-16T01:20:00,7011AJ5M,渌渚镇,8.6
2025-06-16T01:20:00,7011AJ7R,山溪叶家,50.65
2025-06-16T01:20:00,7011AJ8R,山溪幕下,66.06
2025-06-16T01:20:00,7011AJ9R,山溪前桐,194.36
2025-06-16T01:20:00,7011AM2G,富春江水库严陵坞,22.74
2025-06-16T01:25:00,70101500,富春江电站(坝上),22.6
2025-06-16T01:25:00,70101501,富春江坝下,10.99
2025-06-16T01:25:00,70101800,窄溪,7.64
2025-06-16T01:25:00,70102300,闸口,6.01
2025-06-16T01:25:00,7010AJ33,渌渚,8.1
2025-06-16T01:25:00,7011AJ4M,新桐乡,7.37
2025-06-16T01:25:00,7011AJ5M,渌渚镇,8.61
2025-06-16T01:25:00,7011AJ7R,山溪叶家,50.64
2025-06-16T01:25:00,7011AJ8R,山溪幕下,66.06
2025-06-16T01:25:00,7011AJ9R,山溪前桐,194.37
2025-06-16T01:25:00,7011AM2G,富春江水库严陵坞,22.74
2025-06-16T01:30:00,70101500,富春江电站(坝上),22.61
2025-06-16T01:30:00,70101501,富春江坝下,10.95
2025-06-16T01:30:00,70101800,窄溪,7.67
2025-06-16T01:30:00,70102300,闸口,6.0
2025-06-16T01:30:00,7010AJ33,渌渚,8.09
2025-06-16T01:30:00,7011AJ4M,新桐乡,7.38
2025-06-16T01:30:00,7011AJ5M,渌渚镇,8.61
2025-06-16T01:30:00,7011AJ7R,山溪叶家,50.65
2025-06-16T01:30:00,7011AJ8R,山溪幕下,66.06
2025-06-16T01:30:00,7011AJ9R,山溪前桐,194.39
2025-06-16T01:30:00,7011AM2G,富春江水库严陵坞,22.74
2025-06-16T01:35:00,70101500,富春江电站(坝上),22.61
2025-06-16T01:35:00,70101501,富春江坝下,10.99
2025-06-16T01:35:00,70101800,窄溪,7.7
2025-06-16T01:35:00,70102300,闸口,6.01
2025-06-16T01:35:00,7010AJ33,渌渚,8.1
2025-06-16T01:35:00,7011AJ4M,新桐乡,7.39
2025-06-16T01:35:00,7011AJ5M,渌渚镇,8.63
2025-06-16T01:35:00,7011AJ7R,山溪叶家,50.65
2025-06-16T01:35:00,7011AJ8R,山溪幕下,66.07
2025-06-16T01:35:00,7011AJ9R,山溪前桐,194.4
2025-06-16T01:35:00,7011AM2G,富春江水库严陵坞,22.75
2025-06-16T01:40:00,70101500,富春江电站(坝上),22.61
2025-06-16T01:40:00,70101501,富春江坝下,11.0
2025-06-16T01:40:00,70101800,窄溪,7.68
2025-06-16T01:40:00,70102300,闸口,6.01
2025-06-16T01:40:00,7010AJ33,渌渚,8.11
2025-06-16T01:40:00,7011AJ4M,新桐乡,7.39
2025-06-16T01:40:00,7011AJ5M,渌渚镇,8.63
2025-06-16T01:40:00,7011AJ7R,山溪叶家,50.65
2025-06-16T01:40:00,7011AJ8R,山溪幕下,66.06
2025-06-16T01:40:00,7011AJ9R,山溪前桐,194.38
2025-06-16T01:40:00,7011AM2G,富春江水库严陵坞,22.75
2025-06-16T01:45:00,70101500,富春江电站(坝上),22.61
2025-06-16T01:45:00,70101501,富春江坝下,10.96
2025-06-16T01:45:00,70101800,窄溪,7.69
2025-06-16T01:45:00,70102300,闸口,6.01
2025-06-16T01:45:00,7010AJ33,渌渚,8.1
2025-06-16T01:45:00,7011AJ4M,新桐乡,7.41
2025-06-16T01:45:00,7011AJ5M,渌渚镇,8.63
2025-06-16T01:45:00,7011AJ7R,山溪叶家,50.65
2025-06-16T01:45:00,7011AJ8R,山溪幕下,66.07
2025-06-16T01:45:00,7011AJ9R,山溪前桐,194.38
2025-06-16T01:45:00,7011AM2G,富春江水库严陵坞,22.76
2025-06-16T01:50:00,70101500,富春江电站(坝上),22.63
2025-06-16T01:50:00,70102300,闸口,6.02
2025-06-16T01:50:00,7010AJ33,渌渚,8.11
2025-06-16T01:50:00,7011AJ8R,山溪幕下,66.07
2025-06-16T01:50:00,7011AJ9R,山溪前桐,194.38
2025-06-16T01:55:00,7010AJ33,渌渚,8.11
2025-06-16T02:00:00,70101500,富春江电站(坝上),22.63
2025-06-16T02:00:00,70101800,窄溪,7.72
2025-06-16T02:00:00,70102300,闸口,6.0
2025-06-16T02:00:00,7011AJ7R,山溪叶家,50.65
2025-06-16T02:00:00,7011AJ8R,山溪幕下,66.07
2025-06-16T02:00:00,7011AM2G,富春江水库严陵坞,22.76
2025-06-16T02:05:00,7010AJ33,渌渚,8.14
2025-06-16T02:10:00,7010AJ33,渌渚,8.15
2025-06-16T02:15:00,70101501,富春江坝下,11.06
2025-06-16T02:15:00,70101800,窄溪,7.86
2025-06-16T02:15:00,7011AJ9R,山溪前桐,194.37
2025-06-16T02:15:00,7011AM2G,富春江水库严陵坞,22.77
2025-06-16T02:20:00,7010AJ33,渌渚,8.16
2025-06-16T02:25:00,7010AJ33,渌渚,8.16
2025-06-16T02:30:00,7011AJ5M,渌渚镇,8.65
2025-06-16T02:30:00,7011AJ9R,山溪前桐,194.32
2025-06-16T02:30:00,7011AM2G,富春江水库严陵坞,22.77
2025-06-16T02:35:00,70101500,富春江电站(坝上),22.63
2025-06-16T02:35:00,70102300,闸口,6.03
2025-06-16T02:35:00,7010AJ33,渌渚,8.18
2025-06-16T02:40:00,70101500,富春江电站(坝上),22.63
2025-06-16T02:40:00,70101501,富春江坝下,11.05
2025-06-16T02:40:00,70101800,窄溪,7.76
2025-06-16T02:40:00,70102300,闸口,6.03
2025-06-16T02:40:00,7010AJ33,渌渚,8.18
2025-06-16T02:40:00,7011AJ4M,新桐乡,7.49
2025-06-16T02:40:00,7011AJ5M,渌渚镇,8.65
2025-06-16T02:40:00,7011AJ7R,山溪叶家,50.66
2025-06-16T02:40:00,7011AJ8R,山溪幕下,66.07
2025-06-16T02:40:00,7011AJ9R,山溪前桐,194.37
2025-06-16T02:40:00,7011AM2G,富春江水库严陵坞,22.77
2025-06-16T02:45:00,70101500,富春江电站(坝上),22.63
2025-06-16T02:45:00,70101501,富春江坝下,11.03
2025-06-16T02:45:00,70101800,窄溪,7.76
2025-06-16T02:45:00,70102300,闸口,6.04
2025-06-16T02:45:00,7010AJ33,渌渚,8.19
2025-06-16T02:45:00,7011AJ4M,新桐乡,7.49
2025-06-16T02:45:00,7011AJ5M,渌渚镇,8.66
2025-06-16T02:45:00,7011AJ7R,山溪叶家,50.65
2025-06-16T02:45:00,7011AJ8R,山溪幕下,66.07
2025-06-16T02:45:00,7011AJ9R,山溪前桐,194.35
2025-06-16T02:45:00,7011AM2G,富春江水库严陵坞,22.77
2025-06-16T02:50:00,70101500,富春江电站(坝上),22.62
2025-06-16T02:50:00,70101501,富春江坝下,11.07
2025-06-16T02:50:00,70101800,窄溪,7.76
2025-06-16T02:50:00,70102300,闸口,6.04
2025-06-16T02:50:00,7010AJ33,渌渚,8.19
2025-06-16T02:50:00,7011AJ4M,新桐乡,7.49
2025-06-16T02:50:00,7011AJ5M,渌渚镇,8.66
2025-06-16T02:50:00,7011AJ7R,山溪叶家,50.66
2025-06-16T02:50:00,7011AJ8R,山溪幕下,66.07
2025-06-16T02:50:00,7011AJ9R,山溪前桐,194.36
2025-06-16T02:50:00,7011AM2G,富春江水库严陵坞,22.77
2025-06-16T02:55:00,70101500,富春江电站(坝上),22.63
2025-06-16T02:55:00,70101501,富春江坝下,11.08
2025-06-16T02:55:00,70101800,窄溪,7.77
2025-06-16T02:55:00,70102300,闸口,6.05
2025-06-16T02:55:00,7010AJ33,渌渚,8.2
2025-06-16T02:55:00,7011AJ4M,新桐乡,7.52
2025-06-16T02:55:00,7011AJ5M,渌渚镇,8.65
2025-06-16T02:55:00,7011AJ7R,山溪叶家,50.67
2025-06-16T02:55:00,7011AJ8R,山溪幕下,66.07
2025-06-16T02:55:00,7011AJ9R,山溪前桐,194.36
2025-06-16T02:55:00,7011AM2G,富春江水库严陵坞,22.77
2025-06-16T03:00:00,70101500,富春江电站(坝上),22.64
2025-06-16T03:00:00,70101501,富春江坝下,11.05
2025-06-16T03:00:00,70101800,窄溪,7.77
2025-06-16T03:00:00,70102300,闸口,6.04
2025-06-16T03:00:00,7010AJ33,渌渚,8.2
2025-06-16T03:00:00,7011AJ4M,新桐乡,7.52
2025-06-16T03:00:00,7011AJ5M,渌渚镇,8.66
2025-06-16T03:00:00,7011AJ7R,山溪叶家,50.67
2025-06-16T03:00:00,7011AJ8R,山溪幕下,66.07
2025-06-16T03:00:00,7011AJ9R,山溪前桐,194.36
2025-06-16T03:00:00,7011AM2G,富春江水库严陵坞,22.77
2025-06-16T03:05:00,70101500,富春江电站(坝上),22.63
2025-06-16T03:05:00,70101501,富春江坝下,11.09
2025-06-16T03:05:00,70101800,窄溪,7.79
2025-06-16T03:05:00,70102300,闸口,6.05
2025-06-16T03:05:00,7010AJ33,渌渚,8.2
2025-06-16T03:05:00,7011AJ4M,新桐乡,7.51
2025-06-16T03:05:00,7011AJ5M,渌渚镇,8.67
2025-06-16T03:05:00,7011AJ7R,山溪叶家,50.67
2025-06-16T03:05:00,7011AJ8R,山溪幕下,66.08
2025-06-16T03:05:00,7011AJ9R,山溪前桐,194.34
2025-06-16T03:05:00,7011AM2G,富春江水库严陵坞,22.77
2025-06-16T03:10:00,70101500,富春江电站(坝上),22.64
2025-06-16T03:10:00,70101501,富春江坝下,11.02
2025-06-16T03:10:00,70101800,窄溪,7.79
2025-06-16T03:10:00,70102300,闸口,6.05
2025-06-16T03:10:00,7010AJ33,渌渚,8.23
2025-06-16T03:10:00,7011AJ4M,新桐乡,7.52
2025-06-16T03:10:00,7011AJ5M,渌渚镇,8.68
2025-06-16T03:10:00,7011AJ7R,山溪叶家,50.67
2025-06-16T03:10:00,7011AJ8R,山溪幕下,66.08
2025-06-16T03:10:00,7011AJ9R,山溪前桐,194.35
2025-06-16T03:10:00,7011AM2G,富春江水库严陵坞,22.77
2025-06-16T03:15:00,70101500,富春江电站(坝上),22.65
2025-06-16T03:15:00,70101501,富春江坝下,11.08
2025-06-16T03:15:00,70101800,窄溪,7.8
2025-06-16T03:15:00,70102300,闸口,6.05
2025-06-16T03:15:00,7010AJ33,渌渚,8.22
2025-06-16T03:15:00,7011AJ4M,新桐乡,7.54
2025-06-16T03:15:00,7011AJ5M,渌渚镇,8.67
2025-06-16T03:15:00,7011AJ7R,山溪叶家,50.66
2025-06-16T03:15:00,7011AJ8R,山溪幕下,66.07
2025-06-16T03:15:00,7011AJ9R,山溪前桐,194.7
2025-06-16T03:15:00,7011AM2G,富春江水库严陵坞,22.77
2025-06-16T03:20:00,70101500,富春江电站(坝上),22.64
2025-06-16T03:20:00,70101501,富春江坝下,11.07
2025-06-16T03:20:00,70101800,窄溪,7.81
2025-06-16T03:20:00,70102300,闸口,6.06
2025-06-16T03:20:00,7010AJ33,渌渚,8.22
2025-06-16T03:20:00,7011AJ4M,新桐乡,7.53
2025-06-16T03:20:00,7011AJ5M,渌渚镇,8.68
2025-06-16T03:20:00,7011AJ7R,山溪叶家,50.67
2025-06-16T03:20:00,7011AJ8R,山溪幕下,66.08
2025-06-16T03:20:00,7011AJ9R,山溪前桐,194.35
2025-06-16T03:20:00,7011AM2G,富春江水库严陵坞,22.77
2025-06-16T03:25:00,70101500,富春江电站(坝上),22.64
2025-06-16T03:25:00,70101501,富春江坝下,11.09
2025-06-16T03:25:00,70101800,窄溪,7.81
2025-06-16T03:25:00,70102300,闸口,6.06
2025-06-16T03:25:00,7010AJ33,渌渚,8.23
2025-06-16T03:25:00,7011AJ4M,新桐乡,7.54
2025-06-16T03:25:00,7011AJ5M,渌渚镇,8.68
2025-06-16T03:25:00,7011AJ7R,山溪叶家,50.67
2025-06-16T03:25:00,7011AJ8R,山溪幕下,66.07
2025-06-16T03:25:00,7011AJ9R,山溪前桐,194.34
2025-06-16T03:25:00,7011AM2G,富春江水库严陵坞,22.77
2025-06-16T03:30:00,70101500,富春江电站(坝上),22.65
2025-06-16T03:30:00,70101501,富春江坝下,11.08
2025-06-16T03:30:00,70101800,窄溪,7.81
2025-06-16T03:30:00,70102300,闸口,6.07
2025-06-16T03:30:00,7010AJ33,渌渚,8.23
2025-06-16T03:30:00,7011AJ4M,新桐乡,7.51
2025-06-16T03:30:00,7011AJ5M,渌渚镇,8.68
2025-06-16T03:30:00,7011AJ7R,山溪叶家,50.67
2025-06-16T03:30:00,7011AJ8R,山溪幕下,66.07
2025-06-16T03:30:00,7011AJ9R,山溪前桐,194.34
2025-06-16T03:30:00,7011AM2G,富春江水库严陵坞,22.78
2025-06-16T03:35:00,70101500,富春江电站(坝上),22.66
2025-06-16T03:35:00,70101501,富春江坝下,11.06
2025-06-16T03:35:00,70101800,窄溪,7.81
2025-06-16T03:35:00,70102300,闸口,6.07
2025-06-16T03:35:00,7010AJ33,渌渚,8.23
2025-06-16T03:35:00,7011AJ4M,新桐乡,7.51
2025-06-16T03:35:00,7011AJ5M,渌渚镇,8.69
2025-06-16T03:35:00,7011AJ7R,山溪叶家,50.67
2025-06-16T03:35:00,7011AJ8R,山溪幕下,66.07
2025-06-16T03:35:00,7011AJ9R,山溪前桐,194.35
2025-06-16T03:35:00,7011AM2G,富春江水库严陵坞,22.79
2025-06-16T03:40:00,70101500,富春江电站(坝上),22.66
2025-06-16T03:40:00,70101501,富春江坝下,11.08
2025-06-16T03:40:00,70101800,窄溪,7.81
2025-06-16T03:40:00,70102300,闸口,6.07
2025-06-16T03:40:00,7010AJ33,渌渚,8.24
2025-06-16T03:40:00,7011AJ4M,新桐乡,7.51
2025-06-16T03:40:00,7011AJ5M,渌渚镇,8.68
2025-06-16T03:40:00,7011AJ7R,山溪叶家,50.67
2025-06-16T03:40:00,7011AJ8R,山溪幕下,66.08
2025-06-16T03:40:00,7011AJ9R,山溪前桐,194.35
2025-06-16T03:40:00,7011AM2G,富春江水库严陵坞,22.79
2025-06-16T03:45:00,70101500,富春江电站(坝上),22.66
2025-06-16T03:45:00,70101501,富春江坝下,11.07
2025-06-16T03:45:00,70101800,窄溪,7.81
2025-06-16T03:45:00,70102300,闸口,6.08
2025-06-16T03:45:00,7010AJ33,渌渚,8.24
2025-06-16T03:45:00,7011AJ4M,新桐乡,7.54
2025-06-16T03:45:00,7011AJ5M,渌渚镇,8.68
2025-06-16T03:45:00,7011AJ7R,山溪叶家,50.68
2025-06-16T03:45:00,7011AJ8R,山溪幕下,66.08
2025-06-16T03:45:00,7011AJ9R,山溪前桐,194.33
2025-06-16T03:45:00,7011AM2G,富春江水库严陵坞,22.8
2025-06-16T03:50:00,70101500,富春江电站(坝上),22.67
2025-06-16T03:50:00,70101501,富春江坝下,11.07
2025-06-16T03:50:00,70101800,窄溪,7.83
2025-06-16T03:50:00,70102300,闸口,6.07
2025-06-16T03:50:00,7010AJ33,渌渚,8.26
2025-06-16T03:50:00,7011AJ4M,新桐乡,7.54
2025-06-16T03:50:00,7011AJ5M,渌渚镇,8.69
2025-06-16T03:50:00,7011AJ7R,山溪叶家,50.67
2025-06-16T03:50:00,7011AJ8R,山溪幕下,66.08
2025-06-16T03:50:00,7011AJ9R,山溪前桐,194.35
2025-06-16T03:50:00,7011AM2G,富春江水库严陵坞,22.8
2025-06-16T03:55:00,70101500,富春江电站(坝上),22.67
2025-06-16T03:55:00,70101501,富春江坝下,11.12
2025-06-16T03:55:00,70101800,窄溪,7.83
2025-06-16T03:55:00,70102300,闸口,6.08
2025-06-16T03:55:00,7010AJ33,渌渚,8.26
2025-06-16T03:55:00,7011AJ4M,新桐乡,7.55
2025-06-16T03:55:00,7011AJ5M,渌渚镇,8.69
2025-06-16T03:55:00,7011AJ7R,山溪叶家,50.67
2025-06-16T03:55:00,7011AJ8R,山溪幕下,66.08
2025-06-16T03:55:00,7011AJ9R,山溪前桐,194.35
2025-06-16T03:55:00,7011AM2G,富春江水库严陵坞,22.81
2025-06-16T04:00:00,70101500,富春江电站(坝上),22.68
2025-06-16T04:00:00,70101501,富春江坝下,11.09
2025-06-16T04:00:00,70101800,窄溪,7.84
2025-06-16T04:00:00,70102300,闸口,6.08
2025-06-16T04:00:00,7010AJ33,渌渚,8.24
2025-06-16T04:00:00,7011AJ4M,新桐乡,7.55
2025-06-16T04:00:00,7011AJ5M,渌渚镇,8.69
2025-06-16T04:00:00,7011AJ7R,山溪叶家,50.67
2025-06-16T04:00:00,7011AJ8R,山溪幕下,66.08
2025-06-16T04:00:00,7011AJ9R,山溪前桐,194.33
2025-06-16T04:00:00,7011AM2G,富春江水库严陵坞,22.82
2025-06-16T04:05:00,70101500,富春江电站(坝上),22.69
2025-06-16T04:05:00,70101501,富春江坝下,11.11
2025-06-16T04:05:00,70101800,窄溪,7.85
2025-06-16T04:05:00,70102300,闸口,6.08
2025-06-16T04:05:00,7010AJ33,渌渚,8.27
2025-06-16T04:05:00,7011AJ4M,新桐乡,7.55
2025-06-16T04:05:00,7011AJ5M,渌渚镇,8.69
2025-06-16T04:05:00,7011AJ7R,山溪叶家,50.67
2025-06-16T04:05:00,7011AJ8R,山溪幕下,66.08
2025-06-16T04:05:00,7011AJ9R,山溪前桐,194.34
2025-06-16T04:05:00,7011AM2G,富春江水库严陵坞,22.82
2025-06-16T04:10:00,70101500,富春江电站(坝上),22.7
2025-06-16T04:10:00,70101501,富春江坝下,11.11
2025-06-16T04:10:00,70101800,窄溪,7.84
2025-06-16T04:10:00,70102300,闸口,6.09
2025-06-16T04:10:00,7010AJ33,渌渚,8.26
2025-06-16T04:10:00,7011AJ4M,新桐乡,7.57
2025-06-16T04:10:00,7011AJ5M,渌渚镇,8.68
2025-06-16T04:10:00,7011AJ7R,山溪叶家,50.67
2025-06-16T04:10:00,7011AJ8R,山溪幕下,66.08
2025-06-16T04:10:00,7011AJ9R,山溪前桐,194.34
2025-06-16T04:10:00,7011AM2G,富春江水库严陵坞,22.83
2025-06-16T04:15:00,70101500,富春江电站(坝上),22.71
2025-06-16T04:15:00,70101501,富春江坝下,11.05
2025-06-16T04:15:00,70101800,窄溪,7.85
2025-06-16T04:15:00,70102300,闸口,6.08
2025-06-16T04:15:00,7010AJ33,渌渚,8.24
2025-06-16T04:15:00,7011AJ4M,新桐乡,7.57
2025-06-16T04:15:00,7011AJ5M,渌渚镇,8.69
2025-06-16T04:15:00,7011AJ7R,山溪叶家,50.67
2025-06-16T04:15:00,7011AJ8R,山溪幕下,66.08
2025-06-16T04:15:00,7011AJ9R,山溪前桐,194.35
2025-06-16T04:15:00,7011AM2G,富春江水库严陵坞,22.84
2025-06-16T04:20:00,70101500,富春江电站(坝上),22.72
2025-06-16T04:20:00,70101501,富春江坝下,11.08
2025-06-16T04:20:00,70101800,窄溪,7.84
2025-06-16T04:20:00,70102300,闸口,6.09
2025-06-16T04:20:00,7010AJ33,渌渚,8.27
2025-06-16T04:20:00,7011AJ4M,新桐乡,7.58
2025-06-16T04:20:00,7011AJ5M,渌渚镇,8.68
2025-06-16T04:20:00,7011AJ7R,山溪叶家,50.67
2025-06-16T04:20:00,7011AJ8R,山溪幕下,66.08
2025-06-16T04:20:00,7011AJ9R,山溪前桐,194.34
2025-06-16T04:20:00,7011AM2G,富春江水库严陵坞,22.85
2025-06-16T04:25:00,70101500,富春江电站(坝上),22.73
2025-06-16T04:25:00,70101501,富春江坝下,11.11
2025-06-16T04:25:00,70101800,窄溪,7.85
2025-06-16T04:25:00,70102300,闸口,6.1
2025-06-16T04:25:00,7010AJ33,渌渚,8.26
2025-06-16T04:25:00,7011AJ4M,新桐乡,7.61
2025-06-16T04:25:00,7011AJ5M,渌渚镇,8.68
2025-06-16T04:25:00,7011AJ7R,山溪叶家,50.67
2025-06-16T04:25:00,7011AJ8R,山溪幕下,66.08
2025-06-16T04:25:00,7011AJ9R,山溪前桐,194.34
2025-06-16T04:25:00,7011AM2G,富春江水库严陵坞,22.85
2025-06-16T04:30:00,70101500,富春江电站(坝上),22.72
2025-06-16T04:30:00,70101501,富春江坝下,11.06
2025-06-16T04:30:00,70101800,窄溪,7.87
2025-06-16T04:30:00,70102300,闸口,6.1
2025-06-16T04:30:00,7010AJ33,渌渚,8.28
2025-06-16T04:30:00,7011AJ4M,新桐乡,7.61
2025-06-16T04:30:00,7011AJ5M,渌渚镇,8.69
2025-06-16T04:30:00,7011AJ7R,山溪叶家,50.67
2025-06-16T04:30:00,7011AJ8R,山溪幕下,66.09
2025-06-16T04:30:00,7011AJ9R,山溪前桐,194.33
2025-06-16T04:30:00,7011AM2G,富春江水库严陵坞,22.86
2025-06-16T04:35:00,70101500,富春江电站(坝上),22.74
2025-06-16T04:35:00,70101501,富春江坝下,11.12
2025-06-16T04:35:00,70101800,窄溪,7.87
2025-06-16T04:35:00,70102300,闸口,6.1
2025-06-16T04:35:00,7010AJ33,渌渚,8.27
2025-06-16T04:35:00,7011AJ4M,新桐乡,7.6
2025-06-16T04:35:00,7011AJ5M,渌渚镇,8.68
2025-06-16T04:35:00,7011AJ7R,山溪叶家,50.67
2025-06-16T04:35:00,7011AJ8R,山溪幕下,66.09
2025-06-16T04:35:00,7011AJ9R,山溪前桐,194.33
2025-06-16T04:35:00,7011AM2G,富春江水库严陵坞,22.87
2025-06-16T04:40:00,70101500,富春江电站(坝上),22.76
2025-06-16T04:40:00,70101501,富春江坝下,11.06
2025-06-16T04:40:00,70101800,窄溪,7.87
2025-06-16T04:40:00,70102300,闸口,6.1
2025-06-16T04:40:00,7010AJ33,渌渚,8.26
2025-06-16T04:40:00,7011AJ4M,新桐乡,7.6
2025-06-16T04:40:00,7011AJ5M,渌渚镇,8.69
2025-06-16T04:40:00,7011AJ7R,山溪叶家,50.67
2025-06-16T04:40:00,7011AJ8R,山溪幕下,66.08
2025-06-16T04:40:00,7011AJ9R,山溪前桐,194.34
2025-06-16T04:40:00,7011AM2G,富春江水库严陵坞,22.88
2025-06-16T04:45:00,70101500,富春江电站(坝上),22.77
2025-06-16T04:45:00,70101501,富春江坝下,11.13
2025-06-16T04:45:00,70101800,窄溪,7.88
2025-06-16T04:45:00,70102300,闸口,6.1
2025-06-16T04:45:00,7010AJ33,渌渚,8.27
2025-06-16T04:45:00,7011AJ4M,新桐乡,7.6
2025-06-16T04:45:00,7011AJ5M,渌渚镇,8.69
2025-06-16T04:45:00,7011AJ7R,山溪叶家,50.66
2025-06-16T04:45:00,7011AJ8R,山溪幕下,66.08
2025-06-16T04:45:00,7011AJ9R,山溪前桐,194.34
2025-06-16T04:45:00,7011AM2G,富春江水库严陵坞,22.89
2025-06-16T04:50:00,70101500,富春江电站(坝上),22.77
2025-06-16T04:50:00,70101501,富春江坝下,11.08
2025-06-16T04:50:00,70101800,窄溪,7.88
2025-06-16T04:50:00,70102300,闸口,6.11
2025-06-16T04:50:00,7010AJ33,渌渚,8.27
2025-06-16T04:50:00,7011AJ4M,新桐乡,7.61
2025-06-16T04:50:00,7011AJ5M,渌渚镇,8.68
2025-06-16T04:50:00,7011AJ7R,山溪叶家,50.67
2025-06-16T04:50:00,7011AJ8R,山溪幕下,66.09
2025-06-16T04:50:00,7011AJ9R,山溪前桐,194.32
2025-06-16T04:50:00,7011AM2G,富春江水库严陵坞,22.9
2025-06-16T04:55:00,70101500,富春江电站(坝上),22.77
2025-06-16T04:55:00,70101501,富春江坝下,11.11
2025-06-16T04:55:00,70101800,窄溪,7.88
2025-06-16T04:55:00,70102300,闸口,6.12
2025-06-16T04:55:00,7010AJ33,渌渚,8.27
2025-06-16T04:55:00,7011AJ4M,新桐乡,7.62
2025-06-16T04:55:00,7011AJ5M,渌渚镇,8.68
2025-06-16T04:55:00,7011AJ7R,山溪叶家,50.67
2025-06-16T04:55:00,7011AJ8R,山溪幕下,66.08
2025-06-16T04:55:00,7011AJ9R,山溪前桐,194.34
2025-06-16T04:55:00,7011AM2G,富春江水库严陵坞,22.91
2025-06-16T05:00:00,70101500,富春江电站(坝上),22.78
2025-06-16T05:00:00,70101501,富春江坝下,11.04
2025-06-16T05:00:00,70101800,窄溪,7.88
2025-06-16T05:00:00,70102300,闸口,6.12
2025-06-16T05:00:00,7010AJ33,渌渚,8.27
2025-06-16T05:00:00,7011AJ4M,新桐乡,7.62
2025-06-16T05:00:00,7011AJ5M,渌渚镇,8.68
2025-06-16T05:00:00,7011AJ7R,山溪叶家,50.66
2025-06-16T05:00:00,7011AJ8R,山溪幕下,66.08
2025-06-16T05:00:00,7011AJ9R,山溪前桐,194.33
2025-06-16T05:00:00,7011AM2G,富春江水库严陵坞,22.92
2025-06-16T05:05:00,70101500,富春江电站(坝上),22.79
2025-06-16T05:05:00,70101501,富春江坝下,11.06
2025-06-16T05:05:00,70101800,窄溪,7.89
2025-06-16T05:05:00,70102300,闸口,6.12
2025-06-16T05:05:00,7010AJ33,渌渚,8.27
2025-06-16T05:05:00,7011AJ4M,新桐乡,7.62
2025-06-16T05:05:00,7011AJ5M,渌渚镇,8.68
2025-06-16T05:05:00,7011AJ7R,山溪叶家,50.66
2025-06-16T05:05:00,7011AJ8R,山溪幕下,66.08
2025-06-16T05:05:00,7011AJ9R,山溪前桐,194.33
2025-06-16T05:05:00,7011AM2G,富春江水库严陵坞,22.92
2025-06-16T05:10:00,70101500,富春江电站(坝上),22.81
2025-06-16T05:10:00,70101501,富春江坝下,11.13
2025-06-16T05:10:00,70101800,窄溪,7.91
2025-06-16T05:10:00,70102300,闸口,6.12
2025-06-16T05:10:00,7010AJ33,渌渚,8.3
2025-06-16T05:10:00,7011AJ4M,新桐乡,7.62
2025-06-16T05:10:00,7011AJ5M,渌渚镇,8.68
2025-06-16T05:10:00,7011AJ7R,山溪叶家,50.66
2025-06-16T05:10:00,7011AJ8R,山溪幕下,66.07
2025-06-16T05:10:00,7011AJ9R,山溪前桐,194.33
2025-06-16T05:10:00,7011AM2G,富春江水库严陵坞,22.93
2025-06-16T05:15:00,70101500,富春江电站(坝上),22.8
2025-06-16T05:15:00,70101501,富春江坝下,11.09
2025-06-16T05:15:00,70101800,窄溪,7.89
2025-06-16T05:15:00,70102300,闸口,6.12
2025-06-16T05:15:00,7010AJ33,渌渚,8.3
2025-06-16T05:15:00,7011AJ4M,新桐乡,7.65
2025-06-16T05:15:00,7011AJ5M,渌渚镇,8.68
2025-06-16T05:15:00,7011AJ7R,山溪叶家,50.66
2025-06-16T05:15:00,7011AJ8R,山溪幕下,66.08
2025-06-16T05:15:00,7011AJ9R,山溪前桐,194.33
2025-06-16T05:15:00,7011AM2G,富春江水库严陵坞,22.93
2025-06-16T05:20:00,70101500,富春江电站(坝上),22.81
2025-06-16T05:20:00,70101501,富春江坝下,11.06
2025-06-16T05:20:00,70101800,窄溪,7.89
2025-06-16T05:20:00,70102300,闸口,6.13
2025-06-16T05:20:00,7010AJ33,渌渚,8.28
2025-06-16T05:20:00,7011AJ4M,新桐乡,7.66
2025-06-16T05:20:00,7011AJ5M,渌渚镇,8.68
2025-06-16T05:20:00,7011AJ7R,山溪叶家,50.65
2025-06-16T05:20:00,7011AJ8R,山溪幕下,66.07
2025-06-16T05:20:00,7011AJ9R,山溪前桐,194.33
2025-06-16T05:20:00,7011AM2G,富春江水库严陵坞,22.94
2025-06-16T05:25:00,70101500,富春江电站(坝上),22.83
2025-06-16T05:25:00,70101501,富春江坝下,11.12
2025-06-16T05:25:00,70101800,窄溪,7.89
2025-06-16T05:25:00,70102300,闸口,6.13
2025-06-16T05:25:00,7010AJ33,渌渚,8.3
2025-06-16T05:25:00,7011AJ4M,新桐乡,7.69
2025-06-16T05:25:00,7011AJ5M,渌渚镇,8.68
2025-06-16T05:25:00,7011AJ7R,山溪叶家,50.65
2025-06-16T05:25:00,7011AJ8R,山溪幕下,66.07
2025-06-16T05:25:00,7011AJ9R,山溪前桐,194.34
2025-06-16T05:25:00,7011AM2G,富春江水库严陵坞,22.95
2025-06-16T05:30:00,70101500,富春江电站(坝上),22.83
2025-06-16T05:30:00,70101501,富春江坝下,11.09
2025-06-16T05:30:00,70101800,窄溪,7.91
2025-06-16T05:30:00,70102300,闸口,6.13
2025-06-16T05:30:00,7010AJ33,渌渚,8.31
2025-06-16T05:30:00,7011AJ4M,新桐乡,7.63
2025-06-16T05:30:00,7011AJ5M,渌渚镇,8.68
2025-06-16T05:30:00,7011AJ7R,山溪叶家,50.65
2025-06-16T05:30:00,7011AJ8R,山溪幕下,66.07
2025-06-16T05:30:00,7011AJ9R,山溪前桐,194.33
2025-06-16T05:30:00,7011AM2G,富春江水库严陵坞,22.97
2025-06-16T05:35:00,70101500,富春江电站(坝上),22.85
2025-06-16T05:35:00,70101501,富春江坝下,11.12
2025-06-16T05:35:00,70101800,窄溪,7.89
2025-06-16T05:35:00,70102300,闸口,6.13
2025-06-16T05:35:00,7010AJ33,渌渚,8.3
2025-06-16T05:35:00,7011AJ4M,新桐乡,7.65
2025-06-16T05:35:00,7011AJ5M,渌渚镇,8.68
2025-06-16T05:35:00,7011AJ7R,山溪叶家,50.65
2025-06-16T05:35:00,7011AJ8R,山溪幕下,66.07
2025-06-16T05:35:00,7011AJ9R,山溪前桐,194.34
2025-06-16T05:35:00,7011AM2G,富春江水库严陵坞,22.98
2025-06-16T05:40:00,70101500,富春江电站(坝上),22.85
2025-06-16T05:40:00,70101501,富春江坝下,11.12
2025-06-16T05:40:00,70101800,窄溪,7.89
2025-06-16T05:40:00,70102300,闸口,6.14
2025-06-16T05:40:00,7010AJ33,渌渚,8.28
2025-06-16T05:40:00,7011AJ4M,新桐乡,7.65
2025-06-16T05:40:00,7011AJ5M,渌渚镇,8.68
2025-06-16T05:40:00,7011AJ7R,山溪叶家,50.64
2025-06-16T05:40:00,7011AJ8R,山溪幕下,66.07
2025-06-16T05:40:00,7011AJ9R,山溪前桐,194.33
2025-06-16T05:40:00,7011AM2G,富春江水库严陵坞,22.99
2025-06-16T05:45:00,70101500,富春江电站(坝上),22.85
2025-06-16T05:45:00,70101501,富春江坝下,11.12
2025-06-16T05:45:00,70101800,窄溪,7.91
2025-06-16T05:45:00,70102300,闸口,6.14
2025-06-16T05:45:00,7010AJ33,渌渚,8.3
2025-06-16T05:45:00,7011AJ4M,新桐乡,7.66
2025-06-16T05:45:00,7011AJ5M,渌渚镇,8.68
2025-06-16T05:45:00,7011AJ7R,山溪叶家,50.65
2025-06-16T05:45:00,7011AJ8R,山溪幕下,66.07
2025-06-16T05:45:00,7011AJ9R,山溪前桐,194.33
2025-06-16T05:45:00,7011AM2G,富春江水库严陵坞,22.99
2025-06-16T05:50:00,70101500,富春江电站(坝上),22.87
2025-06-16T05:50:00,70101501,富春江坝下,11.08
2025-06-16T05:50:00,70101800,窄溪,7.92
2025-06-16T05:50:00,70102300,闸口,6.14
2025-06-16T05:50:00,7010AJ33,渌渚,8.28
2025-06-16T05:50:00,7011AJ4M,新桐乡,7.66
2025-06-16T05:50:00,7011AJ5M,渌渚镇,8.67
2025-06-16T05:50:00,7011AJ7R,山溪叶家,50.65
2025-06-16T05:50:00,7011AJ8R,山溪幕下,66.07
2025-06-16T05:50:00,7011AJ9R,山溪前桐,194.34
2025-06-16T05:50:00,7011AM2G,富春江水库严陵坞,23.0
2025-06-16T05:55:00,70101500,富春江电站(坝上),22.89
2025-06-16T05:55:00,70101501,富春江坝下,11.13
2025-06-16T05:55:00,70101800,窄溪,7.91
2025-06-16T05:55:00,70102300,闸口,6.15
2025-06-16T05:55:00,7010AJ33,渌渚,8.31
2025-06-16T05:55:00,7011AJ4M,新桐乡,7.66
2025-06-16T05:55:00,7011AJ5M,渌渚镇,8.68
2025-06-16T05:55:00,7011AJ7R,山溪叶家,50.65
2025-06-16T05:55:00,7011AJ8R,山溪幕下,66.06
2025-06-16T05:55:00,7011AJ9R,山溪前桐,194.33
2025-06-16T05:55:00,7011AM2G,富春江水库严陵坞,23.01
2025-06-16T06:00:00,70101500,富春江电站(坝上),22.9
2025-06-16T06:00:00,70101501,富春江坝下,11.03
2025-06-16T06:00:00,70101800,窄溪,7.91
2025-06-16T06:00:00,70102300,闸口,6.14
2025-06-16T06:00:00,7010AJ33,渌渚,8.28
2025-06-16T06:00:00,7011AJ4M,新桐乡,7.66
2025-06-16T06:00:00,7011AJ5M,渌渚镇,8.67
2025-06-16T06:00:00,7011AJ7R,山溪叶家,50.64
2025-06-16T06:00:00,7011AJ8R,山溪幕下,66.06
2025-06-16T06:00:00,7011AJ9R,山溪前桐,194.33
2025-06-16T06:00:00,7011AM2G,富春江水库严陵坞,23.02
2025-06-16T06:05:00,70101500,富春江电站(坝上),22.9
2025-06-16T06:05:00,70101501,富春江坝下,11.13
2025-06-16T06:05:00,70101800,窄溪,7.92
2025-06-16T06:05:00,70102300,闸口,6.15
2025-06-16T06:05:00,7010AJ33,渌渚,8.3
2025-06-16T06:05:00,7011AJ4M,新桐乡,7.66
2025-06-16T06:05:00,7011AJ5M,渌渚镇,8.68
2025-06-16T06:05:00,7011AJ7R,山溪叶家,50.63
2025-06-16T06:05:00,7011AJ8R,山溪幕下,66.06
2025-06-16T06:05:00,7011AJ9R,山溪前桐,194.31
2025-06-16T06:05:00,7011AM2G,富春江水库严陵坞,23.04
2025-06-16T06:10:00,70101500,富春江电站(坝上),22.92
2025-06-16T06:10:00,70101501,富春江坝下,11.07
2025-06-16T06:10:00,70101800,窄溪,7.92
2025-06-16T06:10:00,70102300,闸口,6.16
2025-06-16T06:10:00,7010AJ33,渌渚,8.31
2025-06-16T06:10:00,7011AJ4M,新桐乡,7.65
2025-06-16T06:10:00,7011AJ5M,渌渚镇,8.67
2025-06-16T06:10:00,7011AJ7R,山溪叶家,50.63
2025-06-16T06:10:00,7011AJ8R,山溪幕下,66.07
2025-06-16T06:10:00,7011AJ9R,山溪前桐,194.31
2025-06-16T06:10:00,7011AM2G,富春江水库严陵坞,23.05
2025-06-16T06:15:00,70101500,富春江电站(坝上),22.85
2025-06-16T06:15:00,70101501,富春江坝下,11.15
2025-06-16T06:15:00,70101800,窄溪,7.92
2025-06-16T06:15:00,70102300,闸口,6.22
2025-06-16T06:15:00,7010AJ33,渌渚,8.3
2025-06-16T06:15:00,7011AJ4M,新桐乡,7.65
2025-06-16T06:15:00,7011AJ5M,渌渚镇,8.67
2025-06-16T06:15:00,7011AJ7R,山溪叶家,50.64
2025-06-16T06:15:00,7011AJ8R,山溪幕下,66.06
2025-06-16T06:15:00,7011AJ9R,山溪前桐,194.33
2025-06-16T06:15:00,7011AM2G,富春江水库严陵坞,23.06
2025-06-16T06:20:00,70101500,富春江电站(坝上),22.86
2025-06-16T06:20:00,70101501,富春江坝下,11.24
2025-06-16T06:20:00,70101800,窄溪,7.92
2025-06-16T06:20:00,70102300,闸口,6.35
2025-06-16T06:20:00,7010AJ33,渌渚,8.3
2025-06-16T06:20:00,7011AJ4M,新桐乡,7.66
2025-06-16T06:20:00,7011AJ5M,渌渚镇,8.67
2025-06-16T06:20:00,7011AJ7R,山溪叶家,50.63
2025-06-16T06:20:00,7011AJ8R,山溪幕下,66.06
2025-06-16T06:20:00,7011AJ9R,山溪前桐,194.34
2025-06-16T06:20:00,7011AM2G,富春江水库严陵坞,23.01
2025-06-16T06:25:00,70101500,富春江电站(坝上),22.86
2025-06-16T06:25:00,70101501,富春江坝下,11.26
2025-06-16T06:25:00,70101800,窄溪,7.93
2025-06-16T06:25:00,70102300,闸口,6.45
2025-06-16T06:25:00,7010AJ33,渌渚,8.3
2025-06-16T06:25:00,7011AJ4M,新桐乡,7.66
2025-06-16T06:25:00,7011AJ5M,渌渚镇,8.66
2025-06-16T06:25:00,7011AJ7R,山溪叶家,50.63
2025-06-16T06:25:00,7011AJ8R,山溪幕下,66.06
2025-06-16T06:25:00,7011AJ9R,山溪前桐,194.33
2025-06-16T06:25:00,7011AM2G,富春江水库严陵坞,23.01
2025-06-16T06:30:00,70101500,富春江电站(坝上),22.86
2025-06-16T06:30:00,70101501,富春江坝下,11.3
2025-06-16T06:30:00,70101800,窄溪,7.93
2025-06-16T06:30:00,70102300,闸口,6.46
2025-06-16T06:30:00,7010AJ33,渌渚,8.31
2025-06-16T06:30:00,7011AJ4M,新桐乡,7.67
2025-06-16T06:30:00,7011AJ5M,渌渚镇,8.66
2025-06-16T06:30:00,7011AJ7R,山溪叶家,50.62
2025-06-16T06:30:00,7011AJ8R,山溪幕下,66.06
2025-06-16T06:30:00,7011AJ9R,山溪前桐,194.33
2025-06-16T06:30:00,7011AM2G,富春江水库严陵坞,23.01
2025-06-16T06:35:00,70101500,富春江电站(坝上),22.88
2025-06-16T06:35:00,70101501,富春江坝下,11.3
2025-06-16T06:35:00,70101800,窄溪,7.93
2025-06-16T06:35:00,70102300,闸口,6.51
2025-06-16T06:35:00,7010AJ33,渌渚,8.28
2025-06-16T06:35:00,7011AJ4M,新桐乡,7.68
2025-06-16T06:35:00,7011AJ5M,渌渚镇,8.67
2025-06-16T06:35:00,7011AJ7R,山溪叶家,50.62
2025-06-16T06:35:00,7011AJ8R,山溪幕下,66.06
2025-06-16T06:35:00,7011AJ9R,山溪前桐,194.33
2025-06-16T06:35:00,7011AM2G,富春江水库严陵坞,23.01
2025-06-16T06:40:00,70101500,富春江电站(坝上),22.82
2025-06-16T06:40:00,70101501,富春江坝下,11.34
2025-06-16T06:40:00,70101800,窄溪,7.93
2025-06-16T06:40:00,70102300,闸口,6.51
2025-06-16T06:40:00,7010AJ33,渌渚,8.31
2025-06-16T06:40:00,7011AJ4M,新桐乡,7.68
2025-06-16T06:40:00,7011AJ5M,渌渚镇,8.66
2025-06-16T06:40:00,7011AJ7R,山溪叶家,50.62
2025-06-16T06:40:00,7011AJ8R,山溪幕下,66.06
2025-06-16T06:40:00,7011AJ9R,山溪前桐,194.33
2025-06-16T06:40:00,7011AM2G,富春江水库严陵坞,23.02
2025-06-16T06:45:00,70101500,富春江电站(坝上),22.81
2025-06-16T06:45:00,70101501,富春江坝下,11.38
2025-06-16T06:45:00,70101800,窄溪,7.93
2025-06-16T06:45:00,70102300,闸口,6.55
2025-06-16T06:45:00,7010AJ33,渌渚,8.31
2025-06-16T06:45:00,7011AJ4M,新桐乡,7.68
2025-06-16T06:45:00,7011AJ5M,渌渚镇,8.66
2025-06-16T06:45:00,7011AJ7R,山溪叶家,50.61
2025-06-16T06:45:00,7011AJ8R,山溪幕下,66.06
2025-06-16T06:45:00,7011AJ9R,山溪前桐,194.33
2025-06-16T06:45:00,7011AM2G,富春江水库严陵坞,22.98
2025-06-16T06:50:00,70101500,富春江电站(坝上),22.8
2025-06-16T06:50:00,70101501,富春江坝下,11.36
2025-06-16T06:50:00,70101800,窄溪,7.94
2025-06-16T06:50:00,70102300,闸口,6.58
2025-06-16T06:50:00,7010AJ33,渌渚,8.3
2025-06-16T06:50:00,7011AJ4M,新桐乡,7.68
2025-06-16T06:50:00,7011AJ5M,渌渚镇,8.66
2025-06-16T06:50:00,7011AJ7R,山溪叶家,50.61
2025-06-16T06:50:00,7011AJ8R,山溪幕下,66.06
2025-06-16T06:50:00,7011AJ9R,山溪前桐,194.32
2025-06-16T06:50:00,7011AM2G,富春江水库严陵坞,22.95
2025-06-16T06:55:00,70101500,富春江电站(坝上),22.8
2025-06-16T06:55:00,70101501,富春江坝下,11.42
2025-06-16T06:55:00,70101800,窄溪,7.95
2025-06-16T06:55:00,70102300,闸口,6.6
2025-06-16T06:55:00,7010AJ33,渌渚,8.3
2025-06-16T06:55:00,7011AJ4M,新桐乡,7.66
2025-06-16T06:55:00,7011AJ5M,渌渚镇,8.66
2025-06-16T06:55:00,7011AJ7R,山溪叶家,50.61
2025-06-16T06:55:00,7011AJ8R,山溪幕下,66.06
2025-06-16T06:55:00,7011AJ9R,山溪前桐,194.3
2025-06-16T06:55:00,7011AM2G,富春江水库严陵坞,22.95
2025-06-16T07:00:00,70101500,富春江电站(坝上),22.8
2025-06-16T07:00:00,70101501,富春江坝下,11.39
2025-06-16T07:00:00,70101800,窄溪,7.98
2025-06-16T07:00:00,70102300,闸口,6.62
2025-06-16T07:00:00,7010AJ33,渌渚,8.3
2025-06-16T07:00:00,7011AJ4M,新桐乡,7.66
2025-06-16T07:00:00,7011AJ5M,渌渚镇,8.65
2025-06-16T07:00:00,7011AJ7R,山溪叶家,50.61
2025-06-16T07:00:00,7011AJ8R,山溪幕下,66.06
2025-06-16T07:00:00,7011AJ9R,山溪前桐,194.32
2025-06-16T07:00:00,7011AM2G,富春江水库严陵坞,22.95
2025-06-16T07:05:00,70101500,富春江电站(坝上),22.8
2025-06-16T07:05:00,70101501,富春江坝下,11.43
2025-06-16T07:05:00,70101800,窄溪,7.96
2025-06-16T07:05:00,70102300,闸口,6.65
2025-06-16T07:05:00,7010AJ33,渌渚,8.31
2025-06-16T07:05:00,7011AJ4M,新桐乡,7.66
2025-06-16T07:05:00,7011AJ5M,渌渚镇,8.65
2025-06-16T07:05:00,7011AJ7R,山溪叶家,50.62
2025-06-16T07:05:00,7011AJ8R,山溪幕下,66.05
2025-06-16T07:05:00,7011AJ9R,山溪前桐,194.33
2025-06-16T07:05:00,7011AM2G,富春江水库严陵坞,22.96
2025-06-16T07:10:00,70101500,富春江电站(坝上),22.83
2025-06-16T07:10:00,70101501,富春江坝下,11.46
2025-06-16T07:10:00,70101800,窄溪,7.96
2025-06-16T07:10:00,70102300,闸口,6.66
2025-06-16T07:10:00,7010AJ33,渌渚,8.3
2025-06-16T07:10:00,7011AJ4M,新桐乡,7.66
2025-06-16T07:10:00,7011AJ5M,渌渚镇,8.65
2025-06-16T07:10:00,7011AJ7R,山溪叶家,50.6
2025-06-16T07:10:00,7011AJ8R,山溪幕下,66.05
2025-06-16T07:10:00,7011AJ9R,山溪前桐,194.31
2025-06-16T07:10:00,7011AM2G,富春江水库严陵坞,22.97
2025-06-16T07:15:00,70101500,富春江电站(坝上),22.83
2025-06-16T07:15:00,70101501,富春江坝下,11.47
2025-06-16T07:15:00,70101800,窄溪,7.97
2025-06-16T07:15:00,70102300,闸口,6.66
2025-06-16T07:15:00,7010AJ33,渌渚,8.31
2025-06-16T07:15:00,7011AJ4M,新桐乡,7.66
2025-06-16T07:15:00,7011AJ5M,渌渚镇,8.65
2025-06-16T07:15:00,7011AJ7R,山溪叶家,50.6
2025-06-16T07:15:00,7011AJ8R,山溪幕下,66.01
2025-06-16T07:15:00,7011AJ9R,山溪前桐,194.33
2025-06-16T07:15:00,7011AM2G,富春江水库严陵坞,22.98
2025-06-16T07:20:00,70101500,富春江电站(坝上),22.83
2025-06-16T07:20:00,70101501,富春江坝下,11.43
2025-06-16T07:20:00,70101800,窄溪,7.98
2025-06-16T07:20:00,70102300,闸口,6.65
2025-06-16T07:20:00,7010AJ33,渌渚,8.31
2025-06-16T07:20:00,7011AJ4M,新桐乡,7.71
2025-06-16T07:20:00,7011AJ5M,渌渚镇,8.65
2025-06-16T07:20:00,7011AJ7R,山溪叶家,50.59
2025-06-16T07:20:00,7011AJ8R,山溪幕下,66.0
2025-06-16T07:20:00,7011AJ9R,山溪前桐,194.32
2025-06-16T07:20:00,7011AM2G,富春江水库严陵坞,22.99
2025-06-16T07:25:00,70101500,富春江电站(坝上),22.84
2025-06-16T07:25:00,70101501,富春江坝下,11.44
2025-06-16T07:25:00,70101800,窄溪,7.99
2025-06-16T07:25:00,70102300,闸口,6.66
2025-06-16T07:25:00,7010AJ33,渌渚,8.31
2025-06-16T07:25:00,7011AJ4M,新桐乡,7.72
2025-06-16T07:25:00,7011AJ5M,渌渚镇,8.65
2025-06-16T07:25:00,7011AJ7R,山溪叶家,50.59
2025-06-16T07:25:00,7011AJ8R,山溪幕下,66.0
2025-06-16T07:25:00,7011AJ9R,山溪前桐,194.33
2025-06-16T07:25:00,7011AM2G,富春江水库严陵坞,23.0
2025-06-16T07:30:00,70101500,富春江电站(坝上),22.87
2025-06-16T07:30:00,70101501,富春江坝下,11.47
2025-06-16T07:30:00,70101800,窄溪,8.0
2025-06-16T07:30:00,70102300,闸口,6.68
2025-06-16T07:30:00,7010AJ33,渌渚,8.31
2025-06-16T07:30:00,7011AJ4M,新桐乡,7.73
2025-06-16T07:30:00,7011AJ5M,渌渚镇,8.64
2025-06-16T07:30:00,7011AJ7R,山溪叶家,50.59
2025-06-16T07:30:00,7011AJ8R,山溪幕下,65.99
2025-06-16T07:30:00,7011AJ9R,山溪前桐,194.32
2025-06-16T07:30:00,7011AM2G,富春江水库严陵坞,23.01
2025-06-16T07:35:00,70101500,富春江电站(坝上),22.88
2025-06-16T07:35:00,70101501,富春江坝下,11.43
2025-06-16T07:35:00,70101800,窄溪,8.0
2025-06-16T07:35:00,70102300,闸口,6.67
2025-06-16T07:35:00,7010AJ33,渌渚,8.34
2025-06-16T07:35:00,7011AJ4M,新桐乡,7.73
2025-06-16T07:35:00,7011AJ5M,渌渚镇,8.65
2025-06-16T07:35:00,7011AJ7R,山溪叶家,50.59
2025-06-16T07:35:00,7011AJ8R,山溪幕下,65.99
2025-06-16T07:35:00,7011AJ9R,山溪前桐,194.32
2025-06-16T07:35:00,7011AM2G,富春江水库严陵坞,23.02
2025-06-16T07:40:00,70101500,富春江电站(坝上),22.9
2025-06-16T07:40:00,70101501,富春江坝下,11.52
2025-06-16T07:40:00,70101800,窄溪,8.01
2025-06-16T07:40:00,70102300,闸口,6.67
2025-06-16T07:40:00,7010AJ33,渌渚,8.34
2025-06-16T07:40:00,7011AJ4M,新桐乡,7.75
2025-06-16T07:40:00,7011AJ5M,渌渚镇,8.64
2025-06-16T07:40:00,7011AJ7R,山溪叶家,50.6
2025-06-16T07:40:00,7011AJ8R,山溪幕下,66.0
2025-06-16T07:40:00,7011AJ9R,山溪前桐,194.32
2025-06-16T07:40:00,7011AM2G,富春江水库严陵坞,23.03
2025-06-16T07:45:00,70101500,富春江电站(坝上),22.91
2025-06-16T07:45:00,70101501,富春江坝下,11.43
2025-06-16T07:45:00,70101800,窄溪,8.02
2025-06-16T07:45:00,70102300,闸口,6.67
2025-06-16T07:45:00,7010AJ33,渌渚,8.35
2025-06-16T07:45:00,7011AJ4M,新桐乡,7.77
2025-06-16T07:45:00,7011AJ5M,渌渚镇,8.65
2025-06-16T07:45:00,7011AJ7R,山溪叶家,50.59
2025-06-16T07:45:00,7011AJ8R,山溪幕下,66.0
2025-06-16T07:45:00,7011AJ9R,山溪前桐,194.32
2025-06-16T07:45:00,7011AM2G,富春江水库严陵坞,23.04
2025-06-16T07:50:00,70101500,富春江电站(坝上),22.91
2025-06-16T07:50:00,70101501,富春江坝下,11.47
2025-06-16T07:50:00,70101800,窄溪,8.02
2025-06-16T07:50:00,70102300,闸口,6.68
2025-06-16T07:50:00,7010AJ33,渌渚,8.35
2025-06-16T07:50:00,7011AJ4M,新桐乡,7.78
2025-06-16T07:50:00,7011AJ5M,渌渚镇,8.65
2025-06-16T07:50:00,7011AJ7R,山溪叶家,50.59
2025-06-16T07:50:00,7011AJ8R,山溪幕下,66.0
2025-06-16T07:50:00,7011AJ9R,山溪前桐,194.32
2025-06-16T07:50:00,7011AM2G,富春江水库严陵坞,23.06
2025-06-16T07:55:00,70101500,富春江电站(坝上),22.92
2025-06-16T07:55:00,70101501,富春江坝下,11.52
2025-06-16T07:55:00,70101800,窄溪,8.02
2025-06-16T07:55:00,70102300,闸口,6.68
2025-06-16T07:55:00,7010AJ33,渌渚,8.35
2025-06-16T07:55:00,7011AJ4M,新桐乡,7.78
2025-06-16T07:55:00,7011AJ5M,渌渚镇,8.65
2025-06-16T07:55:00,7011AJ7R,山溪叶家,50.6
2025-06-16T07:55:00,7011AJ8R,山溪幕下,65.99
2025-06-16T07:55:00,7011AJ9R,山溪前桐,194.31
2025-06-16T07:55:00,7011AM2G,富春江水库严陵坞,23.06
2025-06-16T08:00:00,70101500,富春江电站(坝上),22.92
2025-06-16T08:00:00,70101501,富春江坝下,11.45
2025-06-16T08:00:00,70101800,窄溪,8.02
2025-06-16T08:00:00,70102300,闸口,6.68
2025-06-16T08:00:00,7010AJ33,渌渚,8.35
2025-06-16T08:00:00,7011AJ4M,新桐乡,7.76
2025-06-16T08:00:00,7011AJ5M,渌渚镇,8.65
2025-06-16T08:00:00,7011AJ7R,山溪叶家,50.6
2025-06-16T08:00:00,7011AJ8R,山溪幕下,65.99
2025-06-16T08:00:00,7011AJ9R,山溪前桐,194.3
2025-06-16T08:00:00,7011AM2G,富春江水库严陵坞,23.08
2025-06-16T08:05:00,70101500,富春江电站(坝上),22.96
2025-06-16T08:05:00,70101501,富春江坝下,11.46
2025-06-16T08:05:00,70101800,窄溪,8.02
2025-06-16T08:05:00,70102300,闸口,6.68
2025-06-16T08:05:00,7010AJ33,渌渚,8.35
2025-06-16T08:05:00,7011AJ4M,新桐乡,7.76
2025-06-16T08:05:00,7011AJ5M,渌渚镇,8.65
2025-06-16T08:05:00,7011AJ7R,山溪叶家,50.6
2025-06-16T08:05:00,7011AJ8R,山溪幕下,66.0
2025-06-16T08:05:00,7011AJ9R,山溪前桐,194.31
2025-06-16T08:05:00,7011AM2G,富春江水库严陵坞,23.09
2025-06-16T08:10:00,70101500,富春江电站(坝上),22.94
2025-06-16T08:10:00,70101501,富春江坝下,11.44
2025-06-16T08:10:00,70101800,窄溪,8.04
2025-06-16T08:10:00,70102300,闸口,6.7
2025-06-16T08:10:00,7010AJ33,渌渚,8.36
2025-06-16T08:10:00,7011AJ4M,新桐乡,7.75
2025-06-16T08:10:00,7011AJ5M,渌渚镇,8.65
2025-06-16T08:10:00,7011AJ7R,山溪叶家,50.6
2025-06-16T08:10:00,7011AJ8R,山溪幕下,66.0
2025-06-16T08:10:00,7011AJ9R,山溪前桐,194.32
2025-06-16T08:10:00,7011AM2G,富春江水库严陵坞,23.1
2025-06-16T08:15:00,70101500,富春江电站(坝上),22.97
2025-06-16T08:15:00,70101501,富春江坝下,11.48
2025-06-16T08:15:00,70101800,窄溪,8.04
2025-06-16T08:15:00,70102300,闸口,6.7
2025-06-16T08:15:00,7010AJ33,渌渚,8.35
2025-06-16T08:15:00,7011AJ4M,新桐乡,7.79
2025-06-16T08:15:00,7011AJ5M,渌渚镇,8.65
2025-06-16T08:15:00,7011AJ7R,山溪叶家,50.61
2025-06-16T08:15:00,7011AJ8R,山溪幕下,66.0
2025-06-16T08:15:00,7011AJ9R,山溪前桐,194.32
2025-06-16T08:15:00,7011AM2G,富春江水库严陵坞,23.12
2025-06-16T08:20:00,70101500,富春江电站(坝上),22.98
2025-06-16T08:20:00,70101501,富春江坝下,11.44
2025-06-16T08:20:00,70101800,窄溪,8.05
2025-06-16T08:20:00,70102300,闸口,6.7
2025-06-16T08:20:00,7010AJ33,渌渚,8.36
2025-06-16T08:20:00,7011AJ4M,新桐乡,7.8
2025-06-16T08:20:00,7011AJ5M,渌渚镇,8.64
2025-06-16T08:20:00,7011AJ7R,山溪叶家,50.6
2025-06-16T08:20:00,7011AJ8R,山溪幕下,65.99
2025-06-16T08:20:00,7011AJ9R,山溪前桐,194.32
2025-06-16T08:20:00,7011AM2G,富春江水库严陵坞,23.12
2025-06-16T08:25:00,70101500,富春江电站(坝上),22.98
2025-06-16T08:25:00,70101501,富春江坝下,11.47
2025-06-16T08:25:00,70101800,窄溪,8.06
2025-06-16T08:25:00,70102300,闸口,6.68
2025-06-16T08:25:00,7010AJ33,渌渚,8.36
2025-06-16T08:25:00,7011AJ4M,新桐乡,7.8
2025-06-16T08:25:00,7011AJ5M,渌渚镇,8.64
2025-06-16T08:25:00,7011AJ7R,山溪叶家,50.6
2025-06-16T08:25:00,7011AJ8R,山溪幕下,65.99
2025-06-16T08:25:00,7011AJ9R,山溪前桐,194.32
2025-06-16T08:25:00,7011AM2G,富春江水库严陵坞,23.13
2025-06-16T08:30:00,70101500,富春江电站(坝上),22.99
2025-06-16T08:30:00,70101501,富春江坝下,11.47
2025-06-16T08:30:00,70101800,窄溪,8.06
2025-06-16T08:30:00,70102300,闸口,6.7
2025-06-16T08:30:00,7010AJ33,渌渚,8.36
2025-06-16T08:30:00,7011AJ4M,新桐乡,7.81
2025-06-16T08:30:00,7011AJ5M,渌渚镇,8.64
2025-06-16T08:30:00,7011AJ7R,山溪叶家,50.6
2025-06-16T08:30:00,7011AJ8R,山溪幕下,65.99
2025-06-16T08:30:00,7011AJ9R,山溪前桐,194.33
2025-06-16T08:30:00,7011AM2G,富春江水库严陵坞,23.14
2025-06-16T08:35:00,70101500,富春江电站(坝上),23.0
2025-06-16T08:35:00,70101501,富春江坝下,11.52
2025-06-16T08:35:00,70101800,窄溪,8.09
2025-06-16T08:35:00,70102300,闸口,6.68
2025-06-16T08:35:00,7010AJ33,渌渚,8.36
2025-06-16T08:35:00,7011AJ4M,新桐乡,7.82
2025-06-16T08:35:00,7011AJ5M,渌渚镇,8.64
2025-06-16T08:35:00,7011AJ7R,山溪叶家,50.6
2025-06-16T08:35:00,7011AJ8R,山溪幕下,65.99
2025-06-16T08:35:00,7011AJ9R,山溪前桐,194.32
2025-06-16T08:35:00,7011AM2G,富春江水库严陵坞,23.14
2025-06-16T08:40:00,70101500,富春江电站(坝上),22.99
2025-06-16T08:40:00,70101501,富春江坝下,11.51
2025-06-16T08:40:00,70101800,窄溪,8.1
2025-06-16T08:40:00,70102300,闸口,6.68
2025-06-16T08:40:00,7010AJ33,渌渚,8.38
2025-06-16T08:40:00,7011AJ4M,新桐乡,7.84
2025-06-16T08:40:00,7011AJ5M,渌渚镇,8.64
2025-06-16T08:40:00,7011AJ7R,山溪叶家,50.6
2025-06-16T08:40:00,7011AJ8R,山溪幕下,65.99
2025-06-16T08:40:00,7011AJ9R,山溪前桐,194.31
2025-06-16T08:40:00,7011AM2G,富春江水库严陵坞,23.15
2025-06-16T08:45:00,70101500,富春江电站(坝上),23.01
2025-06-16T08:45:00,70101501,富春江坝下,11.44
2025-06-16T08:45:00,70101800,窄溪,8.12
2025-06-16T08:45:00,70102300,闸口,6.68
2025-06-16T08:45:00,7010AJ33,渌渚,8.38
2025-06-16T08:45:00,7011AJ4M,新桐乡,7.86
2025-06-16T08:45:00,7011AJ5M,渌渚镇,8.63
2025-06-16T08:45:00,7011AJ7R,山溪叶家,50.6
2025-06-16T08:45:00,7011AJ8R,山溪幕下,65.99
2025-06-16T08:45:00,7011AJ9R,山溪前桐,194.31
2025-06-16T08:45:00,7011AM2G,富春江水库严陵坞,23.15
2025-06-16T08:50:00,70101500,富春江电站(坝上),23.03
2025-06-16T08:50:00,70101501,富春江坝下,11.5
2025-06-16T08:50:00,70101800,窄溪,8.13
2025-06-16T08:50:00,70102300,闸口,6.68
2025-06-16T08:50:00,7010AJ33,渌渚,8.39
2025-06-16T08:50:00,7011AJ4M,新桐乡,7.86
2025-06-16T08:50:00,7011AJ5M,渌渚镇,8.62
2025-06-16T08:50:00,7011AJ7R,山溪叶家,50.6
2025-06-16T08:50:00,7011AJ8R,山溪幕下,65.99
2025-06-16T08:50:00,7011AJ9R,山溪前桐,194.32
2025-06-16T08:50:00,7011AM2G,富春江水库严陵坞,23.16
2025-06-16T08:55:00,70101500,富春江电站(坝上),23.02
2025-06-16T08:55:00,70101501,富春江坝下,11.48
2025-06-16T08:55:00,70101800,窄溪,8.14
2025-06-16T08:55:00,70102300,闸口,6.68
2025-06-16T08:55:00,7010AJ33,渌渚,8.4
2025-06-16T08:55:00,7011AJ4M,新桐乡,7.86
2025-06-16T08:55:00,7011AJ5M,渌渚镇,8.62
2025-06-16T08:55:00,7011AJ7R,山溪叶家,50.6
2025-06-16T08:55:00,7011AJ8R,山溪幕下,65.98
2025-06-16T08:55:00,7011AJ9R,山溪前桐,194.32
2025-06-16T08:55:00,7011AM2G,富春江水库严陵坞,23.17
2025-06-16T09:00:00,70101500,富春江电站(坝上),23.02
2025-06-16T09:00:00,70101501,富春江坝下,11.47
2025-06-16T09:00:00,70101800,窄溪,8.14
2025-06-16T09:00:00,70102300,闸口,6.67
2025-06-16T09:00:00,7010AJ33,渌渚,8.4
2025-06-16T09:00:00,7011AJ4M,新桐乡,7.89
2025-06-16T09:00:00,7011AJ5M,渌渚镇,8.63
2025-06-16T09:00:00,7011AJ7R,山溪叶家,50.6
2025-06-16T09:00:00,7011AJ8R,山溪幕下,65.98
2025-06-16T09:00:00,7011AJ9R,山溪前桐,194.31
2025-06-16T09:00:00,7011AM2G,富春江水库严陵坞,23.18
2025-06-16T09:05:00,70101500,富春江电站(坝上),23.04
2025-06-16T09:05:00,70101501,富春江坝下,11.53
2025-06-16T09:05:00,70101800,窄溪,8.17
2025-06-16T09:05:00,70102300,闸口,6.67
2025-06-16T09:05:00,7010AJ33,渌渚,8.41
2025-06-16T09:05:00,7011AJ4M,新桐乡,7.89
2025-06-16T09:05:00,7011AJ5M,渌渚镇,8.62
2025-06-16T09:05:00,7011AJ7R,山溪叶家,50.6
2025-06-16T09:05:00,7011AJ8R,山溪幕下,65.98
2025-06-16T09:05:00,7011AJ9R,山溪前桐,194.33
2025-06-16T09:05:00,7011AM2G,富春江水库严陵坞,23.19
2025-06-16T09:10:00,70101500,富春江电站(坝上),23.06
2025-06-16T09:10:00,70101501,富春江坝下,11.46
2025-06-16T09:10:00,70101800,窄溪,8.17
2025-06-16T09:10:00,70102300,闸口,6.66
2025-06-16T09:10:00,7010AJ33,渌渚,8.43
2025-06-16T09:10:00,7011AJ4M,新桐乡,7.9
2025-06-16T09:10:00,7011AJ5M,渌渚镇,8.63
2025-06-16T09:10:00,7011AJ7R,山溪叶家,50.6
2025-06-16T09:10:00,7011AJ8R,山溪幕下,65.98
2025-06-16T09:10:00,7011AJ9R,山溪前桐,194.32
2025-06-16T09:10:00,7011AM2G,富春江水库严陵坞,23.2
2025-06-16T09:15:00,70101500,富春江电站(坝上),23.05
2025-06-16T09:15:00,70101501,富春江坝下,11.51
2025-06-16T09:15:00,70101800,窄溪,8.18
2025-06-16T09:15:00,70102300,闸口,6.66
2025-06-16T09:15:00,7010AJ33,渌渚,8.43
2025-06-16T09:15:00,7011AJ4M,新桐乡,7.92
2025-06-16T09:15:00,7011AJ5M,渌渚镇,8.64
2025-06-16T09:15:00,7011AJ7R,山溪叶家,50.59
2025-06-16T09:15:00,7011AJ8R,山溪幕下,65.98
2025-06-16T09:15:00,7011AJ9R,山溪前桐,194.32
2025-06-16T09:15:00,7011AM2G,富春江水库严陵坞,23.2
2025-06-16T09:20:00,70101500,富春江电站(坝上),23.07
2025-06-16T09:20:00,70101501,富春江坝下,11.48
2025-06-16T09:20:00,70101800,窄溪,8.19
2025-06-16T09:20:00,70102300,闸口,6.66
2025-06-16T09:20:00,7010AJ33,渌渚,8.44
2025-06-16T09:20:00,7011AJ4M,新桐乡,7.95
2025-06-16T09:20:00,7011AJ5M,渌渚镇,8.63
2025-06-16T09:20:00,7011AJ7R,山溪叶家,50.59
2025-06-16T09:20:00,7011AJ8R,山溪幕下,65.98
2025-06-16T09:20:00,7011AJ9R,山溪前桐,194.31
2025-06-16T09:20:00,7011AM2G,富春江水库严陵坞,23.21
2025-06-16T09:25:00,70101500,富春江电站(坝上),23.08
2025-06-16T09:25:00,70101501,富春江坝下,11.44
2025-06-16T09:25:00,70101800,窄溪,8.19
2025-06-16T09:25:00,70102300,闸口,6.64
2025-06-16T09:25:00,7010AJ33,渌渚,8.45
2025-06-16T09:25:00,7011AJ4M,新桐乡,7.97
2025-06-16T09:25:00,7011AJ5M,渌渚镇,8.64
2025-06-16T09:25:00,7011AJ7R,山溪叶家,50.58
2025-06-16T09:25:00,7011AJ8R,山溪幕下,65.97
2025-06-16T09:25:00,7011AJ9R,山溪前桐,194.31
2025-06-16T09:25:00,7011AM2G,富春江水库严陵坞,23.22
2025-06-16T09:30:00,70101500,富春江电站(坝上),23.09
2025-06-16T09:30:00,70101501,富春江坝下,11.49
2025-06-16T09:30:00,70101800,窄溪,8.2
2025-06-16T09:30:00,70102300,闸口,6.64
2025-06-16T09:30:00,7010AJ33,渌渚,8.45
2025-06-16T09:30:00,7011AJ4M,新桐乡,7.97
2025-06-16T09:30:00,7011AJ5M,渌渚镇,8.65
2025-06-16T09:30:00,7011AJ7R,山溪叶家,50.59
2025-06-16T09:30:00,7011AJ8R,山溪幕下,65.97
2025-06-16T09:30:00,7011AJ9R,山溪前桐,194.31
2025-06-16T09:30:00,7011AM2G,富春江水库严陵坞,23.23
2025-06-16T09:35:00,70101500,富春江电站(坝上),23.11
2025-06-16T09:35:00,70101501,富春江坝下,11.46
2025-06-16T09:35:00,70101800,窄溪,8.21
2025-06-16T09:35:00,70102300,闸口,6.64
2025-06-16T09:35:00,7010AJ33,渌渚,8.47
2025-06-16T09:35:00,7011AJ4M,新桐乡,7.97
2025-06-16T09:35:00,7011AJ5M,渌渚镇,8.65
2025-06-16T09:35:00,7011AJ7R,山溪叶家,50.58
2025-06-16T09:35:00,7011AJ8R,山溪幕下,65.97
2025-06-16T09:35:00,7011AJ9R,山溪前桐,194.32
2025-06-16T09:35:00,7011AM2G,富春江水库严陵坞,23.24
2025-06-16T09:40:00,70101500,富春江电站(坝上),23.1
2025-06-16T09:40:00,70101501,富春江坝下,11.47
2025-06-16T09:40:00,70101800,窄溪,8.21
2025-06-16T09:40:00,70102300,闸口,6.63
2025-06-16T09:40:00,7010AJ33,渌渚,8.47
2025-06-16T09:40:00,7011AJ4M,新桐乡,7.97
2025-06-16T09:40:00,7011AJ5M,渌渚镇,8.64
2025-06-16T09:40:00,7011AJ7R,山溪叶家,50.58
2025-06-16T09:40:00,7011AJ8R,山溪幕下,65.97
2025-06-16T09:40:00,7011AJ9R,山溪前桐,194.31
2025-06-16T09:40:00,7011AM2G,富春江水库严陵坞,23.25
2025-06-16T09:45:00,70101500,富春江电站(坝上),23.12
2025-06-16T09:45:00,70101501,富春江坝下,11.46
2025-06-16T09:45:00,70101800,窄溪,8.22
2025-06-16T09:45:00,70102300,闸口,6.62
2025-06-16T09:45:00,7010AJ33,渌渚,8.47
2025-06-16T09:45:00,7011AJ4M,新桐乡,7.98
2025-06-16T09:45:00,7011AJ5M,渌渚镇,8.63
2025-06-16T09:45:00,7011AJ7R,山溪叶家,50.58
2025-06-16T09:45:00,7011AJ8R,山溪幕下,65.97
2025-06-16T09:45:00,7011AJ9R,山溪前桐,194.31
2025-06-16T09:45:00,7011AM2G,富春江水库严陵坞,23.25
2025-06-16T09:50:00,70101500,富春江电站(坝上),23.11
2025-06-16T09:50:00,70101501,富春江坝下,11.51
2025-06-16T09:50:00,70101800,窄溪,8.22
2025-06-16T09:50:00,70102300,闸口,6.61
2025-06-16T09:50:00,7010AJ33,渌渚,8.48
2025-06-16T09:50:00,7011AJ4M,新桐乡,7.99
2025-06-16T09:50:00,7011AJ5M,渌渚镇,8.65
2025-06-16T09:50:00,7011AJ7R,山溪叶家,50.58
2025-06-16T09:50:00,7011AJ8R,山溪幕下,65.96
2025-06-16T09:50:00,7011AJ9R,山溪前桐,194.3
2025-06-16T09:50:00,7011AM2G,富春江水库严陵坞,23.25
2025-06-16T09:55:00,70101500,富春江电站(坝上),23.09
2025-06-16T09:55:00,70101501,富春江坝下,11.45
2025-06-16T09:55:00,70101800,窄溪,8.21
2025-06-16T09:55:00,70102300,闸口,6.6
2025-06-16T09:55:00,7010AJ33,渌渚,8.49
2025-06-16T09:55:00,7011AJ4M,新桐乡,7.99
2025-06-16T09:55:00,7011AJ5M,渌渚镇,8.66
2025-06-16T09:55:00,7011AJ7R,山溪叶家,50.58
2025-06-16T09:55:00,7011AJ8R,山溪幕下,65.96
2025-06-16T09:55:00,7011AJ9R,山溪前桐,194.32
2025-06-16T09:55:00,7011AM2G,富春江水库严陵坞,23.25
2025-06-16T10:00:00,70101500,富春江电站(坝上),23.1
2025-06-16T10:00:00,70101501,富春江坝下,11.45
2025-06-16T10:00:00,70101800,窄溪,8.23
2025-06-16T10:00:00,70102300,闸口,6.59
2025-06-16T10:00:00,7010AJ33,渌渚,8.48
2025-06-16T10:00:00,7011AJ4M,新桐乡,8.0
2025-06-16T10:00:00,7011AJ5M,渌渚镇,8.64
2025-06-16T10:00:00,7011AJ7R,山溪叶家,50.57
2025-06-16T10:00:00,7011AJ8R,山溪幕下,65.95
2025-06-16T10:00:00,7011AJ9R,山溪前桐,194.3
2025-06-16T10:00:00,7011AM2G,富春江水库严陵坞,23.24
2025-06-16T10:05:00,70101500,富春江电站(坝上),23.09
2025-06-16T10:05:00,70101501,富春江坝下,11.47
2025-06-16T10:05:00,70101800,窄溪,8.22
2025-06-16T10:05:00,70102300,闸口,6.59
2025-06-16T10:05:00,7010AJ33,渌渚,8.48
2025-06-16T10:05:00,7011AJ4M,新桐乡,8.0
2025-06-16T10:05:00,7011AJ5M,渌渚镇,8.66
2025-06-16T10:05:00,7011AJ7R,山溪叶家,50.57
2025-06-16T10:05:00,7011AJ8R,山溪幕下,65.95
2025-06-16T10:05:00,7011AJ9R,山溪前桐,194.31
2025-06-16T10:05:00,7011AM2G,富春江水库严陵坞,23.24
2025-06-16T10:10:00,70101500,富春江电站(坝上),23.11
2025-06-16T10:10:00,70101501,富春江坝下,11.51
2025-06-16T10:10:00,70101800,窄溪,8.23
2025-06-16T10:10:00,70102300,闸口,6.58
2025-06-16T10:10:00,7010AJ33,渌渚,8.48
2025-06-16T10:10:00,7011AJ4M,新桐乡,8.0
2025-06-16T10:10:00,7011AJ5M,渌渚镇,8.66
2025-06-16T10:10:00,7011AJ7R,山溪叶家,50.56
2025-06-16T10:10:00,7011AJ8R,山溪幕下,65.94
2025-06-16T10:10:00,7011AJ9R,山溪前桐,194.31
2025-06-16T10:10:00,7011AM2G,富春江水库严陵坞,23.24
2025-06-16T10:15:00,70101500,富春江电站(坝上),23.09
2025-06-16T10:15:00,70101501,富春江坝下,11.5
2025-06-16T10:15:00,70101800,窄溪,8.23
2025-06-16T10:15:00,70102300,闸口,6.57
2025-06-16T10:15:00,7010AJ33,渌渚,8.48
2025-06-16T10:15:00,7011AJ4M,新桐乡,8.01
2025-06-16T10:15:00,7011AJ5M,渌渚镇,8.65
2025-06-16T10:15:00,7011AJ7R,山溪叶家,50.57
2025-06-16T10:15:00,7011AJ8R,山溪幕下,65.95
2025-06-16T10:15:00,7011AJ9R,山溪前桐,194.31
2025-06-16T10:15:00,7011AM2G,富春江水库严陵坞,23.24
2025-06-16T10:20:00,70101500,富春江电站(坝上),22.97
2025-06-16T10:20:00,70101501,富春江坝下,11.63
2025-06-16T10:20:00,70101800,窄溪,8.24
2025-06-16T10:20:00,70102300,闸口,6.57
2025-06-16T10:20:00,7010AJ33,渌渚,8.48
2025-06-16T10:20:00,7011AJ4M,新桐乡,8.01
2025-06-16T10:20:00,7011AJ5M,渌渚镇,8.66
2025-06-16T10:20:00,7011AJ7R,山溪叶家,50.56
2025-06-16T10:20:00,7011AJ8R,山溪幕下,65.94
2025-06-16T10:20:00,7011AJ9R,山溪前桐,194.29
2025-06-16T10:20:00,7011AM2G,富春江水库严陵坞,23.24
2025-06-16T10:25:00,70101500,富春江电站(坝上),22.95
2025-06-16T10:25:00,70101501,富春江坝下,11.73
2025-06-16T10:25:00,70101800,窄溪,8.24
2025-06-16T10:25:00,70102300,闸口,6.57
2025-06-16T10:25:00,7010AJ33,渌渚,8.48
2025-06-16T10:25:00,7011AJ4M,新桐乡,8.0
2025-06-16T10:25:00,7011AJ5M,渌渚镇,8.66
2025-06-16T10:25:00,7011AJ7R,山溪叶家,50.56
2025-06-16T10:25:00,7011AJ8R,山溪幕下,65.94
2025-06-16T10:25:00,7011AJ9R,山溪前桐,194.31
2025-06-16T10:25:00,7011AM2G,富春江水库严陵坞,23.13
2025-06-16T10:30:00,70101500,富春江电站(坝上),22.9
2025-06-16T10:30:00,70101501,富春江坝下,11.77
2025-06-16T10:30:00,70101800,窄溪,8.24
2025-06-16T10:30:00,70102300,闸口,6.55
2025-06-16T10:30:00,7010AJ33,渌渚,8.48
2025-06-16T10:30:00,7011AJ4M,新桐乡,8.03
2025-06-16T10:30:00,7011AJ5M,渌渚镇,8.66
2025-06-16T10:30:00,7011AJ7R,山溪叶家,50.56
2025-06-16T10:30:00,7011AJ8R,山溪幕下,65.93
2025-06-16T10:30:00,7011AJ9R,山溪前桐,194.3
2025-06-16T10:30:00,7011AM2G,富春江水库严陵坞,23.1
2025-06-16T10:35:00,70101500,富春江电站(坝上),22.88
2025-06-16T10:35:00,70101501,富春江坝下,11.75
2025-06-16T10:35:00,70101800,窄溪,8.24
2025-06-16T10:35:00,70102300,闸口,6.55
2025-06-16T10:35:00,7010AJ33,渌渚,8.49
2025-06-16T10:35:00,7011AJ4M,新桐乡,8.03
2025-06-16T10:35:00,7011AJ5M,渌渚镇,8.65
2025-06-16T10:35:00,7011AJ7R,山溪叶家,50.55
2025-06-16T10:35:00,7011AJ8R,山溪幕下,65.93
2025-06-16T10:35:00,7011AJ9R,山溪前桐,194.3
2025-06-16T10:35:00,7011AM2G,富春江水库严陵坞,23.07
2025-06-16T10:40:00,70101500,富春江电站(坝上),22.89
2025-06-16T10:40:00,70101501,富春江坝下,11.79
2025-06-16T10:40:00,70101800,窄溪,8.24
2025-06-16T10:40:00,70102300,闸口,6.55
2025-06-16T10:40:00,7010AJ33,渌渚,8.48
2025-06-16T10:40:00,7011AJ4M,新桐乡,8.03
2025-06-16T10:40:00,7011AJ5M,渌渚镇,8.65
2025-06-16T10:40:00,7011AJ7R,山溪叶家,50.55
2025-06-16T10:40:00,7011AJ8R,山溪幕下,65.93
2025-06-16T10:40:00,7011AJ9R,山溪前桐,194.31
2025-06-16T10:40:00,7011AM2G,富春江水库严陵坞,23.06
2025-06-16T10:45:00,70101500,富春江电站(坝上),22.88
2025-06-16T10:45:00,70101501,富春江坝下,11.78
2025-06-16T10:45:00,70101800,窄溪,8.25
2025-06-16T10:45:00,70102300,闸口,6.54
2025-06-16T10:45:00,7010AJ33,渌渚,8.49
2025-06-16T10:45:00,7011AJ4M,新桐乡,8.03
2025-06-16T10:45:00,7011AJ5M,渌渚镇,8.64
2025-06-16T10:45:00,7011AJ7R,山溪叶家,50.54
2025-06-16T10:45:00,7011AJ8R,山溪幕下,65.93
2025-06-16T10:45:00,7011AJ9R,山溪前桐,194.31
2025-06-16T10:45:00,7011AM2G,富春江水库严陵坞,23.06
2025-06-16T10:50:00,70101500,富春江电站(坝上),22.87
2025-06-16T10:50:00,70101501,富春江坝下,11.8
2025-06-16T10:50:00,70101800,窄溪,8.26
2025-06-16T10:50:00,70102300,闸口,6.54
2025-06-16T10:50:00,7010AJ33,渌渚,8.49
2025-06-16T10:50:00,7011AJ4M,新桐乡,8.03
2025-06-16T10:50:00,7011AJ5M,渌渚镇,8.65
2025-06-16T10:50:00,7011AJ7R,山溪叶家,50.54
2025-06-16T10:50:00,7011AJ8R,山溪幕下,65.92
2025-06-16T10:50:00,7011AJ9R,山溪前桐,194.31
2025-06-16T10:50:00,7011AM2G,富春江水库严陵坞,23.05
2025-06-16T10:55:00,70101500,富春江电站(坝上),22.9
2025-06-16T10:55:00,70101501,富春江坝下,11.8
2025-06-16T10:55:00,70101800,窄溪,8.27
2025-06-16T10:55:00,70102300,闸口,6.53
2025-06-16T10:55:00,7010AJ33,渌渚,8.49
2025-06-16T10:55:00,7011AJ4M,新桐乡,8.04
2025-06-16T10:55:00,7011AJ5M,渌渚镇,8.65
2025-06-16T10:55:00,7011AJ7R,山溪叶家,50.54
2025-06-16T10:55:00,7011AJ8R,山溪幕下,65.93
2025-06-16T10:55:00,7011AJ9R,山溪前桐,194.31
2025-06-16T10:55:00,7011AM2G,富春江水库严陵坞,23.04
2025-06-16T11:00:00,70101500,富春江电站(坝上),22.83
2025-06-16T11:00:00,70101501,富春江坝下,11.8
2025-06-16T11:00:00,70101800,窄溪,8.27
2025-06-16T11:00:00,70102300,闸口,6.51
2025-06-16T11:00:00,7010AJ33,渌渚,8.49
2025-06-16T11:00:00,7011AJ4M,新桐乡,8.05
2025-06-16T11:00:00,7011AJ5M,渌渚镇,8.65
2025-06-16T11:00:00,7011AJ7R,山溪叶家,50.54
2025-06-16T11:00:00,7011AJ8R,山溪幕下,65.92
2025-06-16T11:00:00,7011AJ9R,山溪前桐,194.31
2025-06-16T11:00:00,7011AM2G,富春江水库严陵坞,23.03
2025-06-16T11:05:00,70101500,富春江电站(坝上),22.86
2025-06-16T11:05:00,70101501,富春江坝下,11.82
2025-06-16T11:05:00,70101800,窄溪,8.27
2025-06-16T11:05:00,70102300,闸口,6.51
2025-06-16T11:05:00,7010AJ33,渌渚,8.51
2025-06-16T11:05:00,7011AJ4M,新桐乡,8.05
2025-06-16T11:05:00,7011AJ5M,渌渚镇,8.65
2025-06-16T11:05:00,7011AJ7R,山溪叶家,50.54
2025-06-16T11:05:00,7011AJ8R,山溪幕下,65.92
2025-06-16T11:05:00,7011AJ9R,山溪前桐,194.3
2025-06-16T11:05:00,7011AM2G,富春江水库严陵坞,23.03
2025-06-16T11:10:00,70101500,富春江电站(坝上),22.85
2025-06-16T11:10:00,70101501,富春江坝下,11.76
2025-06-16T11:10:00,70101800,窄溪,8.29
2025-06-16T11:10:00,70102300,闸口,6.51
2025-06-16T11:10:00,7010AJ33,渌渚,8.51
2025-06-16T11:10:00,7011AJ4M,新桐乡,8.05
2025-06-16T11:10:00,7011AJ5M,渌渚镇,8.64
2025-06-16T11:10:00,7011AJ7R,山溪叶家,50.54
2025-06-16T11:10:00,7011AJ8R,山溪幕下,65.92
2025-06-16T11:10:00,7011AJ9R,山溪前桐,194.3
2025-06-16T11:10:00,7011AM2G,富春江水库严陵坞,23.01
2025-06-16T11:15:00,70101500,富春江电站(坝上),22.85
2025-06-16T11:15:00,70101501,富春江坝下,11.83
2025-06-16T11:15:00,70101800,窄溪,8.3
2025-06-16T11:15:00,70102300,闸口,6.51
2025-06-16T11:15:00,7010AJ33,渌渚,8.52
2025-06-16T11:15:00,7011AJ4M,新桐乡,8.06
2025-06-16T11:15:00,7011AJ5M,渌渚镇,8.65
2025-06-16T11:15:00,7011AJ7R,山溪叶家,50.54
2025-06-16T11:15:00,7011AJ8R,山溪幕下,65.91
2025-06-16T11:15:00,7011AJ9R,山溪前桐,194.31
2025-06-16T11:15:00,7011AM2G,富春江水库严陵坞,23.02
2025-06-16T11:20:00,70101500,富春江电站(坝上),22.85
2025-06-16T11:20:00,70101501,富春江坝下,11.81
2025-06-16T11:20:00,70101800,窄溪,8.3
2025-06-16T11:20:00,70102300,闸口,6.53
2025-06-16T11:20:00,7010AJ33,渌渚,8.52
2025-06-16T11:20:00,7011AJ4M,新桐乡,8.07
2025-06-16T11:20:00,7011AJ5M,渌渚镇,8.65
2025-06-16T11:20:00,7011AJ7R,山溪叶家,50.54
2025-06-16T11:20:00,7011AJ8R,山溪幕下,65.91
2025-06-16T11:20:00,7011AJ9R,山溪前桐,194.31
2025-06-16T11:20:00,7011AM2G,富春江水库严陵坞,23.01
2025-06-16T11:25:00,70101500,富春江电站(坝上),22.84
2025-06-16T11:25:00,70101501,富春江坝下,11.79
2025-06-16T11:25:00,70101800,窄溪,8.3
2025-06-16T11:25:00,70102300,闸口,6.49
2025-06-16T11:25:00,7010AJ33,渌渚,8.52
2025-06-16T11:25:00,7011AJ4M,新桐乡,8.07
2025-06-16T11:25:00,7011AJ5M,渌渚镇,8.63
2025-06-16T11:25:00,7011AJ7R,山溪叶家,50.53
2025-06-16T11:25:00,7011AJ8R,山溪幕下,65.91
2025-06-16T11:25:00,7011AJ9R,山溪前桐,194.3
2025-06-16T11:25:00,7011AM2G,富春江水库严陵坞,23.01
2025-06-16T11:30:00,70101500,富春江电站(坝上),22.83
2025-06-16T11:30:00,70101501,富春江坝下,11.84
2025-06-16T11:30:00,70101800,窄溪,8.29
2025-06-16T11:30:00,70102300,闸口,6.5
2025-06-16T11:30:00,7010AJ33,渌渚,8.52
2025-06-16T11:30:00,7011AJ4M,新桐乡,8.07
2025-06-16T11:30:00,7011AJ5M,渌渚镇,8.65
2025-06-16T11:30:00,7011AJ7R,山溪叶家,50.53
2025-06-16T11:30:00,7011AJ8R,山溪幕下,65.91
2025-06-16T11:30:00,7011AJ9R,山溪前桐,194.3
2025-06-16T11:30:00,7011AM2G,富春江水库严陵坞,23.0
2025-06-16T11:35:00,70101500,富春江电站(坝上),22.83
2025-06-16T11:35:00,70101501,富春江坝下,11.79
2025-06-16T11:35:00,70101800,窄溪,8.29
2025-06-16T11:35:00,70102300,闸口,6.5
2025-06-16T11:35:00,7010AJ33,渌渚,8.52
2025-06-16T11:35:00,7011AJ4M,新桐乡,8.07
2025-06-16T11:35:00,7011AJ5M,渌渚镇,8.65
2025-06-16T11:35:00,7011AJ7R,山溪叶家,50.52
2025-06-16T11:35:00,7011AJ8R,山溪幕下,65.91
2025-06-16T11:35:00,7011AJ9R,山溪前桐,194.31
2025-06-16T11:35:00,7011AM2G,富春江水库严陵坞,23.0
2025-06-16T11:40:00,70101500,富春江电站(坝上),22.82
2025-06-16T11:40:00,70101501,富春江坝下,11.74
2025-06-16T11:40:00,70101800,窄溪,8.3
2025-06-16T11:40:00,70102300,闸口,6.47
2025-06-16T11:40:00,7010AJ33,渌渚,8.52
2025-06-16T11:40:00,7011AJ4M,新桐乡,8.05
2025-06-16T11:40:00,7011AJ5M,渌渚镇,8.66
2025-06-16T11:40:00,7011AJ7R,山溪叶家,50.53
2025-06-16T11:40:00,7011AJ8R,山溪幕下,65.91
2025-06-16T11:40:00,7011AJ9R,山溪前桐,194.31
2025-06-16T11:40:00,7011AM2G,富春江水库严陵坞,22.99
2025-06-16T11:45:00,70101500,富春江电站(坝上),22.84
2025-06-16T11:45:00,70101501,富春江坝下,11.8
2025-06-16T11:45:00,70101800,窄溪,8.29
2025-06-16T11:45:00,70102300,闸口,6.47
2025-06-16T11:45:00,7010AJ33,渌渚,8.52
2025-06-16T11:45:00,7011AJ4M,新桐乡,8.05
2025-06-16T11:45:00,7011AJ5M,渌渚镇,8.66
2025-06-16T11:45:00,7011AJ7R,山溪叶家,50.53
2025-06-16T11:45:00,7011AJ8R,山溪幕下,65.9
2025-06-16T11:45:00,7011AJ9R,山溪前桐,194.3
2025-06-16T11:45:00,7011AM2G,富春江水库严陵坞,22.99
2025-06-16T11:50:00,70101500,富春江电站(坝上),22.8
2025-06-16T11:50:00,70101501,富春江坝下,11.83
2025-06-16T11:50:00,70101800,窄溪,8.31
2025-06-16T11:50:00,70102300,闸口,6.47
2025-06-16T11:50:00,7010AJ33,渌渚,8.52
2025-06-16T11:50:00,7011AJ4M,新桐乡,8.07
2025-06-16T11:50:00,7011AJ5M,渌渚镇,8.65
2025-06-16T11:50:00,7011AJ7R,山溪叶家,50.52
2025-06-16T11:50:00,7011AJ8R,山溪幕下,65.91
2025-06-16T11:50:00,7011AJ9R,山溪前桐,194.3
2025-06-16T11:50:00,7011AM2G,富春江水库严陵坞,22.99
2025-06-16T11:55:00,70101500,富春江电站(坝上),22.82
2025-06-16T11:55:00,70101501,富春江坝下,11.79
2025-06-16T11:55:00,70101800,窄溪,8.3
2025-06-16T11:55:00,70102300,闸口,6.47
2025-06-16T11:55:00,7010AJ33,渌渚,8.53
2025-06-16T11:55:00,7011AJ4M,新桐乡,8.07
2025-06-16T11:55:00,7011AJ5M,渌渚镇,8.65
2025-06-16T11:55:00,7011AJ7R,山溪叶家,50.52
2025-06-16T11:55:00,7011AJ8R,山溪幕下,65.91
2025-06-16T11:55:00,7011AJ9R,山溪前桐,194.3
2025-06-16T11:55:00,7011AM2G,富春江水库严陵坞,22.98
2025-06-16T12:00:00,70101500,富春江电站(坝上),22.8
2025-06-16T12:00:00,70101501,富春江坝下,11.81
2025-06-16T12:00:00,70101800,窄溪,8.31
2025-06-16T12:00:00,70102300,闸口,6.47
2025-06-16T12:00:00,7010AJ33,渌渚,8.53
2025-06-16T12:00:00,7011AJ4M,新桐乡,8.06
2025-06-16T12:00:00,7011AJ5M,渌渚镇,8.65
2025-06-16T12:00:00,7011AJ7R,山溪叶家,50.52
2025-06-16T12:00:00,7011AJ8R,山溪幕下,65.9
2025-06-16T12:00:00,7011AJ9R,山溪前桐,194.29
2025-06-16T12:00:00,7011AM2G,富春江水库严陵坞,22.98
2025-06-16T12:05:00,70101500,富春江电站(坝上),22.8
2025-06-16T12:05:00,70101501,富春江坝下,11.78
2025-06-16T12:05:00,70101800,窄溪,8.3
2025-06-16T12:05:00,70102300,闸口,6.47
2025-06-16T12:05:00,7010AJ33,渌渚,8.55
2025-06-16T12:05:00,7011AJ4M,新桐乡,8.07
2025-06-16T12:05:00,7011AJ5M,渌渚镇,8.64
2025-06-16T12:05:00,7011AJ7R,山溪叶家,50.52
2025-06-16T12:05:00,7011AJ8R,山溪幕下,65.9
2025-06-16T12:05:00,7011AJ9R,山溪前桐,194.3
2025-06-16T12:05:00,7011AM2G,富春江水库严陵坞,22.98
2025-06-16T12:10:00,70101500,富春江电站(坝上),22.82
2025-06-16T12:10:00,70101501,富春江坝下,11.77
2025-06-16T12:10:00,70101800,窄溪,8.31
2025-06-16T12:10:00,70102300,闸口,6.46
2025-06-16T12:10:00,7010AJ33,渌渚,8.53
2025-06-16T12:10:00,7011AJ4M,新桐乡,8.07
2025-06-16T12:10:00,7011AJ5M,渌渚镇,8.65
2025-06-16T12:10:00,7011AJ7R,山溪叶家,50.52
2025-06-16T12:10:00,7011AJ8R,山溪幕下,65.89
2025-06-16T12:10:00,7011AJ9R,山溪前桐,194.3
2025-06-16T12:10:00,7011AM2G,富春江水库严陵坞,22.97
2025-06-16T12:15:00,70101500,富春江电站(坝上),22.8
2025-06-16T12:15:00,70101501,富春江坝下,11.86
2025-06-16T12:15:00,70101800,窄溪,8.31
2025-06-16T12:15:00,70102300,闸口,6.45
2025-06-16T12:15:00,7010AJ33,渌渚,8.53
2025-06-16T12:15:00,7011AJ4M,新桐乡,8.07
2025-06-16T12:15:00,7011AJ5M,渌渚镇,8.64
2025-06-16T12:15:00,7011AJ7R,山溪叶家,50.52
2025-06-16T12:15:00,7011AJ8R,山溪幕下,65.9
2025-06-16T12:15:00,7011AJ9R,山溪前桐,194.31
2025-06-16T12:15:00,7011AM2G,富春江水库严陵坞,22.96
2025-06-16T12:20:00,70101500,富春江电站(坝上),22.77
2025-06-16T12:20:00,70101501,富春江坝下,11.84
2025-06-16T12:20:00,70101800,窄溪,8.31
2025-06-16T12:20:00,70102300,闸口,6.45
2025-06-16T12:20:00,7010AJ33,渌渚,8.53
2025-06-16T12:20:00,7011AJ4M,新桐乡,8.07
2025-06-16T12:20:00,7011AJ5M,渌渚镇,8.64
2025-06-16T12:20:00,7011AJ7R,山溪叶家,50.51
2025-06-16T12:20:00,7011AJ8R,山溪幕下,65.89
2025-06-16T12:20:00,7011AJ9R,山溪前桐,194.29
2025-06-16T12:20:00,7011AM2G,富春江水库严陵坞,22.95
2025-06-16T12:25:00,70101500,富春江电站(坝上),22.81
2025-06-16T12:25:00,70101501,富春江坝下,11.81
2025-06-16T12:25:00,70101800,窄溪,8.31
2025-06-16T12:25:00,70102300,闸口,6.45
2025-06-16T12:25:00,7010AJ33,渌渚,8.55
2025-06-16T12:25:00,7011AJ4M,新桐乡,8.06
2025-06-16T12:25:00,7011AJ5M,渌渚镇,8.64
2025-06-16T12:25:00,7011AJ7R,山溪叶家,50.51
2025-06-16T12:25:00,7011AJ8R,山溪幕下,65.89
2025-06-16T12:25:00,7011AJ9R,山溪前桐,194.3
2025-06-16T12:25:00,7011AM2G,富春江水库严陵坞,22.95
2025-06-16T12:30:00,70101500,富春江电站(坝上),22.79
2025-06-16T12:30:00,70101501,富春江坝下,11.79
2025-06-16T12:30:00,70101800,窄溪,8.31
2025-06-16T12:30:00,70102300,闸口,6.46
2025-06-16T12:30:00,7010AJ33,渌渚,8.53
2025-06-16T12:30:00,7011AJ4M,新桐乡,8.06
2025-06-16T12:30:00,7011AJ5M,渌渚镇,8.64
2025-06-16T12:30:00,7011AJ7R,山溪叶家,50.51
2025-06-16T12:30:00,7011AJ8R,山溪幕下,65.89
2025-06-16T12:30:00,7011AJ9R,山溪前桐,194.31
2025-06-16T12:30:00,7011AM2G,富春江水库严陵坞,22.95
2025-06-16T12:35:00,70101500,富春江电站(坝上),22.77
2025-06-16T12:35:00,70101501,富春江坝下,11.83
2025-06-16T12:35:00,70101800,窄溪,8.31
2025-06-16T12:35:00,70102300,闸口,6.43
2025-06-16T12:35:00,7010AJ33,渌渚,8.53
2025-06-16T12:35:00,7011AJ4M,新桐乡,8.06
2025-06-16T12:35:00,7011AJ5M,渌渚镇,8.64
2025-06-16T12:35:00,7011AJ7R,山溪叶家,50.51
2025-06-16T12:35:00,7011AJ8R,山溪幕下,65.88
2025-06-16T12:35:00,7011AJ9R,山溪前桐,194.3
2025-06-16T12:35:00,7011AM2G,富春江水库严陵坞,22.95
2025-06-16T12:40:00,70101500,富春江电站(坝上),22.78
2025-06-16T12:40:00,70101501,富春江坝下,11.84
2025-06-16T12:40:00,70101800,窄溪,8.31
2025-06-16T12:40:00,70102300,闸口,6.45
2025-06-16T12:40:00,7010AJ33,渌渚,8.55
2025-06-16T12:40:00,7011AJ4M,新桐乡,8.07
2025-06-16T12:40:00,7011AJ5M,渌渚镇,8.64
2025-06-16T12:40:00,7011AJ7R,山溪叶家,50.51
2025-06-16T12:40:00,7011AJ8R,山溪幕下,65.87
2025-06-16T12:40:00,7011AJ9R,山溪前桐,194.3
2025-06-16T12:40:00,7011AM2G,富春江水库严陵坞,22.94
2025-06-16T12:45:00,70101500,富春江电站(坝上),22.81
2025-06-16T12:45:00,70101501,富春江坝下,11.63
2025-06-16T12:45:00,70101800,窄溪,8.31
2025-06-16T12:45:00,70102300,闸口,6.43
2025-06-16T12:45:00,7010AJ33,渌渚,8.53
2025-06-16T12:45:00,7011AJ4M,新桐乡,8.07
2025-06-16T12:45:00,7011AJ5M,渌渚镇,8.64
2025-06-16T12:45:00,7011AJ7R,山溪叶家,50.51
2025-06-16T12:45:00,7011AJ8R,山溪幕下,65.88
2025-06-16T12:45:00,7011AJ9R,山溪前桐,194.3
2025-06-16T12:45:00,7011AM2G,富春江水库严陵坞,22.93
2025-06-16T12:50:00,70101500,富春江电站(坝上),22.83
2025-06-16T12:50:00,70101501,富春江坝下,11.6
2025-06-16T12:50:00,70101800,窄溪,8.31
2025-06-16T12:50:00,70102300,闸口,6.43
2025-06-16T12:50:00,7010AJ33,渌渚,8.53
2025-06-16T12:50:00,7011AJ4M,新桐乡,8.09
2025-06-16T12:50:00,7011AJ5M,渌渚镇,8.63
2025-06-16T12:50:00,7011AJ7R,山溪叶家,50.51
2025-06-16T12:50:00,7011AJ8R,山溪幕下,65.87
2025-06-16T12:50:00,7011AJ9R,山溪前桐,194.3
2025-06-16T12:50:00,7011AM2G,富春江水库严陵坞,22.96
2025-06-16T12:55:00,70101500,富春江电站(坝上),22.77
2025-06-16T12:55:00,70101501,富春江坝下,11.68
2025-06-16T12:55:00,70101800,窄溪,8.31
2025-06-16T12:55:00,70102300,闸口,6.43
2025-06-16T12:55:00,7010AJ33,渌渚,8.53
2025-06-16T12:55:00,7011AJ4M,新桐乡,8.09
2025-06-16T12:55:00,7011AJ5M,渌渚镇,8.63
2025-06-16T12:55:00,7011AJ7R,山溪叶家,50.5
2025-06-16T12:55:00,7011AJ8R,山溪幕下,65.86
2025-06-16T12:55:00,7011AJ9R,山溪前桐,194.3
2025-06-16T12:55:00,7011AM2G,富春江水库严陵坞,22.99
2025-06-16T13:00:00,70101500,富春江电站(坝上),22.91
2025-06-16T13:00:00,70101501,富春江坝下,11.73
2025-06-16T13:00:00,70101800,窄溪,8.3
2025-06-16T13:00:00,70102300,闸口,6.43
2025-06-16T13:00:00,7010AJ33,渌渚,8.53
2025-06-16T13:00:00,7011AJ4M,新桐乡,8.09
2025-06-16T13:00:00,7011AJ5M,渌渚镇,8.63
2025-06-16T13:00:00,7011AJ7R,山溪叶家,50.51
2025-06-16T13:00:00,7011AJ8R,山溪幕下,65.86
2025-06-16T13:00:00,7011AJ9R,山溪前桐,194.3
2025-06-16T13:00:00,7011AM2G,富春江水库严陵坞,22.99
2025-06-16T13:05:00,70101500,富春江电站(坝上),22.82
2025-06-16T13:05:00,70101501,富春江坝下,11.66
2025-06-16T13:05:00,70101800,窄溪,8.31
2025-06-16T13:05:00,70102300,闸口,6.43
2025-06-16T13:05:00,7010AJ33,渌渚,8.53
2025-06-16T13:05:00,7011AJ4M,新桐乡,8.09
2025-06-16T13:05:00,7011AJ5M,渌渚镇,8.62
2025-06-16T13:05:00,7011AJ7R,山溪叶家,50.5
2025-06-16T13:05:00,7011AJ8R,山溪幕下,65.86
2025-06-16T13:05:00,7011AJ9R,山溪前桐,194.29
2025-06-16T13:05:00,7011AM2G,富春江水库严陵坞,23.01
2025-06-16T13:10:00,70101500,富春江电站(坝上),22.8
2025-06-16T13:10:00,70101501,富春江坝下,11.82
2025-06-16T13:10:00,70101800,窄溪,8.3
2025-06-16T13:10:00,70102300,闸口,6.43
2025-06-16T13:10:00,7010AJ33,渌渚,8.53
2025-06-16T13:10:00,7011AJ4M,新桐乡,8.09
2025-06-16T13:10:00,7011AJ5M,渌渚镇,8.63
2025-06-16T13:10:00,7011AJ7R,山溪叶家,50.5
2025-06-16T13:10:00,7011AJ8R,山溪幕下,65.85
2025-06-16T13:10:00,7011AJ9R,山溪前桐,194.3
2025-06-16T13:10:00,7011AM2G,富春江水库严陵坞,22.98
2025-06-16T13:15:00,70101500,富春江电站(坝上),22.8
2025-06-16T13:15:00,70101501,富春江坝下,11.76
2025-06-16T13:15:00,70101800,窄溪,8.31
2025-06-16T13:15:00,70102300,闸口,6.43
2025-06-16T13:15:00,7010AJ33,渌渚,8.52
2025-06-16T13:15:00,7011AJ4M,新桐乡,8.08
2025-06-16T13:15:00,7011AJ5M,渌渚镇,8.63
2025-06-16T13:15:00,7011AJ7R,山溪叶家,50.5
2025-06-16T13:15:00,7011AJ8R,山溪幕下,65.85
2025-06-16T13:15:00,7011AJ9R,山溪前桐,194.3
2025-06-16T13:15:00,7011AM2G,富春江水库严陵坞,22.96
2025-06-16T13:20:00,70101500,富春江电站(坝上),22.79
2025-06-16T13:20:00,70101501,富春江坝下,11.75
2025-06-16T13:20:00,70101800,窄溪,8.31
2025-06-16T13:20:00,70102300,闸口,6.43
2025-06-16T13:20:00,7010AJ33,渌渚,8.52
2025-06-16T13:20:00,7011AJ4M,新桐乡,8.08
2025-06-16T13:20:00,7011AJ5M,渌渚镇,8.62
2025-06-16T13:20:00,7011AJ7R,山溪叶家,50.5
2025-06-16T13:20:00,7011AJ8R,山溪幕下,65.84
2025-06-16T13:20:00,7011AJ9R,山溪前桐,194.3
2025-06-16T13:20:00,7011AM2G,富春江水库严陵坞,22.95
2025-06-16T13:25:00,70101500,富春江电站(坝上),22.77
2025-06-16T13:25:00,70101501,富春江坝下,11.73
2025-06-16T13:25:00,70101800,窄溪,8.29
2025-06-16T13:25:00,70102300,闸口,6.43
2025-06-16T13:25:00,7010AJ33,渌渚,8.52
2025-06-16T13:25:00,7011AJ4M,新桐乡,8.08
2025-06-16T13:25:00,7011AJ5M,渌渚镇,8.62
2025-06-16T13:25:00,7011AJ7R,山溪叶家,50.5
2025-06-16T13:25:00,7011AJ8R,山溪幕下,65.85
2025-06-16T13:25:00,7011AJ9R,山溪前桐,194.3
2025-06-16T13:25:00,7011AM2G,富春江水库严陵坞,22.95
2025-06-16T13:30:00,70101500,富春江电站(坝上),22.78
2025-06-16T13:30:00,70101501,富春江坝下,11.7
2025-06-16T13:30:00,70101800,窄溪,8.27
2025-06-16T13:30:00,70102300,闸口,6.43
2025-06-16T13:30:00,7010AJ33,渌渚,8.52
2025-06-16T13:30:00,7011AJ4M,新桐乡,8.06
2025-06-16T13:30:00,7011AJ5M,渌渚镇,8.61
2025-06-16T13:30:00,7011AJ7R,山溪叶家,50.5
2025-06-16T13:30:00,7011AJ8R,山溪幕下,65.85
2025-06-16T13:30:00,7011AJ9R,山溪前桐,194.3
2025-06-16T13:30:00,7011AM2G,富春江水库严陵坞,22.94
2025-06-16T13:35:00,70101500,富春江电站(坝上),22.77
2025-06-16T13:35:00,70101501,富春江坝下,11.78
2025-06-16T13:35:00,70101800,窄溪,8.27
2025-06-16T13:35:00,70102300,闸口,6.43
2025-06-16T13:35:00,7010AJ33,渌渚,8.52
2025-06-16T13:35:00,7011AJ4M,新桐乡,8.06
2025-06-16T13:35:00,7011AJ5M,渌渚镇,8.61
2025-06-16T13:35:00,7011AJ7R,山溪叶家,50.49
2025-06-16T13:35:00,7011AJ8R,山溪幕下,65.84
2025-06-16T13:35:00,7011AJ9R,山溪前桐,194.3
2025-06-16T13:35:00,7011AM2G,富春江水库严陵坞,22.95
2025-06-16T13:40:00,70101500,富春江电站(坝上),22.76
2025-06-16T13:40:00,70101501,富春江坝下,11.73
2025-06-16T13:40:00,70101800,窄溪,8.29
2025-06-16T13:40:00,70102300,闸口,6.43
2025-06-16T13:40:00,7010AJ33,渌渚,8.51
2025-06-16T13:40:00,7011AJ4M,新桐乡,8.06
2025-06-16T13:40:00,7011AJ5M,渌渚镇,8.6
2025-06-16T13:40:00,7011AJ7R,山溪叶家,50.49
2025-06-16T13:40:00,7011AJ8R,山溪幕下,65.84
2025-06-16T13:40:00,7011AJ9R,山溪前桐,194.3
2025-06-16T13:40:00,7011AM2G,富春江水库严陵坞,22.92
2025-06-16T13:45:00,70101500,富春江电站(坝上),22.77
2025-06-16T13:45:00,70101501,富春江坝下,11.76
2025-06-16T13:45:00,70101800,窄溪,8.29
2025-06-16T13:45:00,70102300,闸口,6.42
2025-06-16T13:45:00,7010AJ33,渌渚,8.49
2025-06-16T13:45:00,7011AJ4M,新桐乡,8.06
2025-06-16T13:45:00,7011AJ5M,渌渚镇,8.6
2025-06-16T13:45:00,7011AJ7R,山溪叶家,50.49
2025-06-16T13:45:00,7011AJ8R,山溪幕下,65.84
2025-06-16T13:45:00,7011AJ9R,山溪前桐,194.29
2025-06-16T13:45:00,7011AM2G,富春江水库严陵坞,22.93
2025-06-16T13:50:00,70101500,富春江电站(坝上),22.74
2025-06-16T13:50:00,70101501,富春江坝下,11.75
2025-06-16T13:50:00,70101800,窄溪,8.27
2025-06-16T13:50:00,70102300,闸口,6.43
2025-06-16T13:50:00,7010AJ33,渌渚,8.49
2025-06-16T13:50:00,7011AJ4M,新桐乡,8.06
2025-06-16T13:50:00,7011AJ5M,渌渚镇,8.59
2025-06-16T13:50:00,7011AJ7R,山溪叶家,50.49
2025-06-16T13:50:00,7011AJ8R,山溪幕下,65.83
2025-06-16T13:50:00,7011AJ9R,山溪前桐,194.3
2025-06-16T13:50:00,7011AM2G,富春江水库严陵坞,22.91
2025-06-16T13:55:00,70101500,富春江电站(坝上),22.74
2025-06-16T13:55:00,70101501,富春江坝下,11.79
2025-06-16T13:55:00,70101800,窄溪,8.27
2025-06-16T13:55:00,70102300,闸口,6.42
2025-06-16T13:55:00,7010AJ33,渌渚,8.48
2025-06-16T13:55:00,7011AJ4M,新桐乡,8.02
2025-06-16T13:55:00,7011AJ5M,渌渚镇,8.59
2025-06-16T13:55:00,7011AJ7R,山溪叶家,50.49
2025-06-16T13:55:00,7011AJ8R,山溪幕下,65.83
2025-06-16T13:55:00,7011AJ9R,山溪前桐,194.29
2025-06-16T13:55:00,7011AM2G,富春江水库严陵坞,22.91
2025-06-16T14:00:00,70101500,富春江电站(坝上),22.75
2025-06-16T14:00:00,70101501,富春江坝下,11.73
2025-06-16T14:00:00,70101800,窄溪,8.27
2025-06-16T14:00:00,70102300,闸口,6.42
2025-06-16T14:00:00,7010AJ33,渌渚,8.49
2025-06-16T14:00:00,7011AJ4M,新桐乡,8.02
2025-06-16T14:00:00,7011AJ5M,渌渚镇,8.57
2025-06-16T14:00:00,7011AJ7R,山溪叶家,50.48
2025-06-16T14:00:00,7011AJ8R,山溪幕下,65.83
2025-06-16T14:00:00,7011AJ9R,山溪前桐,194.29
2025-06-16T14:00:00,7011AM2G,富春江水库严陵坞,22.9
2025-06-16T14:05:00,70101500,富春江电站(坝上),22.75
2025-06-16T14:05:00,70101501,富春江坝下,11.79
2025-06-16T14:05:00,70101800,窄溪,8.27
2025-06-16T14:05:00,70102300,闸口,6.41
2025-06-16T14:05:00,7010AJ33,渌渚,8.48
2025-06-16T14:05:00,7011AJ4M,新桐乡,8.02
2025-06-16T14:05:00,7011AJ5M,渌渚镇,8.57
2025-06-16T14:05:00,7011AJ7R,山溪叶家,50.48
2025-06-16T14:05:00,7011AJ8R,山溪幕下,65.83
2025-06-16T14:05:00,7011AJ9R,山溪前桐,194.29
2025-06-16T14:05:00,7011AM2G,富春江水库严陵坞,22.9
2025-06-16T14:10:00,70101500,富春江电站(坝上),22.76
2025-06-16T14:10:00,70101501,富春江坝下,11.77
2025-06-16T14:10:00,70101800,窄溪,8.27
2025-06-16T14:10:00,70102300,闸口,6.42
2025-06-16T14:10:00,7010AJ33,渌渚,8.48
2025-06-16T14:10:00,7011AJ4M,新桐乡,8.02
2025-06-16T14:10:00,7011AJ5M,渌渚镇,8.58
2025-06-16T14:10:00,7011AJ7R,山溪叶家,50.49
2025-06-16T14:10:00,7011AJ8R,山溪幕下,65.83
2025-06-16T14:10:00,7011AJ9R,山溪前桐,194.29
2025-06-16T14:10:00,7011AM2G,富春江水库严陵坞,22.9
2025-06-16T14:15:00,70101500,富春江电站(坝上),22.75
2025-06-16T14:15:00,70101501,富春江坝下,11.73
2025-06-16T14:15:00,70101800,窄溪,8.27
2025-06-16T14:15:00,70102300,闸口,6.42
2025-06-16T14:15:00,7010AJ33,渌渚,8.48
2025-06-16T14:15:00,7011AJ4M,新桐乡,8.03
2025-06-16T14:15:00,7011AJ5M,渌渚镇,8.57
2025-06-16T14:15:00,7011AJ7R,山溪叶家,50.48
2025-06-16T14:15:00,7011AJ8R,山溪幕下,65.83
2025-06-16T14:15:00,7011AJ9R,山溪前桐,194.3
2025-06-16T14:15:00,7011AM2G,富春江水库严陵坞,22.9
2025-06-16T14:20:00,70101500,富春江电站(坝上),22.76
2025-06-16T14:20:00,70101501,富春江坝下,11.74
2025-06-16T14:20:00,70101800,窄溪,8.25
2025-06-16T14:20:00,70102300,闸口,6.42
2025-06-16T14:20:00,7010AJ33,渌渚,8.47
2025-06-16T14:20:00,7011AJ4M,新桐乡,8.03
2025-06-16T14:20:00,7011AJ5M,渌渚镇,8.57
2025-06-16T14:20:00,7011AJ7R,山溪叶家,50.48
2025-06-16T14:20:00,7011AJ8R,山溪幕下,65.83
2025-06-16T14:20:00,7011AJ9R,山溪前桐,194.3
2025-06-16T14:20:00,7011AM2G,富春江水库严陵坞,22.89
2025-06-16T14:25:00,70101500,富春江电站(坝上),22.73
2025-06-16T14:25:00,70101501,富春江坝下,11.75
2025-06-16T14:25:00,70101800,窄溪,8.25
2025-06-16T14:25:00,70102300,闸口,6.42
2025-06-16T14:25:00,7010AJ33,渌渚,8.45
2025-06-16T14:25:00,7011AJ4M,新桐乡,8.02
2025-06-16T14:25:00,7011AJ5M,渌渚镇,8.54
2025-06-16T14:25:00,7011AJ7R,山溪叶家,50.47
2025-06-16T14:25:00,7011AJ8R,山溪幕下,65.83
2025-06-16T14:25:00,7011AJ9R,山溪前桐,194.29
2025-06-16T14:25:00,7011AM2G,富春江水库严陵坞,22.88
2025-06-16T14:30:00,70101500,富春江电站(坝上),22.69
2025-06-16T14:30:00,70101501,富春江坝下,11.67
2025-06-16T14:30:00,70101800,窄溪,8.25
2025-06-16T14:30:00,70102300,闸口,6.42
2025-06-16T14:30:00,7010AJ33,渌渚,8.47
2025-06-16T14:30:00,7011AJ4M,新桐乡,8.02
2025-06-16T14:30:00,7011AJ5M,渌渚镇,8.55
2025-06-16T14:30:00,7011AJ7R,山溪叶家,50.47
2025-06-16T14:30:00,7011AJ8R,山溪幕下,65.82
2025-06-16T14:30:00,7011AJ9R,山溪前桐,194.29
2025-06-16T14:30:00,7011AM2G,富春江水库严陵坞,22.88
2025-06-16T14:35:00,70101500,富春江电站(坝上),22.72
2025-06-16T14:35:00,70101501,富春江坝下,11.76
2025-06-16T14:35:00,70101800,窄溪,8.25
2025-06-16T14:35:00,70102300,闸口,6.42
2025-06-16T14:35:00,7010AJ33,渌渚,8.45
2025-06-16T14:35:00,7011AJ4M,新桐乡,8.02
2025-06-16T14:35:00,7011AJ5M,渌渚镇,8.53
2025-06-16T14:35:00,7011AJ7R,山溪叶家,50.48
2025-06-16T14:35:00,7011AJ8R,山溪幕下,65.82
2025-06-16T14:35:00,7011AJ9R,山溪前桐,194.29
2025-06-16T14:35:00,7011AM2G,富春江水库严陵坞,22.87
2025-06-16T14:40:00,70101500,富春江电站(坝上),22.73
2025-06-16T14:40:00,70101501,富春江坝下,11.77
2025-06-16T14:40:00,70101800,窄溪,8.24
2025-06-16T14:40:00,70102300,闸口,6.42
2025-06-16T14:40:00,7010AJ33,渌渚,8.44
2025-06-16T14:40:00,7011AJ4M,新桐乡,8.02
2025-06-16T14:40:00,7011AJ5M,渌渚镇,8.53
2025-06-16T14:40:00,7011AJ7R,山溪叶家,50.47
2025-06-16T14:40:00,7011AJ8R,山溪幕下,65.82
2025-06-16T14:40:00,7011AJ9R,山溪前桐,194.29
2025-06-16T14:40:00,7011AM2G,富春江水库严陵坞,22.87
2025-06-16T14:45:00,70101500,富春江电站(坝上),22.73
2025-06-16T14:45:00,70101501,富春江坝下,11.83
2025-06-16T14:45:00,70101800,窄溪,8.24
2025-06-16T14:45:00,70102300,闸口,6.41
2025-06-16T14:45:00,7010AJ33,渌渚,8.44
2025-06-16T14:45:00,7011AJ4M,新桐乡,8.02
2025-06-16T14:45:00,7011AJ5M,渌渚镇,8.53
2025-06-16T14:45:00,7011AJ7R,山溪叶家,50.47
2025-06-16T14:45:00,7011AJ8R,山溪幕下,65.82
2025-06-16T14:45:00,7011AJ9R,山溪前桐,194.29
2025-06-16T14:45:00,7011AM2G,富春江水库严陵坞,22.87
2025-06-16T14:50:00,70101500,富春江电站(坝上),22.68
2025-06-16T14:50:00,70101501,富春江坝下,11.74
2025-06-16T14:50:00,70101800,窄溪,8.25
2025-06-16T14:50:00,70102300,闸口,6.4
2025-06-16T14:50:00,7010AJ33,渌渚,8.44
2025-06-16T14:50:00,7011AJ4M,新桐乡,8.01
2025-06-16T14:50:00,7011AJ5M,渌渚镇,8.53
2025-06-16T14:50:00,7011AJ7R,山溪叶家,50.47
2025-06-16T14:50:00,7011AJ8R,山溪幕下,65.83
2025-06-16T14:50:00,7011AJ9R,山溪前桐,194.3
2025-06-16T14:50:00,7011AM2G,富春江水库严陵坞,22.86
2025-06-16T14:55:00,70101500,富春江电站(坝上),22.69
2025-06-16T14:55:00,70101501,富春江坝下,11.78
2025-06-16T14:55:00,70101800,窄溪,8.24
2025-06-16T14:55:00,70102300,闸口,6.41
2025-06-16T14:55:00,7010AJ33,渌渚,8.44
2025-06-16T14:55:00,7011AJ4M,新桐乡,8.01
2025-06-16T14:55:00,7011AJ5M,渌渚镇,8.51
2025-06-16T14:55:00,7011AJ7R,山溪叶家,50.47
2025-06-16T14:55:00,7011AJ8R,山溪幕下,65.82
2025-06-16T14:55:00,7011AJ9R,山溪前桐,194.29
2025-06-16T14:55:00,7011AM2G,富春江水库严陵坞,22.86
2025-06-16T15:00:00,70101500,富春江电站(坝上),22.69
2025-06-16T15:00:00,70101501,富春江坝下,11.74
2025-06-16T15:00:00,70101800,窄溪,8.24
2025-06-16T15:00:00,70102300,闸口,6.41
2025-06-16T15:00:00,7010AJ33,渌渚,8.44
2025-06-16T15:00:00,7011AJ4M,新桐乡,8.01
2025-06-16T15:00:00,7011AJ5M,渌渚镇,8.52
2025-06-16T15:00:00,7011AJ7R,山溪叶家,50.47
2025-06-16T15:00:00,7011AJ8R,山溪幕下,65.82
2025-06-16T15:00:00,7011AJ9R,山溪前桐,194.29
2025-06-16T15:00:00,7011AM2G,富春江水库严陵坞,22.85
2025-06-16T15:05:00,70101500,富春江电站(坝上),22.7
2025-06-16T15:05:00,70101501,富春江坝下,11.76
2025-06-16T15:05:00,70101800,窄溪,8.23
2025-06-16T15:05:00,70102300,闸口,6.41
2025-06-16T15:05:00,7010AJ33,渌渚,8.43
2025-06-16T15:05:00,7011AJ4M,新桐乡,8.0
2025-06-16T15:05:00,7011AJ5M,渌渚镇,8.5
2025-06-16T15:05:00,7011AJ7R,山溪叶家,50.46
2025-06-16T15:05:00,7011AJ8R,山溪幕下,65.82
2025-06-16T15:05:00,7011AJ9R,山溪前桐,194.29
2025-06-16T15:05:00,7011AM2G,富春江水库严陵坞,22.85
2025-06-16T15:10:00,70101500,富春江电站(坝上),22.69
2025-06-16T15:10:00,70101501,富春江坝下,11.74
2025-06-16T15:10:00,70101800,窄溪,8.23
2025-06-16T15:10:00,70102300,闸口,6.4
2025-06-16T15:10:00,7010AJ33,渌渚,8.43
2025-06-16T15:10:00,7011AJ4M,新桐乡,7.98
2025-06-16T15:10:00,7011AJ5M,渌渚镇,8.5
2025-06-16T15:10:00,7011AJ7R,山溪叶家,50.47
2025-06-16T15:10:00,7011AJ8R,山溪幕下,65.82
2025-06-16T15:10:00,7011AJ9R,山溪前桐,194.29
2025-06-16T15:10:00,7011AM2G,富春江水库严陵坞,22.84
2025-06-16T15:15:00,70101500,富春江电站(坝上),22.69
2025-06-16T15:15:00,70101501,富春江坝下,11.76
2025-06-16T15:15:00,70101800,窄溪,8.23
2025-06-16T15:15:00,70102300,闸口,6.41
2025-06-16T15:15:00,7010AJ33,渌渚,8.41
2025-06-16T15:15:00,7011AJ4M,新桐乡,7.98
2025-06-16T15:15:00,7011AJ5M,渌渚镇,8.5
2025-06-16T15:15:00,7011AJ7R,山溪叶家,50.46
2025-06-16T15:15:00,7011AJ8R,山溪幕下,65.82
2025-06-16T15:15:00,7011AJ9R,山溪前桐,194.29
2025-06-16T15:15:00,7011AM2G,富春江水库严陵坞,22.83
2025-06-16T15:20:00,70101500,富春江电站(坝上),22.68
2025-06-16T15:20:00,70101501,富春江坝下,11.75
2025-06-16T15:20:00,70101800,窄溪,8.22
2025-06-16T15:20:00,70102300,闸口,6.4
2025-06-16T15:20:00,7010AJ33,渌渚,8.41
2025-06-16T15:20:00,7011AJ4M,新桐乡,7.98
2025-06-16T15:20:00,7011AJ5M,渌渚镇,8.5
2025-06-16T15:20:00,7011AJ7R,山溪叶家,50.47
2025-06-16T15:20:00,7011AJ8R,山溪幕下,65.82
2025-06-16T15:20:00,7011AJ9R,山溪前桐,194.29
2025-06-16T15:20:00,7011AM2G,富春江水库严陵坞,22.83
2025-06-16T15:25:00,70101500,富春江电站(坝上),22.68
2025-06-16T15:25:00,70101501,富春江坝下,11.78
2025-06-16T15:25:00,70101800,窄溪,8.21
2025-06-16T15:25:00,70102300,闸口,6.4
2025-06-16T15:25:00,7010AJ33,渌渚,8.41
2025-06-16T15:25:00,7011AJ4M,新桐乡,7.97
2025-06-16T15:25:00,7011AJ5M,渌渚镇,8.47
2025-06-16T15:25:00,7011AJ7R,山溪叶家,50.46
2025-06-16T15:25:00,7011AJ8R,山溪幕下,65.82
2025-06-16T15:25:00,7011AJ9R,山溪前桐,194.29
2025-06-16T15:25:00,7011AM2G,富春江水库严陵坞,22.83
2025-06-16T15:30:00,70101500,富春江电站(坝上),22.66
2025-06-16T15:30:00,70101501,富春江坝下,11.8
2025-06-16T15:30:00,70101800,窄溪,8.21
2025-06-16T15:30:00,70102300,闸口,6.41
2025-06-16T15:30:00,7010AJ33,渌渚,8.4
2025-06-16T15:30:00,7011AJ4M,新桐乡,7.97
2025-06-16T15:30:00,7011AJ5M,渌渚镇,8.49
2025-06-16T15:30:00,7011AJ7R,山溪叶家,50.46
2025-06-16T15:30:00,7011AJ8R,山溪幕下,65.82
2025-06-16T15:30:00,7011AJ9R,山溪前桐,194.28
2025-06-16T15:30:00,7011AM2G,富春江水库严陵坞,22.82
2025-06-16T15:35:00,70101500,富春江电站(坝上),22.65
2025-06-16T15:35:00,70101501,富春江坝下,11.75
2025-06-16T15:35:00,70101800,窄溪,8.2
2025-06-16T15:35:00,70102300,闸口,6.4
2025-06-16T15:35:00,7010AJ33,渌渚,8.4
2025-06-16T15:35:00,7011AJ4M,新桐乡,7.95
2025-06-16T15:35:00,7011AJ5M,渌渚镇,8.48
2025-06-16T15:35:00,7011AJ7R,山溪叶家,50.46
2025-06-16T15:35:00,7011AJ8R,山溪幕下,65.82
2025-06-16T15:35:00,7011AJ9R,山溪前桐,194.29
2025-06-16T15:35:00,7011AM2G,富春江水库严陵坞,22.82
2025-06-16T15:40:00,70101500,富春江电站(坝上),22.65
2025-06-16T15:40:00,70101501,富春江坝下,11.79
2025-06-16T15:40:00,70101800,窄溪,8.2
2025-06-16T15:40:00,70102300,闸口,6.39
2025-06-16T15:40:00,7010AJ33,渌渚,8.4
2025-06-16T15:40:00,7011AJ4M,新桐乡,7.93
2025-06-16T15:40:00,7011AJ5M,渌渚镇,8.46
2025-06-16T15:40:00,7011AJ7R,山溪叶家,50.46
2025-06-16T15:40:00,7011AJ8R,山溪幕下,65.82
2025-06-16T15:40:00,7011AJ9R,山溪前桐,194.29
2025-06-16T15:40:00,7011AM2G,富春江水库严陵坞,22.82
2025-06-16T15:45:00,70101500,富春江电站(坝上),22.65
2025-06-16T15:45:00,70101501,富春江坝下,11.74
2025-06-16T15:45:00,70101800,窄溪,8.2
2025-06-16T15:45:00,70102300,闸口,6.39
2025-06-16T15:45:00,7010AJ33,渌渚,8.4
2025-06-16T15:45:00,7011AJ4M,新桐乡,7.94
2025-06-16T15:45:00,7011AJ5M,渌渚镇,8.46
2025-06-16T15:45:00,7011AJ7R,山溪叶家,50.46
2025-06-16T15:45:00,7011AJ8R,山溪幕下,65.82
2025-06-16T15:45:00,7011AJ9R,山溪前桐,194.29
2025-06-16T15:45:00,7011AM2G,富春江水库严陵坞,22.81
2025-06-16T15:50:00,70101500,富春江电站(坝上),22.63
2025-06-16T15:50:00,70101501,富春江坝下,11.75
2025-06-16T15:50:00,70101800,窄溪,8.18
2025-06-16T15:50:00,70102300,闸口,6.4
2025-06-16T15:50:00,7010AJ33,渌渚,8.39
2025-06-16T15:50:00,7011AJ4M,新桐乡,7.97
2025-06-16T15:50:00,7011AJ5M,渌渚镇,8.46
2025-06-16T15:50:00,7011AJ7R,山溪叶家,50.46
2025-06-16T15:50:00,7011AJ8R,山溪幕下,65.82
2025-06-16T15:50:00,7011AJ9R,山溪前桐,194.29
2025-06-16T15:50:00,7011AM2G,富春江水库严陵坞,22.8
2025-06-16T15:55:00,70101500,富春江电站(坝上),22.64
2025-06-16T15:55:00,70101501,富春江坝下,11.76
2025-06-16T15:55:00,70101800,窄溪,8.19
2025-06-16T15:55:00,70102300,闸口,6.39
2025-06-16T15:55:00,7010AJ33,渌渚,8.38
2025-06-16T15:55:00,7011AJ4M,新桐乡,7.97
2025-06-16T15:55:00,7011AJ5M,渌渚镇,8.46
2025-06-16T15:55:00,7011AJ7R,山溪叶家,50.46
2025-06-16T15:55:00,7011AJ8R,山溪幕下,65.82
2025-06-16T15:55:00,7011AJ9R,山溪前桐,194.29
2025-06-16T15:55:00,7011AM2G,富春江水库严陵坞,22.8
2025-06-16T16:00:00,70101500,富春江电站(坝上),22.63
2025-06-16T16:00:00,70101501,富春江坝下,11.73
2025-06-16T16:00:00,70101800,窄溪,8.19
2025-06-16T16:00:00,70102300,闸口,6.39
2025-06-16T16:00:00,7010AJ33,渌渚,8.38
2025-06-16T16:00:00,7011AJ4M,新桐乡,7.96
2025-06-16T16:00:00,7011AJ5M,渌渚镇,8.45
2025-06-16T16:00:00,7011AJ7R,山溪叶家,50.46
2025-06-16T16:00:00,7011AJ8R,山溪幕下,65.82
2025-06-16T16:00:00,7011AJ9R,山溪前桐,194.29
2025-06-16T16:00:00,7011AM2G,富春江水库严陵坞,22.8
2025-06-16T16:05:00,70101500,富春江电站(坝上),22.68
2025-06-16T16:05:00,70101501,富春江坝下,11.66
2025-06-16T16:05:00,70101800,窄溪,8.18
2025-06-16T16:05:00,70102300,闸口,6.39
2025-06-16T16:05:00,7010AJ33,渌渚,8.38
2025-06-16T16:05:00,7011AJ4M,新桐乡,7.96
2025-06-16T16:05:00,7011AJ5M,渌渚镇,8.44
2025-06-16T16:05:00,7011AJ7R,山溪叶家,50.46
2025-06-16T16:05:00,7011AJ8R,山溪幕下,65.82
2025-06-16T16:05:00,7011AJ9R,山溪前桐,194.29
2025-06-16T16:05:00,7011AM2G,富春江水库严陵坞,22.8
2025-06-16T16:10:00,70101500,富春江电站(坝上),22.68
2025-06-16T16:10:00,70101501,富春江坝下,11.73
2025-06-16T16:10:00,70101800,窄溪,8.18
2025-06-16T16:10:00,70102300,闸口,6.39
2025-06-16T16:10:00,7010AJ33,渌渚,8.36
2025-06-16T16:10:00,7011AJ4M,新桐乡,7.96
2025-06-16T16:10:00,7011AJ5M,渌渚镇,8.44
2025-06-16T16:10:00,7011AJ7R,山溪叶家,50.45
2025-06-16T16:10:00,7011AJ8R,山溪幕下,65.82
2025-06-16T16:10:00,7011AJ9R,山溪前桐,194.28
2025-06-16T16:10:00,7011AM2G,富春江水库严陵坞,22.82
2025-06-16T16:15:00,70101500,富春江电站(坝上),22.66
2025-06-16T16:15:00,70101501,富春江坝下,11.65
2025-06-16T16:15:00,70101800,窄溪,8.17
2025-06-16T16:15:00,70102300,闸口,6.38
2025-06-16T16:15:00,7010AJ33,渌渚,8.36
2025-06-16T16:15:00,7011AJ4M,新桐乡,7.97
2025-06-16T16:15:00,7011AJ5M,渌渚镇,8.43
2025-06-16T16:15:00,7011AJ7R,山溪叶家,50.46
2025-06-16T16:15:00,7011AJ8R,山溪幕下,65.82
2025-06-16T16:15:00,7011AJ9R,山溪前桐,194.29
2025-06-16T16:15:00,7011AM2G,富春江水库严陵坞,22.81
2025-06-16T16:20:00,70101500,富春江电站(坝上),22.67
2025-06-16T16:20:00,70101501,富春江坝下,11.61
2025-06-16T16:20:00,70101800,窄溪,8.18
2025-06-16T16:20:00,70102300,闸口,6.38
2025-06-16T16:20:00,7010AJ33,渌渚,8.35
2025-06-16T16:20:00,7011AJ4M,新桐乡,7.97
2025-06-16T16:20:00,7011AJ5M,渌渚镇,8.42
2025-06-16T16:20:00,7011AJ7R,山溪叶家,50.45
2025-06-16T16:20:00,7011AJ8R,山溪幕下,65.82
2025-06-16T16:20:00,7011AJ9R,山溪前桐,194.29
2025-06-16T16:20:00,7011AM2G,富春江水库严陵坞,22.82
2025-06-16T16:25:00,70101500,富春江电站(坝上),22.67
2025-06-16T16:25:00,70101501,富春江坝下,11.66
2025-06-16T16:25:00,70101800,窄溪,8.19
2025-06-16T16:25:00,70102300,闸口,6.38
2025-06-16T16:25:00,7010AJ33,渌渚,8.35
2025-06-16T16:25:00,7011AJ4M,新桐乡,7.96
2025-06-16T16:25:00,7011AJ5M,渌渚镇,8.41
2025-06-16T16:25:00,7011AJ7R,山溪叶家,50.45
2025-06-16T16:25:00,7011AJ8R,山溪幕下,65.82
2025-06-16T16:25:00,7011AJ9R,山溪前桐,194.29
2025-06-16T16:25:00,7011AM2G,富春江水库严陵坞,22.82
2025-06-16T16:30:00,70101500,富春江电站(坝上),22.66
2025-06-16T16:30:00,70101501,富春江坝下,11.62
2025-06-16T16:30:00,70101800,窄溪,8.18
2025-06-16T16:30:00,70102300,闸口,6.38
2025-06-16T16:30:00,7010AJ33,渌渚,8.35
2025-06-16T16:30:00,7011AJ4M,新桐乡,7.95
2025-06-16T16:30:00,7011AJ5M,渌渚镇,8.41
2025-06-16T16:30:00,7011AJ7R,山溪叶家,50.45
2025-06-16T16:30:00,7011AJ8R,山溪幕下,65.81
2025-06-16T16:30:00,7011AJ9R,山溪前桐,194.28
2025-06-16T16:30:00,7011AM2G,富春江水库严陵坞,22.82
2025-06-16T16:35:00,70101500,富春江电站(坝上),22.67
2025-06-16T16:35:00,70101501,富春江坝下,11.58
2025-06-16T16:35:00,70101800,窄溪,8.17
2025-06-16T16:35:00,70102300,闸口,6.38
2025-06-16T16:35:00,7010AJ33,渌渚,8.35
2025-06-16T16:35:00,7011AJ4M,新桐乡,7.92
2025-06-16T16:35:00,7011AJ5M,渌渚镇,8.41
2025-06-16T16:35:00,7011AJ7R,山溪叶家,50.45
2025-06-16T16:35:00,7011AJ8R,山溪幕下,65.81
2025-06-16T16:35:00,7011AJ9R,山溪前桐,194.29
2025-06-16T16:35:00,7011AM2G,富春江水库严陵坞,22.81
2025-06-16T16:40:00,70101500,富春江电站(坝上),22.65
2025-06-16T16:40:00,70101501,富春江坝下,11.67
2025-06-16T16:40:00,70101800,窄溪,8.17
2025-06-16T16:40:00,70102300,闸口,6.38
2025-06-16T16:40:00,7010AJ33,渌渚,8.35
2025-06-16T16:40:00,7011AJ4M,新桐乡,7.87
2025-06-16T16:40:00,7011AJ5M,渌渚镇,8.4
2025-06-16T16:40:00,7011AJ7R,山溪叶家,50.45
2025-06-16T16:40:00,7011AJ8R,山溪幕下,65.81
2025-06-16T16:40:00,7011AJ9R,山溪前桐,194.28
2025-06-16T16:40:00,7011AM2G,富春江水库严陵坞,22.81
2025-06-16T16:45:00,70101500,富春江电站(坝上),22.64
2025-06-16T16:45:00,70101501,富春江坝下,11.62
2025-06-16T16:45:00,70101800,窄溪,8.17
2025-06-16T16:45:00,70102300,闸口,6.38
2025-06-16T16:45:00,7010AJ33,渌渚,8.35
2025-06-16T16:45:00,7011AJ4M,新桐乡,7.86
2025-06-16T16:45:00,7011AJ5M,渌渚镇,8.4
2025-06-16T16:45:00,7011AJ7R,山溪叶家,50.45
2025-06-16T16:45:00,7011AJ8R,山溪幕下,65.81
2025-06-16T16:45:00,7011AJ9R,山溪前桐,194.28
2025-06-16T16:45:00,7011AM2G,富春江水库严陵坞,22.81
2025-06-16T16:50:00,70101500,富春江电站(坝上),22.65
2025-06-16T16:50:00,70101501,富春江坝下,11.63
2025-06-16T16:50:00,70101800,窄溪,8.16
2025-06-16T16:50:00,70102300,闸口,6.38
2025-06-16T16:50:00,7010AJ33,渌渚,8.35
2025-06-16T16:50:00,7011AJ4M,新桐乡,7.91
2025-06-16T16:50:00,7011AJ5M,渌渚镇,8.41
2025-06-16T16:50:00,7011AJ7R,山溪叶家,50.45
2025-06-16T16:50:00,7011AJ8R,山溪幕下,65.81
2025-06-16T16:50:00,7011AJ9R,山溪前桐,194.29
2025-06-16T16:50:00,7011AM2G,富春江水库严陵坞,22.8
2025-06-16T16:55:00,70101500,富春江电站(坝上),22.65
2025-06-16T16:55:00,70101501,富春江坝下,11.57
2025-06-16T16:55:00,70101800,窄溪,8.16
2025-06-16T16:55:00,70102300,闸口,6.37
2025-06-16T16:55:00,7010AJ33,渌渚,8.34
2025-06-16T16:55:00,7011AJ4M,新桐乡,7.91
2025-06-16T16:55:00,7011AJ5M,渌渚镇,8.4
2025-06-16T16:55:00,7011AJ7R,山溪叶家,50.45
2025-06-16T16:55:00,7011AJ8R,山溪幕下,65.8
2025-06-16T16:55:00,7011AJ9R,山溪前桐,194.29
2025-06-16T16:55:00,7011AM2G,富春江水库严陵坞,22.8
2025-06-16T17:00:00,70101500,富春江电站(坝上),22.63
2025-06-16T17:00:00,70101501,富春江坝下,11.58
2025-06-16T17:00:00,70101800,窄溪,8.14
2025-06-16T17:00:00,70102300,闸口,6.37
2025-06-16T17:00:00,7010AJ33,渌渚,8.32
2025-06-16T17:00:00,7011AJ4M,新桐乡,7.93
2025-06-16T17:00:00,7011AJ5M,渌渚镇,8.38
2025-06-16T17:00:00,7011AJ7R,山溪叶家,50.45
2025-06-16T17:00:00,7011AJ8R,山溪幕下,65.8
2025-06-16T17:00:00,7011AJ9R,山溪前桐,194.28
2025-06-16T17:00:00,7011AM2G,富春江水库严陵坞,22.79
2025-06-16T17:05:00,70101500,富春江电站(坝上),22.63
2025-06-16T17:05:00,70101501,富春江坝下,11.62
2025-06-16T17:05:00,70101800,窄溪,8.14
2025-06-16T17:05:00,70102300,闸口,6.37
2025-06-16T17:05:00,7010AJ33,渌渚,8.32
2025-06-16T17:05:00,7011AJ4M,新桐乡,7.94
2025-06-16T17:05:00,7011AJ5M,渌渚镇,8.38
2025-06-16T17:05:00,7011AJ7R,山溪叶家,50.44
2025-06-16T17:05:00,7011AJ8R,山溪幕下,65.81
2025-06-16T17:05:00,7011AJ9R,山溪前桐,194.28
2025-06-16T17:05:00,7011AM2G,富春江水库严陵坞,22.79
2025-06-16T17:10:00,70101500,富春江电站(坝上),22.63
2025-06-16T17:10:00,70101501,富春江坝下,11.59
2025-06-16T17:10:00,70101800,窄溪,8.14
2025-06-16T17:10:00,70102300,闸口,6.37
2025-06-16T17:10:00,7010AJ33,渌渚,8.32
2025-06-16T17:10:00,7011AJ4M,新桐乡,7.94
2025-06-16T17:10:00,7011AJ5M,渌渚镇,8.38
2025-06-16T17:10:00,7011AJ7R,山溪叶家,50.44
2025-06-16T17:10:00,7011AJ8R,山溪幕下,65.8
2025-06-16T17:10:00,7011AJ9R,山溪前桐,194.28
2025-06-16T17:10:00,7011AM2G,富春江水库严陵坞,22.78
2025-06-16T17:15:00,70101500,富春江电站(坝上),22.62
2025-06-16T17:15:00,70101501,富春江坝下,11.64
2025-06-16T17:15:00,70101800,窄溪,8.14
2025-06-16T17:15:00,70102300,闸口,6.37
2025-06-16T17:15:00,7010AJ33,渌渚,8.31
2025-06-16T17:15:00,7011AJ4M,新桐乡,7.95
2025-06-16T17:15:00,7011AJ5M,渌渚镇,8.37
2025-06-16T17:15:00,7011AJ7R,山溪叶家,50.44
2025-06-16T17:15:00,7011AJ8R,山溪幕下,65.8
2025-06-16T17:15:00,7011AJ9R,山溪前桐,194.28
2025-06-16T17:15:00,7011AM2G,富春江水库严陵坞,22.77
2025-06-16T17:20:00,70101500,富春江电站(坝上),22.61
2025-06-16T17:20:00,70101501,富春江坝下,11.6
2025-06-16T17:20:00,70101800,窄溪,8.14
2025-06-16T17:20:00,70102300,闸口,6.37
2025-06-16T17:20:00,7010AJ33,渌渚,8.31
2025-06-16T17:20:00,7011AJ4M,新桐乡,7.95
2025-06-16T17:20:00,7011AJ5M,渌渚镇,8.38
2025-06-16T17:20:00,7011AJ7R,山溪叶家,50.44
2025-06-16T17:20:00,7011AJ8R,山溪幕下,65.8
2025-06-16T17:20:00,7011AJ9R,山溪前桐,194.29
2025-06-16T17:20:00,7011AM2G,富春江水库严陵坞,22.77
2025-06-16T17:25:00,70101500,富春江电站(坝上),22.58
2025-06-16T17:25:00,70101501,富春江坝下,11.63
2025-06-16T17:25:00,70101800,窄溪,8.13
2025-06-16T17:25:00,70102300,闸口,6.37
2025-06-16T17:25:00,7010AJ33,渌渚,8.3
2025-06-16T17:25:00,7011AJ4M,新桐乡,7.94
2025-06-16T17:25:00,7011AJ5M,渌渚镇,8.37
2025-06-16T17:25:00,7011AJ7R,山溪叶家,50.44
2025-06-16T17:25:00,7011AJ8R,山溪幕下,65.8
2025-06-16T17:25:00,7011AJ9R,山溪前桐,194.28
2025-06-16T17:25:00,7011AM2G,富春江水库严陵坞,22.76
2025-06-16T17:30:00,70101500,富春江电站(坝上),22.6
2025-06-16T17:30:00,70101501,富春江坝下,11.63
2025-06-16T17:30:00,70101800,窄溪,8.13
2025-06-16T17:30:00,70102300,闸口,6.37
2025-06-16T17:30:00,7010AJ33,渌渚,8.3
2025-06-16T17:30:00,7011AJ4M,新桐乡,7.93
2025-06-16T17:30:00,7011AJ5M,渌渚镇,8.36
2025-06-16T17:30:00,7011AJ7R,山溪叶家,50.44
2025-06-16T17:30:00,7011AJ8R,山溪幕下,65.81
2025-06-16T17:30:00,7011AJ9R,山溪前桐,194.28
2025-06-16T17:30:00,7011AM2G,富春江水库严陵坞,22.76
2025-06-16T17:35:00,70101500,富春江电站(坝上),22.57
2025-06-16T17:35:00,70101501,富春江坝下,11.63
2025-06-16T17:35:00,70101800,窄溪,8.13
2025-06-16T17:35:00,70102300,闸口,6.36
2025-06-16T17:35:00,7010AJ33,渌渚,8.3
2025-06-16T17:35:00,7011AJ4M,新桐乡,7.9
2025-06-16T17:35:00,7011AJ5M,渌渚镇,8.36
2025-06-16T17:35:00,7011AJ7R,山溪叶家,50.44
2025-06-16T17:35:00,7011AJ8R,山溪幕下,65.8
2025-06-16T17:35:00,7011AJ9R,山溪前桐,194.28
2025-06-16T17:35:00,7011AM2G,富春江水库严陵坞,22.75
2025-06-16T17:40:00,70101500,富春江电站(坝上),22.62
2025-06-16T17:40:00,70101501,富春江坝下,11.6
2025-06-16T17:40:00,70101800,窄溪,8.12
2025-06-16T17:40:00,70102300,闸口,6.36
2025-06-16T17:40:00,7010AJ33,渌渚,8.3
2025-06-16T17:40:00,7011AJ4M,新桐乡,7.89
2025-06-16T17:40:00,7011AJ5M,渌渚镇,8.35
2025-06-16T17:40:00,7011AJ7R,山溪叶家,50.44
2025-06-16T17:40:00,7011AJ8R,山溪幕下,65.81
2025-06-16T17:40:00,7011AJ9R,山溪前桐,194.27
2025-06-16T17:40:00,7011AM2G,富春江水库严陵坞,22.74
2025-06-16T17:45:00,70101500,富春江电站(坝上),22.59
2025-06-16T17:45:00,70101501,富春江坝下,11.63
2025-06-16T17:45:00,70101800,窄溪,8.12
2025-06-16T17:45:00,70102300,闸口,6.37
2025-06-16T17:45:00,7010AJ33,渌渚,8.28
2025-06-16T17:45:00,7011AJ4M,新桐乡,7.89
2025-06-16T17:45:00,7011AJ5M,渌渚镇,8.34
2025-06-16T17:45:00,7011AJ7R,山溪叶家,50.44
2025-06-16T17:45:00,7011AJ8R,山溪幕下,65.81
2025-06-16T17:45:00,7011AJ9R,山溪前桐,194.28
2025-06-16T17:45:00,7011AM2G,富春江水库严陵坞,22.74
2025-06-16T17:50:00,70101500,富春江电站(坝上),22.57
2025-06-16T17:50:00,70101501,富春江坝下,11.62
2025-06-16T17:50:00,70101800,窄溪,8.1
2025-06-16T17:50:00,70102300,闸口,6.37
2025-06-16T17:50:00,7010AJ33,渌渚,8.28
2025-06-16T17:50:00,7011AJ4M,新桐乡,7.92
2025-06-16T17:50:00,7011AJ5M,渌渚镇,8.35
2025-06-16T17:50:00,7011AJ7R,山溪叶家,50.44
2025-06-16T17:50:00,7011AJ8R,山溪幕下,65.81
2025-06-16T17:50:00,7011AJ9R,山溪前桐,194.28
2025-06-16T17:50:00,7011AM2G,富春江水库严陵坞,22.72
2025-06-16T17:55:00,70101500,富春江电站(坝上),22.56
2025-06-16T17:55:00,70101501,富春江坝下,11.63
2025-06-16T17:55:00,70101800,窄溪,8.1
2025-06-16T17:55:00,70102300,闸口,6.37
2025-06-16T17:55:00,7010AJ33,渌渚,8.27
2025-06-16T17:55:00,7011AJ4M,新桐乡,7.91
2025-06-16T17:55:00,7011AJ5M,渌渚镇,8.34
2025-06-16T17:55:00,7011AJ7R,山溪叶家,50.43
2025-06-16T17:55:00,7011AJ8R,山溪幕下,65.8
2025-06-16T17:55:00,7011AJ9R,山溪前桐,194.27
2025-06-16T17:55:00,7011AM2G,富春江水库严陵坞,22.72
2025-06-16T18:00:00,70101500,富春江电站(坝上),22.58
2025-06-16T18:00:00,70101501,富春江坝下,11.55
2025-06-16T18:00:00,70101800,窄溪,8.1
2025-06-16T18:00:00,70102300,闸口,6.36
2025-06-16T18:00:00,7010AJ33,渌渚,8.27
2025-06-16T18:00:00,7011AJ4M,新桐乡,7.89
2025-06-16T18:00:00,7011AJ5M,渌渚镇,8.33
2025-06-16T18:00:00,7011AJ7R,山溪叶家,50.43
2025-06-16T18:00:00,7011AJ8R,山溪幕下,65.81
2025-06-16T18:00:00,7011AJ9R,山溪前桐,194.28
2025-06-16T18:00:00,7011AM2G,富春江水库严陵坞,22.71
2025-06-16T18:05:00,70101500,富春江电站(坝上),22.56
2025-06-16T18:05:00,70101501,富春江坝下,11.63
2025-06-16T18:05:00,70101800,窄溪,8.1
2025-06-16T18:05:00,70102300,闸口,6.36
2025-06-16T18:05:00,7010AJ33,渌渚,8.27
2025-06-16T18:05:00,7011AJ4M,新桐乡,7.88
2025-06-16T18:05:00,7011AJ5M,渌渚镇,8.32
2025-06-16T18:05:00,7011AJ7R,山溪叶家,50.43
2025-06-16T18:05:00,7011AJ8R,山溪幕下,65.81
2025-06-16T18:05:00,7011AJ9R,山溪前桐,194.28
2025-06-16T18:05:00,7011AM2G,富春江水库严陵坞,22.71
2025-06-16T18:10:00,70101500,富春江电站(坝上),22.58
2025-06-16T18:10:00,70101501,富春江坝下,11.66
2025-06-16T18:10:00,70101800,窄溪,8.1
2025-06-16T18:10:00,70102300,闸口,6.35
2025-06-16T18:10:00,7010AJ33,渌渚,8.26
2025-06-16T18:10:00,7011AJ4M,新桐乡,7.87
2025-06-16T18:10:00,7011AJ5M,渌渚镇,8.31
2025-06-16T18:10:00,7011AJ7R,山溪叶家,50.43
2025-06-16T18:10:00,7011AJ8R,山溪幕下,65.8
2025-06-16T18:10:00,7011AJ9R,山溪前桐,194.29
2025-06-16T18:10:00,7011AM2G,富春江水库严陵坞,22.7
2025-06-16T18:15:00,70101500,富春江电站(坝上),22.57
2025-06-16T18:15:00,70101501,富春江坝下,11.6
2025-06-16T18:15:00,70101800,窄溪,8.09
2025-06-16T18:15:00,70102300,闸口,6.35
2025-06-16T18:15:00,7010AJ33,渌渚,8.26
2025-06-16T18:15:00,7011AJ4M,新桐乡,7.87
2025-06-16T18:15:00,7011AJ5M,渌渚镇,8.31
2025-06-16T18:15:00,7011AJ7R,山溪叶家,50.42
2025-06-16T18:15:00,7011AJ8R,山溪幕下,65.8
2025-06-16T18:15:00,7011AJ9R,山溪前桐,194.28
2025-06-16T18:15:00,7011AM2G,富春江水库严陵坞,22.69
2025-06-16T18:20:00,70101500,富春江电站(坝上),22.53
2025-06-16T18:20:00,70101501,富春江坝下,11.6
2025-06-16T18:20:00,70101800,窄溪,8.09
2025-06-16T18:20:00,70102300,闸口,6.35
2025-06-16T18:20:00,7010AJ33,渌渚,8.26
2025-06-16T18:20:00,7011AJ4M,新桐乡,7.87
2025-06-16T18:20:00,7011AJ5M,渌渚镇,8.3
2025-06-16T18:20:00,7011AJ7R,山溪叶家,50.43
2025-06-16T18:20:00,7011AJ8R,山溪幕下,65.8
2025-06-16T18:20:00,7011AJ9R,山溪前桐,194.28
2025-06-16T18:20:00,7011AM2G,富春江水库严陵坞,22.69
2025-06-16T18:25:00,70101500,富春江电站(坝上),22.51
2025-06-16T18:25:00,70101501,富春江坝下,11.61
2025-06-16T18:25:00,70101800,窄溪,8.08
2025-06-16T18:25:00,70102300,闸口,6.35
2025-06-16T18:25:00,7010AJ33,渌渚,8.26
2025-06-16T18:25:00,7011AJ4M,新桐乡,7.87
2025-06-16T18:25:00,7011AJ5M,渌渚镇,8.3
2025-06-16T18:25:00,7011AJ7R,山溪叶家,50.42
2025-06-16T18:25:00,7011AJ8R,山溪幕下,65.8
2025-06-16T18:25:00,7011AJ9R,山溪前桐,194.28
2025-06-16T18:25:00,7011AM2G,富春江水库严陵坞,22.68
2025-06-16T18:30:00,70101500,富春江电站(坝上),22.66
2025-06-16T18:30:00,70101501,富春江坝下,11.54
2025-06-16T18:30:00,70101800,窄溪,8.08
2025-06-16T18:30:00,70102300,闸口,6.35
2025-06-16T18:30:00,7010AJ33,渌渚,8.24
2025-06-16T18:30:00,7011AJ4M,新桐乡,7.88
2025-06-16T18:30:00,7011AJ5M,渌渚镇,8.3
2025-06-16T18:30:00,7011AJ7R,山溪叶家,50.42
2025-06-16T18:30:00,7011AJ8R,山溪幕下,65.79
2025-06-16T18:30:00,7011AJ9R,山溪前桐,194.28
2025-06-16T18:30:00,7011AM2G,富春江水库严陵坞,22.67
2025-06-16T18:35:00,70101500,富春江电站(坝上),22.8
2025-06-16T18:35:00,70101501,富春江坝下,11.16
2025-06-16T18:35:00,70101800,窄溪,8.08
2025-06-16T18:35:00,70102300,闸口,6.35
2025-06-16T18:35:00,7010AJ33,渌渚,8.24
2025-06-16T18:35:00,7011AJ4M,新桐乡,7.88
2025-06-16T18:35:00,7011AJ5M,渌渚镇,8.3
2025-06-16T18:35:00,7011AJ7R,山溪叶家,50.42
2025-06-16T18:35:00,7011AJ8R,山溪幕下,65.79
2025-06-16T18:35:00,7011AJ9R,山溪前桐,194.28
2025-06-16T18:35:00,7011AM2G,富春江水库严陵坞,22.76
2025-06-16T18:40:00,70101500,富春江电站(坝上),22.8
2025-06-16T18:40:00,70101501,富春江坝下,11.02
2025-06-16T18:40:00,70101800,窄溪,8.08
2025-06-16T18:40:00,70102300,闸口,6.35
2025-06-16T18:40:00,7010AJ33,渌渚,8.26
2025-06-16T18:40:00,7011AJ4M,新桐乡,7.88
2025-06-16T18:40:00,7011AJ5M,渌渚镇,8.29
2025-06-16T18:40:00,7011AJ7R,山溪叶家,50.42
2025-06-16T18:40:00,7011AJ8R,山溪幕下,65.79
2025-06-16T18:40:00,7011AJ9R,山溪前桐,194.28
2025-06-16T18:40:00,7011AM2G,富春江水库严陵坞,22.92
2025-06-16T18:45:00,70101500,富春江电站(坝上),22.85
2025-06-16T18:45:00,70101501,富春江坝下,11.04
2025-06-16T18:45:00,70101800,窄溪,8.08
2025-06-16T18:45:00,70102300,闸口,6.35
2025-06-16T18:45:00,7010AJ33,渌渚,8.23
2025-06-16T18:45:00,7011AJ4M,新桐乡,7.87
2025-06-16T18:45:00,7011AJ5M,渌渚镇,8.29
2025-06-16T18:45:00,7011AJ7R,山溪叶家,50.42
2025-06-16T18:45:00,7011AJ8R,山溪幕下,65.78
2025-06-16T18:45:00,7011AJ9R,山溪前桐,194.28
2025-06-16T18:45:00,7011AM2G,富春江水库严陵坞,22.95
2025-06-16T18:50:00,70101500,富春江电站(坝上),22.9
2025-06-16T18:50:00,70101501,富春江坝下,11.01
2025-06-16T18:50:00,70101800,窄溪,8.06
2025-06-16T18:50:00,70102300,闸口,6.34
2025-06-16T18:50:00,7010AJ33,渌渚,8.23
2025-06-16T18:50:00,7011AJ4M,新桐乡,7.86
2025-06-16T18:50:00,7011AJ5M,渌渚镇,8.29
2025-06-16T18:50:00,7011AJ7R,山溪叶家,50.42
2025-06-16T18:50:00,7011AJ8R,山溪幕下,65.79
2025-06-16T18:50:00,7011AJ9R,山溪前桐,194.28
2025-06-16T18:50:00,7011AM2G,富春江水库严陵坞,22.99
2025-06-16T18:55:00,70101500,富春江电站(坝上),22.89
2025-06-16T18:55:00,70101501,富春江坝下,10.97
2025-06-16T18:55:00,70101800,窄溪,8.06
2025-06-16T18:55:00,70102300,闸口,6.34
2025-06-16T18:55:00,7010AJ33,渌渚,8.23
2025-06-16T18:55:00,7011AJ4M,新桐乡,7.86
2025-06-16T18:55:00,7011AJ5M,渌渚镇,8.27
2025-06-16T18:55:00,7011AJ7R,山溪叶家,50.42
2025-06-16T18:55:00,7011AJ8R,山溪幕下,65.78
2025-06-16T18:55:00,7011AJ9R,山溪前桐,194.28
2025-06-16T18:55:00,7011AM2G,富春江水库严陵坞,23.0
2025-06-16T19:00:00,70101500,富春江电站(坝上),22.93
2025-06-16T19:00:00,70101501,富春江坝下,10.91
2025-06-16T19:00:00,70101800,窄溪,8.08
2025-06-16T19:00:00,70102300,闸口,6.34
2025-06-16T19:00:00,7010AJ33,渌渚,8.23
2025-06-16T19:00:00,7011AJ4M,新桐乡,7.86
2025-06-16T19:00:00,7011AJ5M,渌渚镇,8.28
2025-06-16T19:00:00,7011AJ7R,山溪叶家,50.42
2025-06-16T19:00:00,7011AJ8R,山溪幕下,65.78
2025-06-16T19:00:00,7011AJ9R,山溪前桐,194.28
2025-06-16T19:00:00,7011AM2G,富春江水库严陵坞,23.01
2025-06-16T19:05:00,70101500,富春江电站(坝上),22.92
2025-06-16T19:05:00,70101501,富春江坝下,10.85
2025-06-16T19:05:00,70101800,窄溪,8.05
2025-06-16T19:05:00,70102300,闸口,6.34
2025-06-16T19:05:00,7010AJ33,渌渚,8.23
2025-06-16T19:05:00,7011AJ4M,新桐乡,7.85
2025-06-16T19:05:00,7011AJ5M,渌渚镇,8.27
2025-06-16T19:05:00,7011AJ7R,山溪叶家,50.41
2025-06-16T19:05:00,7011AJ8R,山溪幕下,65.78
2025-06-16T19:05:00,7011AJ9R,山溪前桐,194.28
2025-06-16T19:05:00,7011AM2G,富春江水库严陵坞,23.04
2025-06-16T19:10:00,70101500,富春江电站(坝上),22.93
2025-06-16T19:10:00,70101501,富春江坝下,10.85
2025-06-16T19:10:00,70101800,窄溪,8.02
2025-06-16T19:10:00,70102300,闸口,6.34
2025-06-16T19:10:00,7010AJ33,渌渚,8.22
2025-06-16T19:10:00,7011AJ4M,新桐乡,7.87
2025-06-16T19:10:00,7011AJ5M,渌渚镇,8.27
2025-06-16T19:10:00,7011AJ7R,山溪叶家,50.42
2025-06-16T19:10:00,7011AJ8R,山溪幕下,65.78
2025-06-16T19:10:00,7011AJ9R,山溪前桐,194.27
2025-06-16T19:10:00,7011AM2G,富春江水库严陵坞,23.04
2025-06-16T19:15:00,70101500,富春江电站(坝上),22.94
2025-06-16T19:15:00,70101501,富春江坝下,10.84
2025-06-16T19:15:00,70101800,窄溪,8.01
2025-06-16T19:15:00,70102300,闸口,6.34
2025-06-16T19:15:00,7010AJ33,渌渚,8.22
2025-06-16T19:15:00,7011AJ4M,新桐乡,7.86
2025-06-16T19:15:00,7011AJ5M,渌渚镇,8.27
2025-06-16T19:15:00,7011AJ7R,山溪叶家,50.41
2025-06-16T19:15:00,7011AJ8R,山溪幕下,65.78
2025-06-16T19:15:00,7011AJ9R,山溪前桐,194.27
2025-06-16T19:15:00,7011AM2G,富春江水库严陵坞,23.07
2025-06-16T19:20:00,70101500,富春江电站(坝上),22.95
2025-06-16T19:20:00,70101501,富春江坝下,10.88
2025-06-16T19:20:00,70101800,窄溪,8.0
2025-06-16T19:20:00,70102300,闸口,6.33
2025-06-16T19:20:00,7010AJ33,渌渚,8.19
2025-06-16T19:20:00,7011AJ4M,新桐乡,7.84
2025-06-16T19:20:00,7011AJ5M,渌渚镇,8.26
2025-06-16T19:20:00,7011AJ7R,山溪叶家,50.41
2025-06-16T19:20:00,7011AJ8R,山溪幕下,65.78
2025-06-16T19:20:00,7011AJ9R,山溪前桐,194.28
2025-06-16T19:20:00,7011AM2G,富春江水库严陵坞,23.05
2025-06-16T19:25:00,70101500,富春江电站(坝上),22.93
2025-06-16T19:25:00,70101501,富春江坝下,10.77
2025-06-16T19:25:00,70101800,窄溪,7.97
2025-06-16T19:25:00,70102300,闸口,6.34
2025-06-16T19:25:00,7010AJ33,渌渚,8.16
2025-06-16T19:25:00,7011AJ4M,新桐乡,7.84
2025-06-16T19:25:00,7011AJ5M,渌渚镇,8.25
2025-06-16T19:25:00,7011AJ7R,山溪叶家,50.41
2025-06-16T19:25:00,7011AJ8R,山溪幕下,65.77
2025-06-16T19:25:00,7011AJ9R,山溪前桐,194.27
2025-06-16T19:25:00,7011AM2G,富春江水库严陵坞,23.05
2025-06-16T19:30:00,70101500,富春江电站(坝上),22.92
2025-06-16T19:30:00,70101501,富春江坝下,10.71
2025-06-16T19:30:00,70101800,窄溪,7.96
2025-06-16T19:30:00,70102300,闸口,6.33
2025-06-16T19:30:00,7010AJ33,渌渚,8.15
2025-06-16T19:30:00,7011AJ4M,新桐乡,7.83
2025-06-16T19:30:00,7011AJ5M,渌渚镇,8.23
2025-06-16T19:30:00,7011AJ7R,山溪叶家,50.42
2025-06-16T19:30:00,7011AJ8R,山溪幕下,65.78
2025-06-16T19:30:00,7011AJ9R,山溪前桐,194.28
2025-06-16T19:30:00,7011AM2G,富春江水库严陵坞,23.03
2025-06-16T19:35:00,70101500,富春江电站(坝上),22.91
2025-06-16T19:35:00,70101501,富春江坝下,10.76
2025-06-16T19:35:00,70101800,窄溪,7.96
2025-06-16T19:35:00,70102300,闸口,6.33
2025-06-16T19:35:00,7010AJ33,渌渚,8.15
2025-06-16T19:35:00,7011AJ4M,新桐乡,7.77
2025-06-16T19:35:00,7011AJ5M,渌渚镇,8.21
2025-06-16T19:35:00,7011AJ7R,山溪叶家,50.41
2025-06-16T19:35:00,7011AJ8R,山溪幕下,65.77
2025-06-16T19:35:00,7011AJ9R,山溪前桐,194.27
2025-06-16T19:35:00,7011AM2G,富春江水库严陵坞,23.03
2025-06-16T19:40:00,70101500,富春江电站(坝上),22.95
2025-06-16T19:40:00,70101501,富春江坝下,10.76
2025-06-16T19:40:00,70101800,窄溪,7.95
2025-06-16T19:40:00,70102300,闸口,6.33
2025-06-16T19:40:00,7010AJ33,渌渚,8.11
2025-06-16T19:40:00,7011AJ4M,新桐乡,7.77
2025-06-16T19:40:00,7011AJ5M,渌渚镇,8.2
2025-06-16T19:40:00,7011AJ7R,山溪叶家,50.41
2025-06-16T19:40:00,7011AJ8R,山溪幕下,65.77
2025-06-16T19:40:00,7011AJ9R,山溪前桐,194.27
2025-06-16T19:40:00,7011AM2G,富春江水库严陵坞,23.03
2025-06-16T19:45:00,70101500,富春江电站(坝上),22.94
2025-06-16T19:45:00,70101501,富春江坝下,10.74
2025-06-16T19:45:00,70101800,窄溪,7.94
2025-06-16T19:45:00,70102300,闸口,6.33
2025-06-16T19:45:00,7010AJ33,渌渚,8.1
2025-06-16T19:45:00,7011AJ4M,新桐乡,7.78
2025-06-16T19:45:00,7011AJ5M,渌渚镇,8.19
2025-06-16T19:45:00,7011AJ7R,山溪叶家,50.41
2025-06-16T19:45:00,7011AJ8R,山溪幕下,65.77
2025-06-16T19:45:00,7011AJ9R,山溪前桐,194.27
2025-06-16T19:45:00,7011AM2G,富春江水库严陵坞,23.03
2025-06-16T19:50:00,70101500,富春江电站(坝上),22.93
2025-06-16T19:50:00,70101501,富春江坝下,10.71
2025-06-16T19:50:00,70101800,窄溪,7.93
2025-06-16T19:50:00,70102300,闸口,6.33
2025-06-16T19:50:00,7010AJ33,渌渚,8.1
2025-06-16T19:50:00,7011AJ4M,新桐乡,7.78
2025-06-16T19:50:00,7011AJ5M,渌渚镇,8.17
2025-06-16T19:50:00,7011AJ7R,山溪叶家,50.4
2025-06-16T19:50:00,7011AJ8R,山溪幕下,65.77
2025-06-16T19:50:00,7011AJ9R,山溪前桐,194.27
2025-06-16T19:50:00,7011AM2G,富春江水库严陵坞,23.04
2025-06-16T19:55:00,70101500,富春江电站(坝上),22.93
2025-06-16T19:55:00,70101501,富春江坝下,10.74
2025-06-16T19:55:00,70101800,窄溪,7.92
2025-06-16T19:55:00,70102300,闸口,6.35
2025-06-16T19:55:00,7010AJ33,渌渚,8.07
2025-06-16T19:55:00,7011AJ4M,新桐乡,7.77
2025-06-16T19:55:00,7011AJ5M,渌渚镇,8.16
2025-06-16T19:55:00,7011AJ7R,山溪叶家,50.4
2025-06-16T19:55:00,7011AJ8R,山溪幕下,65.77
2025-06-16T19:55:00,7011AJ9R,山溪前桐,194.27
2025-06-16T19:55:00,7011AM2G,富春江水库严陵坞,23.04
2025-06-16T20:00:00,70101500,富春江电站(坝上),22.92
2025-06-16T20:00:00,70101501,富春江坝下,10.72
2025-06-16T20:00:00,70101800,窄溪,7.91
2025-06-16T20:00:00,70102300,闸口,6.36
2025-06-16T20:00:00,7010AJ33,渌渚,8.06
2025-06-16T20:00:00,7011AJ4M,新桐乡,7.75
2025-06-16T20:00:00,7011AJ5M,渌渚镇,8.15
2025-06-16T20:00:00,7011AJ7R,山溪叶家,50.4
2025-06-16T20:00:00,7011AJ8R,山溪幕下,65.77
2025-06-16T20:00:00,7011AJ9R,山溪前桐,194.27
2025-06-16T20:00:00,7011AM2G,富春江水库严陵坞,23.04
2025-06-16T20:05:00,70101500,富春江电站(坝上),22.93
2025-06-16T20:05:00,70101501,富春江坝下,10.7
2025-06-16T20:05:00,70101800,窄溪,7.89
2025-06-16T20:05:00,70102300,闸口,6.37
2025-06-16T20:05:00,7010AJ33,渌渚,8.06
2025-06-16T20:05:00,7011AJ4M,新桐乡,7.74
2025-06-16T20:05:00,7011AJ5M,渌渚镇,8.14
2025-06-16T20:05:00,7011AJ7R,山溪叶家,50.4
2025-06-16T20:05:00,7011AJ8R,山溪幕下,65.77
2025-06-16T20:05:00,7011AJ9R,山溪前桐,194.27
2025-06-16T20:05:00,7011AM2G,富春江水库严陵坞,23.03
2025-06-16T20:10:00,70101500,富春江电站(坝上),22.93
2025-06-16T20:10:00,70101501,富春江坝下,10.66
2025-06-16T20:10:00,70101800,窄溪,7.89
2025-06-16T20:10:00,70102300,闸口,6.39
2025-06-16T20:10:00,7010AJ33,渌渚,8.05
2025-06-16T20:10:00,7011AJ4M,新桐乡,7.73
2025-06-16T20:10:00,7011AJ5M,渌渚镇,8.13
2025-06-16T20:10:00,7011AJ7R,山溪叶家,50.4
2025-06-16T20:10:00,7011AJ8R,山溪幕下,65.77
2025-06-16T20:10:00,7011AJ9R,山溪前桐,194.27
2025-06-16T20:10:00,7011AM2G,富春江水库严陵坞,23.03
2025-06-16T20:15:00,70101500,富春江电站(坝上),22.91
2025-06-16T20:15:00,70101501,富春江坝下,10.68
2025-06-16T20:15:00,70101800,窄溪,7.87
2025-06-16T20:15:00,70102300,闸口,6.39
2025-06-16T20:15:00,7010AJ33,渌渚,8.05
2025-06-16T20:15:00,7011AJ4M,新桐乡,7.73
2025-06-16T20:15:00,7011AJ5M,渌渚镇,8.12
2025-06-16T20:15:00,7011AJ7R,山溪叶家,50.4
2025-06-16T20:15:00,7011AJ8R,山溪幕下,65.76
2025-06-16T20:15:00,7011AJ9R,山溪前桐,194.27
2025-06-16T20:15:00,7011AM2G,富春江水库严陵坞,23.03
2025-06-16T20:20:00,70101500,富春江电站(坝上),22.91
2025-06-16T20:20:00,70101501,富春江坝下,10.67
2025-06-16T20:20:00,70101800,窄溪,7.85
2025-06-16T20:20:00,70102300,闸口,6.4
2025-06-16T20:20:00,7010AJ33,渌渚,8.02
2025-06-16T20:20:00,7011AJ4M,新桐乡,7.7
2025-06-16T20:20:00,7011AJ5M,渌渚镇,8.11
2025-06-16T20:20:00,7011AJ7R,山溪叶家,50.4
2025-06-16T20:20:00,7011AJ8R,山溪幕下,65.77
2025-06-16T20:20:00,7011AJ9R,山溪前桐,194.27
2025-06-16T20:20:00,7011AM2G,富春江水库严陵坞,23.03
2025-06-16T20:25:00,70101500,富春江电站(坝上),22.93
2025-06-16T20:25:00,70101501,富春江坝下,10.68
2025-06-16T20:25:00,70101800,窄溪,7.85
2025-06-16T20:25:00,70102300,闸口,6.41
2025-06-16T20:25:00,7010AJ33,渌渚,8.01
2025-06-16T20:25:00,7011AJ4M,新桐乡,7.69
2025-06-16T20:25:00,7011AJ5M,渌渚镇,8.1
2025-06-16T20:25:00,7011AJ7R,山溪叶家,50.4
2025-06-16T20:25:00,7011AJ8R,山溪幕下,65.76
2025-06-16T20:25:00,7011AJ9R,山溪前桐,194.27
2025-06-16T20:25:00,7011AM2G,富春江水库严陵坞,23.03
2025-06-16T20:30:00,70101500,富春江电站(坝上),22.95
2025-06-16T20:30:00,70101501,富春江坝下,10.67
2025-06-16T20:30:00,70101800,窄溪,7.84
2025-06-16T20:30:00,70102300,闸口,6.41
2025-06-16T20:30:00,7010AJ33,渌渚,8.01
2025-06-16T20:30:00,7011AJ4M,新桐乡,7.69
2025-06-16T20:30:00,7011AJ5M,渌渚镇,8.08
2025-06-16T20:30:00,7011AJ7R,山溪叶家,50.39
2025-06-16T20:30:00,7011AJ8R,山溪幕下,65.76
2025-06-16T20:30:00,7011AJ9R,山溪前桐,194.27
2025-06-16T20:30:00,7011AM2G,富春江水库严陵坞,23.04
2025-06-16T20:35:00,70101500,富春江电站(坝上),22.95
2025-06-16T20:35:00,70101501,富春江坝下,10.6
2025-06-16T20:35:00,70101800,窄溪,7.84
2025-06-16T20:35:00,70102300,闸口,6.42
2025-06-16T20:35:00,7010AJ33,渌渚,7.99
2025-06-16T20:35:00,7011AJ4M,新桐乡,7.68
2025-06-16T20:35:00,7011AJ5M,渌渚镇,8.07
2025-06-16T20:35:00,7011AJ7R,山溪叶家,50.4
2025-06-16T20:35:00,7011AJ8R,山溪幕下,65.76
2025-06-16T20:35:00,7011AJ9R,山溪前桐,194.27
2025-06-16T20:35:00,7011AM2G,富春江水库严陵坞,23.04
2025-06-16T20:40:00,70101500,富春江电站(坝上),22.94
2025-06-16T20:40:00,70101501,富春江坝下,10.6
2025-06-16T20:40:00,70101800,窄溪,7.83
2025-06-16T20:40:00,70102300,闸口,6.43
2025-06-16T20:40:00,7010AJ33,渌渚,7.97
2025-06-16T20:40:00,7011AJ4M,新桐乡,7.68
2025-06-16T20:40:00,7011AJ5M,渌渚镇,8.06
2025-06-16T20:40:00,7011AJ7R,山溪叶家,50.4
2025-06-16T20:40:00,7011AJ8R,山溪幕下,65.76
2025-06-16T20:40:00,7011AJ9R,山溪前桐,194.27
2025-06-16T20:40:00,7011AM2G,富春江水库严陵坞,23.04
2025-06-16T20:45:00,70101500,富春江电站(坝上),22.94
2025-06-16T20:45:00,70101501,富春江坝下,10.66
2025-06-16T20:45:00,70101800,窄溪,7.81
2025-06-16T20:45:00,70102300,闸口,6.43
2025-06-16T20:45:00,7010AJ33,渌渚,7.95
2025-06-16T20:45:00,7011AJ4M,新桐乡,7.66
2025-06-16T20:45:00,7011AJ5M,渌渚镇,8.05
2025-06-16T20:45:00,7011AJ7R,山溪叶家,50.4
2025-06-16T20:45:00,7011AJ8R,山溪幕下,65.76
2025-06-16T20:45:00,7011AJ9R,山溪前桐,194.27
2025-06-16T20:45:00,7011AM2G,富春江水库严陵坞,23.04
2025-06-16T20:50:00,70101500,富春江电站(坝上),22.93
2025-06-16T20:50:00,70101501,富春江坝下,10.63
2025-06-16T20:50:00,70101800,窄溪,7.81
2025-06-16T20:50:00,70102300,闸口,6.42
2025-06-16T20:50:00,7010AJ33,渌渚,7.97
2025-06-16T20:50:00,7011AJ4M,新桐乡,7.65
2025-06-16T20:50:00,7011AJ5M,渌渚镇,8.04
2025-06-16T20:50:00,7011AJ7R,山溪叶家,50.39
2025-06-16T20:50:00,7011AJ8R,山溪幕下,65.76
2025-06-16T20:50:00,7011AJ9R,山溪前桐,194.27
2025-06-16T20:50:00,7011AM2G,富春江水库严陵坞,23.04
2025-06-16T20:55:00,70101500,富春江电站(坝上),22.94
2025-06-16T20:55:00,70101501,富春江坝下,10.6
2025-06-16T20:55:00,70101800,窄溪,7.8
2025-06-16T20:55:00,70102300,闸口,6.42
2025-06-16T20:55:00,7010AJ33,渌渚,7.95
2025-06-16T20:55:00,7011AJ4M,新桐乡,7.65
2025-06-16T20:55:00,7011AJ5M,渌渚镇,8.03
2025-06-16T20:55:00,7011AJ7R,山溪叶家,50.39
2025-06-16T20:55:00,7011AJ8R,山溪幕下,65.75
2025-06-16T20:55:00,7011AJ9R,山溪前桐,194.27
2025-06-16T20:55:00,7011AM2G,富春江水库严陵坞,23.04
2025-06-16T21:00:00,70101500,富春江电站(坝上),22.94
2025-06-16T21:00:00,70101501,富春江坝下,10.59
2025-06-16T21:00:00,70101800,窄溪,7.8
2025-06-16T21:00:00,70102300,闸口,6.42
2025-06-16T21:00:00,7010AJ33,渌渚,7.93
2025-06-16T21:00:00,7011AJ4M,新桐乡,7.65
2025-06-16T21:00:00,7011AJ5M,渌渚镇,8.02
2025-06-16T21:00:00,7011AJ7R,山溪叶家,50.39
2025-06-16T21:00:00,7011AJ8R,山溪幕下,65.76
2025-06-16T21:00:00,7011AJ9R,山溪前桐,194.26
2025-06-16T21:00:00,7011AM2G,富春江水库严陵坞,23.04
2025-06-16T21:05:00,70101500,富春江电站(坝上),22.94
2025-06-16T21:05:00,70101501,富春江坝下,10.58
2025-06-16T21:05:00,70101800,窄溪,7.77
2025-06-16T21:05:00,70102300,闸口,6.42
2025-06-16T21:05:00,7010AJ33,渌渚,7.93
2025-06-16T21:05:00,7011AJ4M,新桐乡,7.63
2025-06-16T21:05:00,7011AJ5M,渌渚镇,8.01
2025-06-16T21:05:00,7011AJ7R,山溪叶家,50.4
2025-06-16T21:05:00,7011AJ8R,山溪幕下,65.76
2025-06-16T21:05:00,7011AJ9R,山溪前桐,194.28
2025-06-16T21:05:00,7011AM2G,富春江水库严陵坞,23.04
2025-06-16T21:10:00,70101500,富春江电站(坝上),22.93
2025-06-16T21:10:00,70101501,富春江坝下,10.54
2025-06-16T21:10:00,70101800,窄溪,7.77
2025-06-16T21:10:00,70102300,闸口,6.42
2025-06-16T21:10:00,7010AJ33,渌渚,7.91
2025-06-16T21:10:00,7011AJ4M,新桐乡,7.61
2025-06-16T21:10:00,7011AJ5M,渌渚镇,8.0
2025-06-16T21:10:00,7011AJ7R,山溪叶家,50.39
2025-06-16T21:10:00,7011AJ8R,山溪幕下,65.75
2025-06-16T21:10:00,7011AJ9R,山溪前桐,194.27
2025-06-16T21:10:00,7011AM2G,富春江水库严陵坞,23.04
2025-06-16T21:15:00,70101500,富春江电站(坝上),22.93
2025-06-16T21:15:00,70101501,富春江坝下,10.56
2025-06-16T21:15:00,70101800,窄溪,7.76
2025-06-16T21:15:00,70102300,闸口,6.41
2025-06-16T21:15:00,7010AJ33,渌渚,7.91
2025-06-16T21:15:00,7011AJ4M,新桐乡,7.6
2025-06-16T21:15:00,7011AJ5M,渌渚镇,7.99
2025-06-16T21:15:00,7011AJ7R,山溪叶家,50.39
2025-06-16T21:15:00,7011AJ8R,山溪幕下,65.76
2025-06-16T21:15:00,7011AJ9R,山溪前桐,194.26
2025-06-16T21:15:00,7011AM2G,富春江水库严陵坞,23.04
2025-06-16T21:20:00,70101500,富春江电站(坝上),22.92
2025-06-16T21:20:00,70101501,富春江坝下,10.59
2025-06-16T21:20:00,70101800,窄溪,7.75
2025-06-16T21:20:00,70102300,闸口,6.41
2025-06-16T21:20:00,7010AJ33,渌渚,7.89
2025-06-16T21:20:00,7011AJ4M,新桐乡,7.58
2025-06-16T21:20:00,7011AJ5M,渌渚镇,7.99
2025-06-16T21:20:00,7011AJ7R,山溪叶家,50.39
2025-06-16T21:20:00,7011AJ8R,山溪幕下,65.75
2025-06-16T21:20:00,7011AJ9R,山溪前桐,194.26
2025-06-16T21:20:00,7011AM2G,富春江水库严陵坞,23.04
2025-06-16T21:25:00,70101500,富春江电站(坝上),22.91
2025-06-16T21:25:00,70101501,富春江坝下,10.58
2025-06-16T21:25:00,70101800,窄溪,7.74
2025-06-16T21:25:00,70102300,闸口,6.4
2025-06-16T21:25:00,7010AJ33,渌渚,7.89
2025-06-16T21:25:00,7011AJ4M,新桐乡,7.58
2025-06-16T21:25:00,7011AJ5M,渌渚镇,7.98
2025-06-16T21:25:00,7011AJ7R,山溪叶家,50.39
2025-06-16T21:25:00,7011AJ8R,山溪幕下,65.75
2025-06-16T21:25:00,7011AJ9R,山溪前桐,194.27
2025-06-16T21:25:00,7011AM2G,富春江水库严陵坞,23.03
2025-06-16T21:30:00,70101500,富春江电站(坝上),22.93
2025-06-16T21:30:00,70101501,富春江坝下,10.63
2025-06-16T21:30:00,70101800,窄溪,7.73
2025-06-16T21:30:00,70102300,闸口,6.4
2025-06-16T21:30:00,7010AJ33,渌渚,7.88
2025-06-16T21:30:00,7011AJ4M,新桐乡,7.58
2025-06-16T21:30:00,7011AJ5M,渌渚镇,7.97
2025-06-16T21:30:00,7011AJ7R,山溪叶家,50.39
2025-06-16T21:30:00,7011AJ8R,山溪幕下,65.75
2025-06-16T21:30:00,7011AJ9R,山溪前桐,194.26
2025-06-16T21:30:00,7011AM2G,富春江水库严陵坞,23.03
2025-06-16T21:35:00,70101500,富春江电站(坝上),22.92
2025-06-16T21:35:00,70101501,富春江坝下,10.59
2025-06-16T21:35:00,70101800,窄溪,7.73
2025-06-16T21:35:00,70102300,闸口,6.39
2025-06-16T21:35:00,7010AJ33,渌渚,7.86
2025-06-16T21:35:00,7011AJ4M,新桐乡,7.58
2025-06-16T21:35:00,7011AJ5M,渌渚镇,7.96
2025-06-16T21:35:00,7011AJ7R,山溪叶家,50.39
2025-06-16T21:35:00,7011AJ8R,山溪幕下,65.75
2025-06-16T21:35:00,7011AJ9R,山溪前桐,194.27
2025-06-16T21:35:00,7011AM2G,富春江水库严陵坞,23.03
2025-06-16T21:40:00,70101500,富春江电站(坝上),22.93
2025-06-16T21:40:00,70101501,富春江坝下,10.62
2025-06-16T21:40:00,70101800,窄溪,7.72
2025-06-16T21:40:00,70102300,闸口,6.39
2025-06-16T21:40:00,7010AJ33,渌渚,7.86
2025-06-16T21:40:00,7011AJ4M,新桐乡,7.57
2025-06-16T21:40:00,7011AJ5M,渌渚镇,7.95
2025-06-16T21:40:00,7011AJ7R,山溪叶家,50.39
2025-06-16T21:40:00,7011AJ8R,山溪幕下,65.75
2025-06-16T21:40:00,7011AJ9R,山溪前桐,194.26
2025-06-16T21:40:00,7011AM2G,富春江水库严陵坞,23.03
2025-06-16T21:45:00,70101500,富春江电站(坝上),22.9
2025-06-16T21:45:00,70101501,富春江坝下,10.47
2025-06-16T21:45:00,70101800,窄溪,7.72
2025-06-16T21:45:00,70102300,闸口,6.39
2025-06-16T21:45:00,7010AJ33,渌渚,7.86
2025-06-16T21:45:00,7011AJ4M,新桐乡,7.57
2025-06-16T21:45:00,7011AJ5M,渌渚镇,7.95
2025-06-16T21:45:00,7011AJ7R,山溪叶家,50.39
2025-06-16T21:45:00,7011AJ8R,山溪幕下,65.75
2025-06-16T21:45:00,7011AJ9R,山溪前桐,194.27
2025-06-16T21:45:00,7011AM2G,富春江水库严陵坞,23.02
2025-06-16T21:50:00,70101500,富春江电站(坝上),22.92
2025-06-16T21:50:00,70101501,富春江坝下,10.53
2025-06-16T21:50:00,70101800,窄溪,7.71
2025-06-16T21:50:00,70102300,闸口,6.38
2025-06-16T21:50:00,7010AJ33,渌渚,7.84
2025-06-16T21:50:00,7011AJ4M,新桐乡,7.57
2025-06-16T21:50:00,7011AJ5M,渌渚镇,7.93
2025-06-16T21:50:00,7011AJ7R,山溪叶家,50.39
2025-06-16T21:50:00,7011AJ8R,山溪幕下,65.75
2025-06-16T21:50:00,7011AJ9R,山溪前桐,194.26
2025-06-16T21:50:00,7011AM2G,富春江水库严陵坞,23.02
2025-06-16T21:55:00,70101500,富春江电站(坝上),22.91
2025-06-16T21:55:00,70101501,富春江坝下,10.55
2025-06-16T21:55:00,70101800,窄溪,7.71
2025-06-16T21:55:00,70102300,闸口,6.37
2025-06-16T21:55:00,7010AJ33,渌渚,7.84
2025-06-16T21:55:00,7011AJ4M,新桐乡,7.53
2025-06-16T21:55:00,7011AJ5M,渌渚镇,7.93
2025-06-16T21:55:00,7011AJ7R,山溪叶家,50.39
2025-06-16T21:55:00,7011AJ8R,山溪幕下,65.75
2025-06-16T21:55:00,7011AJ9R,山溪前桐,194.26
2025-06-16T21:55:00,7011AM2G,富春江水库严陵坞,23.01
2025-06-16T22:00:00,70101500,富春江电站(坝上),22.91
2025-06-16T22:00:00,70101501,富春江坝下,10.59
2025-06-16T22:00:00,70101800,窄溪,7.7
2025-06-16T22:00:00,70102300,闸口,6.37
2025-06-16T22:00:00,7010AJ33,渌渚,7.84
2025-06-16T22:00:00,7011AJ4M,新桐乡,7.53
2025-06-16T22:00:00,7011AJ5M,渌渚镇,7.93
2025-06-16T22:00:00,7011AJ7R,山溪叶家,50.38
2025-06-16T22:00:00,7011AJ8R,山溪幕下,65.75
2025-06-16T22:00:00,7011AJ9R,山溪前桐,194.26
2025-06-16T22:00:00,7011AM2G,富春江水库严陵坞,23.01
2025-06-16T22:05:00,70101500,富春江电站(坝上),22.9
2025-06-16T22:05:00,70101501,富春江坝下,10.56
2025-06-16T22:05:00,70101800,窄溪,7.69
2025-06-16T22:05:00,70102300,闸口,6.36
2025-06-16T22:05:00,7010AJ33,渌渚,7.82
2025-06-16T22:05:00,7011AJ4M,新桐乡,7.52
2025-06-16T22:05:00,7011AJ5M,渌渚镇,7.91
2025-06-16T22:05:00,7011AJ7R,山溪叶家,50.39
2025-06-16T22:05:00,7011AJ8R,山溪幕下,65.75
2025-06-16T22:05:00,7011AJ9R,山溪前桐,194.27
2025-06-16T22:05:00,7011AM2G,富春江水库严陵坞,23.01
2025-06-16T22:10:00,70101500,富春江电站(坝上),22.91
2025-06-16T22:10:00,70101501,富春江坝下,10.5
2025-06-16T22:10:00,70101800,窄溪,7.68
2025-06-16T22:10:00,70102300,闸口,6.35
2025-06-16T22:10:00,7010AJ33,渌渚,7.82
2025-06-16T22:10:00,7011AJ4M,新桐乡,7.51
2025-06-16T22:10:00,7011AJ5M,渌渚镇,7.91
2025-06-16T22:10:00,7011AJ7R,山溪叶家,50.38
2025-06-16T22:10:00,7011AJ8R,山溪幕下,65.75
2025-06-16T22:10:00,7011AJ9R,山溪前桐,194.27
2025-06-16T22:10:00,7011AM2G,富春江水库严陵坞,23.01
2025-06-16T22:15:00,70101500,富春江电站(坝上),22.91
2025-06-16T22:15:00,70101501,富春江坝下,10.6
2025-06-16T22:15:00,70101800,窄溪,7.68
2025-06-16T22:15:00,70102300,闸口,6.35
2025-06-16T22:15:00,7010AJ33,渌渚,7.82
2025-06-16T22:15:00,7011AJ4M,新桐乡,7.5
2025-06-16T22:15:00,7011AJ5M,渌渚镇,7.9
2025-06-16T22:15:00,7011AJ7R,山溪叶家,50.38
2025-06-16T22:15:00,7011AJ8R,山溪幕下,65.74
2025-06-16T22:15:00,7011AJ9R,山溪前桐,194.27
2025-06-16T22:15:00,7011AM2G,富春江水库严陵坞,23.01
2025-06-16T22:20:00,70101500,富春江电站(坝上),22.9
2025-06-16T22:20:00,70101501,富春江坝下,10.47
2025-06-16T22:20:00,70101800,窄溪,7.68
2025-06-16T22:20:00,70102300,闸口,6.34
2025-06-16T22:20:00,7010AJ33,渌渚,7.8
2025-06-16T22:20:00,7011AJ4M,新桐乡,7.5
2025-06-16T22:20:00,7011AJ5M,渌渚镇,7.9
2025-06-16T22:20:00,7011AJ7R,山溪叶家,50.38
2025-06-16T22:20:00,7011AJ8R,山溪幕下,65.74
2025-06-16T22:20:00,7011AJ9R,山溪前桐,194.26
2025-06-16T22:20:00,7011AM2G,富春江水库严陵坞,23.02
2025-06-16T22:25:00,70101500,富春江电站(坝上),22.89
2025-06-16T22:25:00,70101501,富春江坝下,10.58
2025-06-16T22:25:00,70101800,窄溪,7.68
2025-06-16T22:25:00,70102300,闸口,6.34
2025-06-16T22:25:00,7010AJ33,渌渚,7.8
2025-06-16T22:25:00,7011AJ4M,新桐乡,7.46
2025-06-16T22:25:00,7011AJ5M,渌渚镇,7.89
2025-06-16T22:25:00,7011AJ7R,山溪叶家,50.39
2025-06-16T22:25:00,7011AJ8R,山溪幕下,65.75
2025-06-16T22:25:00,7011AJ9R,山溪前桐,194.26
2025-06-16T22:25:00,7011AM2G,富春江水库严陵坞,23.01
2025-06-16T22:30:00,70101500,富春江电站(坝上),22.89
2025-06-16T22:30:00,70101501,富春江坝下,10.53
2025-06-16T22:30:00,70101800,窄溪,7.66
2025-06-16T22:30:00,70102300,闸口,6.33
2025-06-16T22:30:00,7010AJ33,渌渚,7.78
2025-06-16T22:30:00,7011AJ4M,新桐乡,7.45
2025-06-16T22:30:00,7011AJ5M,渌渚镇,7.89
2025-06-16T22:30:00,7011AJ7R,山溪叶家,50.38
2025-06-16T22:30:00,7011AJ8R,山溪幕下,65.74
2025-06-16T22:30:00,7011AJ9R,山溪前桐,194.27
2025-06-16T22:30:00,7011AM2G,富春江水库严陵坞,23.01
2025-06-16T22:35:00,70101500,富春江电站(坝上),22.92
2025-06-16T22:35:00,70101501,富春江坝下,10.5
2025-06-16T22:35:00,70101800,窄溪,7.66
2025-06-16T22:35:00,70102300,闸口,6.32
2025-06-16T22:35:00,7010AJ33,渌渚,7.78
2025-06-16T22:35:00,7011AJ4M,新桐乡,7.45
2025-06-16T22:35:00,7011AJ5M,渌渚镇,7.88
2025-06-16T22:35:00,7011AJ7R,山溪叶家,50.38
2025-06-16T22:35:00,7011AJ8R,山溪幕下,65.74
2025-06-16T22:35:00,7011AJ9R,山溪前桐,194.27
2025-06-16T22:35:00,7011AM2G,富春江水库严陵坞,23.01
2025-06-16T22:40:00,70101500,富春江电站(坝上),22.92
2025-06-16T22:40:00,70101501,富春江坝下,10.45
2025-06-16T22:40:00,70101800,窄溪,7.64
2025-06-16T22:40:00,70102300,闸口,6.3
2025-06-16T22:40:00,7010AJ33,渌渚,7.78
2025-06-16T22:40:00,7011AJ4M,新桐乡,7.45
2025-06-16T22:40:00,7011AJ5M,渌渚镇,7.86
2025-06-16T22:40:00,7011AJ7R,山溪叶家,50.38
2025-06-16T22:40:00,7011AJ8R,山溪幕下,65.74
2025-06-16T22:40:00,7011AJ9R,山溪前桐,194.26
2025-06-16T22:40:00,7011AM2G,富春江水库严陵坞,23.02
2025-06-16T22:45:00,70101500,富春江电站(坝上),22.93
2025-06-16T22:45:00,70101501,富春江坝下,10.55
2025-06-16T22:45:00,70101800,窄溪,7.64
2025-06-16T22:45:00,70102300,闸口,6.3
2025-06-16T22:45:00,7010AJ33,渌渚,7.78
2025-06-16T22:45:00,7011AJ4M,新桐乡,7.47
2025-06-16T22:45:00,7011AJ5M,渌渚镇,7.86
2025-06-16T22:45:00,7011AJ7R,山溪叶家,50.38
2025-06-16T22:45:00,7011AJ8R,山溪幕下,65.74
2025-06-16T22:45:00,7011AJ9R,山溪前桐,194.26
2025-06-16T22:45:00,7011AM2G,富春江水库严陵坞,23.02
2025-06-16T22:50:00,70101500,富春江电站(坝上),22.93
2025-06-16T22:50:00,70101501,富春江坝下,10.57
2025-06-16T22:50:00,70101800,窄溪,7.64
2025-06-16T22:50:00,70102300,闸口,6.3
2025-06-16T22:50:00,7010AJ33,渌渚,7.76
2025-06-16T22:50:00,7011AJ4M,新桐乡,7.47
2025-06-16T22:50:00,7011AJ5M,渌渚镇,7.86
2025-06-16T22:50:00,7011AJ7R,山溪叶家,50.38
2025-06-16T22:50:00,7011AJ8R,山溪幕下,65.74
2025-06-16T22:50:00,7011AJ9R,山溪前桐,194.26
2025-06-16T22:50:00,7011AM2G,富春江水库严陵坞,23.03
2025-06-16T22:55:00,70101500,富春江电站(坝上),22.93
2025-06-16T22:55:00,70101501,富春江坝下,10.55
2025-06-16T22:55:00,70101800,窄溪,7.64
2025-06-16T22:55:00,70102300,闸口,6.29
2025-06-16T22:55:00,7010AJ33,渌渚,7.76
2025-06-16T22:55:00,7011AJ4M,新桐乡,7.47
2025-06-16T22:55:00,7011AJ5M,渌渚镇,7.85
2025-06-16T22:55:00,7011AJ7R,山溪叶家,50.38
2025-06-16T22:55:00,7011AJ8R,山溪幕下,65.74
2025-06-16T22:55:00,7011AJ9R,山溪前桐,194.26
2025-06-16T22:55:00,7011AM2G,富春江水库严陵坞,23.03
2025-06-16T23:00:00,70101500,富春江电站(坝上),22.92
2025-06-16T23:00:00,70101501,富春江坝下,10.55
2025-06-16T23:00:00,70101800,窄溪,7.64
2025-06-16T23:00:00,70102300,闸口,6.29
2025-06-16T23:00:00,7010AJ33,渌渚,7.76
2025-06-16T23:00:00,7011AJ4M,新桐乡,7.47
2025-06-16T23:00:00,7011AJ5M,渌渚镇,7.85
2025-06-16T23:00:00,7011AJ7R,山溪叶家,50.38
2025-06-16T23:00:00,7011AJ8R,山溪幕下,65.73
2025-06-16T23:00:00,7011AJ9R,山溪前桐,194.26
2025-06-16T23:00:00,7011AM2G,富春江水库严陵坞,23.03
2025-06-16T23:05:00,70101500,富春江电站(坝上),22.92
2025-06-16T23:05:00,70101501,富春江坝下,10.46
2025-06-16T23:05:00,70101800,窄溪,7.64
2025-06-16T23:05:00,70102300,闸口,6.29
2025-06-16T23:05:00,7010AJ33,渌渚,7.76
2025-06-16T23:05:00,7011AJ4M,新桐乡,7.47
2025-06-16T23:05:00,7011AJ5M,渌渚镇,7.84
2025-06-16T23:05:00,7011AJ7R,山溪叶家,50.38
2025-06-16T23:05:00,7011AJ8R,山溪幕下,65.74
2025-06-16T23:05:00,7011AJ9R,山溪前桐,194.26
2025-06-16T23:05:00,7011AM2G,富春江水库严陵坞,23.03
2025-06-16T23:10:00,70101500,富春江电站(坝上),22.92
2025-06-16T23:10:00,70101501,富春江坝下,10.47
2025-06-16T23:10:00,70101800,窄溪,7.63
2025-06-16T23:10:00,70102300,闸口,6.28
2025-06-16T23:10:00,7010AJ33,渌渚,7.74
2025-06-16T23:10:00,7011AJ4M,新桐乡,7.43
2025-06-16T23:10:00,7011AJ5M,渌渚镇,7.84
2025-06-16T23:10:00,7011AJ7R,山溪叶家,50.38
2025-06-16T23:10:00,7011AJ8R,山溪幕下,65.73
2025-06-16T23:10:00,7011AJ9R,山溪前桐,194.26
2025-06-16T23:10:00,7011AM2G,富春江水库严陵坞,23.03
2025-06-16T23:15:00,70101500,富春江电站(坝上),22.92
2025-06-16T23:15:00,70101501,富春江坝下,10.51
2025-06-16T23:15:00,70101800,窄溪,7.63
2025-06-16T23:15:00,70102300,闸口,6.26
2025-06-16T23:15:00,7010AJ33,渌渚,7.76
2025-06-16T23:15:00,7011AJ4M,新桐乡,7.43
2025-06-16T23:15:00,7011AJ5M,渌渚镇,7.84
2025-06-16T23:15:00,7011AJ7R,山溪叶家,50.38
2025-06-16T23:15:00,7011AJ8R,山溪幕下,65.73
2025-06-16T23:15:00,7011AJ9R,山溪前桐,194.26
2025-06-16T23:15:00,7011AM2G,富春江水库严陵坞,23.03
2025-06-16T23:20:00,70101500,富春江电站(坝上),22.92
2025-06-16T23:20:00,70101501,富春江坝下,10.53
2025-06-16T23:20:00,70101800,窄溪,7.62
2025-06-16T23:20:00,70102300,闸口,6.26
2025-06-16T23:20:00,7010AJ33,渌渚,7.74
2025-06-16T23:20:00,7011AJ4M,新桐乡,7.45
2025-06-16T23:20:00,7011AJ5M,渌渚镇,7.83
2025-06-16T23:20:00,7011AJ7R,山溪叶家,50.38
2025-06-16T23:20:00,7011AJ8R,山溪幕下,65.74
2025-06-16T23:20:00,7011AJ9R,山溪前桐,194.26
2025-06-16T23:20:00,7011AM2G,富春江水库严陵坞,23.03
2025-06-16T23:25:00,70101500,富春江电站(坝上),22.92
2025-06-16T23:25:00,70101501,富春江坝下,10.52
2025-06-16T23:25:00,70101800,窄溪,7.62
2025-06-16T23:25:00,70102300,闸口,6.26
2025-06-16T23:25:00,7010AJ33,渌渚,7.74
2025-06-16T23:25:00,7011AJ4M,新桐乡,7.45
2025-06-16T23:25:00,7011AJ5M,渌渚镇,7.83
2025-06-16T23:25:00,7011AJ7R,山溪叶家,50.38
2025-06-16T23:25:00,7011AJ8R,山溪幕下,65.73
2025-06-16T23:25:00,7011AJ9R,山溪前桐,194.26
2025-06-16T23:25:00,7011AM2G,富春江水库严陵坞,23.02
2025-06-16T23:30:00,70101500,富春江电站(坝上),22.89
2025-06-16T23:30:00,70101501,富春江坝下,10.51
2025-06-16T23:30:00,70101800,窄溪,7.6
2025-06-16T23:30:00,70102300,闸口,6.25
2025-06-16T23:30:00,7010AJ33,渌渚,7.74
2025-06-16T23:30:00,7011AJ4M,新桐乡,7.44
2025-06-16T23:30:00,7011AJ5M,渌渚镇,7.83
2025-06-16T23:30:00,7011AJ7R,山溪叶家,50.38
2025-06-16T23:30:00,7011AJ8R,山溪幕下,65.73
2025-06-16T23:30:00,7011AJ9R,山溪前桐,194.26
2025-06-16T23:30:00,7011AM2G,富春江水库严陵坞,23.01
2025-06-16T23:35:00,70101500,富春江电站(坝上),22.9
2025-06-16T23:35:00,70101501,富春江坝下,10.43
2025-06-16T23:35:00,70101800,窄溪,7.6
2025-06-16T23:35:00,70102300,闸口,6.25
2025-06-16T23:35:00,7010AJ33,渌渚,7.72
2025-06-16T23:35:00,7011AJ4M,新桐乡,7.44
2025-06-16T23:35:00,7011AJ5M,渌渚镇,7.82
2025-06-16T23:35:00,7011AJ7R,山溪叶家,50.38
2025-06-16T23:35:00,7011AJ8R,山溪幕下,65.72
2025-06-16T23:35:00,7011AJ9R,山溪前桐,194.27
2025-06-16T23:35:00,7011AM2G,富春江水库严陵坞,23.01
2025-06-16T23:40:00,70101500,富春江电站(坝上),22.87
2025-06-16T23:40:00,70101501,富春江坝下,10.48
2025-06-16T23:40:00,70101800,窄溪,7.6
2025-06-16T23:40:00,70102300,闸口,6.24
2025-06-16T23:40:00,7010AJ33,渌渚,7.72
2025-06-16T23:40:00,7011AJ4M,新桐乡,7.41
2025-06-16T23:40:00,7011AJ5M,渌渚镇,7.82
2025-06-16T23:40:00,7011AJ7R,山溪叶家,50.38
2025-06-16T23:40:00,7011AJ8R,山溪幕下,65.73
2025-06-16T23:40:00,7011AJ9R,山溪前桐,194.26
2025-06-16T23:40:00,7011AM2G,富春江水库严陵坞,22.99
2025-06-16T23:45:00,70101500,富春江电站(坝上),22.87
2025-06-16T23:45:00,70101501,富春江坝下,10.51
2025-06-16T23:45:00,70101800,窄溪,7.6
2025-06-16T23:45:00,70102300,闸口,6.24
2025-06-16T23:45:00,7010AJ33,渌渚,7.72
2025-06-16T23:45:00,7011AJ4M,新桐乡,7.38
2025-06-16T23:45:00,7011AJ5M,渌渚镇,7.82
2025-06-16T23:45:00,7011AJ7R,山溪叶家,50.38
2025-06-16T23:45:00,7011AJ8R,山溪幕下,65.73
2025-06-16T23:45:00,7011AJ9R,山溪前桐,194.27
2025-06-16T23:45:00,7011AM2G,富春江水库严陵坞,22.99
2025-06-16T23:50:00,70101500,富春江电站(坝上),22.86
2025-06-16T23:50:00,70101501,富春江坝下,10.43
2025-06-16T23:50:00,70101800,窄溪,7.59
2025-06-16T23:50:00,70102300,闸口,6.22
2025-06-16T23:50:00,7010AJ33,渌渚,7.72
2025-06-16T23:50:00,7011AJ4M,新桐乡,7.37
2025-06-16T23:50:00,7011AJ5M,渌渚镇,7.81
2025-06-16T23:50:00,7011AJ7R,山溪叶家,50.38
2025-06-16T23:50:00,7011AJ8R,山溪幕下,65.72
2025-06-16T23:50:00,7011AJ9R,山溪前桐,194.26
2025-06-16T23:50:00,7011AM2G,富春江水库严陵坞,22.98
2025-06-16T23:55:00,70101500,富春江电站(坝上),22.87
2025-06-16T23:55:00,70101501,富春江坝下,10.43
2025-06-16T23:55:00,70101800,窄溪,7.59
2025-06-16T23:55:00,70102300,闸口,6.22
2025-06-16T23:55:00,7010AJ33,渌渚,7.72
2025-06-16T23:55:00,7011AJ4M,新桐乡,7.36
2025-06-16T23:55:00,7011AJ5M,渌渚镇,7.81
2025-06-16T23:55:00,7011AJ7R,山溪叶家,50.38
2025-06-16T23:55:00,7011AJ8R,山溪幕下,65.72
2025-06-16T23:55:00,7011AJ9R,山溪前桐,194.26
2025-06-16T23:55:00,7011AM2G,富春江水库严陵坞,22.97
2025-06-17T00:00:00,70101500,富春江电站(坝上),22.86
2025-06-17T00:00:00,70101501,富春江坝下,10.51
2025-06-17T00:00:00,70101800,窄溪,7.59
2025-06-17T00:00:00,70102300,闸口,6.22
2025-06-17T00:00:00,7010AJ33,渌渚,7.72
2025-06-17T00:00:00,7011AJ4M,新桐乡,7.36
2025-06-17T00:00:00,7011AJ5M,渌渚镇,7.81
2025-06-17T00:00:00,7011AJ7R,山溪叶家,50.37
2025-06-17T00:00:00,7011AJ8R,山溪幕下,65.72
2025-06-17T00:00:00,7011AJ9R,山溪前桐,194.26
2025-06-17T00:00:00,7011AM2G,富春江水库严陵坞,22.96
2025-06-17T00:05:00,70101500,富春江电站(坝上),22.71
2025-06-17T00:05:00,70101501,富春江坝下,10.69
2025-06-17T00:05:00,70101800,窄溪,7.58
2025-06-17T00:05:00,70102300,闸口,6.22
2025-06-17T00:05:00,7010AJ33,渌渚,7.7
2025-06-17T00:05:00,7011AJ4M,新桐乡,7.36
2025-06-17T00:05:00,7011AJ5M,渌渚镇,7.8
2025-06-17T00:05:00,7011AJ7R,山溪叶家,50.37
2025-06-17T00:05:00,7011AJ8R,山溪幕下,65.72
2025-06-17T00:05:00,7011AJ9R,山溪前桐,194.26
2025-06-17T00:05:00,7011AM2G,富春江水库严陵坞,22.95
2025-06-17T00:10:00,70101500,富春江电站(坝上),22.98
2025-06-17T00:10:00,70101501,富春江坝下,10.53
2025-06-17T00:10:00,70101800,窄溪,7.56
2025-06-17T00:10:00,70102300,闸口,6.21
2025-06-17T00:10:00,7010AJ33,渌渚,7.7
2025-06-17T00:10:00,7011AJ4M,新桐乡,7.38
2025-06-17T00:10:00,7011AJ5M,渌渚镇,7.8
2025-06-17T00:10:00,7011AJ7R,山溪叶家,50.37
2025-06-17T00:10:00,7011AJ8R,山溪幕下,65.72
2025-06-17T00:10:00,7011AJ9R,山溪前桐,194.26
2025-06-17T00:10:00,7011AM2G,富春江水库严陵坞,22.84
2025-06-17T00:15:00,70101500,富春江电站(坝上),22.99
2025-06-17T00:15:00,70101501,富春江坝下,10.4
2025-06-17T00:15:00,70101800,窄溪,7.56
2025-06-17T00:15:00,70102300,闸口,6.21
2025-06-17T00:15:00,7010AJ33,渌渚,7.68
2025-06-17T00:15:00,7011AJ4M,新桐乡,7.4
2025-06-17T00:15:00,7011AJ5M,渌渚镇,7.79
2025-06-17T00:15:00,7011AJ7R,山溪叶家,50.37
2025-06-17T00:15:00,7011AJ8R,山溪幕下,65.71
2025-06-17T00:15:00,7011AJ9R,山溪前桐,194.26
2025-06-17T00:15:00,7011AM2G,富春江水库严陵坞,23.02
2025-06-17T00:20:00,70101500,富春江电站(坝上),23.0
2025-06-17T00:20:00,70101501,富春江坝下,10.34
2025-06-17T00:20:00,70101800,窄溪,7.56
2025-06-17T00:20:00,70102300,闸口,6.2
2025-06-17T00:20:00,7010AJ33,渌渚,7.68
2025-06-17T00:20:00,7011AJ4M,新桐乡,7.39
2025-06-17T00:20:00,7011AJ5M,渌渚镇,7.78
2025-06-17T00:20:00,7011AJ7R,山溪叶家,50.37
2025-06-17T00:20:00,7011AJ8R,山溪幕下,65.72
2025-06-17T00:20:00,7011AJ9R,山溪前桐,194.26
2025-06-17T00:20:00,7011AM2G,富春江水库严陵坞,23.08
2025-06-17T00:25:00,70101500,富春江电站(坝上),23.01
2025-06-17T00:25:00,70101501,富春江坝下,10.34
2025-06-17T00:25:00,70101800,窄溪,7.56
2025-06-17T00:25:00,70102300,闸口,6.2
2025-06-17T00:25:00,7010AJ33,渌渚,7.68
2025-06-17T00:25:00,7011AJ4M,新桐乡,7.39
2025-06-17T00:25:00,7011AJ5M,渌渚镇,7.78
2025-06-17T00:25:00,7011AJ7R,山溪叶家,50.37
2025-06-17T00:25:00,7011AJ8R,山溪幕下,65.72
2025-06-17T00:25:00,7011AJ9R,山溪前桐,194.26
2025-06-17T00:25:00,7011AM2G,富春江水库严陵坞,23.12
2025-06-17T00:30:00,70101500,富春江电站(坝上),23.03
2025-06-17T00:30:00,70101501,富春江坝下,10.28
2025-06-17T00:30:00,70101800,窄溪,7.56
2025-06-17T00:30:00,70102300,闸口,6.18
2025-06-17T00:30:00,7010AJ33,渌渚,7.66
2025-06-17T00:30:00,7011AJ4M,新桐乡,7.37
2025-06-17T00:30:00,7011AJ5M,渌渚镇,7.77
2025-06-17T00:30:00,7011AJ7R,山溪叶家,50.37
2025-06-17T00:30:00,7011AJ8R,山溪幕下,65.71
2025-06-17T00:30:00,7011AJ9R,山溪前桐,194.26
2025-06-17T00:30:00,7011AM2G,富春江水库严陵坞,23.12
2025-06-17T00:35:00,70101500,富春江电站(坝上),23.02
2025-06-17T00:35:00,70101501,富春江坝下,10.2
2025-06-17T00:35:00,70101800,窄溪,7.55
2025-06-17T00:35:00,70102300,闸口,6.18
2025-06-17T00:35:00,7010AJ33,渌渚,7.66
2025-06-17T00:35:00,7011AJ4M,新桐乡,7.37
2025-06-17T00:35:00,7011AJ5M,渌渚镇,7.77
2025-06-17T00:35:00,7011AJ7R,山溪叶家,50.37
2025-06-17T00:35:00,7011AJ8R,山溪幕下,65.71
2025-06-17T00:35:00,7011AJ9R,山溪前桐,194.26
2025-06-17T00:35:00,7011AM2G,富春江水库严陵坞,23.13
2025-06-17T00:40:00,70101500,富春江电站(坝上),23.03
2025-06-17T00:40:00,70101501,富春江坝下,10.17
2025-06-17T00:40:00,70101800,窄溪,7.56
2025-06-17T00:40:00,70102300,闸口,6.18
2025-06-17T00:40:00,7010AJ33,渌渚,7.66
2025-06-17T00:40:00,7011AJ4M,新桐乡,7.37
2025-06-17T00:40:00,7011AJ5M,渌渚镇,7.77
2025-06-17T00:40:00,7011AJ7R,山溪叶家,50.37
2025-06-17T00:40:00,7011AJ8R,山溪幕下,65.71
2025-06-17T00:40:00,7011AJ9R,山溪前桐,194.26
2025-06-17T00:40:00,7011AM2G,富春江水库严陵坞,23.12
2025-06-17T00:45:00,70101500,富春江电站(坝上),23.04
2025-06-17T00:45:00,70101501,富春江坝下,10.23
2025-06-17T00:45:00,70101800,窄溪,7.52
2025-06-17T00:45:00,70102300,闸口,6.18
2025-06-17T00:45:00,7010AJ33,渌渚,7.64
2025-06-17T00:45:00,7011AJ4M,新桐乡,7.36
2025-06-17T00:45:00,7011AJ5M,渌渚镇,7.76
2025-06-17T00:45:00,7011AJ7R,山溪叶家,50.37
2025-06-17T00:45:00,7011AJ8R,山溪幕下,65.71
2025-06-17T00:45:00,7011AJ9R,山溪前桐,194.26
2025-06-17T00:45:00,7011AM2G,富春江水库严陵坞,23.13
2025-06-17T00:50:00,70101500,富春江电站(坝上),23.01
2025-06-17T00:50:00,70101501,富春江坝下,10.17
2025-06-17T00:50:00,70101800,窄溪,7.51
2025-06-17T00:50:00,70102300,闸口,6.18
2025-06-17T00:50:00,7010AJ33,渌渚,7.64
2025-06-17T00:50:00,7011AJ4M,新桐乡,7.34
2025-06-17T00:50:00,7011AJ5M,渌渚镇,7.76
2025-06-17T00:50:00,7011AJ7R,山溪叶家,50.37
2025-06-17T00:50:00,7011AJ8R,山溪幕下,65.71
2025-06-17T00:50:00,7011AJ9R,山溪前桐,194.26
2025-06-17T00:50:00,7011AM2G,富春江水库严陵坞,23.13
2025-06-17T00:55:00,70101500,富春江电站(坝上),23.06
2025-06-17T00:55:00,70101501,富春江坝下,10.16
2025-06-17T00:55:00,70101800,窄溪,7.5
2025-06-17T00:55:00,70102300,闸口,6.17
2025-06-17T00:55:00,7010AJ33,渌渚,7.64
2025-06-17T00:55:00,7011AJ4M,新桐乡,7.34
2025-06-17T00:55:00,7011AJ5M,渌渚镇,7.75
2025-06-17T00:55:00,7011AJ7R,山溪叶家,50.36
2025-06-17T00:55:00,7011AJ8R,山溪幕下,65.71
2025-06-17T00:55:00,7011AJ9R,山溪前桐,194.26
2025-06-17T00:55:00,7011AM2G,富春江水库严陵坞,23.13
2025-06-17T01:00:00,70101500,富春江电站(坝上),23.02
2025-06-17T01:00:00,70101501,富春江坝下,10.13
2025-06-17T01:00:00,70101800,窄溪,7.49
2025-06-17T01:00:00,70102300,闸口,6.17
2025-06-17T01:00:00,7010AJ33,渌渚,7.63
2025-06-17T01:00:00,7011AJ4M,新桐乡,7.34
2025-06-17T01:00:00,7011AJ5M,渌渚镇,7.75
2025-06-17T01:00:00,7011AJ7R,山溪叶家,50.37
2025-06-17T01:00:00,7011AJ8R,山溪幕下,65.71
2025-06-17T01:00:00,7011AJ9R,山溪前桐,194.26
2025-06-17T01:00:00,7011AM2G,富春江水库严陵坞,23.12
2025-06-17T01:05:00,70101500,富春江电站(坝上),23.01
2025-06-17T01:05:00,70101501,富春江坝下,10.14
2025-06-17T01:05:00,70101800,窄溪,7.48
2025-06-17T01:05:00,70102300,闸口,6.16
2025-06-17T01:05:00,7010AJ33,渌渚,7.61
2025-06-17T01:05:00,7011AJ4M,新桐乡,7.34
2025-06-17T01:05:00,7011AJ5M,渌渚镇,7.75
2025-06-17T01:05:00,7011AJ7R,山溪叶家,50.37
2025-06-17T01:05:00,7011AJ8R,山溪幕下,65.71
2025-06-17T01:05:00,7011AJ9R,山溪前桐,194.26
2025-06-17T01:05:00,7011AM2G,富春江水库严陵坞,23.1
2025-06-17T01:10:00,70101500,富春江电站(坝上),22.97
2025-06-17T01:10:00,70101501,富春江坝下,10.12
2025-06-17T01:10:00,70101800,窄溪,7.47
2025-06-17T01:10:00,70102300,闸口,6.16
2025-06-17T01:10:00,7010AJ33,渌渚,7.59
2025-06-17T01:10:00,7011AJ4M,新桐乡,7.33
2025-06-17T01:10:00,7011AJ5M,渌渚镇,7.74
2025-06-17T01:10:00,7011AJ7R,山溪叶家,50.37
2025-06-17T01:10:00,7011AJ8R,山溪幕下,65.71
2025-06-17T01:10:00,7011AJ9R,山溪前桐,194.25
2025-06-17T01:10:00,7011AM2G,富春江水库严陵坞,23.09
2025-06-17T01:15:00,70101500,富春江电站(坝上),22.97
2025-06-17T01:15:00,70101501,富春江坝下,10.15
2025-06-17T01:15:00,70101800,窄溪,7.45
2025-06-17T01:15:00,70102300,闸口,6.15
2025-06-17T01:15:00,7010AJ33,渌渚,7.59
2025-06-17T01:15:00,7011AJ4M,新桐乡,7.32
2025-06-17T01:15:00,7011AJ5M,渌渚镇,7.73
2025-06-17T01:15:00,7011AJ7R,山溪叶家,50.37
2025-06-17T01:15:00,7011AJ8R,山溪幕下,65.7
2025-06-17T01:15:00,7011AJ9R,山溪前桐,194.26
2025-06-17T01:15:00,7011AM2G,富春江水库严陵坞,23.09
2025-06-17T01:20:00,70101500,富春江电站(坝上),22.99
2025-06-17T01:20:00,70101501,富春江坝下,10.13
2025-06-17T01:20:00,70101800,窄溪,7.45
2025-06-17T01:20:00,70102300,闸口,6.15
2025-06-17T01:20:00,7010AJ33,渌渚,7.57
2025-06-17T01:20:00,7011AJ4M,新桐乡,7.29
2025-06-17T01:20:00,7011AJ5M,渌渚镇,7.72
2025-06-17T01:20:00,7011AJ7R,山溪叶家,50.36
2025-06-17T01:20:00,7011AJ8R,山溪幕下,65.71
2025-06-17T01:20:00,7011AJ9R,山溪前桐,194.26
2025-06-17T01:20:00,7011AM2G,富春江水库严陵坞,23.08
2025-06-17T01:25:00,70101500,富春江电站(坝上),22.99
2025-06-17T01:25:00,70101501,富春江坝下,10.13
2025-06-17T01:25:00,70101800,窄溪,7.44
2025-06-17T01:25:00,70102300,闸口,6.15
2025-06-17T01:25:00,7010AJ33,渌渚,7.55
2025-06-17T01:25:00,7011AJ4M,新桐乡,7.29
2025-06-17T01:25:00,7011AJ5M,渌渚镇,7.71
2025-06-17T01:25:00,7011AJ7R,山溪叶家,50.36
2025-06-17T01:25:00,7011AJ8R,山溪幕下,65.7
2025-06-17T01:25:00,7011AJ9R,山溪前桐,194.26
2025-06-17T01:25:00,7011AM2G,富春江水库严陵坞,23.08
2025-06-17T01:30:00,70101500,富春江电站(坝上),22.99
2025-06-17T01:30:00,70101501,富春江坝下,10.1
2025-06-17T01:30:00,70101800,窄溪,7.43
2025-06-17T01:30:00,70102300,闸口,6.14
2025-06-17T01:30:00,7010AJ33,渌渚,7.53
2025-06-17T01:30:00,7011AJ4M,新桐乡,7.29
2025-06-17T01:30:00,7011AJ5M,渌渚镇,7.7
2025-06-17T01:30:00,7011AJ7R,山溪叶家,50.36
2025-06-17T01:30:00,7011AJ8R,山溪幕下,65.71
2025-06-17T01:30:00,7011AJ9R,山溪前桐,194.26
2025-06-17T01:30:00,7011AM2G,富春江水库严陵坞,23.08
2025-06-17T01:35:00,70101500,富春江电站(坝上),22.96
2025-06-17T01:35:00,70101501,富春江坝下,10.13
2025-06-17T01:35:00,70101800,窄溪,7.41
2025-06-17T01:35:00,70102300,闸口,6.14
2025-06-17T01:35:00,7010AJ33,渌渚,7.53
2025-06-17T01:35:00,7011AJ4M,新桐乡,7.28
2025-06-17T01:35:00,7011AJ5M,渌渚镇,7.7
2025-06-17T01:35:00,7011AJ7R,山溪叶家,50.36
2025-06-17T01:35:00,7011AJ8R,山溪幕下,65.7
2025-06-17T01:35:00,7011AJ9R,山溪前桐,194.26
2025-06-17T01:35:00,7011AM2G,富春江水库严陵坞,23.08
2025-06-17T01:40:00,70101500,富春江电站(坝上),22.97
2025-06-17T01:40:00,70101501,富春江坝下,10.07
2025-06-17T01:40:00,70101800,窄溪,7.39
2025-06-17T01:40:00,70102300,闸口,6.14
2025-06-17T01:40:00,7010AJ33,渌渚,7.51
2025-06-17T01:40:00,7011AJ4M,新桐乡,7.28
2025-06-17T01:40:00,7011AJ5M,渌渚镇,7.69
2025-06-17T01:40:00,7011AJ7R,山溪叶家,50.36
2025-06-17T01:40:00,7011AJ8R,山溪幕下,65.7
2025-06-17T01:40:00,7011AJ9R,山溪前桐,194.26
2025-06-17T01:40:00,7011AM2G,富春江水库严陵坞,23.06
2025-06-17T01:45:00,70101500,富春江电站(坝上),22.96
2025-06-17T01:45:00,70101501,富春江坝下,10.08
2025-06-17T01:45:00,70101800,窄溪,7.39
2025-06-17T01:45:00,70102300,闸口,6.13
2025-06-17T01:45:00,7010AJ33,渌渚,7.49
2025-06-17T01:45:00,7011AJ4M,新桐乡,7.26
2025-06-17T01:45:00,7011AJ5M,渌渚镇,7.68
2025-06-17T01:45:00,7011AJ7R,山溪叶家,50.36
2025-06-17T01:45:00,7011AJ8R,山溪幕下,65.7
2025-06-17T01:45:00,7011AJ9R,山溪前桐,194.26
2025-06-17T01:45:00,7011AM2G,富春江水库严陵坞,23.05
2025-06-17T01:50:00,70101500,富春江电站(坝上),22.93
2025-06-17T01:50:00,70101501,富春江坝下,10.09
2025-06-17T01:50:00,70101800,窄溪,7.38
2025-06-17T01:50:00,70102300,闸口,6.13
2025-06-17T01:50:00,7010AJ33,渌渚,7.49
2025-06-17T01:50:00,7011AJ4M,新桐乡,7.24
2025-06-17T01:50:00,7011AJ5M,渌渚镇,7.68
2025-06-17T01:50:00,7011AJ7R,山溪叶家,50.36
2025-06-17T01:50:00,7011AJ8R,山溪幕下,65.7
2025-06-17T01:50:00,7011AJ9R,山溪前桐,194.26
2025-06-17T01:50:00,7011AM2G,富春江水库严陵坞,23.05
2025-06-17T01:55:00,70101500,富春江电站(坝上),22.93
2025-06-17T01:55:00,70101501,富春江坝下,10.05
2025-06-17T01:55:00,70101800,窄溪,7.38
2025-06-17T01:55:00,70102300,闸口,6.12
2025-06-17T01:55:00,7010AJ33,渌渚,7.49
2025-06-17T01:55:00,7011AJ4M,新桐乡,7.24
2025-06-17T01:55:00,7011AJ5M,渌渚镇,7.67
2025-06-17T01:55:00,7011AJ7R,山溪叶家,50.36
2025-06-17T01:55:00,7011AJ8R,山溪幕下,65.7
2025-06-17T01:55:00,7011AJ9R,山溪前桐,194.26
2025-06-17T01:55:00,7011AM2G,富春江水库严陵坞,23.05
2025-06-17T02:00:00,70101500,富春江电站(坝上),22.93
2025-06-17T02:00:00,70101501,富春江坝下,10.08
2025-06-17T02:00:00,70101800,窄溪,7.35
2025-06-17T02:00:00,70102300,闸口,6.12
2025-06-17T02:00:00,7010AJ33,渌渚,7.47
2025-06-17T02:00:00,7011AJ4M,新桐乡,7.23
2025-06-17T02:00:00,7011AJ5M,渌渚镇,7.67
2025-06-17T02:00:00,7011AJ7R,山溪叶家,50.36
2025-06-17T02:00:00,7011AJ8R,山溪幕下,65.7
2025-06-17T02:00:00,7011AJ9R,山溪前桐,194.26
2025-06-17T02:00:00,7011AM2G,富春江水库严陵坞,23.04
2025-06-17T02:05:00,70101500,富春江电站(坝上),22.95
2025-06-17T02:05:00,70101501,富春江坝下,10.08
2025-06-17T02:05:00,70101800,窄溪,7.35
2025-06-17T02:05:00,70102300,闸口,6.12
2025-06-17T02:05:00,7010AJ33,渌渚,7.45
2025-06-17T02:05:00,7011AJ4M,新桐乡,7.31
2025-06-17T02:05:00,7011AJ5M,渌渚镇,7.66
2025-06-17T02:05:00,7011AJ7R,山溪叶家,50.36
2025-06-17T02:05:00,7011AJ8R,山溪幕下,65.7
2025-06-17T02:05:00,7011AJ9R,山溪前桐,194.26
2025-06-17T02:05:00,7011AM2G,富春江水库严陵坞,23.04
2025-06-17T02:10:00,70101500,富春江电站(坝上),22.96
2025-06-17T02:10:00,70101501,富春江坝下,10.08
2025-06-17T02:10:00,70101800,窄溪,7.34
2025-06-17T02:10:00,70102300,闸口,6.11
2025-06-17T02:10:00,7010AJ33,渌渚,7.45
2025-06-17T02:10:00,7011AJ4M,新桐乡,7.32
2025-06-17T02:10:00,7011AJ5M,渌渚镇,7.66
2025-06-17T02:10:00,7011AJ7R,山溪叶家,50.36
2025-06-17T02:10:00,7011AJ8R,山溪幕下,65.7
2025-06-17T02:10:00,7011AJ9R,山溪前桐,194.26
2025-06-17T02:10:00,7011AM2G,富春江水库严陵坞,23.04
2025-06-17T02:15:00,70101500,富春江电站(坝上),22.94
2025-06-17T02:15:00,70101501,富春江坝下,10.02
2025-06-17T02:15:00,70101800,窄溪,7.33
2025-06-17T02:15:00,70102300,闸口,6.1
2025-06-17T02:15:00,7010AJ33,渌渚,7.45
2025-06-17T02:15:00,7011AJ4M,新桐乡,7.18
2025-06-17T02:15:00,7011AJ5M,渌渚镇,7.65
2025-06-17T02:15:00,7011AJ7R,山溪叶家,50.36
2025-06-17T02:15:00,7011AJ8R,山溪幕下,65.7
2025-06-17T02:15:00,7011AJ9R,山溪前桐,194.26
2025-06-17T02:15:00,7011AM2G,富春江水库严陵坞,23.04
2025-06-17T02:20:00,70101500,富春江电站(坝上),22.93
2025-06-17T02:20:00,70101501,富春江坝下,10.06
2025-06-17T02:20:00,70101800,窄溪,7.33
2025-06-17T02:20:00,70102300,闸口,6.1
2025-06-17T02:20:00,7010AJ33,渌渚,7.43
2025-06-17T02:20:00,7011AJ4M,新桐乡,7.17
2025-06-17T02:20:00,7011AJ5M,渌渚镇,7.64
2025-06-17T02:20:00,7011AJ7R,山溪叶家,50.35
2025-06-17T02:20:00,7011AJ8R,山溪幕下,65.7
2025-06-17T02:20:00,7011AJ9R,山溪前桐,194.25
2025-06-17T02:20:00,7011AM2G,富春江水库严陵坞,23.04
2025-06-17T02:25:00,70101500,富春江电站(坝上),22.94
2025-06-17T02:25:00,70101501,富春江坝下,10.05
2025-06-17T02:25:00,70101800,窄溪,7.31
2025-06-17T02:25:00,70102300,闸口,6.1
2025-06-17T02:25:00,7010AJ33,渌渚,7.41
2025-06-17T02:25:00,7011AJ4M,新桐乡,7.17
2025-06-17T02:25:00,7011AJ5M,渌渚镇,7.63
2025-06-17T02:25:00,7011AJ7R,山溪叶家,50.36
2025-06-17T02:25:00,7011AJ8R,山溪幕下,65.7
2025-06-17T02:25:00,7011AJ9R,山溪前桐,194.26
2025-06-17T02:25:00,7011AM2G,富春江水库严陵坞,23.04
2025-06-17T02:30:00,70101501,富春江坝下,10.05
2025-06-17T02:30:00,70102300,闸口,6.09
2025-06-17T02:30:00,7010AJ33,渌渚,7.41
2025-06-17T02:30:00,7011AJ4M,新桐乡,7.16
2025-06-17T02:30:00,7011AJ5M,渌渚镇,7.63
2025-06-17T02:30:00,7011AJ7R,山溪叶家,50.36
2025-06-17T02:30:00,7011AJ8R,山溪幕下,65.7
2025-06-17T02:30:00,7011AM2G,富春江水库严陵坞,23.03
2025-06-17T02:35:00,70101500,富春江电站(坝上),22.94
2025-06-17T02:35:00,70101501,富春江坝下,10.03
2025-06-17T02:35:00,70101800,窄溪,7.3
2025-06-17T02:35:00,70102300,闸口,6.09
2025-06-17T02:35:00,7010AJ33,渌渚,7.39
2025-06-17T02:35:00,7011AJ4M,新桐乡,7.14
2025-06-17T02:35:00,7011AJ5M,渌渚镇,7.62
2025-06-17T02:35:00,7011AJ7R,山溪叶家,50.36
2025-06-17T02:35:00,7011AJ8R,山溪幕下,65.7
2025-06-17T02:35:00,7011AJ9R,山溪前桐,194.26
2025-06-17T02:35:00,7011AM2G,富春江水库严陵坞,23.03
2025-06-17T02:40:00,70101500,富春江电站(坝上),22.93
2025-06-17T02:40:00,70101501,富春江坝下,10.01
2025-06-17T02:40:00,70101800,窄溪,7.29
2025-06-17T02:40:00,70102300,闸口,6.08
2025-06-17T02:40:00,7010AJ33,渌渚,7.39
2025-06-17T02:40:00,7011AJ4M,新桐乡,7.1
2025-06-17T02:40:00,7011AJ5M,渌渚镇,7.62
2025-06-17T02:40:00,7011AJ7R,山溪叶家,50.35
2025-06-17T02:40:00,7011AJ8R,山溪幕下,65.7
2025-06-17T02:40:00,7011AJ9R,山溪前桐,194.26
2025-06-17T02:40:00,7011AM2G,富春江水库严陵坞,23.03
2025-06-17T02:45:00,70101500,富春江电站(坝上),22.92
2025-06-17T02:45:00,70101501,富春江坝下,10.0
2025-06-17T02:45:00,70101800,窄溪,7.27
2025-06-17T02:45:00,70102300,闸口,6.08
2025-06-17T02:45:00,7010AJ33,渌渚,7.38
2025-06-17T02:45:00,7011AJ4M,新桐乡,7.1
2025-06-17T02:45:00,7011AJ5M,渌渚镇,7.61
2025-06-17T02:45:00,7011AJ7R,山溪叶家,50.35
2025-06-17T02:45:00,7011AJ8R,山溪幕下,65.7
2025-06-17T02:45:00,7011AJ9R,山溪前桐,194.25
2025-06-17T02:45:00,7011AM2G,富春江水库严陵坞,23.03
2025-06-17T02:50:00,70101500,富春江电站(坝上),22.98
2025-06-17T02:50:00,70101501,富春江坝下,10.0
2025-06-17T02:50:00,70101800,窄溪,7.27
2025-06-17T02:50:00,70102300,闸口,6.07
2025-06-17T02:50:00,7010AJ33,渌渚,7.36
2025-06-17T02:50:00,7011AJ4M,新桐乡,7.1
2025-06-17T02:50:00,7011AJ5M,渌渚镇,7.61
2025-06-17T02:50:00,7011AJ7R,山溪叶家,50.35
2025-06-17T02:50:00,7011AJ8R,山溪幕下,65.7
2025-06-17T02:50:00,7011AJ9R,山溪前桐,194.25
2025-06-17T02:50:00,7011AM2G,富春江水库严陵坞,23.01
2025-06-17T02:55:00,70101500,富春江电站(坝上),23.12
2025-06-17T02:55:00,70101501,富春江坝下,9.6
2025-06-17T02:55:00,70101800,窄溪,7.26
2025-06-17T02:55:00,70102300,闸口,6.06
2025-06-17T02:55:00,7010AJ33,渌渚,7.36
2025-06-17T02:55:00,7011AJ4M,新桐乡,7.1
2025-06-17T02:55:00,7011AJ5M,渌渚镇,7.6
2025-06-17T02:55:00,7011AJ7R,山溪叶家,50.35
2025-06-17T02:55:00,7011AJ8R,山溪幕下,65.7
2025-06-17T02:55:00,7011AJ9R,山溪前桐,194.26
2025-06-17T02:55:00,7011AM2G,富春江水库严陵坞,23.03
2025-06-17T03:00:00,70101500,富春江电站(坝上),23.09
2025-06-17T03:00:00,70101501,富春江坝下,9.49
2025-06-17T03:00:00,70101800,窄溪,7.25
2025-06-17T03:00:00,70102300,闸口,6.06
2025-06-17T03:00:00,7010AJ33,渌渚,7.36
2025-06-17T03:00:00,7011AJ4M,新桐乡,7.1
2025-06-17T03:00:00,7011AJ5M,渌渚镇,7.59
2025-06-17T03:00:00,7011AJ7R,山溪叶家,50.35
2025-06-17T03:00:00,7011AJ8R,山溪幕下,65.7
2025-06-17T03:00:00,7011AJ9R,山溪前桐,194.26
2025-06-17T03:00:00,7011AM2G,富春江水库严陵坞,23.18
2025-06-17T03:05:00,70101500,富春江电站(坝上),23.12
2025-06-17T03:05:00,70101501,富春江坝下,9.5
2025-06-17T03:05:00,70101800,窄溪,7.25
2025-06-17T03:05:00,70102300,闸口,6.05
2025-06-17T03:05:00,7010AJ33,渌渚,7.34
2025-06-17T03:05:00,7011AJ4M,新桐乡,7.1
2025-06-17T03:05:00,7011AJ5M,渌渚镇,7.59
2025-06-17T03:05:00,7011AJ7R,山溪叶家,50.35
2025-06-17T03:05:00,7011AJ8R,山溪幕下,65.7
2025-06-17T03:05:00,7011AJ9R,山溪前桐,194.26
2025-06-17T03:05:00,7011AM2G,富春江水库严陵坞,23.19
2025-06-17T03:10:00,70101500,富春江电站(坝上),23.16
2025-06-17T03:10:00,70101501,富春江坝下,9.44
2025-06-17T03:10:00,70101800,窄溪,7.24
2025-06-17T03:10:00,70102300,闸口,6.05
2025-06-17T03:10:00,7010AJ33,渌渚,7.34
2025-06-17T03:10:00,7011AJ4M,新桐乡,7.08
2025-06-17T03:10:00,7011AJ5M,渌渚镇,7.59
2025-06-17T03:10:00,7011AJ7R,山溪叶家,50.35
2025-06-17T03:10:00,7011AJ8R,山溪幕下,65.7
2025-06-17T03:10:00,7011AJ9R,山溪前桐,194.26
2025-06-17T03:10:00,7011AM2G,富春江水库严陵坞,23.22
2025-06-17T03:15:00,70101500,富春江电站(坝上),23.13
2025-06-17T03:15:00,70101501,富春江坝下,9.37
2025-06-17T03:15:00,70101800,窄溪,7.23
2025-06-17T03:15:00,70102300,闸口,6.04
2025-06-17T03:15:00,7010AJ33,渌渚,7.32
2025-06-17T03:15:00,7011AJ4M,新桐乡,7.07
2025-06-17T03:15:00,7011AJ5M,渌渚镇,7.58
2025-06-17T03:15:00,7011AJ7R,山溪叶家,50.35
2025-06-17T03:15:00,7011AJ8R,山溪幕下,65.71
2025-06-17T03:15:00,7011AJ9R,山溪前桐,194.26
2025-06-17T03:15:00,7011AM2G,富春江水库严陵坞,23.23
2025-06-17T03:20:00,70101500,富春江电站(坝上),23.16
2025-06-17T03:20:00,70101501,富春江坝下,9.34
2025-06-17T03:20:00,70101800,窄溪,7.22
2025-06-17T03:20:00,70102300,闸口,6.03
2025-06-17T03:20:00,7010AJ33,渌渚,7.32
2025-06-17T03:20:00,7011AJ4M,新桐乡,7.07
2025-06-17T03:20:00,7011AJ5M,渌渚镇,7.58
2025-06-17T03:20:00,7011AJ7R,山溪叶家,50.35
2025-06-17T03:20:00,7011AJ8R,山溪幕下,65.7
2025-06-17T03:20:00,7011AJ9R,山溪前桐,194.26
2025-06-17T03:20:00,7011AM2G,富春江水库严陵坞,23.23
2025-06-17T03:25:00,70101500,富春江电站(坝上),23.14
2025-06-17T03:25:00,70101501,富春江坝下,9.31
2025-06-17T03:25:00,70101800,窄溪,7.21
2025-06-17T03:25:00,70102300,闸口,6.03
2025-06-17T03:25:00,7010AJ33,渌渚,7.32
2025-06-17T03:25:00,7011AJ4M,新桐乡,7.04
2025-06-17T03:25:00,7011AJ5M,渌渚镇,7.57
2025-06-17T03:25:00,7011AJ7R,山溪叶家,50.35
2025-06-17T03:25:00,7011AJ8R,山溪幕下,65.7
2025-06-17T03:25:00,7011AJ9R,山溪前桐,194.26
2025-06-17T03:25:00,7011AM2G,富春江水库严陵坞,23.24
2025-06-17T03:30:00,70101500,富春江电站(坝上),23.15
2025-06-17T03:30:00,70101501,富春江坝下,9.24
2025-06-17T03:30:00,70101800,窄溪,7.18
2025-06-17T03:30:00,70102300,闸口,6.03
2025-06-17T03:30:00,7010AJ33,渌渚,7.3
2025-06-17T03:30:00,7011AJ4M,新桐乡,7.03
2025-06-17T03:30:00,7011AJ5M,渌渚镇,7.56
2025-06-17T03:30:00,7011AJ7R,山溪叶家,50.35
2025-06-17T03:30:00,7011AJ8R,山溪幕下,65.7
2025-06-17T03:30:00,7011AJ9R,山溪前桐,194.25
2025-06-17T03:30:00,7011AM2G,富春江水库严陵坞,23.22
2025-06-17T03:35:00,70101500,富春江电站(坝上),23.14
2025-06-17T03:35:00,70101501,富春江坝下,9.27
2025-06-17T03:35:00,70101800,窄溪,7.17
2025-06-17T03:35:00,70102300,闸口,6.02
2025-06-17T03:35:00,7010AJ33,渌渚,7.3
2025-06-17T03:35:00,7011AJ4M,新桐乡,7.03
2025-06-17T03:35:00,7011AJ5M,渌渚镇,7.56
2025-06-17T03:35:00,7011AJ7R,山溪叶家,50.34
2025-06-17T03:35:00,7011AJ8R,山溪幕下,65.7
2025-06-17T03:35:00,7011AJ9R,山溪前桐,194.26
2025-06-17T03:35:00,7011AM2G,富春江水库严陵坞,23.24
2025-06-17T03:40:00,70101500,富春江电站(坝上),23.17
2025-06-17T03:40:00,70101501,富春江坝下,9.27
2025-06-17T03:40:00,70101800,窄溪,7.14
2025-06-17T03:40:00,70102300,闸口,6.02
2025-06-17T03:40:00,7010AJ33,渌渚,7.28
2025-06-17T03:40:00,7011AJ4M,新桐乡,6.98
2025-06-17T03:40:00,7011AJ5M,渌渚镇,7.55
2025-06-17T03:40:00,7011AJ7R,山溪叶家,50.35
2025-06-17T03:40:00,7011AJ8R,山溪幕下,65.7
2025-06-17T03:40:00,7011AJ9R,山溪前桐,194.26
2025-06-17T03:40:00,7011AM2G,富春江水库严陵坞,23.22
2025-06-17T03:45:00,70101500,富春江电站(坝上),23.12
2025-06-17T03:45:00,70101501,富春江坝下,9.23
2025-06-17T03:45:00,70101800,窄溪,7.13
2025-06-17T03:45:00,70102300,闸口,6.01
2025-06-17T03:45:00,7010AJ33,渌渚,7.26
2025-06-17T03:45:00,7011AJ4M,新桐乡,6.97
2025-06-17T03:45:00,7011AJ5M,渌渚镇,7.55
2025-06-17T03:45:00,7011AJ7R,山溪叶家,50.35
2025-06-17T03:45:00,7011AJ8R,山溪幕下,65.7
2025-06-17T03:45:00,7011AJ9R,山溪前桐,194.26
2025-06-17T03:45:00,7011AM2G,富春江水库严陵坞,23.22
2025-06-17T03:50:00,70101500,富春江电站(坝上),23.09
2025-06-17T03:50:00,70101501,富春江坝下,9.22
2025-06-17T03:50:00,70101800,窄溪,7.12
2025-06-17T03:50:00,70102300,闸口,6.01
2025-06-17T03:50:00,7010AJ33,渌渚,7.24
2025-06-17T03:50:00,7011AJ4M,新桐乡,6.97
2025-06-17T03:50:00,7011AJ5M,渌渚镇,7.55
2025-06-17T03:50:00,7011AJ7R,山溪叶家,50.34
2025-06-17T03:50:00,7011AJ8R,山溪幕下,65.7
2025-06-17T03:50:00,7011AJ9R,山溪前桐,194.25
2025-06-17T03:50:00,7011AM2G,富春江水库严陵坞,23.19
2025-06-17T03:55:00,70101500,富春江电站(坝上),23.09
2025-06-17T03:55:00,70101501,富春江坝下,9.19
2025-06-17T03:55:00,70101800,窄溪,7.1
2025-06-17T03:55:00,70102300,闸口,6.0
2025-06-17T03:55:00,7010AJ33,渌渚,7.22
2025-06-17T03:55:00,7011AJ4M,新桐乡,6.97
2025-06-17T03:55:00,7011AJ5M,渌渚镇,7.54
2025-06-17T03:55:00,7011AJ7R,山溪叶家,50.35
2025-06-17T03:55:00,7011AJ8R,山溪幕下,65.7
2025-06-17T03:55:00,7011AJ9R,山溪前桐,194.25
2025-06-17T03:55:00,7011AM2G,富春江水库严陵坞,23.19
2025-06-17T04:00:00,70101500,富春江电站(坝上),23.1
2025-06-17T04:00:00,70101501,富春江坝下,9.22
2025-06-17T04:00:00,70101800,窄溪,7.08
2025-06-17T04:00:00,70102300,闸口,5.99
2025-06-17T04:00:00,7010AJ33,渌渚,7.2
2025-06-17T04:00:00,7011AJ4M,新桐乡,6.96
2025-06-17T04:00:00,7011AJ5M,渌渚镇,7.53
2025-06-17T04:00:00,7011AJ7R,山溪叶家,50.35
2025-06-17T04:00:00,7011AJ8R,山溪幕下,65.7
2025-06-17T04:00:00,7011AJ9R,山溪前桐,194.26
2025-06-17T04:00:00,7011AM2G,富春江水库严陵坞,23.19
2025-06-17T04:05:00,70101500,富春江电站(坝上),23.1
2025-06-17T04:05:00,70101501,富春江坝下,9.19
2025-06-17T04:05:00,70101800,窄溪,7.06
2025-06-17T04:05:00,70102300,闸口,5.99
2025-06-17T04:05:00,7010AJ33,渌渚,7.18
2025-06-17T04:05:00,7011AJ4M,新桐乡,6.94
2025-06-17T04:05:00,7011AJ5M,渌渚镇,7.52
2025-06-17T04:05:00,7011AJ7R,山溪叶家,50.34
2025-06-17T04:05:00,7011AJ8R,山溪幕下,65.7
2025-06-17T04:05:00,7011AJ9R,山溪前桐,194.25
2025-06-17T04:05:00,7011AM2G,富春江水库严陵坞,23.18
2025-06-17T04:10:00,70101500,富春江电站(坝上),23.09
2025-06-17T04:10:00,70101501,富春江坝下,9.19
2025-06-17T04:10:00,70101800,窄溪,7.06
2025-06-17T04:10:00,70102300,闸口,5.99
2025-06-17T04:10:00,7010AJ33,渌渚,7.16
2025-06-17T04:10:00,7011AJ4M,新桐乡,6.92
2025-06-17T04:10:00,7011AJ5M,渌渚镇,7.51
2025-06-17T04:10:00,7011AJ7R,山溪叶家,50.34
2025-06-17T04:10:00,7011AJ8R,山溪幕下,65.7
2025-06-17T04:10:00,7011AJ9R,山溪前桐,194.25
2025-06-17T04:10:00,7011AM2G,富春江水库严陵坞,23.18
2025-06-17T04:15:00,70101500,富春江电站(坝上),23.07
2025-06-17T04:15:00,70101501,富春江坝下,9.19
2025-06-17T04:15:00,70101800,窄溪,7.05
2025-06-17T04:15:00,70102300,闸口,5.99
2025-06-17T04:15:00,7010AJ33,渌渚,7.14
2025-06-17T04:15:00,7011AJ4M,新桐乡,6.92
2025-06-17T04:15:00,7011AJ5M,渌渚镇,7.51
2025-06-17T04:15:00,7011AJ7R,山溪叶家,50.33
2025-06-17T04:15:00,7011AJ8R,山溪幕下,65.7
2025-06-17T04:15:00,7011AJ9R,山溪前桐,194.25
2025-06-17T04:15:00,7011AM2G,富春江水库严陵坞,23.17
2025-06-17T04:20:00,70101500,富春江电站(坝上),23.06
2025-06-17T04:20:00,70101501,富春江坝下,9.15
2025-06-17T04:20:00,70101800,窄溪,7.04
2025-06-17T04:20:00,70102300,闸口,5.98
2025-06-17T04:20:00,7010AJ33,渌渚,7.13
2025-06-17T04:20:00,7011AJ4M,新桐乡,6.92
2025-06-17T04:20:00,7011AJ5M,渌渚镇,7.5
2025-06-17T04:20:00,7011AJ7R,山溪叶家,50.34
2025-06-17T04:20:00,7011AJ8R,山溪幕下,65.7
2025-06-17T04:20:00,7011AJ9R,山溪前桐,194.26
2025-06-17T04:20:00,7011AM2G,富春江水库严陵坞,23.17
2025-06-17T04:25:00,70101500,富春江电站(坝上),23.08
2025-06-17T04:25:00,70101501,富春江坝下,9.14
2025-06-17T04:25:00,70101800,窄溪,7.02
2025-06-17T04:25:00,70102300,闸口,5.97
2025-06-17T04:25:00,7010AJ33,渌渚,7.11
2025-06-17T04:25:00,7011AJ4M,新桐乡,6.92
2025-06-17T04:25:00,7011AJ5M,渌渚镇,7.49
2025-06-17T04:25:00,7011AJ7R,山溪叶家,50.34
2025-06-17T04:25:00,7011AJ8R,山溪幕下,65.7
2025-06-17T04:25:00,7011AJ9R,山溪前桐,194.25
2025-06-17T04:25:00,7011AM2G,富春江水库严陵坞,23.15
2025-06-17T04:30:00,70101500,富春江电站(坝上),23.07
2025-06-17T04:30:00,70101501,富春江坝下,9.18
2025-06-17T04:30:00,70101800,窄溪,7.01
2025-06-17T04:30:00,70102300,闸口,5.97
2025-06-17T04:30:00,7010AJ33,渌渚,7.09
2025-06-17T04:30:00,7011AJ4M,新桐乡,6.92
2025-06-17T04:30:00,7011AJ5M,渌渚镇,7.48
2025-06-17T04:30:00,7011AJ7R,山溪叶家,50.34
2025-06-17T04:30:00,7011AJ8R,山溪幕下,65.7
2025-06-17T04:30:00,7011AJ9R,山溪前桐,194.25
2025-06-17T04:30:00,7011AM2G,富春江水库严陵坞,23.15
2025-06-17T04:35:00,70101500,富春江电站(坝上),23.07
2025-06-17T04:35:00,70101501,富春江坝下,9.12
2025-06-17T04:35:00,70101800,窄溪,7.0
2025-06-17T04:35:00,70102300,闸口,5.96
2025-06-17T04:35:00,7010AJ33,渌渚,7.09
2025-06-17T04:35:00,7011AJ4M,新桐乡,6.9
2025-06-17T04:35:00,7011AJ5M,渌渚镇,7.47
2025-06-17T04:35:00,7011AJ7R,山溪叶家,50.33
2025-06-17T04:35:00,7011AJ8R,山溪幕下,65.7
2025-06-17T04:35:00,7011AJ9R,山溪前桐,194.25
2025-06-17T04:35:00,7011AM2G,富春江水库严陵坞,23.16
2025-06-17T04:40:00,70101500,富春江电站(坝上),23.08
2025-06-17T04:40:00,70101501,富春江坝下,9.13
2025-06-17T04:40:00,70101800,窄溪,6.99
2025-06-17T04:40:00,70102300,闸口,5.96
2025-06-17T04:40:00,7010AJ33,渌渚,7.07
2025-06-17T04:40:00,7011AJ4M,新桐乡,6.87
2025-06-17T04:40:00,7011AJ5M,渌渚镇,7.47
2025-06-17T04:40:00,7011AJ7R,山溪叶家,50.34
2025-06-17T04:40:00,7011AJ8R,山溪幕下,65.7
2025-06-17T04:40:00,7011AJ9R,山溪前桐,194.25
2025-06-17T04:40:00,7011AM2G,富春江水库严陵坞,23.16
2025-06-17T04:45:00,70101500,富春江电站(坝上),23.08
2025-06-17T04:45:00,70101501,富春江坝下,9.1
2025-06-17T04:45:00,70101800,窄溪,6.97
2025-06-17T04:45:00,70102300,闸口,5.95
2025-06-17T04:45:00,7010AJ33,渌渚,7.07
2025-06-17T04:45:00,7011AJ4M,新桐乡,6.84
2025-06-17T04:45:00,7011AJ5M,渌渚镇,7.46
2025-06-17T04:45:00,7011AJ7R,山溪叶家,50.33
2025-06-17T04:45:00,7011AJ8R,山溪幕下,65.7
2025-06-17T04:45:00,7011AJ9R,山溪前桐,194.25
2025-06-17T04:45:00,7011AM2G,富春江水库严陵坞,23.17
2025-06-17T04:50:00,70101500,富春江电站(坝上),23.1
2025-06-17T04:50:00,70101501,富春江坝下,9.14
2025-06-17T04:50:00,70101800,窄溪,6.96
2025-06-17T04:50:00,70102300,闸口,5.95
2025-06-17T04:50:00,7010AJ33,渌渚,7.07
2025-06-17T04:50:00,7011AJ4M,新桐乡,6.84
2025-06-17T04:50:00,7011AJ5M,渌渚镇,7.46
2025-06-17T04:50:00,7011AJ7R,山溪叶家,50.33
2025-06-17T04:50:00,7011AJ8R,山溪幕下,65.7
2025-06-17T04:50:00,7011AJ9R,山溪前桐,194.25
2025-06-17T04:50:00,7011AM2G,富春江水库严陵坞,23.17
2025-06-17T04:55:00,70101500,富春江电站(坝上),23.1
2025-06-17T04:55:00,70101501,富春江坝下,9.07
2025-06-17T04:55:00,70101800,窄溪,6.95
2025-06-17T04:55:00,70102300,闸口,5.94
2025-06-17T04:55:00,7010AJ33,渌渚,7.05
2025-06-17T04:55:00,7011AJ4M,新桐乡,6.84
2025-06-17T04:55:00,7011AJ5M,渌渚镇,7.45
2025-06-17T04:55:00,7011AJ7R,山溪叶家,50.33
2025-06-17T04:55:00,7011AJ8R,山溪幕下,65.7
2025-06-17T04:55:00,7011AJ9R,山溪前桐,194.25
2025-06-17T04:55:00,7011AM2G,富春江水库严陵坞,23.17
2025-06-17T05:00:00,70101500,富春江电站(坝上),23.09
2025-06-17T05:00:00,70101501,富春江坝下,9.11
2025-06-17T05:00:00,70101800,窄溪,6.93
2025-06-17T05:00:00,70102300,闸口,5.94
2025-06-17T05:00:00,7010AJ33,渌渚,7.03
2025-06-17T05:00:00,7011AJ4M,新桐乡,6.84
2025-06-17T05:00:00,7011AJ5M,渌渚镇,7.44
2025-06-17T05:00:00,7011AJ7R,山溪叶家,50.33
2025-06-17T05:00:00,7011AJ8R,山溪幕下,65.7
2025-06-17T05:00:00,7011AJ9R,山溪前桐,194.25
2025-06-17T05:00:00,7011AM2G,富春江水库严陵坞,23.18
2025-06-17T05:05:00,70101500,富春江电站(坝上),23.09
2025-06-17T05:05:00,70101501,富春江坝下,9.08
2025-06-17T05:05:00,70101800,窄溪,6.92
2025-06-17T05:05:00,70102300,闸口,5.93
2025-06-17T05:05:00,7010AJ33,渌渚,7.03
2025-06-17T05:05:00,7011AJ4M,新桐乡,6.84
2025-06-17T05:05:00,7011AJ5M,渌渚镇,7.44
2025-06-17T05:05:00,7011AJ7R,山溪叶家,50.33
2025-06-17T05:05:00,7011AJ8R,山溪幕下,65.7
2025-06-17T05:05:00,7011AJ9R,山溪前桐,194.25
2025-06-17T05:05:00,7011AM2G,富春江水库严陵坞,23.18
2025-06-17T05:10:00,70101500,富春江电站(坝上),23.09
2025-06-17T05:10:00,70101501,富春江坝下,9.04
2025-06-17T05:10:00,70101800,窄溪,6.91
2025-06-17T05:10:00,70102300,闸口,5.93
2025-06-17T05:10:00,7010AJ33,渌渚,7.03
2025-06-17T05:10:00,7011AJ4M,新桐乡,16.65
2025-06-17T05:10:00,7011AJ5M,渌渚镇,7.43
2025-06-17T05:10:00,7011AJ7R,山溪叶家,50.33
2025-06-17T05:10:00,7011AJ8R,山溪幕下,65.7
2025-06-17T05:10:00,7011AJ9R,山溪前桐,194.25
2025-06-17T05:10:00,7011AM2G,富春江水库严陵坞,23.18
2025-06-17T05:15:00,70101500,富春江电站(坝上),23.1
2025-06-17T05:15:00,70101501,富春江坝下,9.09
2025-06-17T05:15:00,70101800,窄溪,6.91
2025-06-17T05:15:00,70102300,闸口,5.92
2025-06-17T05:15:00,7010AJ33,渌渚,7.01
2025-06-17T05:15:00,7011AJ4M,新桐乡,16.65
2025-06-17T05:15:00,7011AJ5M,渌渚镇,7.43
2025-06-17T05:15:00,7011AJ7R,山溪叶家,50.33
2025-06-17T05:15:00,7011AJ8R,山溪幕下,65.7
2025-06-17T05:15:00,7011AJ9R,山溪前桐,194.25
2025-06-17T05:15:00,7011AM2G,富春江水库严陵坞,23.18
2025-06-17T05:20:00,70101500,富春江电站(坝上),23.09
2025-06-17T05:20:00,70101501,富春江坝下,9.07
2025-06-17T05:20:00,70101800,窄溪,6.89
2025-06-17T05:20:00,70102300,闸口,5.91
2025-06-17T05:20:00,7010AJ33,渌渚,6.99
2025-06-17T05:20:00,7011AJ4M,新桐乡,16.65
2025-06-17T05:20:00,7011AJ5M,渌渚镇,7.42
2025-06-17T05:20:00,7011AJ7R,山溪叶家,50.33
2025-06-17T05:20:00,7011AJ8R,山溪幕下,65.7
2025-06-17T05:20:00,7011AJ9R,山溪前桐,194.25
2025-06-17T05:20:00,7011AM2G,富春江水库严陵坞,23.18
2025-06-17T05:25:00,70101500,富春江电站(坝上),23.09
2025-06-17T05:25:00,70101501,富春江坝下,9.07
2025-06-17T05:25:00,70101800,窄溪,6.89
2025-06-17T05:25:00,70102300,闸口,5.91
2025-06-17T05:25:00,7010AJ33,渌渚,6.97
2025-06-17T05:25:00,7011AJ4M,新桐乡,17.83
2025-06-17T05:25:00,7011AJ5M,渌渚镇,7.41
2025-06-17T05:25:00,7011AJ7R,山溪叶家,50.33
2025-06-17T05:25:00,7011AJ8R,山溪幕下,65.7
2025-06-17T05:25:00,7011AJ9R,山溪前桐,194.25
2025-06-17T05:25:00,7011AM2G,富春江水库严陵坞,23.18
2025-06-17T05:30:00,70101500,富春江电站(坝上),23.09
2025-06-17T05:30:00,70101501,富春江坝下,9.07
2025-06-17T05:30:00,70101800,窄溪,6.88
2025-06-17T05:30:00,70102300,闸口,5.9
2025-06-17T05:30:00,7010AJ33,渌渚,6.97
2025-06-17T05:30:00,7011AJ4M,新桐乡,17.86
2025-06-17T05:30:00,7011AJ5M,渌渚镇,7.41
2025-06-17T05:30:00,7011AJ7R,山溪叶家,50.33
2025-06-17T05:30:00,7011AJ8R,山溪幕下,65.7
2025-06-17T05:30:00,7011AJ9R,山溪前桐,194.25
2025-06-17T05:30:00,7011AM2G,富春江水库严陵坞,23.18
2025-06-17T05:35:00,70101500,富春江电站(坝上),23.08
2025-06-17T05:35:00,70101501,富春江坝下,9.06
2025-06-17T05:35:00,70101800,窄溪,6.85
2025-06-17T05:35:00,70102300,闸口,5.89
2025-06-17T05:35:00,7010AJ33,渌渚,6.95
2025-06-17T05:35:00,7011AJ4M,新桐乡,17.86
2025-06-17T05:35:00,7011AJ5M,渌渚镇,7.4
2025-06-17T05:35:00,7011AJ7R,山溪叶家,50.33
2025-06-17T05:35:00,7011AJ8R,山溪幕下,65.7
2025-06-17T05:35:00,7011AJ9R,山溪前桐,194.25
2025-06-17T05:35:00,7011AM2G,富春江水库严陵坞,23.17
2025-06-17T05:40:00,70101500,富春江电站(坝上),23.07
2025-06-17T05:40:00,70101501,富春江坝下,9.06
2025-06-17T05:40:00,70101800,窄溪,6.85
2025-06-17T05:40:00,70102300,闸口,5.89
2025-06-17T05:40:00,7010AJ33,渌渚,6.95
2025-06-17T05:40:00,7011AJ4M,新桐乡,17.86
2025-06-17T05:40:00,7011AJ5M,渌渚镇,7.4
2025-06-17T05:40:00,7011AJ7R,山溪叶家,50.33
2025-06-17T05:40:00,7011AJ8R,山溪幕下,65.7
2025-06-17T05:40:00,7011AJ9R,山溪前桐,194.25
2025-06-17T05:40:00,7011AM2G,富春江水库严陵坞,23.17
2025-06-17T05:45:00,70101500,富春江电站(坝上),23.06
2025-06-17T05:45:00,70101501,富春江坝下,9.04
2025-06-17T05:45:00,70101800,窄溪,6.85
2025-06-17T05:45:00,70102300,闸口,5.88
2025-06-17T05:45:00,7010AJ33,渌渚,6.93
2025-06-17T05:45:00,7011AJ4M,新桐乡,17.86
2025-06-17T05:45:00,7011AJ5M,渌渚镇,7.39
2025-06-17T05:45:00,7011AJ7R,山溪叶家,50.32
2025-06-17T05:45:00,7011AJ8R,山溪幕下,65.7
2025-06-17T05:45:00,7011AJ9R,山溪前桐,194.25
2025-06-17T05:45:00,7011AM2G,富春江水库严陵坞,23.16
2025-06-17T05:50:00,70101500,富春江电站(坝上),23.23
2025-06-17T05:50:00,70101501,富春江坝下,8.87
2025-06-17T05:50:00,70101800,窄溪,6.84
2025-06-17T05:50:00,70102300,闸口,5.87
2025-06-17T05:50:00,7010AJ33,渌渚,6.93
2025-06-17T05:50:00,7011AJ4M,新桐乡,17.86
2025-06-17T05:50:00,7011AJ5M,渌渚镇,7.38
2025-06-17T05:50:00,7011AJ7R,山溪叶家,50.32
2025-06-17T05:50:00,7011AJ8R,山溪幕下,65.7
2025-06-17T05:50:00,7011AJ9R,山溪前桐,194.25
2025-06-17T05:50:00,7011AM2G,富春江水库严陵坞,23.15
2025-06-17T05:55:00,70101500,富春江电站(坝上),23.21
2025-06-17T05:55:00,70101501,富春江坝下,8.79
2025-06-17T05:55:00,70101800,窄溪,6.83
2025-06-17T05:55:00,70102300,闸口,5.87
2025-06-17T05:55:00,7010AJ33,渌渚,6.91
2025-06-17T05:55:00,7011AJ4M,新桐乡,17.86
2025-06-17T05:55:00,7011AJ5M,渌渚镇,7.38
2025-06-17T05:55:00,7011AJ7R,山溪叶家,50.33
2025-06-17T05:55:00,7011AJ8R,山溪幕下,65.7
2025-06-17T05:55:00,7011AJ9R,山溪前桐,194.25
2025-06-17T05:55:00,7011AM2G,富春江水库严陵坞,23.3
2025-06-17T06:00:00,70101500,富春江电站(坝上),23.24
2025-06-17T06:00:00,70101501,富春江坝下,8.75
2025-06-17T06:00:00,70101800,窄溪,6.81
2025-06-17T06:00:00,70102300,闸口,5.86
2025-06-17T06:00:00,7010AJ33,渌渚,6.91
2025-06-17T06:00:00,7011AJ4M,新桐乡,17.86
2025-06-17T06:00:00,7011AJ5M,渌渚镇,7.37
2025-06-17T06:00:00,7011AJ7R,山溪叶家,50.32
2025-06-17T06:00:00,7011AJ8R,山溪幕下,65.69
2025-06-17T06:00:00,7011AJ9R,山溪前桐,194.25
2025-06-17T06:00:00,7011AM2G,富春江水库严陵坞,23.3
2025-06-17T06:05:00,70101500,富春江电站(坝上),23.26
2025-06-17T06:05:00,70101501,富春江坝下,8.7
2025-06-17T06:05:00,70101800,窄溪,6.8
2025-06-17T06:05:00,70102300,闸口,5.86
2025-06-17T06:05:00,7010AJ33,渌渚,6.91
2025-06-17T06:05:00,7011AJ4M,新桐乡,17.86
2025-06-17T06:05:00,7011AJ5M,渌渚镇,7.37
2025-06-17T06:05:00,7011AJ7R,山溪叶家,50.32
2025-06-17T06:05:00,7011AJ8R,山溪幕下,65.7
2025-06-17T06:05:00,7011AJ9R,山溪前桐,194.25
2025-06-17T06:05:00,7011AM2G,富春江水库严陵坞,23.33
2025-06-17T06:10:00,70101500,富春江电站(坝上),23.24
2025-06-17T06:10:00,70101501,富春江坝下,8.66
2025-06-17T06:10:00,70101800,窄溪,6.79
2025-06-17T06:10:00,70102300,闸口,5.85
2025-06-17T06:10:00,7010AJ33,渌渚,6.89
2025-06-17T06:10:00,7011AJ4M,新桐乡,17.86
2025-06-17T06:10:00,7011AJ5M,渌渚镇,7.36
2025-06-17T06:10:00,7011AJ7R,山溪叶家,50.32
2025-06-17T06:10:00,7011AJ8R,山溪幕下,65.7
2025-06-17T06:10:00,7011AJ9R,山溪前桐,194.25
2025-06-17T06:10:00,7011AM2G,富春江水库严陵坞,23.33
2025-06-17T06:15:00,70101500,富春江电站(坝上),23.26
2025-06-17T06:15:00,70101501,富春江坝下,8.66
2025-06-17T06:15:00,70101800,窄溪,6.79
2025-06-17T06:15:00,70102300,闸口,5.84
2025-06-17T06:15:00,7010AJ33,渌渚,6.89
2025-06-17T06:15:00,7011AJ4M,新桐乡,17.86
2025-06-17T06:15:00,7011AJ5M,渌渚镇,7.35
2025-06-17T06:15:00,7011AJ7R,山溪叶家,50.32
2025-06-17T06:15:00,7011AJ8R,山溪幕下,65.7
2025-06-17T06:15:00,7011AJ9R,山溪前桐,194.25
2025-06-17T06:15:00,7011AM2G,富春江水库严陵坞,23.33
2025-06-17T06:20:00,70101500,富春江电站(坝上),23.25
2025-06-17T06:20:00,70101501,富春江坝下,8.64
2025-06-17T06:20:00,70101800,窄溪,6.77
2025-06-17T06:20:00,70102300,闸口,5.84
2025-06-17T06:20:00,7010AJ33,渌渚,6.86
2025-06-17T06:20:00,7011AJ4M,新桐乡,17.86
2025-06-17T06:20:00,7011AJ5M,渌渚镇,7.35
2025-06-17T06:20:00,7011AJ7R,山溪叶家,50.32
2025-06-17T06:20:00,7011AJ8R,山溪幕下,65.69
2025-06-17T06:20:00,7011AJ9R,山溪前桐,194.25
2025-06-17T06:20:00,7011AM2G,富春江水库严陵坞,23.34
2025-06-17T06:25:00,70101500,富春江电站(坝上),23.28
2025-06-17T06:25:00,70101501,富春江坝下,8.62
2025-06-17T06:25:00,70101800,窄溪,6.76
2025-06-17T06:25:00,70102300,闸口,5.83
2025-06-17T06:25:00,7010AJ33,渌渚,6.86
2025-06-17T06:25:00,7011AJ4M,新桐乡,17.86
2025-06-17T06:25:00,7011AJ5M,渌渚镇,7.35
2025-06-17T06:25:00,7011AJ7R,山溪叶家,50.32
2025-06-17T06:25:00,7011AJ8R,山溪幕下,65.7
2025-06-17T06:25:00,7011AJ9R,山溪前桐,194.25
2025-06-17T06:25:00,7011AM2G,富春江水库严陵坞,23.33
2025-06-17T06:30:00,70101500,富春江电站(坝上),23.26
2025-06-17T06:30:00,70101501,富春江坝下,8.59
2025-06-17T06:30:00,70101800,窄溪,6.74
2025-06-17T06:30:00,70102300,闸口,5.82
2025-06-17T06:30:00,7010AJ33,渌渚,6.86
2025-06-17T06:30:00,7011AJ4M,新桐乡,17.86
2025-06-17T06:30:00,7011AJ5M,渌渚镇,7.34
2025-06-17T06:30:00,7011AJ7R,山溪叶家,50.32
2025-06-17T06:30:00,7011AJ8R,山溪幕下,65.7
2025-06-17T06:30:00,7011AJ9R,山溪前桐,194.25
2025-06-17T06:30:00,7011AM2G,富春江水库严陵坞,23.35
2025-06-17T06:35:00,70101500,富春江电站(坝上),23.29
2025-06-17T06:35:00,70101501,富春江坝下,8.59
2025-06-17T06:35:00,70101800,窄溪,6.72
2025-06-17T06:35:00,70102300,闸口,5.81
2025-06-17T06:35:00,7010AJ33,渌渚,6.84
2025-06-17T06:35:00,7011AJ4M,新桐乡,17.86
2025-06-17T06:35:00,7011AJ5M,渌渚镇,7.33
2025-06-17T06:35:00,7011AJ7R,山溪叶家,50.32
2025-06-17T06:35:00,7011AJ8R,山溪幕下,65.69
2025-06-17T06:35:00,7011AJ9R,山溪前桐,194.25
2025-06-17T06:35:00,7011AM2G,富春江水库严陵坞,23.33
2025-06-17T06:40:00,70101500,富春江电站(坝上),23.24
2025-06-17T06:40:00,70101501,富春江坝下,8.57
2025-06-17T06:40:00,70101800,窄溪,6.7
2025-06-17T06:40:00,70102300,闸口,5.81
2025-06-17T06:40:00,7010AJ33,渌渚,6.84
2025-06-17T06:40:00,7011AJ4M,新桐乡,17.86
2025-06-17T06:40:00,7011AJ5M,渌渚镇,7.33
2025-06-17T06:40:00,7011AJ7R,山溪叶家,50.32
2025-06-17T06:40:00,7011AJ8R,山溪幕下,65.69
2025-06-17T06:40:00,7011AJ9R,山溪前桐,194.25
2025-06-17T06:40:00,7011AM2G,富春江水库严陵坞,23.34
2025-06-17T06:45:00,70101500,富春江电站(坝上),23.22
2025-06-17T06:45:00,70101501,富春江坝下,8.55
2025-06-17T06:45:00,70101800,窄溪,6.69
2025-06-17T06:45:00,70102300,闸口,5.8
2025-06-17T06:45:00,7010AJ33,渌渚,6.8
2025-06-17T06:45:00,7011AJ4M,新桐乡,17.86
2025-06-17T06:45:00,7011AJ5M,渌渚镇,7.32
2025-06-17T06:45:00,7011AJ7R,山溪叶家,50.32
2025-06-17T06:45:00,7011AJ8R,山溪幕下,65.69
2025-06-17T06:45:00,7011AJ9R,山溪前桐,194.25
2025-06-17T06:45:00,7011AM2G,富春江水库严陵坞,23.31
2025-06-17T06:50:00,70101500,富春江电站(坝上),23.21
2025-06-17T06:50:00,70101501,富春江坝下,8.56
2025-06-17T06:50:00,70101800,窄溪,6.67
2025-06-17T06:50:00,70102300,闸口,5.94
2025-06-17T06:50:00,7010AJ33,渌渚,6.78
2025-06-17T06:50:00,7011AJ4M,新桐乡,17.86
2025-06-17T06:50:00,7011AJ5M,渌渚镇,7.32
2025-06-17T06:50:00,7011AJ7R,山溪叶家,50.32
2025-06-17T06:50:00,7011AJ8R,山溪幕下,65.69
2025-06-17T06:50:00,7011AJ9R,山溪前桐,194.25
2025-06-17T06:50:00,7011AM2G,富春江水库严陵坞,23.31
2025-06-17T06:55:00,70101500,富春江电站(坝上),23.23
2025-06-17T06:55:00,70101501,富春江坝下,8.55
2025-06-17T06:55:00,70101800,窄溪,6.64
2025-06-17T06:55:00,70102300,闸口,6.01
2025-06-17T06:55:00,7010AJ33,渌渚,6.76
2025-06-17T06:55:00,7011AJ4M,新桐乡,17.86
2025-06-17T06:55:00,7011AJ5M,渌渚镇,7.31
2025-06-17T06:55:00,7011AJ7R,山溪叶家,50.32
2025-06-17T06:55:00,7011AJ8R,山溪幕下,65.69
2025-06-17T06:55:00,7011AJ9R,山溪前桐,194.25
2025-06-17T06:55:00,7011AM2G,富春江水库严陵坞,23.31
2025-06-17T07:00:00,70101500,富春江电站(坝上),23.24
2025-06-17T07:00:00,70101501,富春江坝下,8.55
2025-06-17T07:00:00,70101800,窄溪,6.64
2025-06-17T07:00:00,70102300,闸口,6.03
2025-06-17T07:00:00,7010AJ33,渌渚,6.74
2025-06-17T07:00:00,7011AJ4M,新桐乡,17.86
2025-06-17T07:00:00,7011AJ5M,渌渚镇,7.3
2025-06-17T07:00:00,7011AJ7R,山溪叶家,50.32
2025-06-17T07:00:00,7011AJ8R,山溪幕下,65.69
2025-06-17T07:00:00,7011AJ9R,山溪前桐,194.25
2025-06-17T07:00:00,7011AM2G,富春江水库严陵坞,23.31
2025-06-17T07:05:00,70101500,富春江电站(坝上),23.24
2025-06-17T07:05:00,70101501,富春江坝下,8.55
2025-06-17T07:05:00,70101800,窄溪,6.64
2025-06-17T07:05:00,70102300,闸口,6.03
2025-06-17T07:05:00,7010AJ33,渌渚,6.72
2025-06-17T07:05:00,7011AJ4M,新桐乡,17.86
2025-06-17T07:05:00,7011AJ5M,渌渚镇,7.3
2025-06-17T07:05:00,7011AJ7R,山溪叶家,50.32
2025-06-17T07:05:00,7011AJ8R,山溪幕下,65.69
2025-06-17T07:05:00,7011AJ9R,山溪前桐,194.25
2025-06-17T07:05:00,7011AM2G,富春江水库严陵坞,23.31
2025-06-17T07:10:00,70101500,富春江电站(坝上),23.23
2025-06-17T07:10:00,70101501,富春江坝下,8.53
2025-06-17T07:10:00,70101800,窄溪,6.62
2025-06-17T07:10:00,70102300,闸口,6.07
2025-06-17T07:10:00,7010AJ33,渌渚,6.7
2025-06-17T07:10:00,7011AJ4M,新桐乡,17.86
2025-06-17T07:10:00,7011AJ5M,渌渚镇,7.29
2025-06-17T07:10:00,7011AJ7R,山溪叶家,50.32
2025-06-17T07:10:00,7011AJ8R,山溪幕下,65.69
2025-06-17T07:10:00,7011AJ9R,山溪前桐,194.25
2025-06-17T07:10:00,7011AM2G,富春江水库严陵坞,23.31
2025-06-17T07:15:00,70101500,富春江电站(坝上),23.22
2025-06-17T07:15:00,70101501,富春江坝下,8.53
2025-06-17T07:15:00,70101800,窄溪,6.6
2025-06-17T07:15:00,70102300,闸口,6.07
2025-06-17T07:15:00,7010AJ33,渌渚,6.68
2025-06-17T07:15:00,7011AJ4M,新桐乡,17.85
2025-06-17T07:15:00,7011AJ5M,渌渚镇,7.28
2025-06-17T07:15:00,7011AJ7R,山溪叶家,50.32
2025-06-17T07:15:00,7011AJ8R,山溪幕下,65.69
2025-06-17T07:15:00,7011AJ9R,山溪前桐,194.25
2025-06-17T07:15:00,7011AM2G,富春江水库严陵坞,23.31
2025-06-17T07:20:00,70101500,富春江电站(坝上),23.25
2025-06-17T07:20:00,70101501,富春江坝下,8.54
2025-06-17T07:20:00,70101800,窄溪,6.6
2025-06-17T07:20:00,70102300,闸口,6.09
2025-06-17T07:20:00,7010AJ33,渌渚,6.68
2025-06-17T07:20:00,7011AJ4M,新桐乡,17.85
2025-06-17T07:20:00,7011AJ5M,渌渚镇,7.28
2025-06-17T07:20:00,7011AJ7R,山溪叶家,50.32
2025-06-17T07:20:00,7011AJ8R,山溪幕下,65.69
2025-06-17T07:20:00,7011AJ9R,山溪前桐,194.24
2025-06-17T07:20:00,7011AM2G,富春江水库严陵坞,23.31
2025-06-17T07:25:00,70101500,富春江电站(坝上),23.24
2025-06-17T07:25:00,70101501,富春江坝下,8.52
2025-06-17T07:25:00,70101800,窄溪,6.59
2025-06-17T07:25:00,70102300,闸口,6.11
2025-06-17T07:25:00,7010AJ33,渌渚,6.66
2025-06-17T07:25:00,7011AJ4M,新桐乡,17.86
2025-06-17T07:25:00,7011AJ5M,渌渚镇,7.26
2025-06-17T07:25:00,7011AJ7R,山溪叶家,50.32
2025-06-17T07:25:00,7011AJ8R,山溪幕下,65.69
2025-06-17T07:25:00,7011AJ9R,山溪前桐,194.24
2025-06-17T07:25:00,7011AM2G,富春江水库严陵坞,23.31
2025-06-17T07:30:00,70101500,富春江电站(坝上),23.23
2025-06-17T07:30:00,70101501,富春江坝下,8.51
2025-06-17T07:30:00,70101800,窄溪,6.56
2025-06-17T07:30:00,70102300,闸口,6.12
2025-06-17T07:30:00,7010AJ33,渌渚,6.66
2025-06-17T07:30:00,7011AJ4M,新桐乡,17.86
2025-06-17T07:30:00,7011AJ5M,渌渚镇,7.26
2025-06-17T07:30:00,7011AJ7R,山溪叶家,50.31
2025-06-17T07:30:00,7011AJ8R,山溪幕下,65.69
2025-06-17T07:30:00,7011AJ9R,山溪前桐,194.25
2025-06-17T07:30:00,7011AM2G,富春江水库严陵坞,23.31
2025-06-17T07:35:00,70101500,富春江电站(坝上),23.24
2025-06-17T07:35:00,70101501,富春江坝下,8.49
2025-06-17T07:35:00,70101800,窄溪,6.56
2025-06-17T07:35:00,70102300,闸口,6.14
2025-06-17T07:35:00,7010AJ33,渌渚,6.64
2025-06-17T07:35:00,7011AJ4M,新桐乡,17.86
2025-06-17T07:35:00,7011AJ5M,渌渚镇,7.25
2025-06-17T07:35:00,7011AJ7R,山溪叶家,50.31
2025-06-17T07:35:00,7011AJ8R,山溪幕下,65.69
2025-06-17T07:35:00,7011AJ9R,山溪前桐,194.25
2025-06-17T07:35:00,7011AM2G,富春江水库严陵坞,23.31
2025-06-17T07:40:00,70101500,富春江电站(坝上),23.25
2025-06-17T07:40:00,70101501,富春江坝下,8.5
2025-06-17T07:40:00,70101800,窄溪,6.54
2025-06-17T07:40:00,70102300,闸口,6.16
2025-06-17T07:40:00,7010AJ33,渌渚,6.64
2025-06-17T07:40:00,7011AJ4M,新桐乡,9.16
2025-06-17T07:40:00,7011AJ5M,渌渚镇,7.25
2025-06-17T07:40:00,7011AJ7R,山溪叶家,50.31
2025-06-17T07:40:00,7011AJ8R,山溪幕下,65.69
2025-06-17T07:40:00,7011AJ9R,山溪前桐,194.25
2025-06-17T07:40:00,7011AM2G,富春江水库严陵坞,23.33
2025-06-17T07:45:00,70101500,富春江电站(坝上),23.36
2025-06-17T07:45:00,70101501,富春江坝下,8.3
2025-06-17T07:45:00,70101800,窄溪,6.52
2025-06-17T07:45:00,70102300,闸口,6.16
2025-06-17T07:45:00,7010AJ33,渌渚,6.63
2025-06-17T07:45:00,7011AJ4M,新桐乡,9.16
2025-06-17T07:45:00,7011AJ5M,渌渚镇,7.24
2025-06-17T07:45:00,7011AJ7R,山溪叶家,50.32
2025-06-17T07:45:00,7011AJ8R,山溪幕下,65.69
2025-06-17T07:45:00,7011AJ9R,山溪前桐,194.25
2025-06-17T07:45:00,7011AM2G,富春江水库严陵坞,23.33
2025-06-17T07:50:00,70101500,富春江电站(坝上),23.33
2025-06-17T07:50:00,70101501,富春江坝下,8.23
2025-06-17T07:50:00,70101800,窄溪,6.52
2025-06-17T07:50:00,70102300,闸口,6.15
2025-06-17T07:50:00,7010AJ33,渌渚,6.61
2025-06-17T07:50:00,7011AJ4M,新桐乡,8.28
2025-06-17T07:50:00,7011AJ5M,渌渚镇,7.24
2025-06-17T07:50:00,7011AJ7R,山溪叶家,50.32
2025-06-17T07:50:00,7011AJ8R,山溪幕下,65.69
2025-06-17T07:50:00,7011AJ9R,山溪前桐,194.25
2025-06-17T07:50:00,7011AM2G,富春江水库严陵坞,23.41
2025-06-17T07:55:00,70101500,富春江电站(坝上),23.35
2025-06-17T07:55:00,70101501,富春江坝下,8.2
2025-06-17T07:55:00,70101800,窄溪,6.51
2025-06-17T07:55:00,70102300,闸口,6.15
2025-06-17T07:55:00,7010AJ33,渌渚,6.61
2025-06-17T07:55:00,7011AJ4M,新桐乡,8.28
2025-06-17T07:55:00,7011AJ5M,渌渚镇,7.23
2025-06-17T07:55:00,7011AJ7R,山溪叶家,50.31
2025-06-17T07:55:00,7011AJ8R,山溪幕下,65.69
2025-06-17T07:55:00,7011AJ9R,山溪前桐,194.25
2025-06-17T07:55:00,7011AM2G,富春江水库严陵坞,23.41
2025-06-17T08:00:00,70101500,富春江电站(坝上),23.36
2025-06-17T08:00:00,70101501,富春江坝下,8.19
2025-06-17T08:00:00,70101800,窄溪,6.5
2025-06-17T08:00:00,70102300,闸口,6.15
2025-06-17T08:00:00,7010AJ33,渌渚,6.59
2025-06-17T08:00:00,7011AJ4M,新桐乡,6.76
2025-06-17T08:00:00,7011AJ5M,渌渚镇,7.23
2025-06-17T08:00:00,7011AJ7R,山溪叶家,50.31
2025-06-17T08:00:00,7011AJ8R,山溪幕下,65.69
2025-06-17T08:00:00,7011AJ9R,山溪前桐,194.25
2025-06-17T08:00:00,7011AM2G,富春江水库严陵坞,23.44
2025-06-17T08:05:00,70101500,富春江电站(坝上),23.36
2025-06-17T08:05:00,70101501,富春江坝下,8.15
2025-06-17T08:05:00,70101800,窄溪,6.49
2025-06-17T08:05:00,70102300,闸口,6.16
2025-06-17T08:05:00,7010AJ33,渌渚,6.59
2025-06-17T08:05:00,7011AJ4M,新桐乡,6.4
2025-06-17T08:05:00,7011AJ5M,渌渚镇,7.22
2025-06-17T08:05:00,7011AJ7R,山溪叶家,50.31
2025-06-17T08:05:00,7011AJ8R,山溪幕下,65.69
2025-06-17T08:05:00,7011AJ9R,山溪前桐,194.25
2025-06-17T08:05:00,7011AM2G,富春江水库严陵坞,23.43
2025-06-17T08:10:00,70101500,富春江电站(坝上),23.37
2025-06-17T08:10:00,70101501,富春江坝下,8.15
2025-06-17T08:10:00,70101800,窄溪,6.48
2025-06-17T08:10:00,70102300,闸口,6.16
2025-06-17T08:10:00,7010AJ33,渌渚,6.57
2025-06-17T08:10:00,7011AJ4M,新桐乡,6.39
2025-06-17T08:10:00,7011AJ5M,渌渚镇,7.22
2025-06-17T08:10:00,7011AJ7R,山溪叶家,50.31
2025-06-17T08:10:00,7011AJ8R,山溪幕下,65.69
2025-06-17T08:10:00,7011AJ9R,山溪前桐,194.24
2025-06-17T08:10:00,7011AM2G,富春江水库严陵坞,23.44
2025-06-17T08:15:00,70101500,富春江电站(坝上),23.36
2025-06-17T08:15:00,70101501,富春江坝下,8.12
2025-06-17T08:15:00,70101800,窄溪,6.46
2025-06-17T08:15:00,70102300,闸口,6.14
2025-06-17T08:15:00,7010AJ33,渌渚,6.55
2025-06-17T08:15:00,7011AJ4M,新桐乡,6.39
2025-06-17T08:15:00,7011AJ5M,渌渚镇,7.21
2025-06-17T08:15:00,7011AJ7R,山溪叶家,50.31
2025-06-17T08:15:00,7011AJ8R,山溪幕下,65.69
2025-06-17T08:15:00,7011AJ9R,山溪前桐,194.25
2025-06-17T08:15:00,7011AM2G,富春江水库严陵坞,23.44
2025-06-17T08:20:00,70101500,富春江电站(坝上),23.38
2025-06-17T08:20:00,70101501,富春江坝下,8.09
2025-06-17T08:20:00,70101800,窄溪,6.45
2025-06-17T08:20:00,70102300,闸口,6.14
2025-06-17T08:20:00,7010AJ33,渌渚,6.55
2025-06-17T08:20:00,7011AJ4M,新桐乡,6.38
2025-06-17T08:20:00,7011AJ5M,渌渚镇,7.21
2025-06-17T08:20:00,7011AJ7R,山溪叶家,50.31
2025-06-17T08:20:00,7011AJ8R,山溪幕下,65.69
2025-06-17T08:20:00,7011AJ9R,山溪前桐,194.25
2025-06-17T08:20:00,7011AM2G,富春江水库严陵坞,23.44
2025-06-17T08:25:00,70101500,富春江电站(坝上),23.36
2025-06-17T08:25:00,70101501,富春江坝下,8.07
2025-06-17T08:25:00,70101800,窄溪,6.44
2025-06-17T08:25:00,70102300,闸口,6.13
2025-06-17T08:25:00,7010AJ33,渌渚,6.53
2025-06-17T08:25:00,7011AJ4M,新桐乡,6.35
2025-06-17T08:25:00,7011AJ5M,渌渚镇,7.2
2025-06-17T08:25:00,7011AJ7R,山溪叶家,50.31
2025-06-17T08:25:00,7011AJ8R,山溪幕下,65.69
2025-06-17T08:25:00,7011AJ9R,山溪前桐,194.25
2025-06-17T08:25:00,7011AM2G,富春江水库严陵坞,23.45
2025-06-17T08:30:00,70101500,富春江电站(坝上),23.38
2025-06-17T08:30:00,70101501,富春江坝下,8.05
2025-06-17T08:30:00,70101800,窄溪,6.41
2025-06-17T08:30:00,70102300,闸口,6.14
2025-06-17T08:30:00,7010AJ33,渌渚,6.53
2025-06-17T08:30:00,7011AJ4M,新桐乡,6.33
2025-06-17T08:30:00,7011AJ5M,渌渚镇,7.19
2025-06-17T08:30:00,7011AJ7R,山溪叶家,50.31
2025-06-17T08:30:00,7011AJ8R,山溪幕下,65.69
2025-06-17T08:30:00,7011AJ9R,山溪前桐,194.25
2025-06-17T08:30:00,7011AM2G,富春江水库严陵坞,23.43
2025-06-17T08:35:00,70101500,富春江电站(坝上),23.34
2025-06-17T08:35:00,70101501,富春江坝下,8.05
2025-06-17T08:35:00,70101800,窄溪,6.39
2025-06-17T08:35:00,70102300,闸口,6.13
2025-06-17T08:35:00,7010AJ33,渌渚,6.51
2025-06-17T08:35:00,7011AJ4M,新桐乡,6.3
2025-06-17T08:35:00,7011AJ5M,渌渚镇,7.18
2025-06-17T08:35:00,7011AJ7R,山溪叶家,50.31
2025-06-17T08:35:00,7011AJ8R,山溪幕下,65.69
2025-06-17T08:35:00,7011AJ9R,山溪前桐,194.24
2025-06-17T08:35:00,7011AM2G,富春江水库严陵坞,23.43
2025-06-17T08:40:00,70101500,富春江电站(坝上),23.32
2025-06-17T08:40:00,70101501,富春江坝下,8.06
2025-06-17T08:40:00,70101800,窄溪,6.39
2025-06-17T08:40:00,70102300,闸口,6.12
2025-06-17T08:40:00,7010AJ33,渌渚,6.49
2025-06-17T08:40:00,7011AJ4M,新桐乡,6.29
2025-06-17T08:40:00,7011AJ5M,渌渚镇,7.18
2025-06-17T08:40:00,7011AJ7R,山溪叶家,50.31
2025-06-17T08:40:00,7011AJ8R,山溪幕下,65.69
2025-06-17T08:40:00,7011AJ9R,山溪前桐,194.25
2025-06-17T08:40:00,7011AM2G,富春江水库严陵坞,23.41
2025-06-17T08:45:00,70101500,富春江电站(坝上),23.32
2025-06-17T08:45:00,70101501,富春江坝下,8.04
2025-06-17T08:45:00,70101800,窄溪,6.38
2025-06-17T08:45:00,70102300,闸口,6.12
2025-06-17T08:45:00,7010AJ33,渌渚,6.47
2025-06-17T08:45:00,7011AJ4M,新桐乡,6.28
2025-06-17T08:45:00,7011AJ5M,渌渚镇,7.18
2025-06-17T08:45:00,7011AJ7R,山溪叶家,50.31
2025-06-17T08:45:00,7011AJ8R,山溪幕下,65.69
2025-06-17T08:45:00,7011AJ9R,山溪前桐,194.25
2025-06-17T08:45:00,7011AM2G,富春江水库严陵坞,23.41
2025-06-17T08:50:00,70101500,富春江电站(坝上),23.3
2025-06-17T08:50:00,70101501,富春江坝下,8.02
2025-06-17T08:50:00,70101800,窄溪,6.37
2025-06-17T08:50:00,70102300,闸口,6.11
2025-06-17T08:50:00,7010AJ33,渌渚,6.45
2025-06-17T08:50:00,7011AJ4M,新桐乡,6.28
2025-06-17T08:50:00,7011AJ5M,渌渚镇,7.17
2025-06-17T08:50:00,7011AJ7R,山溪叶家,50.31
2025-06-17T08:50:00,7011AJ8R,山溪幕下,65.69
2025-06-17T08:50:00,7011AJ9R,山溪前桐,194.25
2025-06-17T08:50:00,7011AM2G,富春江水库严陵坞,23.4
2025-06-17T08:55:00,70101500,富春江电站(坝上),23.33
2025-06-17T08:55:00,70101501,富春江坝下,8.06
2025-06-17T08:55:00,70101800,窄溪,6.37
2025-06-17T08:55:00,70102300,闸口,6.1
2025-06-17T08:55:00,7010AJ33,渌渚,6.45
2025-06-17T08:55:00,7011AJ4M,新桐乡,11.2
2025-06-17T08:55:00,7011AJ5M,渌渚镇,7.16
2025-06-17T08:55:00,7011AJ7R,山溪叶家,50.31
2025-06-17T08:55:00,7011AJ8R,山溪幕下,65.69
2025-06-17T08:55:00,7011AJ9R,山溪前桐,194.24
2025-06-17T08:55:00,7011AM2G,富春江水库严陵坞,23.38
2025-06-17T09:00:00,70101500,富春江电站(坝上),23.32
2025-06-17T09:00:00,70101501,富春江坝下,8.04
2025-06-17T09:00:00,70101800,窄溪,6.35
2025-06-17T09:00:00,70102300,闸口,6.09
2025-06-17T09:00:00,7010AJ33,渌渚,6.43
2025-06-17T09:00:00,7011AJ4M,新桐乡,16.58
2025-06-17T09:00:00,7011AJ5M,渌渚镇,7.16
2025-06-17T09:00:00,7011AJ7R,山溪叶家,50.31
2025-06-17T09:00:00,7011AJ8R,山溪幕下,65.69
2025-06-17T09:00:00,7011AJ9R,山溪前桐,194.24
2025-06-17T09:00:00,7011AM2G,富春江水库严陵坞,23.4
2025-06-17T09:05:00,70101500,富春江电站(坝上),23.3
2025-06-17T09:05:00,70101501,富春江坝下,8.03
2025-06-17T09:05:00,70101800,窄溪,6.37
2025-06-17T09:05:00,70102300,闸口,6.09
2025-06-17T09:05:00,7010AJ33,渌渚,6.41
2025-06-17T09:05:00,7011AJ4M,新桐乡,16.58
2025-06-17T09:05:00,7011AJ5M,渌渚镇,7.15
2025-06-17T09:05:00,7011AJ7R,山溪叶家,50.31
2025-06-17T09:05:00,7011AJ8R,山溪幕下,65.69
2025-06-17T09:05:00,7011AJ9R,山溪前桐,194.24
2025-06-17T09:05:00,7011AM2G,富春江水库严陵坞,23.39
2025-06-17T09:10:00,70101500,富春江电站(坝上),23.28
2025-06-17T09:10:00,70101501,富春江坝下,8.04
2025-06-17T09:10:00,70101800,窄溪,6.37
2025-06-17T09:10:00,70102300,闸口,6.08
2025-06-17T09:10:00,7010AJ33,渌渚,6.41
2025-06-17T09:10:00,7011AJ4M,新桐乡,16.58
2025-06-17T09:10:00,7011AJ5M,渌渚镇,7.14
2025-06-17T09:10:00,7011AJ7R,山溪叶家,50.31
2025-06-17T09:10:00,7011AJ8R,山溪幕下,65.69
2025-06-17T09:10:00,7011AJ9R,山溪前桐,194.24
2025-06-17T09:10:00,7011AM2G,富春江水库严陵坞,23.38
2025-06-17T09:15:00,70101500,富春江电站(坝上),23.3
2025-06-17T09:15:00,70101501,富春江坝下,8.03
2025-06-17T09:15:00,70101800,窄溪,6.37
2025-06-17T09:15:00,70102300,闸口,6.07
2025-06-17T09:15:00,7010AJ33,渌渚,6.41
2025-06-17T09:15:00,7011AJ4M,新桐乡,16.58
2025-06-17T09:15:00,7011AJ5M,渌渚镇,7.14
2025-06-17T09:15:00,7011AJ7R,山溪叶家,50.31
2025-06-17T09:15:00,7011AJ8R,山溪幕下,65.69
2025-06-17T09:15:00,7011AJ9R,山溪前桐,194.25
2025-06-17T09:15:00,7011AM2G,富春江水库严陵坞,23.36
2025-06-17T09:20:00,70101500,富春江电站(坝上),23.3
2025-06-17T09:20:00,70101501,富春江坝下,8.04
2025-06-17T09:20:00,70101800,窄溪,6.37
2025-06-17T09:20:00,70102300,闸口,6.06
2025-06-17T09:20:00,7010AJ33,渌渚,6.41
2025-06-17T09:20:00,7011AJ4M,新桐乡,7.54
2025-06-17T09:20:00,7011AJ5M,渌渚镇,7.13
2025-06-17T09:20:00,7011AJ7R,山溪叶家,50.31
2025-06-17T09:20:00,7011AJ8R,山溪幕下,65.69
2025-06-17T09:20:00,7011AJ9R,山溪前桐,194.24
2025-06-17T09:20:00,7011AM2G,富春江水库严陵坞,23.37
2025-06-17T09:25:00,70101500,富春江电站(坝上),23.3
2025-06-17T09:25:00,70101501,富春江坝下,8.03
2025-06-17T09:25:00,70101800,窄溪,6.38
2025-06-17T09:25:00,70102300,闸口,6.05
2025-06-17T09:25:00,7010AJ33,渌渚,6.41
2025-06-17T09:25:00,7011AJ4M,新桐乡,7.54
2025-06-17T09:25:00,7011AJ5M,渌渚镇,7.12
2025-06-17T09:25:00,7011AJ7R,山溪叶家,50.31
2025-06-17T09:25:00,7011AJ8R,山溪幕下,65.69
2025-06-17T09:25:00,7011AJ9R,山溪前桐,194.25
2025-06-17T09:25:00,7011AM2G,富春江水库严陵坞,23.38
2025-06-17T09:30:00,70101500,富春江电站(坝上),23.3
2025-06-17T09:30:00,70101501,富春江坝下,8.01
2025-06-17T09:30:00,70101800,窄溪,6.38
2025-06-17T09:30:00,70102300,闸口,6.03
2025-06-17T09:30:00,7010AJ33,渌渚,6.41
2025-06-17T09:30:00,7011AJ4M,新桐乡,7.54
2025-06-17T09:30:00,7011AJ5M,渌渚镇,7.11
2025-06-17T09:30:00,7011AJ7R,山溪叶家,50.31
2025-06-17T09:30:00,7011AJ8R,山溪幕下,65.69
2025-06-17T09:30:00,7011AJ9R,山溪前桐,194.24
2025-06-17T09:30:00,7011AM2G,富春江水库严陵坞,23.37
2025-06-17T09:35:00,70101500,富春江电站(坝上),23.31
2025-06-17T09:35:00,70101501,富春江坝下,8.04
2025-06-17T09:35:00,70101800,窄溪,6.38
2025-06-17T09:35:00,70102300,闸口,6.02
2025-06-17T09:35:00,7010AJ33,渌渚,6.41
2025-06-17T09:35:00,7011AJ4M,新桐乡,6.34
2025-06-17T09:35:00,7011AJ5M,渌渚镇,7.1
2025-06-17T09:35:00,7011AJ7R,山溪叶家,50.31
2025-06-17T09:35:00,7011AJ8R,山溪幕下,65.68
2025-06-17T09:35:00,7011AJ9R,山溪前桐,194.24
2025-06-17T09:35:00,7011AM2G,富春江水库严陵坞,23.39
2025-06-17T09:40:00,70101500,富春江电站(坝上),23.33
2025-06-17T09:40:00,70101501,富春江坝下,8.02
2025-06-17T09:40:00,70101800,窄溪,6.38
2025-06-17T09:40:00,70102300,闸口,6.01
2025-06-17T09:40:00,7010AJ33,渌渚,6.43
2025-06-17T09:40:00,7011AJ4M,新桐乡,6.31
2025-06-17T09:40:00,7011AJ5M,渌渚镇,7.08
2025-06-17T09:40:00,7011AJ7R,山溪叶家,50.3
2025-06-17T09:40:00,7011AJ8R,山溪幕下,65.69
2025-06-17T09:40:00,7011AJ9R,山溪前桐,194.24
2025-06-17T09:40:00,7011AM2G,富春江水库严陵坞,23.4
2025-06-17T09:45:00,70101500,富春江电站(坝上),23.32
2025-06-17T09:45:00,70101501,富春江坝下,8.03
2025-06-17T09:45:00,70101800,窄溪,6.38
2025-06-17T09:45:00,70102300,闸口,6.01
2025-06-17T09:45:00,7010AJ33,渌渚,6.43
2025-06-17T09:45:00,7011AJ4M,新桐乡,6.31
2025-06-17T09:45:00,7011AJ5M,渌渚镇,7.09
2025-06-17T09:45:00,7011AJ7R,山溪叶家,50.31
2025-06-17T09:45:00,7011AJ8R,山溪幕下,65.69
2025-06-17T09:45:00,7011AJ9R,山溪前桐,194.24
2025-06-17T09:45:00,7011AM2G,富春江水库严陵坞,23.4
2025-06-17T09:50:00,70101500,富春江电站(坝上),23.33
2025-06-17T09:50:00,70101501,富春江坝下,8.02
2025-06-17T09:50:00,70101800,窄溪,6.38
2025-06-17T09:50:00,70102300,闸口,6.0
2025-06-17T09:50:00,7010AJ33,渌渚,6.45
2025-06-17T09:50:00,7011AJ4M,新桐乡,6.31
2025-06-17T09:50:00,7011AJ5M,渌渚镇,7.08
2025-06-17T09:50:00,7011AJ7R,山溪叶家,50.3
2025-06-17T09:50:00,7011AJ8R,山溪幕下,65.68
2025-06-17T09:50:00,7011AJ9R,山溪前桐,194.24
2025-06-17T09:50:00,7011AM2G,富春江水库严陵坞,23.41
2025-06-17T09:55:00,70101500,富春江电站(坝上),23.35
2025-06-17T09:55:00,70101501,富春江坝下,7.97
2025-06-17T09:55:00,70101800,窄溪,6.38
2025-06-17T09:55:00,70102300,闸口,5.99
2025-06-17T09:55:00,7010AJ33,渌渚,6.45
2025-06-17T09:55:00,7011AJ4M,新桐乡,6.3
2025-06-17T09:55:00,7011AJ5M,渌渚镇,7.07
2025-06-17T09:55:00,7011AJ7R,山溪叶家,50.3
2025-06-17T09:55:00,7011AJ8R,山溪幕下,65.69
2025-06-17T09:55:00,7011AJ9R,山溪前桐,194.24
2025-06-17T09:55:00,7011AM2G,富春江水库严陵坞,23.42
2025-06-17T10:00:00,70101500,富春江电站(坝上),23.36
2025-06-17T10:00:00,70101501,富春江坝下,7.99
2025-06-17T10:00:00,70101800,窄溪,6.38
2025-06-17T10:00:00,70102300,闸口,5.97
2025-06-17T10:00:00,7010AJ33,渌渚,6.45
2025-06-17T10:00:00,7011AJ4M,新桐乡,6.3
2025-06-17T10:00:00,7011AJ5M,渌渚镇,7.07
2025-06-17T10:00:00,7011AJ7R,山溪叶家,50.31
2025-06-17T10:00:00,7011AJ8R,山溪幕下,65.69
2025-06-17T10:00:00,7011AJ9R,山溪前桐,194.24
2025-06-17T10:00:00,7011AM2G,富春江水库严陵坞,23.44
2025-06-17T10:05:00,70101500,富春江电站(坝上),23.38
2025-06-17T10:05:00,70101501,富春江坝下,8.03
2025-06-17T10:05:00,70101800,窄溪,6.38
2025-06-17T10:05:00,70102300,闸口,5.97
2025-06-17T10:05:00,7010AJ33,渌渚,6.45
2025-06-17T10:05:00,7011AJ4M,新桐乡,6.3
2025-06-17T10:05:00,7011AJ5M,渌渚镇,7.05
2025-06-17T10:05:00,7011AJ7R,山溪叶家,50.3
2025-06-17T10:05:00,7011AJ8R,山溪幕下,65.69
2025-06-17T10:05:00,7011AJ9R,山溪前桐,194.24
2025-06-17T10:05:00,7011AM2G,富春江水库严陵坞,23.44
2025-06-17T10:10:00,70101500,富春江电站(坝上),23.38
2025-06-17T10:10:00,70101501,富春江坝下,8.01
2025-06-17T10:10:00,70101800,窄溪,6.37
2025-06-17T10:10:00,70102300,闸口,5.94
2025-06-17T10:10:00,7010AJ33,渌渚,6.45
2025-06-17T10:10:00,7011AJ4M,新桐乡,6.3
2025-06-17T10:10:00,7011AJ5M,渌渚镇,7.06
2025-06-17T10:10:00,7011AJ7R,山溪叶家,50.3
2025-06-17T10:10:00,7011AJ8R,山溪幕下,65.68
2025-06-17T10:10:00,7011AJ9R,山溪前桐,194.24
2025-06-17T10:10:00,7011AM2G,富春江水库严陵坞,23.46
2025-06-17T10:15:00,70101500,富春江电站(坝上),23.39
2025-06-17T10:15:00,70101501,富春江坝下,7.99
2025-06-17T10:15:00,70101800,窄溪,6.37
2025-06-17T10:15:00,70102300,闸口,5.95
2025-06-17T10:15:00,7010AJ33,渌渚,6.45
2025-06-17T10:15:00,7011AJ4M,新桐乡,6.3
2025-06-17T10:15:00,7011AJ5M,渌渚镇,7.05
2025-06-17T10:15:00,7011AJ7R,山溪叶家,50.31
2025-06-17T10:15:00,7011AJ8R,山溪幕下,65.68
2025-06-17T10:15:00,7011AJ9R,山溪前桐,194.24
2025-06-17T10:15:00,7011AM2G,富春江水库严陵坞,23.46
2025-06-17T10:20:00,70101500,富春江电站(坝上),23.4
2025-06-17T10:20:00,70101501,富春江坝下,8.0
2025-06-17T10:20:00,70101800,窄溪,6.37
2025-06-17T10:20:00,70102300,闸口,5.92
2025-06-17T10:20:00,7010AJ33,渌渚,6.45
2025-06-17T10:20:00,7011AJ4M,新桐乡,6.3
2025-06-17T10:20:00,7011AJ5M,渌渚镇,7.05
2025-06-17T10:20:00,7011AJ7R,山溪叶家,50.31
2025-06-17T10:20:00,7011AJ8R,山溪幕下,65.69
2025-06-17T10:20:00,7011AJ9R,山溪前桐,194.24
2025-06-17T10:20:00,7011AM2G,富春江水库严陵坞,23.47
2025-06-17T10:25:00,70101500,富春江电站(坝上),23.4
2025-06-17T10:25:00,70101501,富春江坝下,7.99
2025-06-17T10:25:00,70101800,窄溪,6.37
2025-06-17T10:25:00,70102300,闸口,5.91
2025-06-17T10:25:00,7010AJ33,渌渚,6.43
2025-06-17T10:25:00,7011AJ4M,新桐乡,6.27
2025-06-17T10:25:00,7011AJ5M,渌渚镇,7.04
2025-06-17T10:25:00,7011AJ7R,山溪叶家,50.3
2025-06-17T10:25:00,7011AJ8R,山溪幕下,65.68
2025-06-17T10:25:00,7011AJ9R,山溪前桐,194.24
2025-06-17T10:25:00,7011AM2G,富春江水库严陵坞,23.47
2025-06-17T10:30:00,70101500,富春江电站(坝上),23.37
2025-06-17T10:30:00,70101501,富春江坝下,7.99
2025-06-17T10:30:00,70101800,窄溪,6.35
2025-06-17T10:30:00,70102300,闸口,5.89
2025-06-17T10:30:00,7010AJ33,渌渚,6.43
2025-06-17T10:30:00,7011AJ4M,新桐乡,6.27
2025-06-17T10:30:00,7011AJ5M,渌渚镇,7.02
2025-06-17T10:30:00,7011AJ7R,山溪叶家,50.3
2025-06-17T10:30:00,7011AJ8R,山溪幕下,65.68
2025-06-17T10:30:00,7011AJ9R,山溪前桐,194.24
2025-06-17T10:30:00,7011AM2G,富春江水库严陵坞,23.47
2025-06-17T10:35:00,70101500,富春江电站(坝上),23.31
2025-06-17T10:35:00,70101501,富春江坝下,7.97
2025-06-17T10:35:00,70101800,窄溪,6.35
2025-06-17T10:35:00,70102300,闸口,5.88
2025-06-17T10:35:00,7010AJ33,渌渚,6.43
2025-06-17T10:35:00,7011AJ4M,新桐乡,6.27
2025-06-17T10:35:00,7011AJ5M,渌渚镇,7.03
2025-06-17T10:35:00,7011AJ7R,山溪叶家,50.3
2025-06-17T10:35:00,7011AJ8R,山溪幕下,65.68
2025-06-17T10:35:00,7011AJ9R,山溪前桐,194.24
2025-06-17T10:35:00,7011AM2G,富春江水库严陵坞,23.46
2025-06-17T10:40:00,70101500,富春江电站(坝上),23.3
2025-06-17T10:40:00,70101501,富春江坝下,8.13
2025-06-17T10:40:00,70101800,窄溪,6.35
2025-06-17T10:40:00,70102300,闸口,5.87
2025-06-17T10:40:00,7010AJ33,渌渚,6.41
2025-06-17T10:40:00,7011AJ4M,新桐乡,6.28
2025-06-17T10:40:00,7011AJ5M,渌渚镇,7.01
2025-06-17T10:40:00,7011AJ7R,山溪叶家,50.3
2025-06-17T10:40:00,7011AJ8R,山溪幕下,65.68
2025-06-17T10:40:00,7011AJ9R,山溪前桐,194.24
2025-06-17T10:40:00,7011AM2G,富春江水库严陵坞,23.41
2025-06-17T10:45:00,70101500,富春江电站(坝上),23.29
2025-06-17T10:45:00,70101501,富春江坝下,8.28
2025-06-17T10:45:00,70101800,窄溪,6.35
2025-06-17T10:45:00,70102300,闸口,5.85
2025-06-17T10:45:00,7010AJ33,渌渚,6.41
2025-06-17T10:45:00,7011AJ4M,新桐乡,6.28
2025-06-17T10:45:00,7011AJ5M,渌渚镇,7.02
2025-06-17T10:45:00,7011AJ7R,山溪叶家,50.3
2025-06-17T10:45:00,7011AJ8R,山溪幕下,65.68
2025-06-17T10:45:00,7011AJ9R,山溪前桐,194.24
2025-06-17T10:45:00,7011AM2G,富春江水库严陵坞,23.38
2025-06-17T10:50:00,70101500,富春江电站(坝上),23.14
2025-06-17T10:50:00,70101501,富春江坝下,8.48
2025-06-17T10:50:00,70101800,窄溪,6.35
2025-06-17T10:50:00,70102300,闸口,5.84
2025-06-17T10:50:00,7010AJ33,渌渚,6.41
2025-06-17T10:50:00,7011AJ4M,新桐乡,6.3
2025-06-17T10:50:00,7011AJ5M,渌渚镇,7.01
2025-06-17T10:50:00,7011AJ7R,山溪叶家,50.3
2025-06-17T10:50:00,7011AJ8R,山溪幕下,65.68
2025-06-17T10:50:00,7011AJ9R,山溪前桐,194.24
2025-06-17T10:50:00,7011AM2G,富春江水库严陵坞,23.34
2025-06-17T10:55:00,70101500,富春江电站(坝上),23.13
2025-06-17T10:55:00,70101501,富春江坝下,8.63
2025-06-17T10:55:00,70101800,窄溪,6.35
2025-06-17T10:55:00,70102300,闸口,5.83
2025-06-17T10:55:00,7010AJ33,渌渚,6.39
2025-06-17T10:55:00,7011AJ4M,新桐乡,6.3
2025-06-17T10:55:00,7011AJ5M,渌渚镇,7.01
2025-06-17T10:55:00,7011AJ7R,山溪叶家,50.3
2025-06-17T10:55:00,7011AJ8R,山溪幕下,65.68
2025-06-17T10:55:00,7011AJ9R,山溪前桐,194.24
2025-06-17T10:55:00,7011AM2G,富春江水库严陵坞,23.23
2025-06-17T11:00:00,70101500,富春江电站(坝上),23.27
2025-06-17T11:00:00,70101501,富春江坝下,8.41
2025-06-17T11:00:00,70101800,窄溪,6.34
2025-06-17T11:00:00,70102300,闸口,5.81
2025-06-17T11:00:00,7010AJ33,渌渚,6.39
2025-06-17T11:00:00,7011AJ4M,新桐乡,6.31
2025-06-17T11:00:00,7011AJ5M,渌渚镇,7.0
2025-06-17T11:00:00,7011AJ7R,山溪叶家,50.3
2025-06-17T11:00:00,7011AJ8R,山溪幕下,65.68
2025-06-17T11:00:00,7011AJ9R,山溪前桐,194.24
2025-06-17T11:00:00,7011AM2G,富春江水库严陵坞,23.21
2025-06-17T11:05:00,70101500,富春江电站(坝上),23.27
2025-06-17T11:05:00,70101501,富春江坝下,8.26
2025-06-17T11:05:00,70101800,窄溪,6.34
2025-06-17T11:05:00,70102300,闸口,5.81
2025-06-17T11:05:00,7010AJ33,渌渚,6.39
2025-06-17T11:05:00,7011AJ4M,新桐乡,6.31
2025-06-17T11:05:00,7011AJ5M,渌渚镇,7.01
2025-06-17T11:05:00,7011AJ7R,山溪叶家,50.3
2025-06-17T11:05:00,7011AJ8R,山溪幕下,65.68
2025-06-17T11:05:00,7011AJ9R,山溪前桐,194.24
2025-06-17T11:05:00,7011AM2G,富春江水库严陵坞,23.33
2025-06-17T11:10:00,70101500,富春江电站(坝上),23.31
2025-06-17T11:10:00,70101501,富春江坝下,8.2
2025-06-17T11:10:00,70101800,窄溪,6.34
2025-06-17T11:10:00,70102300,闸口,5.79
2025-06-17T11:10:00,7010AJ33,渌渚,6.39
2025-06-17T11:10:00,7011AJ4M,新桐乡,6.3
2025-06-17T11:10:00,7011AJ5M,渌渚镇,7.0
2025-06-17T11:10:00,7011AJ7R,山溪叶家,50.3
2025-06-17T11:10:00,7011AJ8R,山溪幕下,65.68
2025-06-17T11:10:00,7011AJ9R,山溪前桐,194.24
2025-06-17T11:10:00,7011AM2G,富春江水库严陵坞,23.37
2025-06-17T11:15:00,70101500,富春江电站(坝上),23.34
2025-06-17T11:15:00,70101501,富春江坝下,8.16
2025-06-17T11:15:00,70101800,窄溪,6.34
2025-06-17T11:15:00,70102300,闸口,5.79
2025-06-17T11:15:00,7010AJ33,渌渚,6.39
2025-06-17T11:15:00,7011AJ4M,新桐乡,6.3
2025-06-17T11:15:00,7011AJ5M,渌渚镇,6.99
2025-06-17T11:15:00,7011AJ7R,山溪叶家,50.3
2025-06-17T11:15:00,7011AJ8R,山溪幕下,65.68
2025-06-17T11:15:00,7011AJ9R,山溪前桐,194.24
2025-06-17T11:15:00,7011AM2G,富春江水库严陵坞,23.41
2025-06-17T11:20:00,70101500,富春江电站(坝上),23.34
2025-06-17T11:20:00,70101501,富春江坝下,8.11
2025-06-17T11:20:00,70101800,窄溪,6.35
2025-06-17T11:20:00,70102300,闸口,5.77
2025-06-17T11:20:00,7010AJ33,渌渚,6.39
2025-06-17T11:20:00,7011AJ4M,新桐乡,6.3
2025-06-17T11:20:00,7011AJ5M,渌渚镇,6.99
2025-06-17T11:20:00,7011AJ7R,山溪叶家,50.3
2025-06-17T11:20:00,7011AJ8R,山溪幕下,65.68
2025-06-17T11:20:00,7011AJ9R,山溪前桐,194.24
2025-06-17T11:20:00,7011AM2G,富春江水库严陵坞,23.41
2025-06-17T11:25:00,70101500,富春江电站(坝上),23.35
2025-06-17T11:25:00,70101501,富春江坝下,8.07
2025-06-17T11:25:00,70101800,窄溪,6.35
2025-06-17T11:25:00,70102300,闸口,5.76
2025-06-17T11:25:00,7010AJ33,渌渚,6.38
2025-06-17T11:25:00,7011AJ4M,新桐乡,6.3
2025-06-17T11:25:00,7011AJ5M,渌渚镇,6.98
2025-06-17T11:25:00,7011AJ7R,山溪叶家,50.3
2025-06-17T11:25:00,7011AJ8R,山溪幕下,65.68
2025-06-17T11:25:00,7011AJ9R,山溪前桐,194.24
2025-06-17T11:25:00,7011AM2G,富春江水库严陵坞,23.44
2025-06-17T11:30:00,70101500,富春江电站(坝上),23.38
2025-06-17T11:30:00,70101501,富春江坝下,8.08
2025-06-17T11:30:00,70101800,窄溪,6.37
2025-06-17T11:30:00,70102300,闸口,5.75
2025-06-17T11:30:00,7010AJ33,渌渚,6.39
2025-06-17T11:30:00,7011AJ4M,新桐乡,6.29
2025-06-17T11:30:00,7011AJ5M,渌渚镇,6.97
2025-06-17T11:30:00,7011AJ7R,山溪叶家,50.29
2025-06-17T11:30:00,7011AJ8R,山溪幕下,65.68
2025-06-17T11:30:00,7011AJ9R,山溪前桐,194.24
2025-06-17T11:30:00,7011AM2G,富春江水库严陵坞,23.44
2025-06-17T11:35:00,70101500,富春江电站(坝上),23.38
2025-06-17T11:35:00,70101501,富春江坝下,8.07
2025-06-17T11:35:00,70101800,窄溪,6.38
2025-06-17T11:35:00,70102300,闸口,5.74
2025-06-17T11:35:00,7010AJ33,渌渚,6.39
2025-06-17T11:35:00,7011AJ4M,新桐乡,6.29
2025-06-17T11:35:00,7011AJ5M,渌渚镇,6.98
2025-06-17T11:35:00,7011AJ7R,山溪叶家,50.3
2025-06-17T11:35:00,7011AJ8R,山溪幕下,65.68
2025-06-17T11:35:00,7011AJ9R,山溪前桐,194.24
2025-06-17T11:35:00,7011AM2G,富春江水库严陵坞,23.46
2025-06-17T11:40:00,70101500,富春江电站(坝上),23.39
2025-06-17T11:40:00,70101501,富春江坝下,8.06
2025-06-17T11:40:00,70101800,窄溪,6.37
2025-06-17T11:40:00,70102300,闸口,5.73
2025-06-17T11:40:00,7010AJ33,渌渚,6.41
2025-06-17T11:40:00,7011AJ4M,新桐乡,6.3
2025-06-17T11:40:00,7011AJ5M,渌渚镇,6.99
2025-06-17T11:40:00,7011AJ7R,山溪叶家,50.3
2025-06-17T11:40:00,7011AJ8R,山溪幕下,65.68
2025-06-17T11:40:00,7011AJ9R,山溪前桐,194.24
2025-06-17T11:40:00,7011AM2G,富春江水库严陵坞,23.47
2025-06-17T11:45:00,70101500,富春江电站(坝上),23.44
2025-06-17T11:45:00,70101501,富春江坝下,8.07
2025-06-17T11:45:00,70101800,窄溪,6.35
2025-06-17T11:45:00,70102300,闸口,5.71
2025-06-17T11:45:00,7010AJ33,渌渚,6.43
2025-06-17T11:45:00,7011AJ4M,新桐乡,6.3
2025-06-17T11:45:00,7011AJ5M,渌渚镇,6.98
2025-06-17T11:45:00,7011AJ7R,山溪叶家,50.29
2025-06-17T11:45:00,7011AJ8R,山溪幕下,65.68
2025-06-17T11:45:00,7011AJ9R,山溪前桐,194.24
2025-06-17T11:45:00,7011AM2G,富春江水库严陵坞,23.48
2025-06-17T11:50:00,70101500,富春江电站(坝上),23.4
2025-06-17T11:50:00,70101501,富春江坝下,8.05
2025-06-17T11:50:00,70101800,窄溪,6.34
2025-06-17T11:50:00,70102300,闸口,5.71
2025-06-17T11:50:00,7010AJ33,渌渚,6.45
2025-06-17T11:50:00,7011AJ4M,新桐乡,6.3
2025-06-17T11:50:00,7011AJ5M,渌渚镇,6.98
2025-06-17T11:50:00,7011AJ7R,山溪叶家,50.29
2025-06-17T11:50:00,7011AJ8R,山溪幕下,65.68
2025-06-17T11:50:00,7011AJ9R,山溪前桐,194.24
2025-06-17T11:50:00,7011AM2G,富春江水库严陵坞,23.47
2025-06-17T11:55:00,70101500,富春江电站(坝上),23.38
2025-06-17T11:55:00,70101501,富春江坝下,8.07
2025-06-17T11:55:00,70101800,窄溪,6.33
2025-06-17T11:55:00,70102300,闸口,5.7
2025-06-17T11:55:00,7010AJ33,渌渚,6.43
2025-06-17T11:55:00,7011AJ4M,新桐乡,6.28
2025-06-17T11:55:00,7011AJ5M,渌渚镇,6.98
2025-06-17T11:55:00,7011AJ7R,山溪叶家,50.3
2025-06-17T11:55:00,7011AJ8R,山溪幕下,65.68
2025-06-17T11:55:00,7011AJ9R,山溪前桐,194.24
2025-06-17T11:55:00,7011AM2G,富春江水库严陵坞,23.46
2025-06-17T12:00:00,70101500,富春江电站(坝上),23.36
2025-06-17T12:00:00,70101501,富春江坝下,8.06
2025-06-17T12:00:00,70101800,窄溪,6.31
2025-06-17T12:00:00,70102300,闸口,5.68
2025-06-17T12:00:00,7010AJ33,渌渚,6.41
2025-06-17T12:00:00,7011AJ4M,新桐乡,6.28
2025-06-17T12:00:00,7011AJ5M,渌渚镇,6.98
2025-06-17T12:00:00,7011AJ7R,山溪叶家,50.29
2025-06-17T12:00:00,7011AJ8R,山溪幕下,65.68
2025-06-17T12:00:00,7011AJ9R,山溪前桐,194.24
2025-06-17T12:00:00,7011AM2G,富春江水库严陵坞,23.46
2025-06-17T12:05:00,70101500,富春江电站(坝上),23.35
2025-06-17T12:05:00,70101501,富春江坝下,8.06
2025-06-17T12:05:00,70101800,窄溪,6.3
2025-06-17T12:05:00,70102300,闸口,5.68
2025-06-17T12:05:00,7010AJ33,渌渚,6.41
2025-06-17T12:05:00,7011AJ4M,新桐乡,6.27
2025-06-17T12:05:00,7011AJ5M,渌渚镇,6.98
2025-06-17T12:05:00,7011AJ7R,山溪叶家,50.29
2025-06-17T12:05:00,7011AJ8R,山溪幕下,65.68
2025-06-17T12:05:00,7011AJ9R,山溪前桐,194.24
2025-06-17T12:05:00,7011AM2G,富春江水库严陵坞,23.46
2025-06-17T12:10:00,70101500,富春江电站(坝上),23.4
2025-06-17T12:10:00,70101501,富春江坝下,8.06
2025-06-17T12:10:00,70101800,窄溪,6.3
2025-06-17T12:10:00,70102300,闸口,5.67
2025-06-17T12:10:00,7010AJ33,渌渚,6.41
2025-06-17T12:10:00,7011AJ4M,新桐乡,6.27
2025-06-17T12:10:00,7011AJ5M,渌渚镇,6.98
2025-06-17T12:10:00,7011AJ7R,山溪叶家,50.29
2025-06-17T12:10:00,7011AJ8R,山溪幕下,65.68
2025-06-17T12:10:00,7011AJ9R,山溪前桐,194.24
2025-06-17T12:10:00,7011AM2G,富春江水库严陵坞,23.45
2025-06-17T12:15:00,70101500,富春江电站(坝上),23.4
2025-06-17T12:15:00,70101501,富春江坝下,8.03
2025-06-17T12:15:00,70101800,窄溪,6.29
2025-06-17T12:15:00,70102300,闸口,5.65
2025-06-17T12:15:00,7010AJ33,渌渚,6.39
2025-06-17T12:15:00,7011AJ4M,新桐乡,6.26
2025-06-17T12:15:00,7011AJ5M,渌渚镇,6.97
2025-06-17T12:15:00,7011AJ7R,山溪叶家,50.29
2025-06-17T12:15:00,7011AJ8R,山溪幕下,65.68
2025-06-17T12:15:00,7011AJ9R,山溪前桐,194.24
2025-06-17T12:15:00,7011AM2G,富春江水库严陵坞,23.46
2025-06-17T12:20:00,70101500,富春江电站(坝上),23.36
2025-06-17T12:20:00,70101501,富春江坝下,8.05
2025-06-17T12:20:00,70101800,窄溪,6.29
2025-06-17T12:20:00,70102300,闸口,5.65
2025-06-17T12:20:00,7010AJ33,渌渚,6.36
2025-06-17T12:20:00,7011AJ4M,新桐乡,6.24
2025-06-17T12:20:00,7011AJ5M,渌渚镇,6.97
2025-06-17T12:20:00,7011AJ7R,山溪叶家,50.29
2025-06-17T12:20:00,7011AJ8R,山溪幕下,65.68
2025-06-17T12:20:00,7011AJ9R,山溪前桐,194.24
2025-06-17T12:20:00,7011AM2G,富春江水库严陵坞,23.45
2025-06-17T12:25:00,70101500,富春江电站(坝上),23.35
2025-06-17T12:25:00,70101501,富春江坝下,8.03
2025-06-17T12:25:00,70101800,窄溪,6.27
2025-06-17T12:25:00,70102300,闸口,5.64
2025-06-17T12:25:00,7010AJ33,渌渚,6.34
2025-06-17T12:25:00,7011AJ4M,新桐乡,6.24
2025-06-17T12:25:00,7011AJ5M,渌渚镇,6.96
2025-06-17T12:25:00,7011AJ7R,山溪叶家,50.29
2025-06-17T12:25:00,7011AJ8R,山溪幕下,65.68
2025-06-17T12:25:00,7011AJ9R,山溪前桐,194.24
2025-06-17T12:25:00,7011AM2G,富春江水库严陵坞,23.44
2025-06-17T12:30:00,70101500,富春江电站(坝上),23.35
2025-06-17T12:30:00,70101501,富春江坝下,8.06
2025-06-17T12:30:00,70101800,窄溪,6.27
2025-06-17T12:30:00,70102300,闸口,5.63
2025-06-17T12:30:00,7010AJ33,渌渚,6.34
2025-06-17T12:30:00,7011AJ4M,新桐乡,6.24
2025-06-17T12:30:00,7011AJ5M,渌渚镇,6.96
2025-06-17T12:30:00,7011AJ7R,山溪叶家,50.29
2025-06-17T12:30:00,7011AJ8R,山溪幕下,65.68
2025-06-17T12:30:00,7011AJ9R,山溪前桐,194.24
2025-06-17T12:30:00,7011AM2G,富春江水库严陵坞,23.42
2025-06-17T12:35:00,70101500,富春江电站(坝上),23.32
2025-06-17T12:35:00,70101501,富春江坝下,8.05
2025-06-17T12:35:00,70101800,窄溪,6.27
2025-06-17T12:35:00,70102300,闸口,5.62
2025-06-17T12:35:00,7010AJ33,渌渚,6.32
2025-06-17T12:35:00,7011AJ4M,新桐乡,6.23
2025-06-17T12:35:00,7011AJ5M,渌渚镇,6.96
2025-06-17T12:35:00,7011AJ7R,山溪叶家,50.29
2025-06-17T12:35:00,7011AJ8R,山溪幕下,65.68
2025-06-17T12:35:00,7011AJ9R,山溪前桐,194.24
2025-06-17T12:35:00,7011AM2G,富春江水库严陵坞,23.4
2025-06-17T12:40:00,70101500,富春江电站(坝上),23.31
2025-06-17T12:40:00,70101501,富春江坝下,8.06
2025-06-17T12:40:00,70101800,窄溪,6.26
2025-06-17T12:40:00,70102300,闸口,5.6
2025-06-17T12:40:00,7010AJ33,渌渚,6.3
2025-06-17T12:40:00,7011AJ4M,新桐乡,6.23
2025-06-17T12:40:00,7011AJ5M,渌渚镇,6.95
2025-06-17T12:40:00,7011AJ7R,山溪叶家,50.29
2025-06-17T12:40:00,7011AJ8R,山溪幕下,65.68
2025-06-17T12:40:00,7011AJ9R,山溪前桐,194.24
2025-06-17T12:40:00,7011AM2G,富春江水库严陵坞,23.4
2025-06-17T12:45:00,70101500,富春江电站(坝上),23.3
2025-06-17T12:45:00,70101501,富春江坝下,8.04
2025-06-17T12:45:00,70101800,窄溪,6.26
2025-06-17T12:45:00,70102300,闸口,5.59
2025-06-17T12:45:00,7010AJ33,渌渚,6.3
2025-06-17T12:45:00,7011AJ4M,新桐乡,6.22
2025-06-17T12:45:00,7011AJ5M,渌渚镇,6.95
2025-06-17T12:45:00,7011AJ7R,山溪叶家,50.29
2025-06-17T12:45:00,7011AJ8R,山溪幕下,65.68
2025-06-17T12:45:00,7011AJ9R,山溪前桐,194.24
2025-06-17T12:45:00,7011AM2G,富春江水库严陵坞,23.38
2025-06-17T12:50:00,70101500,富春江电站(坝上),23.36
2025-06-17T12:50:00,70101501,富春江坝下,7.89
2025-06-17T12:50:00,70101800,窄溪,6.25
2025-06-17T12:50:00,70102300,闸口,5.59
2025-06-17T12:50:00,7010AJ33,渌渚,6.3
2025-06-17T12:50:00,7011AJ4M,新桐乡,6.22
2025-06-17T12:50:00,7011AJ5M,渌渚镇,6.95
2025-06-17T12:50:00,7011AJ7R,山溪叶家,50.29
2025-06-17T12:50:00,7011AJ8R,山溪幕下,65.68
2025-06-17T12:50:00,7011AJ9R,山溪前桐,194.24
2025-06-17T12:50:00,7011AM2G,富春江水库严陵坞,23.38
2025-06-17T12:55:00,70101500,富春江电站(坝上),23.39
2025-06-17T12:55:00,70101501,富春江坝下,7.79
2025-06-17T12:55:00,70101800,窄溪,6.24
2025-06-17T12:55:00,70102300,闸口,5.58
2025-06-17T12:55:00,7010AJ33,渌渚,6.3
2025-06-17T12:55:00,7011AJ4M,新桐乡,6.21
2025-06-17T12:55:00,7011AJ5M,渌渚镇,6.95
2025-06-17T12:55:00,7011AJ7R,山溪叶家,50.29
2025-06-17T12:55:00,7011AJ8R,山溪幕下,65.68
2025-06-17T12:55:00,7011AJ9R,山溪前桐,194.24
2025-06-17T12:55:00,7011AM2G,富春江水库严陵坞,23.45
2025-06-17T13:00:00,70101500,富春江电站(坝上),23.41
2025-06-17T13:00:00,70101501,富春江坝下,7.73
2025-06-17T13:00:00,70101800,窄溪,6.23
2025-06-17T13:00:00,70102300,闸口,5.57
2025-06-17T13:00:00,7010AJ33,渌渚,6.3
2025-06-17T13:00:00,7011AJ4M,新桐乡,6.2
2025-06-17T13:00:00,7011AJ5M,渌渚镇,6.94
2025-06-17T13:00:00,7011AJ7R,山溪叶家,50.29
2025-06-17T13:00:00,7011AJ8R,山溪幕下,65.68
2025-06-17T13:00:00,7011AJ9R,山溪前桐,194.24
2025-06-17T13:00:00,7011AM2G,富春江水库严陵坞,23.46
2025-06-17T13:05:00,70101500,富春江电站(坝上),23.39
2025-06-17T13:05:00,70101501,富春江坝下,7.73
2025-06-17T13:05:00,70101800,窄溪,6.22
2025-06-17T13:05:00,70102300,闸口,5.57
2025-06-17T13:05:00,7010AJ33,渌渚,6.28
2025-06-17T13:05:00,7011AJ4M,新桐乡,6.19
2025-06-17T13:05:00,7011AJ5M,渌渚镇,6.94
2025-06-17T13:05:00,7011AJ7R,山溪叶家,50.29
2025-06-17T13:05:00,7011AJ8R,山溪幕下,65.68
2025-06-17T13:05:00,7011AJ9R,山溪前桐,194.23
2025-06-17T13:05:00,7011AM2G,富春江水库严陵坞,23.47
2025-06-17T13:10:00,70101500,富春江电站(坝上),23.39
2025-06-17T13:10:00,70101501,富春江坝下,7.71
2025-06-17T13:10:00,70101800,窄溪,6.22
2025-06-17T13:10:00,70102300,闸口,5.56
2025-06-17T13:10:00,7010AJ33,渌渚,6.3
2025-06-17T13:10:00,7011AJ4M,新桐乡,6.18
2025-06-17T13:10:00,7011AJ5M,渌渚镇,6.94
2025-06-17T13:10:00,7011AJ7R,山溪叶家,50.29
2025-06-17T13:10:00,7011AJ8R,山溪幕下,65.68
2025-06-17T13:10:00,7011AJ9R,山溪前桐,194.24
2025-06-17T13:10:00,7011AM2G,富春江水库严陵坞,23.47
2025-06-17T13:15:00,70101500,富春江电站(坝上),23.4
2025-06-17T13:15:00,70101501,富春江坝下,7.66
2025-06-17T13:15:00,70101800,窄溪,6.21
2025-06-17T13:15:00,70102300,闸口,5.55
2025-06-17T13:15:00,7010AJ33,渌渚,6.28
2025-06-17T13:15:00,7011AJ4M,新桐乡,6.17
2025-06-17T13:15:00,7011AJ5M,渌渚镇,6.93
2025-06-17T13:15:00,7011AJ7R,山溪叶家,50.29
2025-06-17T13:15:00,7011AJ8R,山溪幕下,65.67
2025-06-17T13:15:00,7011AJ9R,山溪前桐,194.24
2025-06-17T13:15:00,7011AM2G,富春江水库严陵坞,23.46
2025-06-17T13:20:00,70101500,富春江电站(坝上),23.4
2025-06-17T13:20:00,70101501,富春江坝下,7.67
2025-06-17T13:20:00,70101800,窄溪,6.2
2025-06-17T13:20:00,70102300,闸口,5.55
2025-06-17T13:20:00,7010AJ33,渌渚,6.28
2025-06-17T13:20:00,7011AJ4M,新桐乡,6.16
2025-06-17T13:20:00,7011AJ5M,渌渚镇,6.93
2025-06-17T13:20:00,7011AJ7R,山溪叶家,50.29
2025-06-17T13:20:00,7011AJ8R,山溪幕下,65.67
2025-06-17T13:20:00,7011AJ9R,山溪前桐,194.23
2025-06-17T13:20:00,7011AM2G,富春江水库严陵坞,23.47
2025-06-17T13:25:00,70101500,富春江电站(坝上),23.4
2025-06-17T13:25:00,70101501,富春江坝下,7.66
2025-06-17T13:25:00,70101800,窄溪,6.2
2025-06-17T13:25:00,70102300,闸口,5.54
2025-06-17T13:25:00,7010AJ33,渌渚,6.28
2025-06-17T13:25:00,7011AJ4M,新桐乡,6.15
2025-06-17T13:25:00,7011AJ5M,渌渚镇,6.93
2025-06-17T13:25:00,7011AJ7R,山溪叶家,50.29
2025-06-17T13:25:00,7011AJ8R,山溪幕下,65.67
2025-06-17T13:25:00,7011AJ9R,山溪前桐,194.24
2025-06-17T13:25:00,7011AM2G,富春江水库严陵坞,23.47
2025-06-17T13:30:00,70101500,富春江电站(坝上),23.4
2025-06-17T13:30:00,70101501,富春江坝下,7.64
2025-06-17T13:30:00,70101800,窄溪,6.18
2025-06-17T13:30:00,70102300,闸口,5.54
2025-06-17T13:30:00,7010AJ33,渌渚,6.26
2025-06-17T13:30:00,7011AJ4M,新桐乡,6.14
2025-06-17T13:30:00,7011AJ5M,渌渚镇,6.93
2025-06-17T13:30:00,7011AJ7R,山溪叶家,50.29
2025-06-17T13:30:00,7011AJ8R,山溪幕下,65.68
2025-06-17T13:30:00,7011AJ9R,山溪前桐,194.23
2025-06-17T13:30:00,7011AM2G,富春江水库严陵坞,23.48
2025-06-17T13:35:00,70101500,富春江电站(坝上),23.4
2025-06-17T13:35:00,70101501,富春江坝下,7.66
2025-06-17T13:35:00,70101800,窄溪,6.17
2025-06-17T13:35:00,70102300,闸口,5.53
2025-06-17T13:35:00,7010AJ33,渌渚,6.26
2025-06-17T13:35:00,7011AJ4M,新桐乡,6.14
2025-06-17T13:35:00,7011AJ5M,渌渚镇,6.92
2025-06-17T13:35:00,7011AJ7R,山溪叶家,50.29
2025-06-17T13:35:00,7011AJ8R,山溪幕下,65.67
2025-06-17T13:35:00,7011AJ9R,山溪前桐,194.24
2025-06-17T13:35:00,7011AM2G,富春江水库严陵坞,23.46
2025-06-17T13:40:00,70101500,富春江电站(坝上),23.4
2025-06-17T13:40:00,70101501,富春江坝下,7.66
2025-06-17T13:40:00,70101800,窄溪,6.16
2025-06-17T13:40:00,70102300,闸口,5.52
2025-06-17T13:40:00,7010AJ33,渌渚,6.24
2025-06-17T13:40:00,7011AJ4M,新桐乡,6.14
2025-06-17T13:40:00,7011AJ5M,渌渚镇,6.92
2025-06-17T13:40:00,7011AJ7R,山溪叶家,50.29
2025-06-17T13:40:00,7011AJ8R,山溪幕下,65.67
2025-06-17T13:40:00,7011AJ9R,山溪前桐,194.23
2025-06-17T13:40:00,7011AM2G,富春江水库严陵坞,23.46
2025-06-17T13:45:00,70101500,富春江电站(坝上),23.38
2025-06-17T13:45:00,70101501,富春江坝下,7.63
2025-06-17T13:45:00,70101800,窄溪,6.14
2025-06-17T13:45:00,70102300,闸口,5.52
2025-06-17T13:45:00,7010AJ33,渌渚,6.22
2025-06-17T13:45:00,7011AJ4M,新桐乡,6.13
2025-06-17T13:45:00,7011AJ5M,渌渚镇,6.92
2025-06-17T13:45:00,7011AJ7R,山溪叶家,50.29
2025-06-17T13:45:00,7011AJ8R,山溪幕下,65.67
2025-06-17T13:45:00,7011AJ9R,山溪前桐,194.23
2025-06-17T13:45:00,7011AM2G,富春江水库严陵坞,23.45
2025-06-17T13:50:00,70101500,富春江电站(坝上),23.36
2025-06-17T13:50:00,70101501,富春江坝下,7.63
2025-06-17T13:50:00,70101800,窄溪,6.13
2025-06-17T13:50:00,70102300,闸口,5.5
2025-06-17T13:50:00,7010AJ33,渌渚,6.2
2025-06-17T13:50:00,7011AJ4M,新桐乡,6.11
2025-06-17T13:50:00,7011AJ5M,渌渚镇,6.92
2025-06-17T13:50:00,7011AJ7R,山溪叶家,50.29
2025-06-17T13:50:00,7011AJ8R,山溪幕下,65.68
2025-06-17T13:50:00,7011AJ9R,山溪前桐,194.24
2025-06-17T13:50:00,7011AM2G,富春江水库严陵坞,23.44
2025-06-17T13:55:00,70101500,富春江电站(坝上),23.36
2025-06-17T13:55:00,70101501,富春江坝下,7.63
2025-06-17T13:55:00,70101800,窄溪,6.12
2025-06-17T13:55:00,70102300,闸口,5.49
2025-06-17T13:55:00,7010AJ33,渌渚,6.2
2025-06-17T13:55:00,7011AJ4M,新桐乡,6.1
2025-06-17T13:55:00,7011AJ5M,渌渚镇,6.91
2025-06-17T13:55:00,7011AJ7R,山溪叶家,50.28
2025-06-17T13:55:00,7011AJ8R,山溪幕下,65.67
2025-06-17T13:55:00,7011AJ9R,山溪前桐,194.24
2025-06-17T13:55:00,7011AM2G,富春江水库严陵坞,23.44
2025-06-17T14:00:00,70101500,富春江电站(坝上),23.38
2025-06-17T14:00:00,70101501,富春江坝下,7.63
2025-06-17T14:00:00,70101800,窄溪,6.11
2025-06-17T14:00:00,70102300,闸口,5.49
2025-06-17T14:00:00,7010AJ33,渌渚,6.18
2025-06-17T14:00:00,7011AJ4M,新桐乡,6.08
2025-06-17T14:00:00,7011AJ5M,渌渚镇,6.91
2025-06-17T14:00:00,7011AJ7R,山溪叶家,50.28
2025-06-17T14:00:00,7011AJ8R,山溪幕下,65.67
2025-06-17T14:00:00,7011AJ9R,山溪前桐,194.23
2025-06-17T14:00:00,7011AM2G,富春江水库严陵坞,23.44
2025-06-17T14:05:00,70101500,富春江电站(坝上),23.38
2025-06-17T14:05:00,70101501,富春江坝下,7.63
2025-06-17T14:05:00,70101800,窄溪,6.1
2025-06-17T14:05:00,70102300,闸口,5.48
2025-06-17T14:05:00,7010AJ33,渌渚,6.16
2025-06-17T14:05:00,7011AJ4M,新桐乡,6.07
2025-06-17T14:05:00,7011AJ5M,渌渚镇,6.91
2025-06-17T14:05:00,7011AJ7R,山溪叶家,50.28
2025-06-17T14:05:00,7011AJ8R,山溪幕下,65.67
2025-06-17T14:05:00,7011AJ9R,山溪前桐,194.24
2025-06-17T14:05:00,7011AM2G,富春江水库严陵坞,23.44
2025-06-17T14:10:00,70101500,富春江电站(坝上),23.36
2025-06-17T14:10:00,70101501,富春江坝下,7.62
2025-06-17T14:10:00,70101800,窄溪,6.09
2025-06-17T14:10:00,70102300,闸口,5.48
2025-06-17T14:10:00,7010AJ33,渌渚,6.14
2025-06-17T14:10:00,7011AJ4M,新桐乡,6.07
2025-06-17T14:10:00,7011AJ5M,渌渚镇,6.9
2025-06-17T14:10:00,7011AJ7R,山溪叶家,50.28
2025-06-17T14:10:00,7011AJ8R,山溪幕下,65.67
2025-06-17T14:10:00,7011AJ9R,山溪前桐,194.23
2025-06-17T14:10:00,7011AM2G,富春江水库严陵坞,23.44
2025-06-17T14:15:00,70101500,富春江电站(坝上),23.35
2025-06-17T14:15:00,70101501,富春江坝下,7.63
2025-06-17T14:15:00,70101800,窄溪,6.08
2025-06-17T14:15:00,70102300,闸口,5.46
2025-06-17T14:15:00,7010AJ33,渌渚,6.14
2025-06-17T14:15:00,7011AJ4M,新桐乡,6.06
2025-06-17T14:15:00,7011AJ5M,渌渚镇,6.9
2025-06-17T14:15:00,7011AJ7R,山溪叶家,50.28
2025-06-17T14:15:00,7011AJ8R,山溪幕下,65.67
2025-06-17T14:15:00,7011AJ9R,山溪前桐,194.23
2025-06-17T14:15:00,7011AM2G,富春江水库严陵坞,23.43
2025-06-17T14:20:00,70101500,富春江电站(坝上),23.35
2025-06-17T14:20:00,70101501,富春江坝下,7.6
2025-06-17T14:20:00,70101800,窄溪,6.07
2025-06-17T14:20:00,70102300,闸口,5.46
2025-06-17T14:20:00,7010AJ33,渌渚,6.13
2025-06-17T14:20:00,7011AJ4M,新桐乡,6.04
2025-06-17T14:20:00,7011AJ5M,渌渚镇,6.9
2025-06-17T14:20:00,7011AJ7R,山溪叶家,50.29
2025-06-17T14:20:00,7011AJ8R,山溪幕下,65.67
2025-06-17T14:20:00,7011AJ9R,山溪前桐,194.23
2025-06-17T14:20:00,7011AM2G,富春江水库严陵坞,23.42
2025-06-17T14:25:00,70101500,富春江电站(坝上),23.34
2025-06-17T14:25:00,70101501,富春江坝下,7.59
2025-06-17T14:25:00,70101800,窄溪,6.06
2025-06-17T14:25:00,70102300,闸口,5.45
2025-06-17T14:25:00,7010AJ33,渌渚,6.11
2025-06-17T14:25:00,7011AJ4M,新桐乡,6.02
2025-06-17T14:25:00,7011AJ5M,渌渚镇,6.89
2025-06-17T14:25:00,7011AJ7R,山溪叶家,50.28
2025-06-17T14:25:00,7011AJ8R,山溪幕下,65.67
2025-06-17T14:25:00,7011AJ9R,山溪前桐,194.24
2025-06-17T14:25:00,7011AM2G,富春江水库严陵坞,23.41
2025-06-17T14:30:00,70101500,富春江电站(坝上),23.34
2025-06-17T14:30:00,70101501,富春江坝下,7.59
2025-06-17T14:30:00,70101800,窄溪,6.05
2025-06-17T14:30:00,70102300,闸口,5.44
2025-06-17T14:30:00,7010AJ33,渌渚,6.11
2025-06-17T14:30:00,7011AJ4M,新桐乡,6.01
2025-06-17T14:30:00,7011AJ5M,渌渚镇,6.89
2025-06-17T14:30:00,7011AJ7R,山溪叶家,50.28
2025-06-17T14:30:00,7011AJ8R,山溪幕下,65.67
2025-06-17T14:30:00,7011AJ9R,山溪前桐,194.23
2025-06-17T14:30:00,7011AM2G,富春江水库严陵坞,23.41
2025-06-17T14:35:00,70101500,富春江电站(坝上),23.34
2025-06-17T14:35:00,70101501,富春江坝下,7.62
2025-06-17T14:35:00,70101800,窄溪,6.04
2025-06-17T14:35:00,70102300,闸口,5.43
2025-06-17T14:35:00,7010AJ33,渌渚,6.09
2025-06-17T14:35:00,7011AJ4M,新桐乡,6.01
2025-06-17T14:35:00,7011AJ5M,渌渚镇,6.88
2025-06-17T14:35:00,7011AJ7R,山溪叶家,50.28
2025-06-17T14:35:00,7011AJ8R,山溪幕下,65.68
2025-06-17T14:35:00,7011AJ9R,山溪前桐,194.24
2025-06-17T14:35:00,7011AM2G,富春江水库严陵坞,23.41
2025-06-17T14:40:00,70101500,富春江电站(坝上),23.35
2025-06-17T14:40:00,70101501,富春江坝下,7.61
2025-06-17T14:40:00,70101800,窄溪,6.03
2025-06-17T14:40:00,70102300,闸口,5.43
2025-06-17T14:40:00,7010AJ33,渌渚,6.09
2025-06-17T14:40:00,7011AJ4M,新桐乡,6.01
2025-06-17T14:40:00,7011AJ5M,渌渚镇,6.88
2025-06-17T14:40:00,7011AJ7R,山溪叶家,50.28
2025-06-17T14:40:00,7011AJ8R,山溪幕下,65.67
2025-06-17T14:40:00,7011AJ9R,山溪前桐,194.24
2025-06-17T14:40:00,7011AM2G,富春江水库严陵坞,23.42
2025-06-17T14:45:00,70101500,富春江电站(坝上),23.36
2025-06-17T14:45:00,70101501,富春江坝下,7.61
2025-06-17T14:45:00,70101800,窄溪,6.02
2025-06-17T14:45:00,70102300,闸口,5.41
2025-06-17T14:45:00,7010AJ33,渌渚,6.09
2025-06-17T14:45:00,7011AJ4M,新桐乡,6.01
2025-06-17T14:45:00,7011AJ5M,渌渚镇,6.88
2025-06-17T14:45:00,7011AJ7R,山溪叶家,50.28
2025-06-17T14:45:00,7011AJ8R,山溪幕下,65.66
2025-06-17T14:45:00,7011AJ9R,山溪前桐,194.23
2025-06-17T14:45:00,7011AM2G,富春江水库严陵坞,23.42
2025-06-17T14:50:00,70101500,富春江电站(坝上),23.35
2025-06-17T14:50:00,70101501,富春江坝下,7.6
2025-06-17T14:50:00,70101800,窄溪,6.01
2025-06-17T14:50:00,70102300,闸口,5.41
2025-06-17T14:50:00,7010AJ33,渌渚,6.07
2025-06-17T14:50:00,7011AJ4M,新桐乡,5.98
2025-06-17T14:50:00,7011AJ5M,渌渚镇,6.88
2025-06-17T14:50:00,7011AJ7R,山溪叶家,50.28
2025-06-17T14:50:00,7011AJ8R,山溪幕下,65.65
2025-06-17T14:50:00,7011AJ9R,山溪前桐,194.24
2025-06-17T14:50:00,7011AM2G,富春江水库严陵坞,23.41
2025-06-17T14:55:00,70101500,富春江电站(坝上),23.32
2025-06-17T14:55:00,70101501,富春江坝下,7.56
2025-06-17T14:55:00,70101800,窄溪,6.0
2025-06-17T14:55:00,70102300,闸口,5.4
2025-06-17T14:55:00,7010AJ33,渌渚,6.07
2025-06-17T14:55:00,7011AJ4M,新桐乡,5.97
2025-06-17T14:55:00,7011AJ5M,渌渚镇,6.87
2025-06-17T14:55:00,7011AJ7R,山溪叶家,50.28
2025-06-17T14:55:00,7011AJ8R,山溪幕下,65.64
2025-06-17T14:55:00,7011AJ9R,山溪前桐,194.23
2025-06-17T14:55:00,7011AM2G,富春江水库严陵坞,23.41
2025-06-17T15:00:00,70101500,富春江电站(坝上),23.38
2025-06-17T15:00:00,70101501,富春江坝下,7.52
2025-06-17T15:00:00,70101800,窄溪,6.0
2025-06-17T15:00:00,70102300,闸口,5.39
2025-06-17T15:00:00,7010AJ33,渌渚,6.05
2025-06-17T15:00:00,7011AJ4M,新桐乡,5.96
2025-06-17T15:00:00,7011AJ5M,渌渚镇,6.87
2025-06-17T15:00:00,7011AJ7R,山溪叶家,50.27
2025-06-17T15:00:00,7011AJ8R,山溪幕下,65.64
2025-06-17T15:00:00,7011AJ9R,山溪前桐,194.23
2025-06-17T15:00:00,7011AM2G,富春江水库严陵坞,23.42
2025-06-17T15:05:00,70101500,富春江电站(坝上),23.38
2025-06-17T15:05:00,70101501,富春江坝下,7.45
2025-06-17T15:05:00,70101800,窄溪,5.99
2025-06-17T15:05:00,70102300,闸口,5.39
2025-06-17T15:05:00,7010AJ33,渌渚,6.05
2025-06-17T15:05:00,7011AJ4M,新桐乡,5.96
2025-06-17T15:05:00,7011AJ5M,渌渚镇,6.87
2025-06-17T15:05:00,7011AJ7R,山溪叶家,50.26
2025-06-17T15:05:00,7011AJ8R,山溪幕下,65.64
2025-06-17T15:05:00,7011AJ9R,山溪前桐,194.23
2025-06-17T15:05:00,7011AM2G,富春江水库严陵坞,23.44
2025-06-17T15:10:00,70101500,富春江电站(坝上),23.42
2025-06-17T15:10:00,70101501,富春江坝下,7.35
2025-06-17T15:10:00,70101800,窄溪,5.98
2025-06-17T15:10:00,70102300,闸口,5.38
2025-06-17T15:10:00,7010AJ33,渌渚,6.05
2025-06-17T15:10:00,7011AJ4M,新桐乡,5.95
2025-06-17T15:10:00,7011AJ5M,渌渚镇,6.86
2025-06-17T15:10:00,7011AJ7R,山溪叶家,50.26
2025-06-17T15:10:00,7011AJ8R,山溪幕下,65.64
2025-06-17T15:10:00,7011AJ9R,山溪前桐,194.23
2025-06-17T15:10:00,7011AM2G,富春江水库严陵坞,23.46
2025-06-17T15:15:00,70101500,富春江电站(坝上),23.44
2025-06-17T15:15:00,70101501,富春江坝下,7.26
2025-06-17T15:15:00,70101800,窄溪,5.97
2025-06-17T15:15:00,70102300,闸口,5.38
2025-06-17T15:15:00,7010AJ33,渌渚,6.03
2025-06-17T15:15:00,7011AJ4M,新桐乡,5.94
2025-06-17T15:15:00,7011AJ5M,渌渚镇,6.86
2025-06-17T15:15:00,7011AJ7R,山溪叶家,50.26
2025-06-17T15:15:00,7011AJ8R,山溪幕下,65.63
2025-06-17T15:15:00,7011AJ9R,山溪前桐,194.24
2025-06-17T15:15:00,7011AM2G,富春江水库严陵坞,23.51
2025-06-17T15:20:00,70101500,富春江电站(坝上),23.41
2025-06-17T15:20:00,70101501,富春江坝下,7.27
2025-06-17T15:20:00,70101800,窄溪,5.96
2025-06-17T15:20:00,70102300,闸口,5.37
2025-06-17T15:20:00,7010AJ33,渌渚,6.03
2025-06-17T15:20:00,7011AJ4M,新桐乡,5.93
2025-06-17T15:20:00,7011AJ5M,渌渚镇,6.86
2025-06-17T15:20:00,7011AJ7R,山溪叶家,50.25
2025-06-17T15:20:00,7011AJ8R,山溪幕下,65.64
2025-06-17T15:20:00,7011AJ9R,山溪前桐,194.23
2025-06-17T15:20:00,7011AM2G,富春江水库严陵坞,23.51
2025-06-17T15:25:00,70101500,富春江电站(坝上),23.43
2025-06-17T15:25:00,70101501,富春江坝下,7.3
2025-06-17T15:25:00,70101800,窄溪,5.95
2025-06-17T15:25:00,70102300,闸口,5.36
2025-06-17T15:25:00,7010AJ33,渌渚,6.03
2025-06-17T15:25:00,7011AJ4M,新桐乡,5.92
2025-06-17T15:25:00,7011AJ5M,渌渚镇,6.86
2025-06-17T15:25:00,7011AJ7R,山溪叶家,50.25
2025-06-17T15:25:00,7011AJ8R,山溪幕下,65.63
2025-06-17T15:25:00,7011AJ9R,山溪前桐,194.23
2025-06-17T15:25:00,7011AM2G,富春江水库严陵坞,23.5
2025-06-17T15:30:00,70101500,富春江电站(坝上),23.44
2025-06-17T15:30:00,70101501,富春江坝下,7.29
2025-06-17T15:30:00,70101800,窄溪,5.95
2025-06-17T15:30:00,70102300,闸口,5.35
2025-06-17T15:30:00,7010AJ33,渌渚,6.01
2025-06-17T15:30:00,7011AJ4M,新桐乡,5.91
2025-06-17T15:30:00,7011AJ5M,渌渚镇,6.85
2025-06-17T15:30:00,7011AJ7R,山溪叶家,50.25
2025-06-17T15:30:00,7011AJ8R,山溪幕下,65.63
2025-06-17T15:30:00,7011AJ9R,山溪前桐,194.23
2025-06-17T15:30:00,7011AM2G,富春江水库严陵坞,23.5
2025-06-17T15:35:00,70101500,富春江电站(坝上),23.42
2025-06-17T15:35:00,70101501,富春江坝下,7.27
2025-06-17T15:35:00,70101800,窄溪,5.94
2025-06-17T15:35:00,70102300,闸口,5.35
2025-06-17T15:35:00,7010AJ33,渌渚,5.99
2025-06-17T15:35:00,7011AJ4M,新桐乡,5.91
2025-06-17T15:35:00,7011AJ5M,渌渚镇,6.85
2025-06-17T15:35:00,7011AJ7R,山溪叶家,50.24
2025-06-17T15:35:00,7011AJ8R,山溪幕下,65.63
2025-06-17T15:35:00,7011AJ9R,山溪前桐,194.23
2025-06-17T15:35:00,7011AM2G,富春江水库严陵坞,23.5
2025-06-17T15:40:00,70101500,富春江电站(坝上),23.4
2025-06-17T15:40:00,70101501,富春江坝下,7.27
2025-06-17T15:40:00,70101800,窄溪,5.93
2025-06-17T15:40:00,70102300,闸口,5.34
2025-06-17T15:40:00,7010AJ33,渌渚,5.99
2025-06-17T15:40:00,7011AJ4M,新桐乡,5.89
2025-06-17T15:40:00,7011AJ5M,渌渚镇,6.85
2025-06-17T15:40:00,7011AJ7R,山溪叶家,50.25
2025-06-17T15:40:00,7011AJ8R,山溪幕下,65.63
2025-06-17T15:40:00,7011AJ9R,山溪前桐,194.24
2025-06-17T15:40:00,7011AM2G,富春江水库严陵坞,23.51
2025-06-17T15:45:00,70101500,富春江电站(坝上),23.43
2025-06-17T15:45:00,70101501,富春江坝下,7.27
2025-06-17T15:45:00,70101800,窄溪,5.91
2025-06-17T15:45:00,70102300,闸口,5.33
2025-06-17T15:45:00,7010AJ33,渌渚,5.97
2025-06-17T15:45:00,7011AJ4M,新桐乡,5.88
2025-06-17T15:45:00,7011AJ5M,渌渚镇,6.85
2025-06-17T15:45:00,7011AJ7R,山溪叶家,50.25
2025-06-17T15:45:00,7011AJ8R,山溪幕下,65.63
2025-06-17T15:45:00,7011AJ9R,山溪前桐,194.24
2025-06-17T15:45:00,7011AM2G,富春江水库严陵坞,23.49
2025-06-17T15:50:00,70101500,富春江电站(坝上),23.41
2025-06-17T15:50:00,70101501,富春江坝下,7.23
2025-06-17T15:50:00,70101800,窄溪,5.89
2025-06-17T15:50:00,70102300,闸口,5.32
2025-06-17T15:50:00,7010AJ33,渌渚,5.97
2025-06-17T15:50:00,7011AJ4M,新桐乡,5.87
2025-06-17T15:50:00,7011AJ5M,渌渚镇,6.84
2025-06-17T15:50:00,7011AJ7R,山溪叶家,50.25
2025-06-17T15:50:00,7011AJ8R,山溪幕下,65.63
2025-06-17T15:50:00,7011AJ9R,山溪前桐,194.23
2025-06-17T15:50:00,7011AM2G,富春江水库严陵坞,23.49
2025-06-17T15:55:00,70101500,富春江电站(坝上),23.42
2025-06-17T15:55:00,70101501,富春江坝下,7.24
2025-06-17T15:55:00,70101800,窄溪,5.88
2025-06-17T15:55:00,70102300,闸口,5.31
2025-06-17T15:55:00,7010AJ33,渌渚,5.97
2025-06-17T15:55:00,7011AJ4M,新桐乡,5.86
2025-06-17T15:55:00,7011AJ5M,渌渚镇,6.84
2025-06-17T15:55:00,7011AJ7R,山溪叶家,50.25
2025-06-17T15:55:00,7011AJ8R,山溪幕下,65.63
2025-06-17T15:55:00,7011AJ9R,山溪前桐,194.23
2025-06-17T15:55:00,7011AM2G,富春江水库严陵坞,23.47
2025-06-17T16:00:00,70101500,富春江电站(坝上),23.4
2025-06-17T16:00:00,70101501,富春江坝下,7.27
2025-06-17T16:00:00,70101800,窄溪,5.86
2025-06-17T16:00:00,70102300,闸口,5.3
2025-06-17T16:00:00,7010AJ33,渌渚,5.95
2025-06-17T16:00:00,7011AJ4M,新桐乡,5.84
2025-06-17T16:00:00,7011AJ5M,渌渚镇,6.84
2025-06-17T16:00:00,7011AJ7R,山溪叶家,50.25
2025-06-17T16:00:00,7011AJ8R,山溪幕下,65.63
2025-06-17T16:00:00,7011AJ9R,山溪前桐,194.23
2025-06-17T16:00:00,7011AM2G,富春江水库严陵坞,23.47
2025-06-17T16:05:00,70101500,富春江电站(坝上),23.38
2025-06-17T16:05:00,70101501,富春江坝下,7.24
2025-06-17T16:05:00,70101800,窄溪,5.85
2025-06-17T16:05:00,70102300,闸口,5.3
2025-06-17T16:05:00,7010AJ33,渌渚,5.93
2025-06-17T16:05:00,7011AJ4M,新桐乡,5.84
2025-06-17T16:05:00,7011AJ5M,渌渚镇,6.83
2025-06-17T16:05:00,7011AJ7R,山溪叶家,50.25
2025-06-17T16:05:00,7011AJ8R,山溪幕下,65.63
2025-06-17T16:05:00,7011AJ9R,山溪前桐,194.23
2025-06-17T16:05:00,7011AM2G,富春江水库严陵坞,23.46
2025-06-17T16:10:00,70101500,富春江电站(坝上),23.4
2025-06-17T16:10:00,70101501,富春江坝下,7.24
2025-06-17T16:10:00,70101800,窄溪,5.84
2025-06-17T16:10:00,70102300,闸口,5.3
2025-06-17T16:10:00,7010AJ33,渌渚,5.91
2025-06-17T16:10:00,7011AJ4M,新桐乡,5.81
2025-06-17T16:10:00,7011AJ5M,渌渚镇,6.83
2025-06-17T16:10:00,7011AJ7R,山溪叶家,50.25
2025-06-17T16:10:00,7011AJ8R,山溪幕下,65.63
2025-06-17T16:10:00,7011AJ9R,山溪前桐,194.23
2025-06-17T16:10:00,7011AM2G,富春江水库严陵坞,23.47
2025-06-17T16:15:00,70101500,富春江电站(坝上),23.41
2025-06-17T16:15:00,70101501,富春江坝下,7.22
2025-06-17T16:15:00,70101800,窄溪,5.83
2025-06-17T16:15:00,70102300,闸口,5.29
2025-06-17T16:15:00,7010AJ33,渌渚,5.89
2025-06-17T16:15:00,7011AJ4M,新桐乡,5.81
2025-06-17T16:15:00,7011AJ5M,渌渚镇,6.83
2025-06-17T16:15:00,7011AJ7R,山溪叶家,50.25
2025-06-17T16:15:00,7011AJ8R,山溪幕下,65.63
2025-06-17T16:15:00,7011AJ9R,山溪前桐,194.23
2025-06-17T16:15:00,7011AM2G,富春江水库严陵坞,23.47
2025-06-17T16:20:00,70101500,富春江电站(坝上),23.4
2025-06-17T16:20:00,70101501,富春江坝下,7.25
2025-06-17T16:20:00,70101800,窄溪,5.82
2025-06-17T16:20:00,70102300,闸口,5.28
2025-06-17T16:20:00,7010AJ33,渌渚,5.88
2025-06-17T16:20:00,7011AJ4M,新桐乡,5.8
2025-06-17T16:20:00,7011AJ5M,渌渚镇,6.83
2025-06-17T16:20:00,7011AJ7R,山溪叶家,50.25
2025-06-17T16:20:00,7011AJ8R,山溪幕下,65.63
2025-06-17T16:20:00,7011AJ9R,山溪前桐,194.23
2025-06-17T16:20:00,7011AM2G,富春江水库严陵坞,23.47
2025-06-17T16:25:00,70101500,富春江电站(坝上),23.4
2025-06-17T16:25:00,70101501,富春江坝下,7.22
2025-06-17T16:25:00,70101800,窄溪,5.81
2025-06-17T16:25:00,70102300,闸口,5.27
2025-06-17T16:25:00,7010AJ33,渌渚,5.86
2025-06-17T16:25:00,7011AJ4M,新桐乡,5.8
2025-06-17T16:25:00,7011AJ5M,渌渚镇,6.82
2025-06-17T16:25:00,7011AJ7R,山溪叶家,50.24
2025-06-17T16:25:00,7011AJ8R,山溪幕下,65.64
2025-06-17T16:25:00,7011AJ9R,山溪前桐,194.23
2025-06-17T16:25:00,7011AM2G,富春江水库严陵坞,23.47
2025-06-17T16:30:00,70101500,富春江电站(坝上),23.44
2025-06-17T16:30:00,70101501,富春江坝下,7.2
2025-06-17T16:30:00,70101800,窄溪,5.8
2025-06-17T16:30:00,70102300,闸口,5.26
2025-06-17T16:30:00,7010AJ33,渌渚,5.84
2025-06-17T16:30:00,7011AJ4M,新桐乡,5.79
2025-06-17T16:30:00,7011AJ5M,渌渚镇,6.82
2025-06-17T16:30:00,7011AJ7R,山溪叶家,50.24
2025-06-17T16:30:00,7011AJ8R,山溪幕下,65.63
2025-06-17T16:30:00,7011AJ9R,山溪前桐,194.23
2025-06-17T16:30:00,7011AM2G,富春江水库严陵坞,23.47
2025-06-17T16:35:00,70101500,富春江电站(坝上),23.44
2025-06-17T16:35:00,70101501,富春江坝下,7.08
2025-06-17T16:35:00,70101800,窄溪,5.79
2025-06-17T16:35:00,70102300,闸口,5.26
2025-06-17T16:35:00,7010AJ33,渌渚,5.84
2025-06-17T16:35:00,7011AJ4M,新桐乡,5.79
2025-06-17T16:35:00,7011AJ5M,渌渚镇,6.81
2025-06-17T16:35:00,7011AJ7R,山溪叶家,50.24
2025-06-17T16:35:00,7011AJ8R,山溪幕下,65.63
2025-06-17T16:35:00,7011AJ9R,山溪前桐,194.23
2025-06-17T16:35:00,7011AM2G,富春江水库严陵坞,23.5
2025-06-17T16:40:00,70101500,富春江电站(坝上),23.46
2025-06-17T16:40:00,70101501,富春江坝下,7.03
2025-06-17T16:40:00,70101800,窄溪,5.78
2025-06-17T16:40:00,70102300,闸口,5.25
2025-06-17T16:40:00,7010AJ33,渌渚,5.84
2025-06-17T16:40:00,7011AJ4M,新桐乡,5.79
2025-06-17T16:40:00,7011AJ5M,渌渚镇,6.81
2025-06-17T16:40:00,7011AJ7R,山溪叶家,50.24
2025-06-17T16:40:00,7011AJ8R,山溪幕下,65.63
2025-06-17T16:40:00,7011AJ9R,山溪前桐,194.23
2025-06-17T16:40:00,7011AM2G,富春江水库严陵坞,23.51
2025-06-17T16:45:00,70101500,富春江电站(坝上),23.47
2025-06-17T16:45:00,70101501,富春江坝下,6.99
2025-06-17T16:45:00,70101800,窄溪,5.77
2025-06-17T16:45:00,70102300,闸口,5.24
2025-06-17T16:45:00,7010AJ33,渌渚,5.82
2025-06-17T16:45:00,7011AJ4M,新桐乡,5.78
2025-06-17T16:45:00,7011AJ5M,渌渚镇,6.81
2025-06-17T16:45:00,7011AJ7R,山溪叶家,50.24
2025-06-17T16:45:00,7011AJ8R,山溪幕下,65.63
2025-06-17T16:45:00,7011AJ9R,山溪前桐,194.23
2025-06-17T16:45:00,7011AM2G,富春江水库严陵坞,23.53
2025-06-17T16:50:00,70101500,富春江电站(坝上),23.45
2025-06-17T16:50:00,70101501,富春江坝下,6.99
2025-06-17T16:50:00,70101800,窄溪,5.76
2025-06-17T16:50:00,70102300,闸口,5.24
2025-06-17T16:50:00,7010AJ33,渌渚,5.82
2025-06-17T16:50:00,7011AJ4M,新桐乡,5.76
2025-06-17T16:50:00,7011AJ5M,渌渚镇,6.81
2025-06-17T16:50:00,7011AJ7R,山溪叶家,50.24
2025-06-17T16:50:00,7011AJ8R,山溪幕下,65.63
2025-06-17T16:50:00,7011AJ9R,山溪前桐,194.23
2025-06-17T16:50:00,7011AM2G,富春江水库严陵坞,23.54
2025-06-17T16:55:00,70101500,富春江电站(坝上),23.48
2025-06-17T16:55:00,70101501,富春江坝下,6.95
2025-06-17T16:55:00,70101800,窄溪,5.75
2025-06-17T16:55:00,70102300,闸口,5.23
2025-06-17T16:55:00,7010AJ33,渌渚,5.8
2025-06-17T16:55:00,7011AJ4M,新桐乡,5.76
2025-06-17T16:55:00,7011AJ5M,渌渚镇,6.8
2025-06-17T16:55:00,7011AJ7R,山溪叶家,50.24
2025-06-17T16:55:00,7011AJ8R,山溪幕下,65.63
2025-06-17T16:55:00,7011AJ9R,山溪前桐,194.23
2025-06-17T16:55:00,7011AM2G,富春江水库严陵坞,23.54
2025-06-17T17:00:00,70101500,富春江电站(坝上),23.5
2025-06-17T17:00:00,70101501,富春江坝下,6.93
2025-06-17T17:00:00,70101800,窄溪,5.74
2025-06-17T17:00:00,70102300,闸口,5.23
2025-06-17T17:00:00,7010AJ33,渌渚,5.8
2025-06-17T17:00:00,7011AJ4M,新桐乡,5.75
2025-06-17T17:00:00,7011AJ5M,渌渚镇,6.8
2025-06-17T17:00:00,7011AJ7R,山溪叶家,50.24
2025-06-17T17:00:00,7011AJ8R,山溪幕下,65.63
2025-06-17T17:00:00,7011AJ9R,山溪前桐,194.23
2025-06-17T17:00:00,7011AM2G,富春江水库严陵坞,23.56
2025-06-17T17:05:00,70101500,富春江电站(坝上),23.51
2025-06-17T17:05:00,70101501,富春江坝下,6.9
2025-06-17T17:05:00,70101800,窄溪,5.73
2025-06-17T17:05:00,70102300,闸口,5.22
2025-06-17T17:05:00,7010AJ33,渌渚,5.78
2025-06-17T17:05:00,7011AJ4M,新桐乡,5.71
2025-06-17T17:05:00,7011AJ5M,渌渚镇,6.8
2025-06-17T17:05:00,7011AJ7R,山溪叶家,50.24
2025-06-17T17:05:00,7011AJ8R,山溪幕下,65.63
2025-06-17T17:05:00,7011AJ9R,山溪前桐,194.23
2025-06-17T17:05:00,7011AM2G,富春江水库严陵坞,23.58
2025-06-17T17:10:00,70101500,富春江电站(坝上),23.51
2025-06-17T17:10:00,70101501,富春江坝下,6.92
2025-06-17T17:10:00,70101800,窄溪,5.72
2025-06-17T17:10:00,70102300,闸口,5.21
2025-06-17T17:10:00,7010AJ33,渌渚,5.78
2025-06-17T17:10:00,7011AJ4M,新桐乡,5.7
2025-06-17T17:10:00,7011AJ5M,渌渚镇,6.8
2025-06-17T17:10:00,7011AJ7R,山溪叶家,50.24
2025-06-17T17:10:00,7011AJ8R,山溪幕下,65.63
2025-06-17T17:10:00,7011AJ9R,山溪前桐,194.23
2025-06-17T17:10:00,7011AM2G,富春江水库严陵坞,23.58
2025-06-17T17:15:00,70101500,富春江电站(坝上),23.51
2025-06-17T17:15:00,70101501,富春江坝下,6.89
2025-06-17T17:15:00,70101800,窄溪,5.7
2025-06-17T17:15:00,70102300,闸口,5.2
2025-06-17T17:15:00,7010AJ33,渌渚,5.78
2025-06-17T17:15:00,7011AJ4M,新桐乡,5.68
2025-06-17T17:15:00,7011AJ5M,渌渚镇,6.79
2025-06-17T17:15:00,7011AJ7R,山溪叶家,50.24
2025-06-17T17:15:00,7011AJ8R,山溪幕下,65.63
2025-06-17T17:15:00,7011AJ9R,山溪前桐,194.23
2025-06-17T17:15:00,7011AM2G,富春江水库严陵坞,23.58
2025-06-17T17:20:00,70101500,富春江电站(坝上),23.5
2025-06-17T17:20:00,70101501,富春江坝下,6.88
2025-06-17T17:20:00,70101800,窄溪,5.69
2025-06-17T17:20:00,70102300,闸口,5.2
2025-06-17T17:20:00,7010AJ33,渌渚,5.76
2025-06-17T17:20:00,7011AJ4M,新桐乡,5.68
2025-06-17T17:20:00,7011AJ5M,渌渚镇,6.79
2025-06-17T17:20:00,7011AJ7R,山溪叶家,50.24
2025-06-17T17:20:00,7011AJ8R,山溪幕下,65.63
2025-06-17T17:20:00,7011AJ9R,山溪前桐,194.23
2025-06-17T17:20:00,7011AM2G,富春江水库严陵坞,23.57
2025-06-17T17:25:00,70101500,富春江电站(坝上),23.49
2025-06-17T17:25:00,70101501,富春江坝下,6.86
2025-06-17T17:25:00,70101800,窄溪,5.68
2025-06-17T17:25:00,70102300,闸口,5.19
2025-06-17T17:25:00,7010AJ33,渌渚,5.76
2025-06-17T17:25:00,7011AJ4M,新桐乡,5.68
2025-06-17T17:25:00,7011AJ5M,渌渚镇,6.78
2025-06-17T17:25:00,7011AJ7R,山溪叶家,50.24
2025-06-17T17:25:00,7011AJ8R,山溪幕下,65.63
2025-06-17T17:25:00,7011AJ9R,山溪前桐,194.23
2025-06-17T17:25:00,7011AM2G,富春江水库严陵坞,23.57
2025-06-17T17:30:00,70101500,富春江电站(坝上),23.49
2025-06-17T17:30:00,70101501,富春江坝下,6.86
2025-06-17T17:30:00,70101800,窄溪,5.66
2025-06-17T17:30:00,70102300,闸口,5.19
2025-06-17T17:30:00,7010AJ33,渌渚,5.74
2025-06-17T17:30:00,7011AJ4M,新桐乡,5.68
2025-06-17T17:30:00,7011AJ5M,渌渚镇,6.78
2025-06-17T17:30:00,7011AJ7R,山溪叶家,50.24
2025-06-17T17:30:00,7011AJ8R,山溪幕下,65.63
2025-06-17T17:30:00,7011AJ9R,山溪前桐,194.23
2025-06-17T17:30:00,7011AM2G,富春江水库严陵坞,23.56
2025-06-17T17:35:00,70101500,富春江电站(坝上),23.48
2025-06-17T17:35:00,70101501,富春江坝下,6.9
2025-06-17T17:35:00,70101800,窄溪,5.65
2025-06-17T17:35:00,70102300,闸口,5.18
2025-06-17T17:35:00,7010AJ33,渌渚,5.72
2025-06-17T17:35:00,7011AJ4M,新桐乡,5.63
2025-06-17T17:35:00,7011AJ5M,渌渚镇,6.78
2025-06-17T17:35:00,7011AJ7R,山溪叶家,50.24
2025-06-17T17:35:00,7011AJ8R,山溪幕下,65.63
2025-06-17T17:35:00,7011AJ9R,山溪前桐,194.23
2025-06-17T17:35:00,7011AM2G,富春江水库严陵坞,23.57
2025-06-17T17:40:00,70101500,富春江电站(坝上),23.5
2025-06-17T17:40:00,70101501,富春江坝下,6.95
2025-06-17T17:40:00,70101800,窄溪,5.64
2025-06-17T17:40:00,70102300,闸口,5.17
2025-06-17T17:40:00,7010AJ33,渌渚,5.72
2025-06-17T17:40:00,7011AJ4M,新桐乡,5.63
2025-06-17T17:40:00,7011AJ5M,渌渚镇,6.77
2025-06-17T17:40:00,7011AJ7R,山溪叶家,50.24
2025-06-17T17:40:00,7011AJ8R,山溪幕下,65.63
2025-06-17T17:40:00,7011AJ9R,山溪前桐,194.23
2025-06-17T17:40:00,7011AM2G,富春江水库严陵坞,23.56
2025-06-17T17:45:00,70101500,富春江电站(坝上),23.49
2025-06-17T17:45:00,70101501,富春江坝下,6.92
2025-06-17T17:45:00,70101800,窄溪,5.63
2025-06-17T17:45:00,70102300,闸口,5.16
2025-06-17T17:45:00,7010AJ33,渌渚,5.7
2025-06-17T17:45:00,7011AJ4M,新桐乡,5.63
2025-06-17T17:45:00,7011AJ5M,渌渚镇,6.77
2025-06-17T17:45:00,7011AJ7R,山溪叶家,50.24
2025-06-17T17:45:00,7011AJ8R,山溪幕下,65.63
2025-06-17T17:45:00,7011AJ9R,山溪前桐,194.23
2025-06-17T17:45:00,7011AM2G,富春江水库严陵坞,23.56
2025-06-17T17:50:00,70101500,富春江电站(坝上),23.46
2025-06-17T17:50:00,70101501,富春江坝下,6.87
2025-06-17T17:50:00,70101800,窄溪,5.62
2025-06-17T17:50:00,70102300,闸口,5.15
2025-06-17T17:50:00,7010AJ33,渌渚,5.68
2025-06-17T17:50:00,7011AJ4M,新桐乡,5.62
2025-06-17T17:50:00,7011AJ5M,渌渚镇,6.77
2025-06-17T17:50:00,7011AJ7R,山溪叶家,50.24
2025-06-17T17:50:00,7011AJ8R,山溪幕下,65.63
2025-06-17T17:50:00,7011AJ9R,山溪前桐,194.23
2025-06-17T17:50:00,7011AM2G,富春江水库严陵坞,23.55
2025-06-17T17:55:00,70101500,富春江电站(坝上),23.46
2025-06-17T17:55:00,70101501,富春江坝下,6.88
2025-06-17T17:55:00,70101800,窄溪,5.61
2025-06-17T17:55:00,70102300,闸口,5.14
2025-06-17T17:55:00,7010AJ33,渌渚,5.66
2025-06-17T17:55:00,7011AJ4M,新桐乡,5.58
2025-06-17T17:55:00,7011AJ5M,渌渚镇,6.77
2025-06-17T17:55:00,7011AJ7R,山溪叶家,50.24
2025-06-17T17:55:00,7011AJ8R,山溪幕下,65.63
2025-06-17T17:55:00,7011AJ9R,山溪前桐,194.23
2025-06-17T17:55:00,7011AM2G,富春江水库严陵坞,23.54
2025-06-17T18:00:00,70101500,富春江电站(坝上),23.46
2025-06-17T18:00:00,70101501,富春江坝下,6.83
2025-06-17T18:00:00,70101800,窄溪,5.6
2025-06-17T18:00:00,70102300,闸口,5.14
2025-06-17T18:00:00,7010AJ33,渌渚,5.66
2025-06-17T18:00:00,7011AJ4M,新桐乡,5.58
2025-06-17T18:00:00,7011AJ5M,渌渚镇,6.76
2025-06-17T18:00:00,7011AJ7R,山溪叶家,50.24
2025-06-17T18:00:00,7011AJ8R,山溪幕下,65.63
2025-06-17T18:00:00,7011AJ9R,山溪前桐,194.23
2025-06-17T18:00:00,7011AM2G,富春江水库严陵坞,23.53
2025-06-17T18:05:00,70101500,富春江电站(坝上),23.39
2025-06-17T18:05:00,70101501,富春江坝下,6.88
2025-06-17T18:05:00,70101800,窄溪,5.59
2025-06-17T18:05:00,70102300,闸口,5.14
2025-06-17T18:05:00,7010AJ33,渌渚,5.64
2025-06-17T18:05:00,7011AJ4M,新桐乡,5.58
2025-06-17T18:05:00,7011AJ5M,渌渚镇,6.76
2025-06-17T18:05:00,7011AJ7R,山溪叶家,50.24
2025-06-17T18:05:00,7011AJ8R,山溪幕下,65.63
2025-06-17T18:05:00,7011AJ9R,山溪前桐,194.23
2025-06-17T18:05:00,7011AM2G,富春江水库严陵坞,23.52
2025-06-17T18:10:00,70101500,富春江电站(坝上),23.38
2025-06-17T18:10:00,70101501,富春江坝下,7.05
2025-06-17T18:10:00,70101800,窄溪,5.58
2025-06-17T18:10:00,70102300,闸口,5.12
2025-06-17T18:10:00,7010AJ33,渌渚,5.64
2025-06-17T18:10:00,7011AJ4M,新桐乡,5.58
2025-06-17T18:10:00,7011AJ5M,渌渚镇,6.75
2025-06-17T18:10:00,7011AJ7R,山溪叶家,50.24
2025-06-17T18:10:00,7011AJ8R,山溪幕下,65.63
2025-06-17T18:10:00,7011AJ9R,山溪前桐,194.23
2025-06-17T18:10:00,7011AM2G,富春江水库严陵坞,23.48
2025-06-17T18:15:00,70101500,富春江电站(坝上),23.39
2025-06-17T18:15:00,70101501,富春江坝下,7.07
2025-06-17T18:15:00,70101800,窄溪,5.57
2025-06-17T18:15:00,70102300,闸口,5.12
2025-06-17T18:15:00,7010AJ33,渌渚,5.63
2025-06-17T18:15:00,7011AJ4M,新桐乡,5.55
2025-06-17T18:15:00,7011AJ5M,渌渚镇,6.75
2025-06-17T18:15:00,7011AJ7R,山溪叶家,50.24
2025-06-17T18:15:00,7011AJ8R,山溪幕下,65.63
2025-06-17T18:15:00,7011AJ9R,山溪前桐,194.23
2025-06-17T18:15:00,7011AM2G,富春江水库严陵坞,23.47
2025-06-17T18:20:00,70101500,富春江电站(坝上),23.38
2025-06-17T18:20:00,70101501,富春江坝下,7.12
2025-06-17T18:20:00,70101800,窄溪,5.57
2025-06-17T18:20:00,70102300,闸口,5.11
2025-06-17T18:20:00,7010AJ33,渌渚,5.61
2025-06-17T18:20:00,7011AJ4M,新桐乡,5.54
2025-06-17T18:20:00,7011AJ5M,渌渚镇,6.75
2025-06-17T18:20:00,7011AJ7R,山溪叶家,50.24
2025-06-17T18:20:00,7011AJ8R,山溪幕下,65.63
2025-06-17T18:20:00,7011AJ9R,山溪前桐,194.23
2025-06-17T18:20:00,7011AM2G,富春江水库严陵坞,23.45
2025-06-17T18:25:00,70101500,富春江电站(坝上),23.3
2025-06-17T18:25:00,70101501,富春江坝下,7.27
2025-06-17T18:25:00,70101800,窄溪,5.56
2025-06-17T18:25:00,70102300,闸口,5.11
2025-06-17T18:25:00,7010AJ33,渌渚,5.61
2025-06-17T18:25:00,7011AJ4M,新桐乡,5.53
2025-06-17T18:25:00,7011AJ5M,渌渚镇,6.74
2025-06-17T18:25:00,7011AJ7R,山溪叶家,50.24
2025-06-17T18:25:00,7011AJ8R,山溪幕下,65.63
2025-06-17T18:25:00,7011AJ9R,山溪前桐,194.23
2025-06-17T18:25:00,7011AM2G,富春江水库严陵坞,23.45
2025-06-17T18:30:00,70101500,富春江电站(坝上),23.31
2025-06-17T18:30:00,70101501,富春江坝下,7.42
2025-06-17T18:30:00,70101800,窄溪,5.55
2025-06-17T18:30:00,70102300,闸口,5.1
2025-06-17T18:30:00,7010AJ33,渌渚,5.59
2025-06-17T18:30:00,7011AJ4M,新桐乡,5.52
2025-06-17T18:30:00,7011AJ5M,渌渚镇,6.74
2025-06-17T18:30:00,7011AJ7R,山溪叶家,50.24
2025-06-17T18:30:00,7011AJ8R,山溪幕下,65.63
2025-06-17T18:30:00,7011AJ9R,山溪前桐,194.22
2025-06-17T18:30:00,7011AM2G,富春江水库严陵坞,23.39
2025-06-17T18:35:00,70101500,富春江电站(坝上),23.27
2025-06-17T18:35:00,70101501,富春江坝下,7.48
2025-06-17T18:35:00,70101800,窄溪,5.53
2025-06-17T18:35:00,70102300,闸口,5.09
2025-06-17T18:35:00,7010AJ33,渌渚,5.59
2025-06-17T18:35:00,7011AJ4M,新桐乡,5.52
2025-06-17T18:35:00,7011AJ5M,渌渚镇,6.74
2025-06-17T18:35:00,7011AJ7R,山溪叶家,50.24
2025-06-17T18:35:00,7011AJ8R,山溪幕下,65.63
2025-06-17T18:35:00,7011AJ9R,山溪前桐,194.22
2025-06-17T18:35:00,7011AM2G,富春江水库严陵坞,23.38
2025-06-17T18:40:00,70101500,富春江电站(坝上),23.27
2025-06-17T18:40:00,70101501,富春江坝下,7.53
2025-06-17T18:40:00,70101800,窄溪,5.52
2025-06-17T18:40:00,70102300,闸口,5.08
2025-06-17T18:40:00,7010AJ33,渌渚,5.59
2025-06-17T18:40:00,7011AJ4M,新桐乡,5.52
2025-06-17T18:40:00,7011AJ5M,渌渚镇,6.73
2025-06-17T18:40:00,7011AJ7R,山溪叶家,50.24
2025-06-17T18:40:00,7011AJ8R,山溪幕下,65.63
2025-06-17T18:40:00,7011AJ9R,山溪前桐,194.23
2025-06-17T18:40:00,7011AM2G,富春江水库严陵坞,23.35
2025-06-17T18:45:00,70101500,富春江电站(坝上),23.29
2025-06-17T18:45:00,70101501,富春江坝下,7.53
2025-06-17T18:45:00,70101800,窄溪,5.52
2025-06-17T18:45:00,70102300,闸口,5.07
2025-06-17T18:45:00,7010AJ33,渌渚,5.57
2025-06-17T18:45:00,7011AJ4M,新桐乡,5.52
2025-06-17T18:45:00,7011AJ5M,渌渚镇,6.73
2025-06-17T18:45:00,7011AJ7R,山溪叶家,50.24
2025-06-17T18:45:00,7011AJ8R,山溪幕下,65.63
2025-06-17T18:45:00,7011AJ9R,山溪前桐,194.23
2025-06-17T18:45:00,7011AM2G,富春江水库严陵坞,23.36
2025-06-17T18:50:00,70101500,富春江电站(坝上),23.27
2025-06-17T18:50:00,70101501,富春江坝下,7.59
2025-06-17T18:50:00,70101800,窄溪,5.51
2025-06-17T18:50:00,70102300,闸口,5.07
2025-06-17T18:50:00,7010AJ33,渌渚,5.55
2025-06-17T18:50:00,7011AJ4M,新桐乡,5.51
2025-06-17T18:50:00,7011AJ5M,渌渚镇,6.72
2025-06-17T18:50:00,7011AJ7R,山溪叶家,50.24
2025-06-17T18:50:00,7011AJ8R,山溪幕下,65.63
2025-06-17T18:50:00,7011AJ9R,山溪前桐,194.23
2025-06-17T18:50:00,7011AM2G,富春江水库严陵坞,23.36
2025-06-17T18:55:00,70101500,富春江电站(坝上),23.27
2025-06-17T18:55:00,70101501,富春江坝下,7.61
2025-06-17T18:55:00,70101800,窄溪,5.51
2025-06-17T18:55:00,70102300,闸口,5.06
2025-06-17T18:55:00,7010AJ33,渌渚,5.55
2025-06-17T18:55:00,7011AJ4M,新桐乡,5.49
2025-06-17T18:55:00,7011AJ5M,渌渚镇,6.72
2025-06-17T18:55:00,7011AJ7R,山溪叶家,50.24
2025-06-17T18:55:00,7011AJ8R,山溪幕下,65.63
2025-06-17T18:55:00,7011AJ9R,山溪前桐,194.23
2025-06-17T18:55:00,7011AM2G,富春江水库严陵坞,23.35
2025-06-17T19:00:00,70101500,富春江电站(坝上),23.28
2025-06-17T19:00:00,70101501,富春江坝下,7.56
2025-06-17T19:00:00,70101800,窄溪,5.5
2025-06-17T19:00:00,70102300,闸口,5.06
2025-06-17T19:00:00,7010AJ33,渌渚,5.55
2025-06-17T19:00:00,7011AJ4M,新桐乡,5.49
2025-06-17T19:00:00,7011AJ5M,渌渚镇,6.72
2025-06-17T19:00:00,7011AJ7R,山溪叶家,50.24
2025-06-17T19:00:00,7011AJ8R,山溪幕下,65.63
2025-06-17T19:00:00,7011AJ9R,山溪前桐,194.23
2025-06-17T19:00:00,7011AM2G,富春江水库严陵坞,23.36
2025-06-17T19:05:00,70101500,富春江电站(坝上),23.31
2025-06-17T19:05:00,70101501,富春江坝下,7.57
2025-06-17T19:05:00,70101800,窄溪,5.5
2025-06-17T19:05:00,70102300,闸口,5.05
2025-06-17T19:05:00,7010AJ33,渌渚,5.55
2025-06-17T19:05:00,7011AJ4M,新桐乡,5.49
2025-06-17T19:05:00,7011AJ5M,渌渚镇,6.72
2025-06-17T19:05:00,7011AJ7R,山溪叶家,50.24
2025-06-17T19:05:00,7011AJ8R,山溪幕下,65.63
2025-06-17T19:05:00,7011AJ9R,山溪前桐,194.22
2025-06-17T19:05:00,7011AM2G,富春江水库严陵坞,23.38
2025-06-17T19:10:00,70101500,富春江电站(坝上),23.31
2025-06-17T19:10:00,70101501,富春江坝下,7.59
2025-06-17T19:10:00,70101800,窄溪,5.5
2025-06-17T19:10:00,70102300,闸口,5.05
2025-06-17T19:10:00,7010AJ33,渌渚,5.55
2025-06-17T19:10:00,7011AJ4M,新桐乡,5.47
2025-06-17T19:10:00,7011AJ5M,渌渚镇,6.72
2025-06-17T19:10:00,7011AJ7R,山溪叶家,50.24
2025-06-17T19:10:00,7011AJ8R,山溪幕下,65.63
2025-06-17T19:10:00,7011AJ9R,山溪前桐,194.23
2025-06-17T19:10:00,7011AM2G,富春江水库严陵坞,23.39
2025-06-17T19:15:00,70101500,富春江电站(坝上),23.33
2025-06-17T19:15:00,70101501,富春江坝下,7.63
2025-06-17T19:15:00,70101800,窄溪,5.51
2025-06-17T19:15:00,70102300,闸口,5.03
2025-06-17T19:15:00,7010AJ33,渌渚,5.53
2025-06-17T19:15:00,7011AJ4M,新桐乡,5.47
2025-06-17T19:15:00,7011AJ5M,渌渚镇,6.71
2025-06-17T19:15:00,7011AJ7R,山溪叶家,50.24
2025-06-17T19:15:00,7011AJ8R,山溪幕下,65.62
2025-06-17T19:15:00,7011AJ9R,山溪前桐,194.23
2025-06-17T19:15:00,7011AM2G,富春江水库严陵坞,23.4
2025-06-17T19:20:00,70101500,富春江电站(坝上),23.36
2025-06-17T19:20:00,70101501,富春江坝下,7.67
2025-06-17T19:20:00,70101800,窄溪,5.51
2025-06-17T19:20:00,70102300,闸口,5.03
2025-06-17T19:20:00,7010AJ33,渌渚,5.53
2025-06-17T19:20:00,7011AJ4M,新桐乡,5.47
2025-06-17T19:20:00,7011AJ5M,渌渚镇,6.72
2025-06-17T19:20:00,7011AJ7R,山溪叶家,50.23
2025-06-17T19:20:00,7011AJ8R,山溪幕下,65.63
2025-06-17T19:20:00,7011AJ9R,山溪前桐,194.23
2025-06-17T19:20:00,7011AM2G,富春江水库严陵坞,23.43
2025-06-17T19:25:00,70101500,富春江电站(坝上),23.38
2025-06-17T19:25:00,70101501,富春江坝下,7.63
2025-06-17T19:25:00,70101800,窄溪,5.5
2025-06-17T19:25:00,70102300,闸口,5.02
2025-06-17T19:25:00,7010AJ33,渌渚,5.53
2025-06-17T19:25:00,7011AJ4M,新桐乡,5.46
2025-06-17T19:25:00,7011AJ5M,渌渚镇,6.71
2025-06-17T19:25:00,7011AJ7R,山溪叶家,50.24
2025-06-17T19:25:00,7011AJ8R,山溪幕下,65.62
2025-06-17T19:25:00,7011AJ9R,山溪前桐,194.23
2025-06-17T19:25:00,7011AM2G,富春江水库严陵坞,23.44
2025-06-17T19:30:00,70101500,富春江电站(坝上),23.4
2025-06-17T19:30:00,70101501,富春江坝下,7.64
2025-06-17T19:30:00,70101800,窄溪,5.5
2025-06-17T19:30:00,70102300,闸口,5.01
2025-06-17T19:30:00,7010AJ33,渌渚,5.55
2025-06-17T19:30:00,7011AJ4M,新桐乡,5.46
2025-06-17T19:30:00,7011AJ5M,渌渚镇,6.71
2025-06-17T19:30:00,7011AJ7R,山溪叶家,50.23
2025-06-17T19:30:00,7011AJ8R,山溪幕下,65.63
2025-06-17T19:30:00,7011AJ9R,山溪前桐,194.23
2025-06-17T19:30:00,7011AM2G,富春江水库严陵坞,23.45
2025-06-17T19:35:00,70101500,富春江电站(坝上),23.38
2025-06-17T19:35:00,70101501,富春江坝下,7.65
2025-06-17T19:35:00,70101800,窄溪,5.5
2025-06-17T19:35:00,70102300,闸口,5.01
2025-06-17T19:35:00,7010AJ33,渌渚,5.55
2025-06-17T19:35:00,7011AJ4M,新桐乡,5.45
2025-06-17T19:35:00,7011AJ5M,渌渚镇,6.71
2025-06-17T19:35:00,7011AJ7R,山溪叶家,50.24
2025-06-17T19:35:00,7011AJ8R,山溪幕下,65.62
2025-06-17T19:35:00,7011AJ9R,山溪前桐,194.22
2025-06-17T19:35:00,7011AM2G,富春江水库严陵坞,23.47
2025-06-17T19:40:00,70101500,富春江电站(坝上),23.4
2025-06-17T19:40:00,70101501,富春江坝下,7.67
2025-06-17T19:40:00,70101800,窄溪,5.5
2025-06-17T19:40:00,70102300,闸口,5.0
2025-06-17T19:40:00,7010AJ33,渌渚,5.55
2025-06-17T19:40:00,7011AJ4M,新桐乡,5.44
2025-06-17T19:40:00,7011AJ5M,渌渚镇,6.7
2025-06-17T19:40:00,7011AJ7R,山溪叶家,50.24
2025-06-17T19:40:00,7011AJ8R,山溪幕下,65.63
2025-06-17T19:40:00,7011AJ9R,山溪前桐,194.22
2025-06-17T19:40:00,7011AM2G,富春江水库严陵坞,23.48
2025-06-17T19:45:00,70101500,富春江电站(坝上),23.43
2025-06-17T19:45:00,70101501,富春江坝下,7.66
2025-06-17T19:45:00,70101800,窄溪,5.49
2025-06-17T19:45:00,70102300,闸口,4.99
2025-06-17T19:45:00,7010AJ33,渌渚,5.55
2025-06-17T19:45:00,7011AJ4M,新桐乡,5.44
2025-06-17T19:45:00,7011AJ5M,渌渚镇,6.7
2025-06-17T19:45:00,7011AJ7R,山溪叶家,50.24
2025-06-17T19:45:00,7011AJ8R,山溪幕下,65.63
2025-06-17T19:45:00,7011AJ9R,山溪前桐,194.23
2025-06-17T19:45:00,7011AM2G,富春江水库严陵坞,23.49
2025-06-17T19:50:00,70101500,富春江电站(坝上),23.42
2025-06-17T19:50:00,70101501,富春江坝下,7.67
2025-06-17T19:50:00,70101800,窄溪,5.49
2025-06-17T19:50:00,70102300,闸口,4.99
2025-06-17T19:50:00,7010AJ33,渌渚,5.55
2025-06-17T19:50:00,7011AJ4M,新桐乡,5.44
2025-06-17T19:50:00,7011AJ5M,渌渚镇,6.7
2025-06-17T19:50:00,7011AJ7R,山溪叶家,50.23
2025-06-17T19:50:00,7011AJ8R,山溪幕下,65.63
2025-06-17T19:50:00,7011AJ9R,山溪前桐,194.23
2025-06-17T19:50:00,7011AM2G,富春江水库严陵坞,23.49
2025-06-17T19:55:00,70101500,富春江电站(坝上),23.42
2025-06-17T19:55:00,70101501,富春江坝下,7.67
2025-06-17T19:55:00,70101800,窄溪,5.49
2025-06-17T19:55:00,70102300,闸口,4.98
2025-06-17T19:55:00,7010AJ33,渌渚,5.55
2025-06-17T19:55:00,7011AJ4M,新桐乡,5.44
2025-06-17T19:55:00,7011AJ5M,渌渚镇,6.7
2025-06-17T19:55:00,7011AJ7R,山溪叶家,50.24
2025-06-17T19:55:00,7011AJ8R,山溪幕下,65.63
2025-06-17T19:55:00,7011AJ9R,山溪前桐,194.23
2025-06-17T19:55:00,7011AM2G,富春江水库严陵坞,23.49
2025-06-17T20:00:00,70101500,富春江电站(坝上),23.41
2025-06-17T20:00:00,70101501,富春江坝下,7.64
2025-06-17T20:00:00,70101800,窄溪,5.48
2025-06-17T20:00:00,70102300,闸口,4.97
2025-06-17T20:00:00,7010AJ33,渌渚,5.55
2025-06-17T20:00:00,7011AJ4M,新桐乡,5.44
2025-06-17T20:00:00,7011AJ5M,渌渚镇,6.69
2025-06-17T20:00:00,7011AJ7R,山溪叶家,50.23
2025-06-17T20:00:00,7011AJ8R,山溪幕下,65.62
2025-06-17T20:00:00,7011AJ9R,山溪前桐,194.23
2025-06-17T20:00:00,7011AM2G,富春江水库严陵坞,23.49
2025-06-17T20:05:00,70101500,富春江电站(坝上),23.41
2025-06-17T20:05:00,70101501,富春江坝下,7.67
2025-06-17T20:05:00,70101800,窄溪,5.48
2025-06-17T20:05:00,70102300,闸口,4.98
2025-06-17T20:05:00,7010AJ33,渌渚,5.55
2025-06-17T20:05:00,7011AJ4M,新桐乡,5.44
2025-06-17T20:05:00,7011AJ5M,渌渚镇,6.69
2025-06-17T20:05:00,7011AJ7R,山溪叶家,50.23
2025-06-17T20:05:00,7011AJ8R,山溪幕下,65.62
2025-06-17T20:05:00,7011AJ9R,山溪前桐,194.23
2025-06-17T20:05:00,7011AM2G,富春江水库严陵坞,23.48
2025-06-17T20:10:00,70101500,富春江电站(坝上),23.4
2025-06-17T20:10:00,70101501,富春江坝下,7.65
2025-06-17T20:10:00,70101800,窄溪,5.48
2025-06-17T20:10:00,70102300,闸口,5.01
2025-06-17T20:10:00,7010AJ33,渌渚,5.53
2025-06-17T20:10:00,7011AJ4M,新桐乡,5.43
2025-06-17T20:10:00,7011AJ5M,渌渚镇,6.69
2025-06-17T20:10:00,7011AJ7R,山溪叶家,50.24
2025-06-17T20:10:00,7011AJ8R,山溪幕下,65.62
2025-06-17T20:10:00,7011AJ9R,山溪前桐,194.23
2025-06-17T20:10:00,7011AM2G,富春江水库严陵坞,23.47
2025-06-17T20:15:00,70101500,富春江电站(坝上),23.39
2025-06-17T20:15:00,70101501,富春江坝下,7.67
2025-06-17T20:15:00,70101800,窄溪,5.48
2025-06-17T20:15:00,70102300,闸口,5.04
2025-06-17T20:15:00,7010AJ33,渌渚,5.53
2025-06-17T20:15:00,7011AJ4M,新桐乡,5.43
2025-06-17T20:15:00,7011AJ5M,渌渚镇,6.69
2025-06-17T20:15:00,7011AJ7R,山溪叶家,50.24
2025-06-17T20:15:00,7011AJ8R,山溪幕下,65.62
2025-06-17T20:15:00,7011AJ9R,山溪前桐,194.23
2025-06-17T20:15:00,7011AM2G,富春江水库严陵坞,23.46
2025-06-17T20:20:00,70101500,富春江电站(坝上),23.37
2025-06-17T20:20:00,70101501,富春江坝下,7.7
2025-06-17T20:20:00,70101800,窄溪,5.48
2025-06-17T20:20:00,70102300,闸口,5.06
2025-06-17T20:20:00,7010AJ33,渌渚,5.53
2025-06-17T20:20:00,7011AJ4M,新桐乡,5.42
2025-06-17T20:20:00,7011AJ5M,渌渚镇,6.69
2025-06-17T20:20:00,7011AJ7R,山溪叶家,50.24
2025-06-17T20:20:00,7011AJ8R,山溪幕下,65.62
2025-06-17T20:20:00,7011AJ9R,山溪前桐,194.22
2025-06-17T20:20:00,7011AM2G,富春江水库严陵坞,23.46
2025-06-17T20:25:00,70101500,富春江电站(坝上),23.37
2025-06-17T20:25:00,70101501,富春江坝下,7.67
2025-06-17T20:25:00,70101800,窄溪,5.47
2025-06-17T20:25:00,70102300,闸口,5.07
2025-06-17T20:25:00,7010AJ33,渌渚,5.53
2025-06-17T20:25:00,7011AJ4M,新桐乡,5.42
2025-06-17T20:25:00,7011AJ5M,渌渚镇,6.69
2025-06-17T20:25:00,7011AJ7R,山溪叶家,50.23
2025-06-17T20:25:00,7011AJ8R,山溪幕下,65.62
2025-06-17T20:25:00,7011AJ9R,山溪前桐,194.23
2025-06-17T20:25:00,7011AM2G,富春江水库严陵坞,23.45
2025-06-17T20:30:00,70101500,富春江电站(坝上),23.37
2025-06-17T20:30:00,70101501,富春江坝下,7.62
2025-06-17T20:30:00,70101800,窄溪,5.47
2025-06-17T20:30:00,70102300,闸口,5.09
2025-06-17T20:30:00,7010AJ33,渌渚,5.51
2025-06-17T20:30:00,7011AJ4M,新桐乡,5.42
2025-06-17T20:30:00,7011AJ5M,渌渚镇,6.68
2025-06-17T20:30:00,7011AJ7R,山溪叶家,50.23
2025-06-17T20:30:00,7011AJ8R,山溪幕下,65.62
2025-06-17T20:30:00,7011AJ9R,山溪前桐,194.23
2025-06-17T20:30:00,7011AM2G,富春江水库严陵坞,23.44
2025-06-17T20:35:00,70101500,富春江电站(坝上),23.36
2025-06-17T20:35:00,70101501,富春江坝下,7.59
2025-06-17T20:35:00,70101800,窄溪,5.47
2025-06-17T20:35:00,70102300,闸口,5.09
2025-06-17T20:35:00,7010AJ33,渌渚,5.51
2025-06-17T20:35:00,7011AJ4M,新桐乡,5.42
2025-06-17T20:35:00,7011AJ5M,渌渚镇,6.68
2025-06-17T20:35:00,7011AJ7R,山溪叶家,50.23
2025-06-17T20:35:00,7011AJ8R,山溪幕下,65.62
2025-06-17T20:35:00,7011AJ9R,山溪前桐,194.22
2025-06-17T20:35:00,7011AM2G,富春江水库严陵坞,23.44
2025-06-17T20:40:00,70101500,富春江电站(坝上),23.35
2025-06-17T20:40:00,70101501,富春江坝下,7.59
2025-06-17T20:40:00,70101800,窄溪,5.46
2025-06-17T20:40:00,70102300,闸口,5.1
2025-06-17T20:40:00,7010AJ33,渌渚,5.51
2025-06-17T20:40:00,7011AJ4M,新桐乡,5.42
2025-06-17T20:40:00,7011AJ5M,渌渚镇,6.68
2025-06-17T20:40:00,7011AJ7R,山溪叶家,50.23
2025-06-17T20:40:00,7011AJ8R,山溪幕下,65.62
2025-06-17T20:40:00,7011AJ9R,山溪前桐,194.22
2025-06-17T20:40:00,7011AM2G,富春江水库严陵坞,23.43
2025-06-17T20:45:00,70101500,富春江电站(坝上),23.34
2025-06-17T20:45:00,70101501,富春江坝下,7.59
2025-06-17T20:45:00,70101800,窄溪,5.46
2025-06-17T20:45:00,70102300,闸口,5.11
2025-06-17T20:45:00,7010AJ33,渌渚,5.51
2025-06-17T20:45:00,7011AJ4M,新桐乡,5.41
2025-06-17T20:45:00,7011AJ5M,渌渚镇,6.68
2025-06-17T20:45:00,7011AJ7R,山溪叶家,50.23
2025-06-17T20:45:00,7011AJ8R,山溪幕下,65.62
2025-06-17T20:45:00,7011AJ9R,山溪前桐,194.23
2025-06-17T20:45:00,7011AM2G,富春江水库严陵坞,23.43
2025-06-17T20:50:00,70101500,富春江电站(坝上),23.34
2025-06-17T20:50:00,70101501,富春江坝下,7.66
2025-06-17T20:50:00,70101800,窄溪,5.45
2025-06-17T20:50:00,70102300,闸口,5.11
2025-06-17T20:50:00,7010AJ33,渌渚,5.51
2025-06-17T20:50:00,7011AJ4M,新桐乡,5.4
2025-06-17T20:50:00,7011AJ5M,渌渚镇,6.68
2025-06-17T20:50:00,7011AJ7R,山溪叶家,50.23
2025-06-17T20:50:00,7011AJ8R,山溪幕下,65.62
2025-06-17T20:50:00,7011AJ9R,山溪前桐,194.23
2025-06-17T20:50:00,7011AM2G,富春江水库严陵坞,23.42
2025-06-17T20:55:00,70101500,富春江电站(坝上),23.35
2025-06-17T20:55:00,70101501,富春江坝下,7.67
2025-06-17T20:55:00,70101800,窄溪,5.45
2025-06-17T20:55:00,70102300,闸口,5.13
2025-06-17T20:55:00,7010AJ33,渌渚,5.49
2025-06-17T20:55:00,7011AJ4M,新桐乡,5.38
2025-06-17T20:55:00,7011AJ5M,渌渚镇,6.68
2025-06-17T20:55:00,7011AJ7R,山溪叶家,50.23
2025-06-17T20:55:00,7011AJ8R,山溪幕下,65.62
2025-06-17T20:55:00,7011AJ9R,山溪前桐,194.22
2025-06-17T20:55:00,7011AM2G,富春江水库严陵坞,23.42
2025-06-17T21:00:00,70101500,富春江电站(坝上),23.35
2025-06-17T21:00:00,70101501,富春江坝下,7.64
2025-06-17T21:00:00,70101800,窄溪,5.44
2025-06-17T21:00:00,70102300,闸口,5.13
2025-06-17T21:00:00,7010AJ33,渌渚,5.49
2025-06-17T21:00:00,7011AJ4M,新桐乡,5.38
2025-06-17T21:00:00,7011AJ5M,渌渚镇,6.67
2025-06-17T21:00:00,7011AJ7R,山溪叶家,50.23
2025-06-17T21:00:00,7011AJ8R,山溪幕下,65.62
2025-06-17T21:00:00,7011AJ9R,山溪前桐,194.23
2025-06-17T21:00:00,7011AM2G,富春江水库严陵坞,23.42
2025-06-17T21:05:00,70101500,富春江电站(坝上),23.34
2025-06-17T21:05:00,70101501,富春江坝下,7.59
2025-06-17T21:05:00,70101800,窄溪,5.44
2025-06-17T21:05:00,70102300,闸口,5.14
2025-06-17T21:05:00,7010AJ33,渌渚,5.49
2025-06-17T21:05:00,7011AJ4M,新桐乡,5.38
2025-06-17T21:05:00,7011AJ5M,渌渚镇,6.66
2025-06-17T21:05:00,7011AJ7R,山溪叶家,50.23
2025-06-17T21:05:00,7011AJ8R,山溪幕下,65.62
2025-06-17T21:05:00,7011AJ9R,山溪前桐,194.22
2025-06-17T21:05:00,7011AM2G,富春江水库严陵坞,23.42
2025-06-17T21:10:00,70101500,富春江电站(坝上),23.35
2025-06-17T21:10:00,70101501,富春江坝下,7.63
2025-06-17T21:10:00,70101800,窄溪,5.44
2025-06-17T21:10:00,70102300,闸口,5.15
2025-06-17T21:10:00,7010AJ33,渌渚,5.49
2025-06-17T21:10:00,7011AJ4M,新桐乡,5.38
2025-06-17T21:10:00,7011AJ5M,渌渚镇,6.66
2025-06-17T21:10:00,7011AJ7R,山溪叶家,50.23
2025-06-17T21:10:00,7011AJ8R,山溪幕下,65.62
2025-06-17T21:10:00,7011AJ9R,山溪前桐,194.23
2025-06-17T21:10:00,7011AM2G,富春江水库严陵坞,23.42
2025-06-17T21:15:00,70101500,富春江电站(坝上),23.34
2025-06-17T21:15:00,70101501,富春江坝下,7.62
2025-06-17T21:15:00,70101800,窄溪,5.44
2025-06-17T21:15:00,70102300,闸口,5.15
2025-06-17T21:15:00,7010AJ33,渌渚,5.49
2025-06-17T21:15:00,7011AJ4M,新桐乡,5.38
2025-06-17T21:15:00,7011AJ5M,渌渚镇,6.66
2025-06-17T21:15:00,7011AJ7R,山溪叶家,50.23
2025-06-17T21:15:00,7011AJ8R,山溪幕下,65.62
2025-06-17T21:15:00,7011AJ9R,山溪前桐,194.22
2025-06-17T21:15:00,7011AM2G,富春江水库严陵坞,23.42
2025-06-17T21:20:00,70101500,富春江电站(坝上),23.33
2025-06-17T21:20:00,70101501,富春江坝下,7.67
2025-06-17T21:20:00,70101800,窄溪,5.43
2025-06-17T21:20:00,70102300,闸口,5.14
2025-06-17T21:20:00,7010AJ33,渌渚,5.49
2025-06-17T21:20:00,7011AJ4M,新桐乡,5.37
2025-06-17T21:20:00,7011AJ5M,渌渚镇,6.66
2025-06-17T21:20:00,7011AJ7R,山溪叶家,50.23
2025-06-17T21:20:00,7011AJ8R,山溪幕下,65.62
2025-06-17T21:20:00,7011AJ9R,山溪前桐,194.23
2025-06-17T21:20:00,7011AM2G,富春江水库严陵坞,23.41
2025-06-17T21:25:00,70101500,富春江电站(坝上),23.33
2025-06-17T21:25:00,70101501,富春江坝下,7.66
2025-06-17T21:25:00,70101800,窄溪,5.43
2025-06-17T21:25:00,70102300,闸口,5.14
2025-06-17T21:25:00,7010AJ33,渌渚,5.49
2025-06-17T21:25:00,7011AJ4M,新桐乡,5.37
2025-06-17T21:25:00,7011AJ5M,渌渚镇,6.66
2025-06-17T21:25:00,7011AJ7R,山溪叶家,50.23
2025-06-17T21:25:00,7011AJ8R,山溪幕下,65.62
2025-06-17T21:25:00,7011AJ9R,山溪前桐,194.22
2025-06-17T21:25:00,7011AM2G,富春江水库严陵坞,23.41
2025-06-17T21:30:00,70101500,富春江电站(坝上),23.31
2025-06-17T21:30:00,70101501,富春江坝下,7.67
2025-06-17T21:30:00,70101800,窄溪,5.43
2025-06-17T21:30:00,70102300,闸口,5.15
2025-06-17T21:30:00,7010AJ33,渌渚,5.47
2025-06-17T21:30:00,7011AJ4M,新桐乡,5.37
2025-06-17T21:30:00,7011AJ5M,渌渚镇,6.66
2025-06-17T21:30:00,7011AJ7R,山溪叶家,50.23
2025-06-17T21:30:00,7011AJ8R,山溪幕下,65.62
2025-06-17T21:30:00,7011AJ9R,山溪前桐,194.22
2025-06-17T21:30:00,7011AM2G,富春江水库严陵坞,23.41
2025-06-17T21:35:00,70101500,富春江电站(坝上),23.32
2025-06-17T21:35:00,70101501,富春江坝下,7.63
2025-06-17T21:35:00,70101800,窄溪,5.43
2025-06-17T21:35:00,70102300,闸口,5.15
2025-06-17T21:35:00,7010AJ33,渌渚,5.47
2025-06-17T21:35:00,7011AJ4M,新桐乡,5.37
2025-06-17T21:35:00,7011AJ5M,渌渚镇,6.65
2025-06-17T21:35:00,7011AJ7R,山溪叶家,50.23
2025-06-17T21:35:00,7011AJ8R,山溪幕下,65.62
2025-06-17T21:35:00,7011AJ9R,山溪前桐,194.23
2025-06-17T21:35:00,7011AM2G,富春江水库严陵坞,23.4
2025-06-17T21:40:00,70101500,富春江电站(坝上),23.31
2025-06-17T21:40:00,70101501,富春江坝下,7.63
2025-06-17T21:40:00,70101800,窄溪,5.42
2025-06-17T21:40:00,70102300,闸口,5.14
2025-06-17T21:40:00,7010AJ33,渌渚,5.47
2025-06-17T21:40:00,7011AJ4M,新桐乡,5.37
2025-06-17T21:40:00,7011AJ5M,渌渚镇,6.65
2025-06-17T21:40:00,7011AJ7R,山溪叶家,50.23
2025-06-17T21:40:00,7011AJ8R,山溪幕下,65.62
2025-06-17T21:40:00,7011AJ9R,山溪前桐,194.22
2025-06-17T21:40:00,7011AM2G,富春江水库严陵坞,23.4
2025-06-17T21:45:00,70101500,富春江电站(坝上),23.31
2025-06-17T21:45:00,70101501,富春江坝下,7.61
2025-06-17T21:45:00,70101800,窄溪,5.42
2025-06-17T21:45:00,70102300,闸口,5.14
2025-06-17T21:45:00,7010AJ33,渌渚,5.47
2025-06-17T21:45:00,7011AJ4M,新桐乡,5.36
2025-06-17T21:45:00,7011AJ5M,渌渚镇,6.65
2025-06-17T21:45:00,7011AJ7R,山溪叶家,50.23
2025-06-17T21:45:00,7011AJ8R,山溪幕下,65.62
2025-06-17T21:45:00,7011AJ9R,山溪前桐,194.23
2025-06-17T21:45:00,7011AM2G,富春江水库严陵坞,23.39
2025-06-17T21:50:00,70101500,富春江电站(坝上),23.3
2025-06-17T21:50:00,70101501,富春江坝下,7.62
2025-06-17T21:50:00,70101800,窄溪,5.41
2025-06-17T21:50:00,70102300,闸口,5.14
2025-06-17T21:50:00,7010AJ33,渌渚,5.47
2025-06-17T21:50:00,7011AJ4M,新桐乡,5.36
2025-06-17T21:50:00,7011AJ5M,渌渚镇,6.65
2025-06-17T21:50:00,7011AJ7R,山溪叶家,50.23
2025-06-17T21:50:00,7011AJ8R,山溪幕下,65.62
2025-06-17T21:50:00,7011AJ9R,山溪前桐,194.23
2025-06-17T21:50:00,7011AM2G,富春江水库严陵坞,23.38
2025-06-17T21:55:00,70101500,富春江电站(坝上),23.29
2025-06-17T21:55:00,70101501,富春江坝下,7.65
2025-06-17T21:55:00,70101800,窄溪,5.41
2025-06-17T21:55:00,70102300,闸口,5.14
2025-06-17T21:55:00,7010AJ33,渌渚,5.47
2025-06-17T21:55:00,7011AJ4M,新桐乡,5.35
2025-06-17T21:55:00,7011AJ5M,渌渚镇,6.65
2025-06-17T21:55:00,7011AJ7R,山溪叶家,50.23
2025-06-17T21:55:00,7011AJ8R,山溪幕下,65.62
2025-06-17T21:55:00,7011AJ9R,山溪前桐,194.23
2025-06-17T21:55:00,7011AM2G,富春江水库严陵坞,23.37
2025-06-17T22:00:00,70101500,富春江电站(坝上),23.28
2025-06-17T22:00:00,70101501,富春江坝下,7.65
2025-06-17T22:00:00,70101800,窄溪,5.41
2025-06-17T22:00:00,70102300,闸口,5.15
2025-06-17T22:00:00,7010AJ33,渌渚,5.47
2025-06-17T22:00:00,7011AJ4M,新桐乡,5.35
2025-06-17T22:00:00,7011AJ5M,渌渚镇,6.65
2025-06-17T22:00:00,7011AJ7R,山溪叶家,50.23
2025-06-17T22:00:00,7011AJ8R,山溪幕下,65.62
2025-06-17T22:00:00,7011AJ9R,山溪前桐,194.22
2025-06-17T22:00:00,7011AM2G,富春江水库严陵坞,23.37
2025-06-17T22:05:00,70101500,富春江电站(坝上),23.26
2025-06-17T22:05:00,70101501,富春江坝下,7.65
2025-06-17T22:05:00,70101800,窄溪,5.4
2025-06-17T22:05:00,70102300,闸口,5.14
2025-06-17T22:05:00,7010AJ33,渌渚,5.45
2025-06-17T22:05:00,7011AJ4M,新桐乡,5.34
2025-06-17T22:05:00,7011AJ5M,渌渚镇,6.64
2025-06-17T22:05:00,7011AJ7R,山溪叶家,50.23
2025-06-17T22:05:00,7011AJ8R,山溪幕下,65.62
2025-06-17T22:05:00,7011AJ9R,山溪前桐,194.23
2025-06-17T22:05:00,7011AM2G,富春江水库严陵坞,23.36
2025-06-17T22:10:00,70101500,富春江电站(坝上),23.25
2025-06-17T22:10:00,70101501,富春江坝下,7.63
2025-06-17T22:10:00,70101800,窄溪,5.4
2025-06-17T22:10:00,70102300,闸口,5.14
2025-06-17T22:10:00,7010AJ33,渌渚,5.45
2025-06-17T22:10:00,7011AJ4M,新桐乡,5.34
2025-06-17T22:10:00,7011AJ5M,渌渚镇,6.64
2025-06-17T22:10:00,7011AJ7R,山溪叶家,50.23
2025-06-17T22:10:00,7011AJ8R,山溪幕下,65.62
2025-06-17T22:10:00,7011AJ9R,山溪前桐,194.22
2025-06-17T22:10:00,7011AM2G,富春江水库严陵坞,23.33
2025-06-17T22:15:00,70101500,富春江电站(坝上),23.24
2025-06-17T22:15:00,70101501,富春江坝下,7.64
2025-06-17T22:15:00,70101800,窄溪,5.4
2025-06-17T22:15:00,70102300,闸口,5.14
2025-06-17T22:15:00,7010AJ33,渌渚,5.45
2025-06-17T22:15:00,7011AJ4M,新桐乡,5.34
2025-06-17T22:15:00,7011AJ5M,渌渚镇,6.64
2025-06-17T22:15:00,7011AJ7R,山溪叶家,50.23
2025-06-17T22:15:00,7011AJ8R,山溪幕下,65.62
2025-06-17T22:15:00,7011AJ9R,山溪前桐,194.23
2025-06-17T22:15:00,7011AM2G,富春江水库严陵坞,23.33
2025-06-17T22:20:00,70101500,富春江电站(坝上),23.24
2025-06-17T22:20:00,70101501,富春江坝下,7.63
2025-06-17T22:20:00,70101800,窄溪,5.4
2025-06-17T22:20:00,70102300,闸口,5.14
2025-06-17T22:20:00,7010AJ33,渌渚,5.45
2025-06-17T22:20:00,7011AJ4M,新桐乡,5.34
2025-06-17T22:20:00,7011AJ5M,渌渚镇,6.64
2025-06-17T22:20:00,7011AJ7R,山溪叶家,50.23
2025-06-17T22:20:00,7011AJ8R,山溪幕下,65.62
2025-06-17T22:20:00,7011AJ9R,山溪前桐,194.22
2025-06-17T22:20:00,7011AM2G,富春江水库严陵坞,23.32
2025-06-17T22:25:00,70101500,富春江电站(坝上),23.24
2025-06-17T22:25:00,70101501,富春江坝下,7.63
2025-06-17T22:25:00,70101800,窄溪,5.4
2025-06-17T22:25:00,70102300,闸口,5.14
2025-06-17T22:25:00,7010AJ33,渌渚,5.43
2025-06-17T22:25:00,7011AJ4M,新桐乡,5.34
2025-06-17T22:25:00,7011AJ5M,渌渚镇,6.64
2025-06-17T22:25:00,7011AJ7R,山溪叶家,50.23
2025-06-17T22:25:00,7011AJ8R,山溪幕下,65.62
2025-06-17T22:25:00,7011AJ9R,山溪前桐,194.23
2025-06-17T22:25:00,7011AM2G,富春江水库严陵坞,23.31
2025-06-17T22:30:00,70101500,富春江电站(坝上),23.23
2025-06-17T22:30:00,70101501,富春江坝下,7.64
2025-06-17T22:30:00,70101800,窄溪,5.41
2025-06-17T22:30:00,70102300,闸口,5.13
2025-06-17T22:30:00,7010AJ33,渌渚,5.43
2025-06-17T22:30:00,7011AJ4M,新桐乡,5.34
2025-06-17T22:30:00,7011AJ5M,渌渚镇,6.64
2025-06-17T22:30:00,7011AJ7R,山溪叶家,50.23
2025-06-17T22:30:00,7011AJ8R,山溪幕下,65.62
2025-06-17T22:30:00,7011AJ9R,山溪前桐,194.22
2025-06-17T22:30:00,7011AM2G,富春江水库严陵坞,23.31
2025-06-17T22:35:00,70101500,富春江电站(坝上),23.23
2025-06-17T22:35:00,70101501,富春江坝下,7.63
2025-06-17T22:35:00,70101800,窄溪,5.41
2025-06-17T22:35:00,70102300,闸口,5.13
2025-06-17T22:35:00,7010AJ33,渌渚,5.43
2025-06-17T22:35:00,7011AJ4M,新桐乡,5.35
2025-06-17T22:35:00,7011AJ5M,渌渚镇,6.64
2025-06-17T22:35:00,7011AJ7R,山溪叶家,50.23
2025-06-17T22:35:00,7011AJ8R,山溪幕下,65.62
2025-06-17T22:35:00,7011AJ9R,山溪前桐,194.22
2025-06-17T22:35:00,7011AM2G,富春江水库严陵坞,23.31
2025-06-17T22:40:00,70101500,富春江电站(坝上),23.22
2025-06-17T22:40:00,70101501,富春江坝下,7.64
2025-06-17T22:40:00,70101800,窄溪,5.42
2025-06-17T22:40:00,70102300,闸口,5.12
2025-06-17T22:40:00,7010AJ33,渌渚,5.43
2025-06-17T22:40:00,7011AJ4M,新桐乡,5.36
2025-06-17T22:40:00,7011AJ5M,渌渚镇,6.64
2025-06-17T22:40:00,7011AJ7R,山溪叶家,50.23
2025-06-17T22:40:00,7011AJ8R,山溪幕下,65.62
2025-06-17T22:40:00,7011AJ9R,山溪前桐,194.22
2025-06-17T22:40:00,7011AM2G,富春江水库严陵坞,23.3
2025-06-17T22:45:00,70101500,富春江电站(坝上),23.22
2025-06-17T22:45:00,70101501,富春江坝下,7.66
2025-06-17T22:45:00,70101800,窄溪,5.42
2025-06-17T22:45:00,70102300,闸口,5.12
2025-06-17T22:45:00,7010AJ33,渌渚,5.43
2025-06-17T22:45:00,7011AJ4M,新桐乡,5.37
2025-06-17T22:45:00,7011AJ5M,渌渚镇,6.63
2025-06-17T22:45:00,7011AJ7R,山溪叶家,50.23
2025-06-17T22:45:00,7011AJ8R,山溪幕下,65.62
2025-06-17T22:45:00,7011AJ9R,山溪前桐,194.22
2025-06-17T22:45:00,7011AM2G,富春江水库严陵坞,23.3
2025-06-17T22:50:00,70101500,富春江电站(坝上),23.21
2025-06-17T22:50:00,70101501,富春江坝下,7.67
2025-06-17T22:50:00,70101800,窄溪,5.42
2025-06-17T22:50:00,70102300,闸口,5.12
2025-06-17T22:50:00,7010AJ33,渌渚,5.45
2025-06-17T22:50:00,7011AJ4M,新桐乡,5.38
2025-06-17T22:50:00,7011AJ5M,渌渚镇,6.63
2025-06-17T22:50:00,7011AJ7R,山溪叶家,50.23
2025-06-17T22:50:00,7011AJ8R,山溪幕下,65.62
2025-06-17T22:50:00,7011AJ9R,山溪前桐,194.22
2025-06-17T22:50:00,7011AM2G,富春江水库严陵坞,23.3
2025-06-17T22:55:00,70101500,富春江电站(坝上),23.22
2025-06-17T22:55:00,70101501,富春江坝下,7.62
2025-06-17T22:55:00,70101800,窄溪,5.43
2025-06-17T22:55:00,70102300,闸口,5.11
2025-06-17T22:55:00,7010AJ33,渌渚,5.45
2025-06-17T22:55:00,7011AJ4M,新桐乡,5.38
2025-06-17T22:55:00,7011AJ5M,渌渚镇,6.63
2025-06-17T22:55:00,7011AJ7R,山溪叶家,50.23
2025-06-17T22:55:00,7011AJ8R,山溪幕下,65.62
2025-06-17T22:55:00,7011AJ9R,山溪前桐,194.22
2025-06-17T22:55:00,7011AM2G,富春江水库严陵坞,23.3
2025-06-17T23:00:00,70101500,富春江电站(坝上),23.22
2025-06-17T23:00:00,70101501,富春江坝下,7.66
2025-06-17T23:00:00,70101800,窄溪,5.44
2025-06-17T23:00:00,70102300,闸口,5.11
2025-06-17T23:00:00,7010AJ33,渌渚,5.47
2025-06-17T23:00:00,7011AJ4M,新桐乡,5.38
2025-06-17T23:00:00,7011AJ5M,渌渚镇,6.63
2025-06-17T23:00:00,7011AJ7R,山溪叶家,50.23
2025-06-17T23:00:00,7011AJ8R,山溪幕下,65.62
2025-06-17T23:00:00,7011AJ9R,山溪前桐,194.22
2025-06-17T23:00:00,7011AM2G,富春江水库严陵坞,23.3
2025-06-17T23:05:00,70101500,富春江电站(坝上),23.22
2025-06-17T23:05:00,70101501,富春江坝下,7.63
2025-06-17T23:05:00,70101800,窄溪,5.44
2025-06-17T23:05:00,70102300,闸口,5.11
2025-06-17T23:05:00,7010AJ33,渌渚,5.47
2025-06-17T23:05:00,7011AJ4M,新桐乡,5.38
2025-06-17T23:05:00,7011AJ5M,渌渚镇,6.63
2025-06-17T23:05:00,7011AJ7R,山溪叶家,50.23
2025-06-17T23:05:00,7011AJ8R,山溪幕下,65.61
2025-06-17T23:05:00,7011AJ9R,山溪前桐,194.22
2025-06-17T23:05:00,7011AM2G,富春江水库严陵坞,23.3
2025-06-17T23:10:00,70101500,富春江电站(坝上),23.21
2025-06-17T23:10:00,70101501,富春江坝下,7.67
2025-06-17T23:10:00,70101800,窄溪,5.44
2025-06-17T23:10:00,70102300,闸口,5.1
2025-06-17T23:10:00,7010AJ33,渌渚,5.47
2025-06-17T23:10:00,7011AJ4M,新桐乡,5.38
2025-06-17T23:10:00,7011AJ5M,渌渚镇,6.63
2025-06-17T23:10:00,7011AJ7R,山溪叶家,50.23
2025-06-17T23:10:00,7011AJ8R,山溪幕下,65.62
2025-06-17T23:10:00,7011AJ9R,山溪前桐,194.22
2025-06-17T23:10:00,7011AM2G,富春江水库严陵坞,23.29
2025-06-17T23:15:00,70101500,富春江电站(坝上),23.21
2025-06-17T23:15:00,70101501,富春江坝下,7.59
2025-06-17T23:15:00,70101800,窄溪,5.44
2025-06-17T23:15:00,70102300,闸口,5.1
2025-06-17T23:15:00,7010AJ33,渌渚,5.49
2025-06-17T23:15:00,7011AJ4M,新桐乡,5.39
2025-06-17T23:15:00,7011AJ5M,渌渚镇,6.63
2025-06-17T23:15:00,7011AJ7R,山溪叶家,50.23
2025-06-17T23:15:00,7011AJ8R,山溪幕下,65.61
2025-06-17T23:15:00,7011AJ9R,山溪前桐,194.22
2025-06-17T23:15:00,7011AM2G,富春江水库严陵坞,23.28
2025-06-17T23:20:00,70101500,富春江电站(坝上),23.19
2025-06-17T23:20:00,70101501,富春江坝下,7.65
2025-06-17T23:20:00,70101800,窄溪,5.45
2025-06-17T23:20:00,70102300,闸口,5.09
2025-06-17T23:20:00,7010AJ33,渌渚,5.49
2025-06-17T23:20:00,7011AJ4M,新桐乡,5.39
2025-06-17T23:20:00,7011AJ5M,渌渚镇,6.63
2025-06-17T23:20:00,7011AJ7R,山溪叶家,50.23
2025-06-17T23:20:00,7011AJ8R,山溪幕下,65.62
2025-06-17T23:20:00,7011AJ9R,山溪前桐,194.22
2025-06-17T23:20:00,7011AM2G,富春江水库严陵坞,23.28
2025-06-17T23:25:00,70101500,富春江电站(坝上),23.18
2025-06-17T23:25:00,70101501,富春江坝下,7.65
2025-06-17T23:25:00,70101800,窄溪,5.44
2025-06-17T23:25:00,70102300,闸口,5.09
2025-06-17T23:25:00,7010AJ33,渌渚,5.51
2025-06-17T23:25:00,7011AJ4M,新桐乡,5.39
2025-06-17T23:25:00,7011AJ5M,渌渚镇,6.62
2025-06-17T23:25:00,7011AJ7R,山溪叶家,50.22
2025-06-17T23:25:00,7011AJ8R,山溪幕下,65.62
2025-06-17T23:25:00,7011AJ9R,山溪前桐,194.22
2025-06-17T23:25:00,7011AM2G,富春江水库严陵坞,23.27
2025-06-17T23:30:00,70101500,富春江电站(坝上),23.21
2025-06-17T23:30:00,70101501,富春江坝下,7.63
2025-06-17T23:30:00,70101800,窄溪,5.45
2025-06-17T23:30:00,70102300,闸口,5.08
2025-06-17T23:30:00,7010AJ33,渌渚,5.51
2025-06-17T23:30:00,7011AJ4M,新桐乡,5.4
2025-06-17T23:30:00,7011AJ5M,渌渚镇,6.62
2025-06-17T23:30:00,7011AJ7R,山溪叶家,50.23
2025-06-17T23:30:00,7011AJ8R,山溪幕下,65.62
2025-06-17T23:30:00,7011AJ9R,山溪前桐,194.22
2025-06-17T23:30:00,7011AM2G,富春江水库严陵坞,23.26
2025-06-17T23:35:00,70101500,富春江电站(坝上),23.19
2025-06-17T23:35:00,70101501,富春江坝下,7.65
2025-06-17T23:35:00,70101800,窄溪,5.45
2025-06-17T23:35:00,70102300,闸口,5.08
2025-06-17T23:35:00,7010AJ33,渌渚,5.51
2025-06-17T23:35:00,7011AJ4M,新桐乡,5.4
2025-06-17T23:35:00,7011AJ5M,渌渚镇,6.62
2025-06-17T23:35:00,7011AJ7R,山溪叶家,50.23
2025-06-17T23:35:00,7011AJ8R,山溪幕下,65.62
2025-06-17T23:35:00,7011AJ9R,山溪前桐,194.22
2025-06-17T23:35:00,7011AM2G,富春江水库严陵坞,23.27
2025-06-17T23:40:00,70101500,富春江电站(坝上),23.19
2025-06-17T23:40:00,70101501,富春江坝下,7.62
2025-06-17T23:40:00,70101800,窄溪,5.45
2025-06-17T23:40:00,70102300,闸口,5.07
2025-06-17T23:40:00,7010AJ33,渌渚,5.51
2025-06-17T23:40:00,7011AJ4M,新桐乡,5.41
2025-06-17T23:40:00,7011AJ5M,渌渚镇,6.62
2025-06-17T23:40:00,7011AJ7R,山溪叶家,50.23
2025-06-17T23:40:00,7011AJ8R,山溪幕下,65.62
2025-06-17T23:40:00,7011AJ9R,山溪前桐,194.22
2025-06-17T23:40:00,7011AM2G,富春江水库严陵坞,23.27
2025-06-17T23:45:00,70101500,富春江电站(坝上),23.19
2025-06-17T23:45:00,70101501,富春江坝下,7.6
2025-06-17T23:45:00,70101800,窄溪,5.45
2025-06-17T23:45:00,70102300,闸口,5.07
2025-06-17T23:45:00,7010AJ33,渌渚,5.51
2025-06-17T23:45:00,7011AJ4M,新桐乡,5.4
2025-06-17T23:45:00,7011AJ5M,渌渚镇,6.62
2025-06-17T23:45:00,7011AJ7R,山溪叶家,50.23
2025-06-17T23:45:00,7011AJ8R,山溪幕下,65.62
2025-06-17T23:45:00,7011AJ9R,山溪前桐,194.22
2025-06-17T23:45:00,7011AM2G,富春江水库严陵坞,23.27
2025-06-17T23:50:00,70101500,富春江电站(坝上),23.17
2025-06-17T23:50:00,70101501,富春江坝下,7.6
2025-06-17T23:50:00,70101800,窄溪,5.45
2025-06-17T23:50:00,70102300,闸口,5.06
2025-06-17T23:50:00,7010AJ33,渌渚,5.49
2025-06-17T23:50:00,7011AJ4M,新桐乡,5.39
2025-06-17T23:50:00,7011AJ5M,渌渚镇,6.62
2025-06-17T23:50:00,7011AJ7R,山溪叶家,50.23
2025-06-17T23:50:00,7011AJ8R,山溪幕下,65.61
2025-06-17T23:50:00,7011AJ9R,山溪前桐,194.22
2025-06-17T23:50:00,7011AM2G,富春江水库严陵坞,23.26
2025-06-17T23:55:00,70101500,富春江电站(坝上),23.15
2025-06-17T23:55:00,70101501,富春江坝下,7.62
2025-06-17T23:55:00,70101800,窄溪,5.45
2025-06-17T23:55:00,70102300,闸口,5.06
2025-06-17T23:55:00,7010AJ33,渌渚,5.49
2025-06-17T23:55:00,7011AJ4M,新桐乡,5.39
2025-06-17T23:55:00,7011AJ5M,渌渚镇,6.61
2025-06-17T23:55:00,7011AJ7R,山溪叶家,50.23
2025-06-17T23:55:00,7011AJ8R,山溪幕下,65.62
2025-06-17T23:55:00,7011AJ9R,山溪前桐,194.22
2025-06-17T23:55:00,7011AM2G,富春江水库严陵坞,23.25
2025-06-18T00:00:00,70101500,富春江电站(坝上),23.15
2025-06-18T00:00:00,70101501,富春江坝下,7.61
2025-06-18T00:00:00,70101800,窄溪,5.45
2025-06-18T00:00:00,70102300,闸口,5.05
2025-06-18T00:00:00,7010AJ33,渌渚,5.49
2025-06-18T00:00:00,7011AJ4M,新桐乡,5.38
2025-06-18T00:00:00,7011AJ5M,渌渚镇,6.61
2025-06-18T00:00:00,7011AJ7R,山溪叶家,50.23
2025-06-18T00:00:00,7011AJ8R,山溪幕下,65.62
2025-06-18T00:00:00,7011AJ9R,山溪前桐,194.22
2025-06-18T00:00:00,7011AM2G,富春江水库严陵坞,23.24
2025-06-18T00:05:00,70101500,富春江电站(坝上),23.14
2025-06-18T00:05:00,70101501,富春江坝下,7.59
2025-06-18T00:05:00,70101800,窄溪,5.46
2025-06-18T00:05:00,70102300,闸口,5.05
2025-06-18T00:05:00,7010AJ33,渌渚,5.49
2025-06-18T00:05:00,7011AJ4M,新桐乡,5.39
2025-06-18T00:05:00,7011AJ5M,渌渚镇,6.61
2025-06-18T00:05:00,7011AJ7R,山溪叶家,50.23
2025-06-18T00:05:00,7011AJ8R,山溪幕下,65.61
2025-06-18T00:05:00,7011AJ9R,山溪前桐,194.22
2025-06-18T00:05:00,7011AM2G,富春江水库严陵坞,23.22
2025-06-18T00:10:00,70101500,富春江电站(坝上),23.12
2025-06-18T00:10:00,70101501,富春江坝下,7.6
2025-06-18T00:10:00,70101800,窄溪,5.46
2025-06-18T00:10:00,70102300,闸口,5.04
2025-06-18T00:10:00,7010AJ33,渌渚,5.49
2025-06-18T00:10:00,7011AJ4M,新桐乡,5.39
2025-06-18T00:10:00,7011AJ5M,渌渚镇,6.61
2025-06-18T00:10:00,7011AJ7R,山溪叶家,50.23
2025-06-18T00:10:00,7011AJ8R,山溪幕下,65.61
2025-06-18T00:10:00,7011AJ9R,山溪前桐,194.22
2025-06-18T00:10:00,7011AM2G,富春江水库严陵坞,23.22
2025-06-18T00:15:00,70101500,富春江电站(坝上),23.13
2025-06-18T00:15:00,70101501,富春江坝下,7.6
2025-06-18T00:15:00,70101800,窄溪,5.46
2025-06-18T00:15:00,70102300,闸口,5.04
2025-06-18T00:15:00,7010AJ33,渌渚,5.49
2025-06-18T00:15:00,7011AJ4M,新桐乡,5.4
2025-06-18T00:15:00,7011AJ5M,渌渚镇,6.61
2025-06-18T00:15:00,7011AJ7R,山溪叶家,50.22
2025-06-18T00:15:00,7011AJ8R,山溪幕下,65.61
2025-06-18T00:15:00,7011AJ9R,山溪前桐,194.22
2025-06-18T00:15:00,7011AM2G,富春江水库严陵坞,23.2
2025-06-18T00:20:00,70101500,富春江电站(坝上),23.11
2025-06-18T00:20:00,70101501,富春江坝下,7.65
2025-06-18T00:20:00,70101800,窄溪,5.45
2025-06-18T00:20:00,70102300,闸口,5.03
2025-06-18T00:20:00,7010AJ33,渌渚,5.51
2025-06-18T00:20:00,7011AJ4M,新桐乡,5.4
2025-06-18T00:20:00,7011AJ5M,渌渚镇,6.61
2025-06-18T00:20:00,7011AJ7R,山溪叶家,50.23
2025-06-18T00:20:00,7011AJ8R,山溪幕下,65.62
2025-06-18T00:20:00,7011AJ9R,山溪前桐,194.22
2025-06-18T00:20:00,7011AM2G,富春江水库严陵坞,23.19
2025-06-18T00:25:00,70101500,富春江电站(坝上),23.1
2025-06-18T00:25:00,70101501,富春江坝下,7.66
2025-06-18T00:25:00,70101800,窄溪,5.45
2025-06-18T00:25:00,70102300,闸口,5.03
2025-06-18T00:25:00,7010AJ33,渌渚,5.49
2025-06-18T00:25:00,7011AJ4M,新桐乡,5.4
2025-06-18T00:25:00,7011AJ5M,渌渚镇,6.6
2025-06-18T00:25:00,7011AJ7R,山溪叶家,50.22
2025-06-18T00:25:00,7011AJ8R,山溪幕下,65.62
2025-06-18T00:25:00,7011AJ9R,山溪前桐,194.22
2025-06-18T00:25:00,7011AM2G,富春江水库严陵坞,23.18
2025-06-18T00:30:00,70101500,富春江电站(坝上),23.09
2025-06-18T00:30:00,70101501,富春江坝下,7.63
2025-06-18T00:30:00,70101800,窄溪,5.45
2025-06-18T00:30:00,70102300,闸口,5.02
2025-06-18T00:30:00,7010AJ33,渌渚,5.49
2025-06-18T00:30:00,7011AJ4M,新桐乡,5.4
2025-06-18T00:30:00,7011AJ5M,渌渚镇,6.6
2025-06-18T00:30:00,7011AJ7R,山溪叶家,50.23
2025-06-18T00:30:00,7011AJ8R,山溪幕下,65.62
2025-06-18T00:30:00,7011AJ9R,山溪前桐,194.22
2025-06-18T00:30:00,7011AM2G,富春江水库严陵坞,23.18
2025-06-18T00:35:00,70101500,富春江电站(坝上),23.08
2025-06-18T00:35:00,70101501,富春江坝下,7.61
2025-06-18T00:35:00,70101800,窄溪,5.45
2025-06-18T00:35:00,70102300,闸口,5.02
2025-06-18T00:35:00,7010AJ33,渌渚,5.49
2025-06-18T00:35:00,7011AJ4M,新桐乡,5.4
2025-06-18T00:35:00,7011AJ5M,渌渚镇,6.6
2025-06-18T00:35:00,7011AJ7R,山溪叶家,50.22
2025-06-18T00:35:00,7011AJ8R,山溪幕下,65.61
2025-06-18T00:35:00,7011AJ9R,山溪前桐,194.22
2025-06-18T00:35:00,7011AM2G,富春江水库严陵坞,23.17
2025-06-18T00:40:00,70101500,富春江电站(坝上),23.08
2025-06-18T00:40:00,70101501,富春江坝下,7.63
2025-06-18T00:40:00,70101800,窄溪,5.45
2025-06-18T00:40:00,70102300,闸口,5.01
2025-06-18T00:40:00,7010AJ33,渌渚,5.49
2025-06-18T00:40:00,7011AJ4M,新桐乡,5.4
2025-06-18T00:40:00,7011AJ5M,渌渚镇,6.6
2025-06-18T00:40:00,7011AJ7R,山溪叶家,50.22
2025-06-18T00:40:00,7011AJ8R,山溪幕下,65.61
2025-06-18T00:40:00,7011AJ9R,山溪前桐,194.23
2025-06-18T00:40:00,7011AM2G,富春江水库严陵坞,23.16
2025-06-18T00:45:00,70101500,富春江电站(坝上),23.08
2025-06-18T00:45:00,70101501,富春江坝下,7.63
2025-06-18T00:45:00,70101800,窄溪,5.45
2025-06-18T00:45:00,70102300,闸口,5.01
2025-06-18T00:45:00,7010AJ33,渌渚,5.49
2025-06-18T00:45:00,7011AJ4M,新桐乡,5.4
2025-06-18T00:45:00,7011AJ5M,渌渚镇,6.59
2025-06-18T00:45:00,7011AJ7R,山溪叶家,50.22
2025-06-18T00:45:00,7011AJ8R,山溪幕下,65.62
2025-06-18T00:45:00,7011AJ9R,山溪前桐,194.22
2025-06-18T00:45:00,7011AM2G,富春江水库严陵坞,23.16
2025-06-18T00:50:00,70101500,富春江电站(坝上),23.07
2025-06-18T00:50:00,70101501,富春江坝下,7.62
2025-06-18T00:50:00,70101800,窄溪,5.44
2025-06-18T00:50:00,70102300,闸口,5.01
2025-06-18T00:50:00,7010AJ33,渌渚,5.49
2025-06-18T00:50:00,7011AJ4M,新桐乡,5.4
2025-06-18T00:50:00,7011AJ5M,渌渚镇,6.59
2025-06-18T00:50:00,7011AJ7R,山溪叶家,50.22
2025-06-18T00:50:00,7011AJ8R,山溪幕下,65.61
2025-06-18T00:50:00,7011AJ9R,山溪前桐,194.22
2025-06-18T00:50:00,7011AM2G,富春江水库严陵坞,23.15
2025-06-18T00:55:00,70101500,富春江电站(坝上),23.06
2025-06-18T00:55:00,70101501,富春江坝下,7.63
2025-06-18T00:55:00,70101800,窄溪,5.44
2025-06-18T00:55:00,70102300,闸口,5.0
2025-06-18T00:55:00,7010AJ33,渌渚,5.49
2025-06-18T00:55:00,7011AJ4M,新桐乡,5.39
2025-06-18T00:55:00,7011AJ5M,渌渚镇,6.58
2025-06-18T00:55:00,7011AJ7R,山溪叶家,50.22
2025-06-18T00:55:00,7011AJ8R,山溪幕下,65.61
2025-06-18T00:55:00,7011AJ9R,山溪前桐,194.22
2025-06-18T00:55:00,7011AM2G,富春江水库严陵坞,23.15
2025-06-18T01:00:00,70101500,富春江电站(坝上),23.06
2025-06-18T01:00:00,70101501,富春江坝下,7.61
2025-06-18T01:00:00,70101800,窄溪,5.45
2025-06-18T01:00:00,70102300,闸口,5.0
2025-06-18T01:00:00,7010AJ33,渌渚,5.49
2025-06-18T01:00:00,7011AJ4M,新桐乡,5.38
2025-06-18T01:00:00,7011AJ5M,渌渚镇,6.58
2025-06-18T01:00:00,7011AJ7R,山溪叶家,50.22
2025-06-18T01:00:00,7011AJ8R,山溪幕下,65.62
2025-06-18T01:00:00,7011AJ9R,山溪前桐,194.22
2025-06-18T01:00:00,7011AM2G,富春江水库严陵坞,23.15
2025-06-18T01:05:00,70101500,富春江电站(坝上),23.08
2025-06-18T01:05:00,70101501,富春江坝下,7.59
2025-06-18T01:05:00,70101800,窄溪,5.45
2025-06-18T01:05:00,70102300,闸口,4.99
2025-06-18T01:05:00,7010AJ33,渌渚,5.49
2025-06-18T01:05:00,7011AJ4M,新桐乡,5.38
2025-06-18T01:05:00,7011AJ5M,渌渚镇,6.58
2025-06-18T01:05:00,7011AJ7R,山溪叶家,50.22
2025-06-18T01:05:00,7011AJ8R,山溪幕下,65.61
2025-06-18T01:05:00,7011AJ9R,山溪前桐,194.22
2025-06-18T01:05:00,7011AM2G,富春江水库严陵坞,23.14
2025-06-18T01:10:00,70101500,富春江电站(坝上),23.13
2025-06-18T01:10:00,70101501,富春江坝下,7.34
2025-06-18T01:10:00,70101800,窄溪,5.45
2025-06-18T01:10:00,70102300,闸口,4.98
2025-06-18T01:10:00,7010AJ33,渌渚,5.49
2025-06-18T01:10:00,7011AJ4M,新桐乡,5.39
2025-06-18T01:10:00,7011AJ5M,渌渚镇,6.58
2025-06-18T01:10:00,7011AJ7R,山溪叶家,50.22
2025-06-18T01:10:00,7011AJ8R,山溪幕下,65.61
2025-06-18T01:10:00,7011AJ9R,山溪前桐,194.21
2025-06-18T01:10:00,7011AM2G,富春江水库严陵坞,23.15
2025-06-18T01:15:00,70101500,富春江电站(坝上),23.13
2025-06-18T01:15:00,70101501,富春江坝下,7.27
2025-06-18T01:15:00,70101800,窄溪,5.44
2025-06-18T01:15:00,70102300,闸口,4.98
2025-06-18T01:15:00,7010AJ33,渌渚,5.49
2025-06-18T01:15:00,7011AJ4M,新桐乡,5.39
2025-06-18T01:15:00,7011AJ5M,渌渚镇,6.58
2025-06-18T01:15:00,7011AJ7R,山溪叶家,50.22
2025-06-18T01:15:00,7011AJ8R,山溪幕下,65.61
2025-06-18T01:15:00,7011AJ9R,山溪前桐,194.22
2025-06-18T01:15:00,7011AM2G,富春江水库严陵坞,23.2
2025-06-18T01:20:00,70101500,富春江电站(坝上),23.15
2025-06-18T01:20:00,70101501,富春江坝下,7.27
2025-06-18T01:20:00,70101800,窄溪,5.44
2025-06-18T01:20:00,70102300,闸口,4.97
2025-06-18T01:20:00,7010AJ33,渌渚,5.49
2025-06-18T01:20:00,7011AJ4M,新桐乡,5.39
2025-06-18T01:20:00,7011AJ5M,渌渚镇,6.57
2025-06-18T01:20:00,7011AJ7R,山溪叶家,50.22
2025-06-18T01:20:00,7011AJ8R,山溪幕下,65.61
2025-06-18T01:20:00,7011AJ9R,山溪前桐,194.22
2025-06-18T01:20:00,7011AM2G,富春江水库严陵坞,23.21
2025-06-18T01:25:00,70101500,富春江电站(坝上),23.15
2025-06-18T01:25:00,70101501,富春江坝下,7.24
2025-06-18T01:25:00,70101800,窄溪,5.43
2025-06-18T01:25:00,70102300,闸口,4.97
2025-06-18T01:25:00,7010AJ33,渌渚,5.49
2025-06-18T01:25:00,7011AJ4M,新桐乡,5.39
2025-06-18T01:25:00,7011AJ5M,渌渚镇,6.57
2025-06-18T01:25:00,7011AJ7R,山溪叶家,50.22
2025-06-18T01:25:00,7011AJ8R,山溪幕下,65.61
2025-06-18T01:25:00,7011AJ9R,山溪前桐,194.22
2025-06-18T01:25:00,7011AM2G,富春江水库严陵坞,23.22
2025-06-18T01:30:00,70101500,富春江电站(坝上),23.13
2025-06-18T01:30:00,70101501,富春江坝下,7.17
2025-06-18T01:30:00,70101800,窄溪,5.43
2025-06-18T01:30:00,70102300,闸口,4.96
2025-06-18T01:30:00,7010AJ33,渌渚,5.47
2025-06-18T01:30:00,7011AJ4M,新桐乡,5.39
2025-06-18T01:30:00,7011AJ5M,渌渚镇,6.57
2025-06-18T01:30:00,7011AJ7R,山溪叶家,50.22
2025-06-18T01:30:00,7011AJ8R,山溪幕下,65.61
2025-06-18T01:30:00,7011AJ9R,山溪前桐,194.22
2025-06-18T01:30:00,7011AM2G,富春江水库严陵坞,23.22
2025-06-18T01:35:00,70101500,富春江电站(坝上),23.15
2025-06-18T01:35:00,70101501,富春江坝下,7.19
2025-06-18T01:35:00,70101800,窄溪,5.43
2025-06-18T01:35:00,70102300,闸口,4.96
2025-06-18T01:35:00,7010AJ33,渌渚,5.47
2025-06-18T01:35:00,7011AJ4M,新桐乡,5.39
2025-06-18T01:35:00,7011AJ5M,渌渚镇,6.57
2025-06-18T01:35:00,7011AJ7R,山溪叶家,50.22
2025-06-18T01:35:00,7011AJ8R,山溪幕下,65.61
2025-06-18T01:35:00,7011AJ9R,山溪前桐,194.21
2025-06-18T01:35:00,7011AM2G,富春江水库严陵坞,23.2
2025-06-18T01:40:00,70101500,富春江电站(坝上),23.12
2025-06-18T01:40:00,70101501,富春江坝下,7.18
2025-06-18T01:40:00,70101800,窄溪,5.43
2025-06-18T01:40:00,70102300,闸口,4.95
2025-06-18T01:40:00,7010AJ33,渌渚,5.47
2025-06-18T01:40:00,7011AJ4M,新桐乡,5.38
2025-06-18T01:40:00,7011AJ5M,渌渚镇,6.57
2025-06-18T01:40:00,7011AJ7R,山溪叶家,50.22
2025-06-18T01:40:00,7011AJ8R,山溪幕下,65.61
2025-06-18T01:40:00,7011AJ9R,山溪前桐,194.22
2025-06-18T01:40:00,7011AM2G,富春江水库严陵坞,23.22
2025-06-18T01:45:00,70101500,富春江电站(坝上),23.12
2025-06-18T01:45:00,70101501,富春江坝下,7.18
2025-06-18T01:45:00,70101800,窄溪,5.43
2025-06-18T01:45:00,70102300,闸口,4.95
2025-06-18T01:45:00,7010AJ33,渌渚,5.47
2025-06-18T01:45:00,7011AJ4M,新桐乡,5.38
2025-06-18T01:45:00,7011AJ5M,渌渚镇,6.57
2025-06-18T01:45:00,7011AJ7R,山溪叶家,50.22
2025-06-18T01:45:00,7011AJ8R,山溪幕下,65.61
2025-06-18T01:45:00,7011AJ9R,山溪前桐,194.22
2025-06-18T01:45:00,7011AM2G,富春江水库严陵坞,23.19
2025-06-18T01:50:00,70101500,富春江电站(坝上),23.11
2025-06-18T01:50:00,70101501,富春江坝下,7.18
2025-06-18T01:50:00,70101800,窄溪,5.42
2025-06-18T01:50:00,70102300,闸口,4.94
2025-06-18T01:50:00,7010AJ33,渌渚,5.47
2025-06-18T01:50:00,7011AJ4M,新桐乡,5.38
2025-06-18T01:50:00,7011AJ5M,渌渚镇,6.57
2025-06-18T01:50:00,7011AJ7R,山溪叶家,50.22
2025-06-18T01:50:00,7011AJ8R,山溪幕下,65.61
2025-06-18T01:50:00,7011AJ9R,山溪前桐,194.22
2025-06-18T01:50:00,7011AM2G,富春江水库严陵坞,23.19
2025-06-18T01:55:00,70101500,富春江电站(坝上),23.1
2025-06-18T01:55:00,70101501,富春江坝下,7.14
2025-06-18T01:55:00,70101800,窄溪,5.41
2025-06-18T01:55:00,70102300,闸口,4.94
2025-06-18T01:55:00,7010AJ33,渌渚,5.47
2025-06-18T01:55:00,7011AJ4M,新桐乡,5.37
2025-06-18T01:55:00,7011AJ5M,渌渚镇,6.56
2025-06-18T01:55:00,7011AJ7R,山溪叶家,50.22
2025-06-18T01:55:00,7011AJ8R,山溪幕下,65.61
2025-06-18T01:55:00,7011AJ9R,山溪前桐,194.21
2025-06-18T01:55:00,7011AM2G,富春江水库严陵坞,23.17
2025-06-18T02:00:00,70101500,富春江电站(坝上),23.09
2025-06-18T02:00:00,70101501,富春江坝下,7.14
2025-06-18T02:00:00,70101800,窄溪,5.4
2025-06-18T02:00:00,70102300,闸口,4.93
2025-06-18T02:00:00,7010AJ33,渌渚,5.47
2025-06-18T02:00:00,7011AJ4M,新桐乡,5.36
2025-06-18T02:00:00,7011AJ5M,渌渚镇,6.56
2025-06-18T02:00:00,7011AJ7R,山溪叶家,50.22
2025-06-18T02:00:00,7011AJ8R,山溪幕下,65.61
2025-06-18T02:00:00,7011AJ9R,山溪前桐,194.22
2025-06-18T02:00:00,7011AM2G,富春江水库严陵坞,23.17
2025-06-18T02:05:00,70101500,富春江电站(坝上),23.08
2025-06-18T02:05:00,70101501,富春江坝下,7.14
2025-06-18T02:05:00,70101800,窄溪,5.4
2025-06-18T02:05:00,70102300,闸口,4.93
2025-06-18T02:05:00,7010AJ33,渌渚,5.45
2025-06-18T02:05:00,7011AJ4M,新桐乡,5.36
2025-06-18T02:05:00,7011AJ5M,渌渚镇,6.56
2025-06-18T02:05:00,7011AJ7R,山溪叶家,50.22
2025-06-18T02:05:00,7011AJ8R,山溪幕下,65.62
2025-06-18T02:05:00,7011AJ9R,山溪前桐,194.22
2025-06-18T02:05:00,7011AM2G,富春江水库严陵坞,23.15
2025-06-18T02:10:00,70101500,富春江电站(坝上),23.07
2025-06-18T02:10:00,70101501,富春江坝下,7.18
2025-06-18T02:10:00,70101800,窄溪,5.39
2025-06-18T02:10:00,70102300,闸口,4.92
2025-06-18T02:10:00,7010AJ33,渌渚,5.45
2025-06-18T02:10:00,7011AJ4M,新桐乡,5.36
2025-06-18T02:10:00,7011AJ5M,渌渚镇,6.56
2025-06-18T02:10:00,7011AJ7R,山溪叶家,50.22
2025-06-18T02:10:00,7011AJ8R,山溪幕下,65.61
2025-06-18T02:10:00,7011AJ9R,山溪前桐,194.22
2025-06-18T02:10:00,7011AM2G,富春江水库严陵坞,23.15
2025-06-18T02:15:00,70101500,富春江电站(坝上),23.07
2025-06-18T02:15:00,70101501,富春江坝下,7.14
2025-06-18T02:15:00,70101800,窄溪,5.38
2025-06-18T02:15:00,70102300,闸口,4.92
2025-06-18T02:15:00,7010AJ33,渌渚,5.43
2025-06-18T02:15:00,7011AJ4M,新桐乡,5.35
2025-06-18T02:15:00,7011AJ5M,渌渚镇,6.56
2025-06-18T02:15:00,7011AJ7R,山溪叶家,50.22
2025-06-18T02:15:00,7011AJ8R,山溪幕下,65.61
2025-06-18T02:15:00,7011AJ9R,山溪前桐,194.21
2025-06-18T02:15:00,7011AM2G,富春江水库严陵坞,23.15
2025-06-18T02:20:00,70101500,富春江电站(坝上),23.07
2025-06-18T02:20:00,70101501,富春江坝下,7.12
2025-06-18T02:20:00,70101800,窄溪,5.38
2025-06-18T02:20:00,70102300,闸口,4.91
2025-06-18T02:20:00,7010AJ33,渌渚,5.43
2025-06-18T02:20:00,7011AJ4M,新桐乡,5.34
2025-06-18T02:20:00,7011AJ5M,渌渚镇,6.56
2025-06-18T02:20:00,7011AJ7R,山溪叶家,50.22
2025-06-18T02:20:00,7011AJ8R,山溪幕下,65.61
2025-06-18T02:20:00,7011AJ9R,山溪前桐,194.22
2025-06-18T02:20:00,7011AM2G,富春江水库严陵坞,23.15
2025-06-18T02:25:00,70101500,富春江电站(坝上),23.05
2025-06-18T02:25:00,70101501,富春江坝下,7.12
2025-06-18T02:25:00,70101800,窄溪,5.37
2025-06-18T02:25:00,70102300,闸口,4.91
2025-06-18T02:25:00,7010AJ33,渌渚,5.43
2025-06-18T02:25:00,7011AJ4M,新桐乡,5.33
2025-06-18T02:25:00,7011AJ5M,渌渚镇,6.56
2025-06-18T02:25:00,7011AJ7R,山溪叶家,50.22
2025-06-18T02:25:00,7011AJ8R,山溪幕下,65.61
2025-06-18T02:25:00,7011AJ9R,山溪前桐,194.22
2025-06-18T02:25:00,7011AM2G,富春江水库严陵坞,23.13
2025-06-18T02:30:00,70101500,富春江电站(坝上),23.05
2025-06-18T02:30:00,70101501,富春江坝下,7.12
2025-06-18T02:30:00,70101800,窄溪,5.36
2025-06-18T02:30:00,70102300,闸口,4.91
2025-06-18T02:30:00,7010AJ33,渌渚,5.41
2025-06-18T02:30:00,7011AJ4M,新桐乡,5.33
2025-06-18T02:30:00,7011AJ5M,渌渚镇,6.56
2025-06-18T02:30:00,7011AJ7R,山溪叶家,50.22
2025-06-18T02:30:00,7011AJ8R,山溪幕下,65.61
2025-06-18T02:30:00,7011AJ9R,山溪前桐,194.22
2025-06-18T02:30:00,7011AM2G,富春江水库严陵坞,23.13
2025-06-18T02:35:00,70101500,富春江电站(坝上),23.03
2025-06-18T02:35:00,70101501,富春江坝下,7.12
2025-06-18T02:35:00,70101800,窄溪,5.36
2025-06-18T02:35:00,70102300,闸口,4.9
2025-06-18T02:35:00,7010AJ33,渌渚,5.41
2025-06-18T02:35:00,7011AJ4M,新桐乡,5.33
2025-06-18T02:35:00,7011AJ5M,渌渚镇,6.55
2025-06-18T02:35:00,7011AJ7R,山溪叶家,50.22
2025-06-18T02:35:00,7011AJ8R,山溪幕下,65.61
2025-06-18T02:35:00,7011AJ9R,山溪前桐,194.22
2025-06-18T02:35:00,7011AM2G,富春江水库严陵坞,23.12
2025-06-18T02:40:00,70101500,富春江电站(坝上),23.04
2025-06-18T02:40:00,70101501,富春江坝下,7.07
2025-06-18T02:40:00,70101800,窄溪,5.36
2025-06-18T02:40:00,70102300,闸口,4.9
2025-06-18T02:40:00,7010AJ33,渌渚,5.39
2025-06-18T02:40:00,7011AJ4M,新桐乡,5.33
2025-06-18T02:40:00,7011AJ5M,渌渚镇,6.55
2025-06-18T02:40:00,7011AJ7R,山溪叶家,50.22
2025-06-18T02:40:00,7011AJ8R,山溪幕下,65.61
2025-06-18T02:40:00,7011AJ9R,山溪前桐,194.22
2025-06-18T02:40:00,7011AM2G,富春江水库严陵坞,23.11
2025-06-18T02:45:00,70101500,富春江电站(坝上),23.03
2025-06-18T02:45:00,70101501,富春江坝下,7.16
2025-06-18T02:45:00,70101800,窄溪,5.35
2025-06-18T02:45:00,70102300,闸口,4.9
2025-06-18T02:45:00,7010AJ33,渌渚,5.39
2025-06-18T02:45:00,7011AJ4M,新桐乡,5.33
2025-06-18T02:45:00,7011AJ5M,渌渚镇,6.55
2025-06-18T02:45:00,7011AJ7R,山溪叶家,50.22
2025-06-18T02:45:00,7011AJ8R,山溪幕下,65.61
2025-06-18T02:45:00,7011AJ9R,山溪前桐,194.22
2025-06-18T02:45:00,7011AM2G,富春江水库严陵坞,23.11
2025-06-18T02:50:00,70101500,富春江电站(坝上),23.02
2025-06-18T02:50:00,70101501,富春江坝下,7.12
2025-06-18T02:50:00,70101800,窄溪,5.34
2025-06-18T02:50:00,70102300,闸口,4.89
2025-06-18T02:50:00,7010AJ33,渌渚,5.39
2025-06-18T02:50:00,7011AJ4M,新桐乡,5.32
2025-06-18T02:50:00,7011AJ5M,渌渚镇,6.55
2025-06-18T02:50:00,7011AJ7R,山溪叶家,50.22
2025-06-18T02:50:00,7011AJ8R,山溪幕下,65.61
2025-06-18T02:50:00,7011AJ9R,山溪前桐,194.22
2025-06-18T02:50:00,7011AM2G,富春江水库严陵坞,23.11
2025-06-18T02:55:00,70101500,富春江电站(坝上),23.01
2025-06-18T02:55:00,70101501,富春江坝下,7.14
2025-06-18T02:55:00,70101800,窄溪,5.34
2025-06-18T02:55:00,70102300,闸口,4.88
2025-06-18T02:55:00,7010AJ33,渌渚,5.38
2025-06-18T02:55:00,7011AJ4M,新桐乡,5.32
2025-06-18T02:55:00,7011AJ5M,渌渚镇,6.55
2025-06-18T02:55:00,7011AJ7R,山溪叶家,50.22
2025-06-18T02:55:00,7011AJ8R,山溪幕下,65.61
2025-06-18T02:55:00,7011AJ9R,山溪前桐,194.22
2025-06-18T02:55:00,7011AM2G,富春江水库严陵坞,23.1
2025-06-18T03:00:00,70101500,富春江电站(坝上),23.02
2025-06-18T03:00:00,70101501,富春江坝下,7.14
2025-06-18T03:00:00,70101800,窄溪,5.33
2025-06-18T03:00:00,70102300,闸口,4.88
2025-06-18T03:00:00,7010AJ33,渌渚,5.38
2025-06-18T03:00:00,7011AJ4M,新桐乡,5.31
2025-06-18T03:00:00,7011AJ5M,渌渚镇,6.55
2025-06-18T03:00:00,7011AJ7R,山溪叶家,50.22
2025-06-18T03:00:00,7011AJ8R,山溪幕下,65.61
2025-06-18T03:00:00,7011AJ9R,山溪前桐,194.22
2025-06-18T03:00:00,7011AM2G,富春江水库严陵坞,23.1
2025-06-18T03:05:00,70101500,富春江电站(坝上),23.03
2025-06-18T03:05:00,70101501,富春江坝下,7.1
2025-06-18T03:05:00,70101800,窄溪,5.32
2025-06-18T03:05:00,70102300,闸口,4.88
2025-06-18T03:05:00,7010AJ33,渌渚,5.36
2025-06-18T03:05:00,7011AJ4M,新桐乡,5.29
2025-06-18T03:05:00,7011AJ5M,渌渚镇,6.54
2025-06-18T03:05:00,7011AJ7R,山溪叶家,50.22
2025-06-18T03:05:00,7011AJ8R,山溪幕下,65.61
2025-06-18T03:05:00,7011AJ9R,山溪前桐,194.22
2025-06-18T03:05:00,7011AM2G,富春江水库严陵坞,23.1
2025-06-18T03:10:00,70101500,富春江电站(坝上),23.03
2025-06-18T03:10:00,70101501,富春江坝下,7.11
2025-06-18T03:10:00,70101800,窄溪,5.32
2025-06-18T03:10:00,70102300,闸口,4.87
2025-06-18T03:10:00,7010AJ33,渌渚,5.36
2025-06-18T03:10:00,7011AJ4M,新桐乡,5.28
2025-06-18T03:10:00,7011AJ5M,渌渚镇,6.55
2025-06-18T03:10:00,7011AJ7R,山溪叶家,50.22
2025-06-18T03:10:00,7011AJ8R,山溪幕下,65.61
2025-06-18T03:10:00,7011AJ9R,山溪前桐,194.21
2025-06-18T03:10:00,7011AM2G,富春江水库严陵坞,23.1
2025-06-18T03:15:00,70101500,富春江电站(坝上),23.03
2025-06-18T03:15:00,70101501,富春江坝下,7.12
2025-06-18T03:15:00,70101800,窄溪,5.31
2025-06-18T03:15:00,70102300,闸口,4.86
2025-06-18T03:15:00,7010AJ33,渌渚,5.36
2025-06-18T03:15:00,7011AJ4M,新桐乡,5.28
2025-06-18T03:15:00,7011AJ5M,渌渚镇,6.55
2025-06-18T03:15:00,7011AJ7R,山溪叶家,50.22
2025-06-18T03:15:00,7011AJ8R,山溪幕下,65.61
2025-06-18T03:15:00,7011AJ9R,山溪前桐,194.22
2025-06-18T03:15:00,7011AM2G,富春江水库严陵坞,23.1
2025-06-18T03:20:00,70101500,富春江电站(坝上),23.03
2025-06-18T03:20:00,70101501,富春江坝下,7.13
2025-06-18T03:20:00,70101800,窄溪,5.31
2025-06-18T03:20:00,70102300,闸口,4.86
2025-06-18T03:20:00,7010AJ33,渌渚,5.36
2025-06-18T03:20:00,7011AJ4M,新桐乡,5.28
2025-06-18T03:20:00,7011AJ5M,渌渚镇,6.55
2025-06-18T03:20:00,7011AJ7R,山溪叶家,50.22
2025-06-18T03:20:00,7011AJ8R,山溪幕下,65.61
2025-06-18T03:20:00,7011AJ9R,山溪前桐,194.21
2025-06-18T03:20:00,7011AM2G,富春江水库严陵坞,23.1
2025-06-18T03:25:00,70101500,富春江电站(坝上),23.01
2025-06-18T03:25:00,70101501,富春江坝下,7.12
2025-06-18T03:25:00,70101800,窄溪,5.3
2025-06-18T03:25:00,70102300,闸口,4.85
2025-06-18T03:25:00,7010AJ33,渌渚,5.36
2025-06-18T03:25:00,7011AJ4M,新桐乡,5.27
2025-06-18T03:25:00,7011AJ5M,渌渚镇,6.55
2025-06-18T03:25:00,7011AJ7R,山溪叶家,50.22
2025-06-18T03:25:00,7011AJ8R,山溪幕下,65.61
2025-06-18T03:25:00,7011AJ9R,山溪前桐,194.22
2025-06-18T03:25:00,7011AM2G,富春江水库严陵坞,23.1
2025-06-18T03:30:00,70101500,富春江电站(坝上),23.01
2025-06-18T03:30:00,70101501,富春江坝下,7.14
2025-06-18T03:30:00,70101800,窄溪,5.3
2025-06-18T03:30:00,70102300,闸口,4.85
2025-06-18T03:30:00,7010AJ33,渌渚,5.36
2025-06-18T03:30:00,7011AJ4M,新桐乡,5.27
2025-06-18T03:30:00,7011AJ5M,渌渚镇,6.55
2025-06-18T03:30:00,7011AJ7R,山溪叶家,50.22
2025-06-18T03:30:00,7011AJ8R,山溪幕下,65.61
2025-06-18T03:30:00,7011AJ9R,山溪前桐,194.21
2025-06-18T03:30:00,7011AM2G,富春江水库严陵坞,23.09
2025-06-18T03:35:00,70101500,富春江电站(坝上),23.0
2025-06-18T03:35:00,70101501,富春江坝下,7.09
2025-06-18T03:35:00,70101800,窄溪,5.29
2025-06-18T03:35:00,70102300,闸口,4.84
2025-06-18T03:35:00,7010AJ33,渌渚,5.34
2025-06-18T03:35:00,7011AJ4M,新桐乡,5.26
2025-06-18T03:35:00,7011AJ5M,渌渚镇,6.55
2025-06-18T03:35:00,7011AJ7R,山溪叶家,50.22
2025-06-18T03:35:00,7011AJ8R,山溪幕下,65.61
2025-06-18T03:35:00,7011AJ9R,山溪前桐,194.22
2025-06-18T03:35:00,7011AM2G,富春江水库严陵坞,23.08
2025-06-18T03:40:00,70101500,富春江电站(坝上),22.99
2025-06-18T03:40:00,70101501,富春江坝下,7.12
2025-06-18T03:40:00,70101800,窄溪,5.29
2025-06-18T03:40:00,70102300,闸口,4.84
2025-06-18T03:40:00,7010AJ33,渌渚,5.34
2025-06-18T03:40:00,7011AJ4M,新桐乡,5.26
2025-06-18T03:40:00,7011AJ5M,渌渚镇,6.55
2025-06-18T03:40:00,7011AJ7R,山溪叶家,50.22
2025-06-18T03:40:00,7011AJ8R,山溪幕下,65.61
2025-06-18T03:40:00,7011AJ9R,山溪前桐,194.22
2025-06-18T03:40:00,7011AM2G,富春江水库严陵坞,23.08
2025-06-18T03:45:00,70101500,富春江电站(坝上),22.99
2025-06-18T03:45:00,70101501,富春江坝下,7.11
2025-06-18T03:45:00,70101800,窄溪,5.29
2025-06-18T03:45:00,70102300,闸口,4.84
2025-06-18T03:45:00,7010AJ33,渌渚,5.32
2025-06-18T03:45:00,7011AJ4M,新桐乡,5.25
2025-06-18T03:45:00,7011AJ5M,渌渚镇,6.55
2025-06-18T03:45:00,7011AJ7R,山溪叶家,50.22
2025-06-18T03:45:00,7011AJ8R,山溪幕下,65.61
2025-06-18T03:45:00,7011AJ9R,山溪前桐,194.21
2025-06-18T03:45:00,7011AM2G,富春江水库严陵坞,23.08
2025-06-18T03:50:00,70101500,富春江电站(坝上),22.99
2025-06-18T03:50:00,70101501,富春江坝下,7.18
2025-06-18T03:50:00,70101800,窄溪,5.28
2025-06-18T03:50:00,70102300,闸口,4.83
2025-06-18T03:50:00,7010AJ33,渌渚,5.32
2025-06-18T03:50:00,7011AJ4M,新桐乡,5.24
2025-06-18T03:50:00,7011AJ5M,渌渚镇,6.55
2025-06-18T03:50:00,7011AJ7R,山溪叶家,50.22
2025-06-18T03:50:00,7011AJ8R,山溪幕下,65.61
2025-06-18T03:50:00,7011AJ9R,山溪前桐,194.22
2025-06-18T03:50:00,7011AM2G,富春江水库严陵坞,23.06
2025-06-18T03:55:00,70101500,富春江电站(坝上),22.98
2025-06-18T03:55:00,70101501,富春江坝下,7.15
2025-06-18T03:55:00,70101800,窄溪,5.27
2025-06-18T03:55:00,70102300,闸口,4.83
2025-06-18T03:55:00,7010AJ33,渌渚,5.32
2025-06-18T03:55:00,7011AJ4M,新桐乡,5.23
2025-06-18T03:55:00,7011AJ5M,渌渚镇,6.55
2025-06-18T03:55:00,7011AJ7R,山溪叶家,50.22
2025-06-18T03:55:00,7011AJ8R,山溪幕下,65.61
2025-06-18T03:55:00,7011AJ9R,山溪前桐,194.22
2025-06-18T03:55:00,7011AM2G,富春江水库严陵坞,23.06
2025-06-18T04:00:00,70101500,富春江电站(坝上),22.97
2025-06-18T04:00:00,70101501,富春江坝下,7.15
2025-06-18T04:00:00,70101800,窄溪,5.27
2025-06-18T04:00:00,70102300,闸口,4.82
2025-06-18T04:00:00,7010AJ33,渌渚,5.32
2025-06-18T04:00:00,7011AJ4M,新桐乡,5.22
2025-06-18T04:00:00,7011AJ5M,渌渚镇,6.55
2025-06-18T04:00:00,7011AJ7R,山溪叶家,50.22
2025-06-18T04:00:00,7011AJ8R,山溪幕下,65.61
2025-06-18T04:00:00,7011AJ9R,山溪前桐,194.21
2025-06-18T04:00:00,7011AM2G,富春江水库严陵坞,23.05
2025-06-18T04:05:00,70101500,富春江电站(坝上),22.97
2025-06-18T04:05:00,70101501,富春江坝下,7.12
2025-06-18T04:05:00,70101800,窄溪,5.26
2025-06-18T04:05:00,70102300,闸口,4.81
2025-06-18T04:05:00,7010AJ33,渌渚,5.3
2025-06-18T04:05:00,7011AJ4M,新桐乡,5.21
2025-06-18T04:05:00,7011AJ5M,渌渚镇,6.55
2025-06-18T04:05:00,7011AJ7R,山溪叶家,50.22
2025-06-18T04:05:00,7011AJ8R,山溪幕下,65.61
2025-06-18T04:05:00,7011AJ9R,山溪前桐,194.22
2025-06-18T04:05:00,7011AM2G,富春江水库严陵坞,23.05
2025-06-18T04:10:00,70101500,富春江电站(坝上),22.97
2025-06-18T04:10:00,70101501,富春江坝下,7.14
2025-06-18T04:10:00,70101800,窄溪,5.25
2025-06-18T04:10:00,70102300,闸口,4.81
2025-06-18T04:10:00,7010AJ33,渌渚,5.3
2025-06-18T04:10:00,7011AJ4M,新桐乡,5.2
2025-06-18T04:10:00,7011AJ5M,渌渚镇,6.54
2025-06-18T04:10:00,7011AJ7R,山溪叶家,50.22
2025-06-18T04:10:00,7011AJ8R,山溪幕下,65.61
2025-06-18T04:10:00,7011AJ9R,山溪前桐,194.22
2025-06-18T04:10:00,7011AM2G,富春江水库严陵坞,23.04
2025-06-18T04:15:00,70101500,富春江电站(坝上),22.95
2025-06-18T04:15:00,70101501,富春江坝下,7.15
2025-06-18T04:15:00,70101800,窄溪,5.25
2025-06-18T04:15:00,70102300,闸口,4.8
2025-06-18T04:15:00,7010AJ33,渌渚,5.3
2025-06-18T04:15:00,7011AJ4M,新桐乡,5.19
2025-06-18T04:15:00,7011AJ5M,渌渚镇,6.54
2025-06-18T04:15:00,7011AJ7R,山溪叶家,50.22
2025-06-18T04:15:00,7011AJ8R,山溪幕下,65.61
2025-06-18T04:15:00,7011AJ9R,山溪前桐,194.21
2025-06-18T04:15:00,7011AM2G,富春江水库严陵坞,23.04
2025-06-18T04:20:00,70101500,富春江电站(坝上),22.95
2025-06-18T04:20:00,70101501,富春江坝下,7.15
2025-06-18T04:20:00,70101800,窄溪,5.25
2025-06-18T04:20:00,70102300,闸口,4.8
2025-06-18T04:20:00,7010AJ33,渌渚,5.3
2025-06-18T04:20:00,7011AJ4M,新桐乡,5.19
2025-06-18T04:20:00,7011AJ5M,渌渚镇,6.54
2025-06-18T04:20:00,7011AJ7R,山溪叶家,50.22
2025-06-18T04:20:00,7011AJ8R,山溪幕下,65.61
2025-06-18T04:20:00,7011AJ9R,山溪前桐,194.22
2025-06-18T04:20:00,7011AM2G,富春江水库严陵坞,23.03
2025-06-18T04:25:00,70101500,富春江电站(坝上),22.95
2025-06-18T04:25:00,70101501,富春江坝下,7.06
2025-06-18T04:25:00,70101800,窄溪,5.24
2025-06-18T04:25:00,70102300,闸口,4.79
2025-06-18T04:25:00,7010AJ33,渌渚,5.28
2025-06-18T04:25:00,7011AJ4M,新桐乡,5.19
2025-06-18T04:25:00,7011AJ5M,渌渚镇,6.54
2025-06-18T04:25:00,7011AJ7R,山溪叶家,50.22
2025-06-18T04:25:00,7011AJ8R,山溪幕下,65.61
2025-06-18T04:25:00,7011AJ9R,山溪前桐,194.22
2025-06-18T04:25:00,7011AM2G,富春江水库严陵坞,23.03
2025-06-18T04:30:00,70101500,富春江电站(坝上),22.95
2025-06-18T04:30:00,70101501,富春江坝下,7.16
2025-06-18T04:30:00,70101800,窄溪,5.24
2025-06-18T04:30:00,70102300,闸口,4.79
2025-06-18T04:30:00,7010AJ33,渌渚,5.28
2025-06-18T04:30:00,7011AJ4M,新桐乡,5.2
2025-06-18T04:30:00,7011AJ5M,渌渚镇,6.54
2025-06-18T04:30:00,7011AJ7R,山溪叶家,50.22
2025-06-18T04:30:00,7011AJ8R,山溪幕下,65.61
2025-06-18T04:30:00,7011AJ9R,山溪前桐,194.22
2025-06-18T04:30:00,7011AM2G,富春江水库严陵坞,23.03
2025-06-18T04:35:00,70101500,富春江电站(坝上),22.95
2025-06-18T04:35:00,70101501,富春江坝下,7.11
2025-06-18T04:35:00,70101800,窄溪,5.24
2025-06-18T04:35:00,70102300,闸口,4.78
2025-06-18T04:35:00,7010AJ33,渌渚,5.28
2025-06-18T04:35:00,7011AJ4M,新桐乡,5.19
2025-06-18T04:35:00,7011AJ5M,渌渚镇,6.54
2025-06-18T04:35:00,7011AJ7R,山溪叶家,50.22
2025-06-18T04:35:00,7011AJ8R,山溪幕下,65.61
2025-06-18T04:35:00,7011AJ9R,山溪前桐,194.21
2025-06-18T04:35:00,7011AM2G,富春江水库严陵坞,23.03
2025-06-18T04:40:00,70101500,富春江电站(坝上),22.94
2025-06-18T04:40:00,70101501,富春江坝下,7.1
2025-06-18T04:40:00,70101800,窄溪,5.23
2025-06-18T04:40:00,70102300,闸口,4.77
2025-06-18T04:40:00,7010AJ33,渌渚,5.28
2025-06-18T04:40:00,7011AJ4M,新桐乡,5.19
2025-06-18T04:40:00,7011AJ5M,渌渚镇,6.54
2025-06-18T04:40:00,7011AJ7R,山溪叶家,50.21
2025-06-18T04:40:00,7011AJ8R,山溪幕下,65.61
2025-06-18T04:40:00,7011AJ9R,山溪前桐,194.22
2025-06-18T04:40:00,7011AM2G,富春江水库严陵坞,23.02
2025-06-18T04:45:00,70101500,富春江电站(坝上),22.95
2025-06-18T04:45:00,70101501,富春江坝下,7.13
2025-06-18T04:45:00,70101800,窄溪,5.23
2025-06-18T04:45:00,70102300,闸口,4.77
2025-06-18T04:45:00,7010AJ33,渌渚,5.26
2025-06-18T04:45:00,7011AJ4M,新桐乡,5.18
2025-06-18T04:45:00,7011AJ5M,渌渚镇,6.53
2025-06-18T04:45:00,7011AJ7R,山溪叶家,50.22
2025-06-18T04:45:00,7011AJ8R,山溪幕下,65.61
2025-06-18T04:45:00,7011AJ9R,山溪前桐,194.22
2025-06-18T04:45:00,7011AM2G,富春江水库严陵坞,23.02
2025-06-18T04:50:00,70101500,富春江电站(坝上),22.95
2025-06-18T04:50:00,70101501,富春江坝下,7.11
2025-06-18T04:50:00,70101800,窄溪,5.22
2025-06-18T04:50:00,70102300,闸口,4.76
2025-06-18T04:50:00,7010AJ33,渌渚,5.26
2025-06-18T04:50:00,7011AJ4M,新桐乡,5.18
2025-06-18T04:50:00,7011AJ5M,渌渚镇,6.54
2025-06-18T04:50:00,7011AJ7R,山溪叶家,50.22
2025-06-18T04:50:00,7011AJ8R,山溪幕下,65.61
2025-06-18T04:50:00,7011AJ9R,山溪前桐,194.21
2025-06-18T04:50:00,7011AM2G,富春江水库严陵坞,23.02
2025-06-18T04:55:00,70101500,富春江电站(坝上),22.94
2025-06-18T04:55:00,70101501,富春江坝下,7.11
2025-06-18T04:55:00,70101800,窄溪,5.21
2025-06-18T04:55:00,70102300,闸口,4.76
2025-06-18T04:55:00,7010AJ33,渌渚,5.26
2025-06-18T04:55:00,7011AJ4M,新桐乡,5.18
2025-06-18T04:55:00,7011AJ5M,渌渚镇,6.54
2025-06-18T04:55:00,7011AJ7R,山溪叶家,50.22
2025-06-18T04:55:00,7011AJ8R,山溪幕下,65.61
2025-06-18T04:55:00,7011AJ9R,山溪前桐,194.22
2025-06-18T04:55:00,7011AM2G,富春江水库严陵坞,23.02
2025-06-18T05:00:00,70101500,富春江电站(坝上),22.95
2025-06-18T05:00:00,70101501,富春江坝下,7.12
2025-06-18T05:00:00,70101800,窄溪,5.21
2025-06-18T05:00:00,70102300,闸口,4.75
2025-06-18T05:00:00,7010AJ33,渌渚,5.26
2025-06-18T05:00:00,7011AJ4M,新桐乡,5.16
2025-06-18T05:00:00,7011AJ5M,渌渚镇,6.54
2025-06-18T05:00:00,7011AJ7R,山溪叶家,50.22
2025-06-18T05:00:00,7011AJ8R,山溪幕下,65.61
2025-06-18T05:00:00,7011AJ9R,山溪前桐,194.21
2025-06-18T05:00:00,7011AM2G,富春江水库严陵坞,23.02
2025-06-18T05:05:00,70101500,富春江电站(坝上),22.94
2025-06-18T05:05:00,70101501,富春江坝下,7.11
2025-06-18T05:05:00,70101800,窄溪,5.2
2025-06-18T05:05:00,70102300,闸口,4.75
2025-06-18T05:05:00,7010AJ33,渌渚,5.26
2025-06-18T05:05:00,7011AJ4M,新桐乡,5.16
2025-06-18T05:05:00,7011AJ5M,渌渚镇,6.54
2025-06-18T05:05:00,7011AJ7R,山溪叶家,50.22
2025-06-18T05:05:00,7011AJ8R,山溪幕下,65.61
2025-06-18T05:05:00,7011AJ9R,山溪前桐,194.21
2025-06-18T05:05:00,7011AM2G,富春江水库严陵坞,23.02
2025-06-18T05:10:00,70101500,富春江电站(坝上),22.95
2025-06-18T05:10:00,70101501,富春江坝下,7.12
2025-06-18T05:10:00,70101800,窄溪,5.2
2025-06-18T05:10:00,70102300,闸口,4.75
2025-06-18T05:10:00,7010AJ33,渌渚,5.24
2025-06-18T05:10:00,7011AJ4M,新桐乡,5.16
2025-06-18T05:10:00,7011AJ5M,渌渚镇,6.53
2025-06-18T05:10:00,7011AJ7R,山溪叶家,50.22
2025-06-18T05:10:00,7011AJ8R,山溪幕下,65.61
2025-06-18T05:10:00,7011AJ9R,山溪前桐,194.21
2025-06-18T05:10:00,7011AM2G,富春江水库严陵坞,23.02
2025-06-18T05:15:00,70101500,富春江电站(坝上),22.93
2025-06-18T05:15:00,70101501,富春江坝下,7.07
2025-06-18T05:15:00,70101800,窄溪,5.19
2025-06-18T05:15:00,70102300,闸口,4.74
2025-06-18T05:15:00,7010AJ33,渌渚,5.24
2025-06-18T05:15:00,7011AJ4M,新桐乡,5.15
2025-06-18T05:15:00,7011AJ5M,渌渚镇,6.53
2025-06-18T05:15:00,7011AJ7R,山溪叶家,50.22
2025-06-18T05:15:00,7011AJ8R,山溪幕下,65.61
2025-06-18T05:15:00,7011AJ9R,山溪前桐,194.21
2025-06-18T05:15:00,7011AM2G,富春江水库严陵坞,23.02
2025-06-18T05:20:00,70101500,富春江电站(坝上),22.93
2025-06-18T05:20:00,70101501,富春江坝下,7.11
2025-06-18T05:20:00,70101800,窄溪,5.19
2025-06-18T05:20:00,70102300,闸口,4.74
2025-06-18T05:20:00,7010AJ33,渌渚,5.24
2025-06-18T05:20:00,7011AJ4M,新桐乡,5.15
2025-06-18T05:20:00,7011AJ5M,渌渚镇,6.53
2025-06-18T05:20:00,7011AJ7R,山溪叶家,50.21
2025-06-18T05:20:00,7011AJ8R,山溪幕下,65.61
2025-06-18T05:20:00,7011AJ9R,山溪前桐,194.22
2025-06-18T05:20:00,7011AM2G,富春江水库严陵坞,23.01
2025-06-18T05:25:00,70101500,富春江电站(坝上),22.93
2025-06-18T05:25:00,70101501,富春江坝下,7.09
2025-06-18T05:25:00,70101800,窄溪,5.18
2025-06-18T05:25:00,70102300,闸口,4.73
2025-06-18T05:25:00,7010AJ33,渌渚,5.24
2025-06-18T05:25:00,7011AJ4M,新桐乡,5.15
2025-06-18T05:25:00,7011AJ5M,渌渚镇,6.53
2025-06-18T05:25:00,7011AJ7R,山溪叶家,50.21
2025-06-18T05:25:00,7011AJ8R,山溪幕下,65.61
2025-06-18T05:25:00,7011AJ9R,山溪前桐,194.21
2025-06-18T05:25:00,7011AM2G,富春江水库严陵坞,23.01
2025-06-18T05:30:00,70101500,富春江电站(坝上),22.94
2025-06-18T05:30:00,70101501,富春江坝下,7.12
2025-06-18T05:30:00,70101800,窄溪,5.18
2025-06-18T05:30:00,70102300,闸口,4.73
2025-06-18T05:30:00,7010AJ33,渌渚,5.22
2025-06-18T05:30:00,7011AJ4M,新桐乡,5.14
2025-06-18T05:30:00,7011AJ5M,渌渚镇,6.53
2025-06-18T05:30:00,7011AJ7R,山溪叶家,50.22
2025-06-18T05:30:00,7011AJ8R,山溪幕下,65.61
2025-06-18T05:30:00,7011AJ9R,山溪前桐,194.22
2025-06-18T05:30:00,7011AM2G,富春江水库严陵坞,23.01
2025-06-18T05:35:00,70101500,富春江电站(坝上),22.94
2025-06-18T05:35:00,70101501,富春江坝下,7.1
2025-06-18T05:35:00,70101800,窄溪,5.17
2025-06-18T05:35:00,70102300,闸口,4.72
2025-06-18T05:35:00,7010AJ33,渌渚,5.22
2025-06-18T05:35:00,7011AJ4M,新桐乡,5.13
2025-06-18T05:35:00,7011AJ5M,渌渚镇,6.53
2025-06-18T05:35:00,7011AJ7R,山溪叶家,50.21
2025-06-18T05:35:00,7011AJ8R,山溪幕下,65.61
2025-06-18T05:35:00,7011AJ9R,山溪前桐,194.2
2025-06-18T05:35:00,7011AM2G,富春江水库严陵坞,23.01
2025-06-18T05:40:00,70101500,富春江电站(坝上),22.94
2025-06-18T05:40:00,70101501,富春江坝下,7.06
2025-06-18T05:40:00,70101800,窄溪,5.17
2025-06-18T05:40:00,70102300,闸口,4.71
2025-06-18T05:40:00,7010AJ33,渌渚,5.22
2025-06-18T05:40:00,7011AJ4M,新桐乡,5.12
2025-06-18T05:40:00,7011AJ5M,渌渚镇,6.53
2025-06-18T05:40:00,7011AJ7R,山溪叶家,50.21
2025-06-18T05:40:00,7011AJ8R,山溪幕下,65.61
2025-06-18T05:40:00,7011AJ9R,山溪前桐,194.21
2025-06-18T05:40:00,7011AM2G,富春江水库严陵坞,23.01
2025-06-18T05:45:00,70101500,富春江电站(坝上),22.93
2025-06-18T05:45:00,70101501,富春江坝下,7.11
2025-06-18T05:45:00,70101800,窄溪,5.16
2025-06-18T05:45:00,70102300,闸口,4.71
2025-06-18T05:45:00,7010AJ33,渌渚,5.2
2025-06-18T05:45:00,7011AJ4M,新桐乡,5.11
2025-06-18T05:45:00,7011AJ5M,渌渚镇,6.53
2025-06-18T05:45:00,7011AJ7R,山溪叶家,50.21
2025-06-18T05:45:00,7011AJ8R,山溪幕下,65.61
2025-06-18T05:45:00,7011AJ9R,山溪前桐,194.22
2025-06-18T05:45:00,7011AM2G,富春江水库严陵坞,23.01
2025-06-18T05:50:00,70101500,富春江电站(坝上),22.94
2025-06-18T05:50:00,70101501,富春江坝下,7.12
2025-06-18T05:50:00,70101800,窄溪,5.16
2025-06-18T05:50:00,70102300,闸口,4.71
2025-06-18T05:50:00,7010AJ33,渌渚,5.2
2025-06-18T05:50:00,7011AJ4M,新桐乡,5.11
2025-06-18T05:50:00,7011AJ5M,渌渚镇,6.53
2025-06-18T05:50:00,7011AJ7R,山溪叶家,50.22
2025-06-18T05:50:00,7011AJ8R,山溪幕下,65.61
2025-06-18T05:50:00,7011AJ9R,山溪前桐,194.21
2025-06-18T05:50:00,7011AM2G,富春江水库严陵坞,23.01
2025-06-18T05:55:00,70101500,富春江电站(坝上),22.94
2025-06-18T05:55:00,70101501,富春江坝下,7.08
2025-06-18T05:55:00,70101800,窄溪,5.16
2025-06-18T05:55:00,70102300,闸口,4.7
2025-06-18T05:55:00,7010AJ33,渌渚,5.2
2025-06-18T05:55:00,7011AJ4M,新桐乡,5.11
2025-06-18T05:55:00,7011AJ5M,渌渚镇,6.54
2025-06-18T05:55:00,7011AJ7R,山溪叶家,50.21
2025-06-18T05:55:00,7011AJ8R,山溪幕下,65.61
2025-06-18T05:55:00,7011AJ9R,山溪前桐,194.22
2025-06-18T05:55:00,7011AM2G,富春江水库严陵坞,23.01
2025-06-18T06:00:00,70101500,富春江电站(坝上),22.93
2025-06-18T06:00:00,70101501,富春江坝下,7.12
2025-06-18T06:00:00,70101800,窄溪,5.15
2025-06-18T06:00:00,70102300,闸口,4.7
2025-06-18T06:00:00,7010AJ33,渌渚,5.2
2025-06-18T06:00:00,7011AJ4M,新桐乡,5.1
2025-06-18T06:00:00,7011AJ5M,渌渚镇,6.53
2025-06-18T06:00:00,7011AJ7R,山溪叶家,50.21
2025-06-18T06:00:00,7011AJ8R,山溪幕下,65.61
2025-06-18T06:00:00,7011AJ9R,山溪前桐,194.21
2025-06-18T06:00:00,7011AM2G,富春江水库严陵坞,23.01
2025-06-18T06:05:00,70101500,富春江电站(坝上),22.93
2025-06-18T06:05:00,70101501,富春江坝下,7.07
2025-06-18T06:05:00,70101800,窄溪,5.15
2025-06-18T06:05:00,70102300,闸口,4.69
2025-06-18T06:05:00,7010AJ33,渌渚,5.18
2025-06-18T06:05:00,7011AJ4M,新桐乡,5.09
2025-06-18T06:05:00,7011AJ5M,渌渚镇,6.54
2025-06-18T06:05:00,7011AJ7R,山溪叶家,50.21
2025-06-18T06:05:00,7011AJ8R,山溪幕下,65.61
2025-06-18T06:05:00,7011AJ9R,山溪前桐,194.22
2025-06-18T06:05:00,7011AM2G,富春江水库严陵坞,23.0
2025-06-18T06:10:00,70101500,富春江电站(坝上),22.92
2025-06-18T06:10:00,70101501,富春江坝下,7.1
2025-06-18T06:10:00,70101800,窄溪,5.14
2025-06-18T06:10:00,70102300,闸口,4.69
2025-06-18T06:10:00,7010AJ33,渌渚,5.18
2025-06-18T06:10:00,7011AJ4M,新桐乡,5.09
2025-06-18T06:10:00,7011AJ5M,渌渚镇,6.53
2025-06-18T06:10:00,7011AJ7R,山溪叶家,50.21
2025-06-18T06:10:00,7011AJ8R,山溪幕下,65.61
2025-06-18T06:10:00,7011AJ9R,山溪前桐,194.22
2025-06-18T06:10:00,7011AM2G,富春江水库严陵坞,23.0
2025-06-18T06:15:00,70101500,富春江电站(坝上),22.92
2025-06-18T06:15:00,70101501,富春江坝下,7.14
2025-06-18T06:15:00,70101800,窄溪,5.14
2025-06-18T06:15:00,70102300,闸口,4.68
2025-06-18T06:15:00,7010AJ33,渌渚,5.18
2025-06-18T06:15:00,7011AJ4M,新桐乡,5.09
2025-06-18T06:15:00,7011AJ5M,渌渚镇,6.53
2025-06-18T06:15:00,7011AJ7R,山溪叶家,50.21
2025-06-18T06:15:00,7011AJ8R,山溪幕下,65.61
2025-06-18T06:15:00,7011AJ9R,山溪前桐,194.21
2025-06-18T06:15:00,7011AM2G,富春江水库严陵坞,22.99
2025-06-18T06:20:00,70101500,富春江电站(坝上),22.92
2025-06-18T06:20:00,70101501,富春江坝下,7.07
2025-06-18T06:20:00,70101800,窄溪,5.13
2025-06-18T06:20:00,70102300,闸口,4.68
2025-06-18T06:20:00,7010AJ33,渌渚,5.18
2025-06-18T06:20:00,7011AJ4M,新桐乡,5.08
2025-06-18T06:20:00,7011AJ5M,渌渚镇,6.53
2025-06-18T06:20:00,7011AJ7R,山溪叶家,50.21
2025-06-18T06:20:00,7011AJ8R,山溪幕下,65.61
2025-06-18T06:20:00,7011AJ9R,山溪前桐,194.22
2025-06-18T06:20:00,7011AM2G,富春江水库严陵坞,22.99
2025-06-18T06:25:00,70101500,富春江电站(坝上),22.91
2025-06-18T06:25:00,70101501,富春江坝下,7.15
2025-06-18T06:25:00,70101800,窄溪,5.12
2025-06-18T06:25:00,70102300,闸口,4.68
2025-06-18T06:25:00,7010AJ33,渌渚,5.18
2025-06-18T06:25:00,7011AJ4M,新桐乡,5.07
2025-06-18T06:25:00,7011AJ5M,渌渚镇,6.53
2025-06-18T06:25:00,7011AJ7R,山溪叶家,50.21
2025-06-18T06:25:00,7011AJ8R,山溪幕下,65.61
2025-06-18T06:25:00,7011AJ9R,山溪前桐,194.21
2025-06-18T06:25:00,7011AM2G,富春江水库严陵坞,22.99
2025-06-18T06:30:00,70101500,富春江电站(坝上),22.9
2025-06-18T06:30:00,70101501,富春江坝下,7.11
2025-06-18T06:30:00,70101800,窄溪,5.12
2025-06-18T06:30:00,70102300,闸口,4.68
2025-06-18T06:30:00,7010AJ33,渌渚,5.16
2025-06-18T06:30:00,7011AJ4M,新桐乡,5.07
2025-06-18T06:30:00,7011AJ5M,渌渚镇,6.53
2025-06-18T06:30:00,7011AJ7R,山溪叶家,50.2
2025-06-18T06:30:00,7011AJ8R,山溪幕下,65.61
2025-06-18T06:30:00,7011AJ9R,山溪前桐,194.22
2025-06-18T06:30:00,7011AM2G,富春江水库严陵坞,22.98
2025-06-18T06:35:00,70101500,富春江电站(坝上),22.88
2025-06-18T06:35:00,70101501,富春江坝下,7.09
2025-06-18T06:35:00,70101800,窄溪,5.12
2025-06-18T06:35:00,70102300,闸口,4.67
2025-06-18T06:35:00,7010AJ33,渌渚,5.16
2025-06-18T06:35:00,7011AJ4M,新桐乡,5.07
2025-06-18T06:35:00,7011AJ5M,渌渚镇,6.53
2025-06-18T06:35:00,7011AJ7R,山溪叶家,50.21
2025-06-18T06:35:00,7011AJ8R,山溪幕下,65.61
2025-06-18T06:35:00,7011AJ9R,山溪前桐,194.21
2025-06-18T06:35:00,7011AM2G,富春江水库严陵坞,22.98
2025-06-18T06:40:00,70101500,富春江电站(坝上),22.89
2025-06-18T06:40:00,70101501,富春江坝下,7.11
2025-06-18T06:40:00,70101800,窄溪,5.11
2025-06-18T06:40:00,70102300,闸口,4.67
2025-06-18T06:40:00,7010AJ33,渌渚,5.16
2025-06-18T06:40:00,7011AJ4M,新桐乡,5.07
2025-06-18T06:40:00,7011AJ5M,渌渚镇,6.53
2025-06-18T06:40:00,7011AJ7R,山溪叶家,50.21
2025-06-18T06:40:00,7011AJ8R,山溪幕下,65.61
2025-06-18T06:40:00,7011AJ9R,山溪前桐,194.21
2025-06-18T06:40:00,7011AM2G,富春江水库严陵坞,22.96
2025-06-18T06:45:00,70101500,富春江电站(坝上),22.89
2025-06-18T06:45:00,70101501,富春江坝下,7.11
2025-06-18T06:45:00,70101800,窄溪,5.11
2025-06-18T06:45:00,70102300,闸口,4.66
2025-06-18T06:45:00,7010AJ33,渌渚,5.16
2025-06-18T06:45:00,7011AJ4M,新桐乡,5.05
2025-06-18T06:45:00,7011AJ5M,渌渚镇,6.53
2025-06-18T06:45:00,7011AJ7R,山溪叶家,50.21
2025-06-18T06:45:00,7011AJ8R,山溪幕下,65.61
2025-06-18T06:45:00,7011AJ9R,山溪前桐,194.21
2025-06-18T06:45:00,7011AM2G,富春江水库严陵坞,22.96
2025-06-18T06:50:00,70101500,富春江电站(坝上),22.89
2025-06-18T06:50:00,70101501,富春江坝下,7.07
2025-06-18T06:50:00,70101800,窄溪,5.1
2025-06-18T06:50:00,70102300,闸口,4.66
2025-06-18T06:50:00,7010AJ33,渌渚,5.14
2025-06-18T06:50:00,7011AJ4M,新桐乡,5.05
2025-06-18T06:50:00,7011AJ5M,渌渚镇,6.53
2025-06-18T06:50:00,7011AJ7R,山溪叶家,50.2
2025-06-18T06:50:00,7011AJ8R,山溪幕下,65.61
2025-06-18T06:50:00,7011AJ9R,山溪前桐,194.21
2025-06-18T06:50:00,7011AM2G,富春江水库严陵坞,22.96
2025-06-18T06:55:00,70101500,富春江电站(坝上),22.89
2025-06-18T06:55:00,70101501,富春江坝下,7.11
2025-06-18T06:55:00,70101800,窄溪,5.1
2025-06-18T06:55:00,70102300,闸口,4.65
2025-06-18T06:55:00,7010AJ33,渌渚,5.14
2025-06-18T06:55:00,7011AJ4M,新桐乡,5.05
2025-06-18T06:55:00,7011AJ5M,渌渚镇,6.53
2025-06-18T06:55:00,7011AJ7R,山溪叶家,50.21
2025-06-18T06:55:00,7011AJ8R,山溪幕下,65.61
2025-06-18T06:55:00,7011AJ9R,山溪前桐,194.21
2025-06-18T06:55:00,7011AM2G,富春江水库严陵坞,22.96
2025-06-18T07:00:00,70101500,富春江电站(坝上),22.88
2025-06-18T07:00:00,70101501,富春江坝下,7.08
2025-06-18T07:00:00,70101800,窄溪,5.09
2025-06-18T07:00:00,70102300,闸口,4.64
2025-06-18T07:00:00,7010AJ33,渌渚,5.14
2025-06-18T07:00:00,7011AJ4M,新桐乡,5.03
2025-06-18T07:00:00,7011AJ5M,渌渚镇,6.53
2025-06-18T07:00:00,7011AJ7R,山溪叶家,50.21
2025-06-18T07:00:00,7011AJ8R,山溪幕下,65.61
2025-06-18T07:00:00,7011AJ9R,山溪前桐,194.22
2025-06-18T07:00:00,7011AM2G,富春江水库严陵坞,22.95
2025-06-18T07:05:00,70101500,富春江电站(坝上),22.87
2025-06-18T07:05:00,70101501,富春江坝下,7.11
2025-06-18T07:05:00,70101800,窄溪,5.09
2025-06-18T07:05:00,70102300,闸口,4.64
2025-06-18T07:05:00,7010AJ33,渌渚,5.14
2025-06-18T07:05:00,7011AJ4M,新桐乡,5.03
2025-06-18T07:05:00,7011AJ5M,渌渚镇,6.53
2025-06-18T07:05:00,7011AJ7R,山溪叶家,50.21
2025-06-18T07:05:00,7011AJ8R,山溪幕下,65.61
2025-06-18T07:05:00,7011AJ9R,山溪前桐,194.21
2025-06-18T07:05:00,7011AM2G,富春江水库严陵坞,22.95
2025-06-18T07:10:00,70101500,富春江电站(坝上),22.87
2025-06-18T07:10:00,70101501,富春江坝下,7.12
2025-06-18T07:10:00,70101800,窄溪,5.09
2025-06-18T07:10:00,70102300,闸口,4.64
2025-06-18T07:10:00,7010AJ33,渌渚,5.14
2025-06-18T07:10:00,7011AJ4M,新桐乡,5.03
2025-06-18T07:10:00,7011AJ5M,渌渚镇,6.53
2025-06-18T07:10:00,7011AJ7R,山溪叶家,50.21
2025-06-18T07:10:00,7011AJ8R,山溪幕下,65.61
2025-06-18T07:10:00,7011AJ9R,山溪前桐,194.21
2025-06-18T07:10:00,7011AM2G,富春江水库严陵坞,22.94
2025-06-18T07:15:00,70101500,富春江电站(坝上),22.87
2025-06-18T07:15:00,70101501,富春江坝下,7.16
2025-06-18T07:15:00,70101800,窄溪,5.08
2025-06-18T07:15:00,70102300,闸口,4.63
2025-06-18T07:15:00,7010AJ33,渌渚,5.13
2025-06-18T07:15:00,7011AJ4M,新桐乡,5.03
2025-06-18T07:15:00,7011AJ5M,渌渚镇,6.53
2025-06-18T07:15:00,7011AJ7R,山溪叶家,50.21
2025-06-18T07:15:00,7011AJ8R,山溪幕下,65.61
2025-06-18T07:15:00,7011AJ9R,山溪前桐,194.22
2025-06-18T07:15:00,7011AM2G,富春江水库严陵坞,22.93
2025-06-18T07:20:00,70101500,富春江电站(坝上),22.87
2025-06-18T07:20:00,70101501,富春江坝下,7.1
2025-06-18T07:20:00,70101800,窄溪,5.08
2025-06-18T07:20:00,70102300,闸口,4.95
2025-06-18T07:20:00,7010AJ33,渌渚,5.13
2025-06-18T07:20:00,7011AJ4M,新桐乡,5.02
2025-06-18T07:20:00,7011AJ5M,渌渚镇,6.53
2025-06-18T07:20:00,7011AJ7R,山溪叶家,50.21
2025-06-18T07:20:00,7011AJ8R,山溪幕下,65.61
2025-06-18T07:20:00,7011AJ9R,山溪前桐,194.21
2025-06-18T07:20:00,7011AM2G,富春江水库严陵坞,22.94
2025-06-18T07:25:00,70101500,富春江电站(坝上),22.87
2025-06-18T07:25:00,70101501,富春江坝下,7.13
2025-06-18T07:25:00,70101800,窄溪,5.07
2025-06-18T07:25:00,70102300,闸口,5.13
2025-06-18T07:25:00,7010AJ33,渌渚,5.11
2025-06-18T07:25:00,7011AJ4M,新桐乡,5.01
2025-06-18T07:25:00,7011AJ5M,渌渚镇,6.53
2025-06-18T07:25:00,7011AJ7R,山溪叶家,50.21
2025-06-18T07:25:00,7011AJ8R,山溪幕下,65.61
2025-06-18T07:25:00,7011AJ9R,山溪前桐,194.21
2025-06-18T07:25:00,7011AM2G,富春江水库严陵坞,22.94
2025-06-18T07:30:00,70101500,富春江电站(坝上),22.86
2025-06-18T07:30:00,70101501,富春江坝下,7.19
2025-06-18T07:30:00,70101800,窄溪,5.07
2025-06-18T07:30:00,70102300,闸口,5.03
2025-06-18T07:30:00,7010AJ33,渌渚,5.11
2025-06-18T07:30:00,7011AJ4M,新桐乡,5.01
2025-06-18T07:30:00,7011AJ5M,渌渚镇,6.52
2025-06-18T07:30:00,7011AJ7R,山溪叶家,50.21
2025-06-18T07:30:00,7011AJ8R,山溪幕下,65.61
2025-06-18T07:30:00,7011AJ9R,山溪前桐,194.22
2025-06-18T07:30:00,7011AM2G,富春江水库严陵坞,22.94
2025-06-18T07:35:00,70101500,富春江电站(坝上),22.87
2025-06-18T07:35:00,70101501,富春江坝下,7.14
2025-06-18T07:35:00,70101800,窄溪,5.06
2025-06-18T07:35:00,70102300,闸口,5.0
2025-06-18T07:35:00,7010AJ33,渌渚,5.11
2025-06-18T07:35:00,7011AJ4M,新桐乡,5.0
2025-06-18T07:35:00,7011AJ5M,渌渚镇,6.52
2025-06-18T07:35:00,7011AJ7R,山溪叶家,50.21
2025-06-18T07:35:00,7011AJ8R,山溪幕下,65.61
2025-06-18T07:35:00,7011AJ9R,山溪前桐,194.22
2025-06-18T07:35:00,7011AM2G,富春江水库严陵坞,22.93
2025-06-18T07:40:00,70101500,富春江电站(坝上),22.86
2025-06-18T07:40:00,70101501,富春江坝下,7.08
2025-06-18T07:40:00,70101800,窄溪,5.06
2025-06-18T07:40:00,70102300,闸口,5.08
2025-06-18T07:40:00,7010AJ33,渌渚,5.11
2025-06-18T07:40:00,7011AJ4M,新桐乡,5.0
2025-06-18T07:40:00,7011AJ5M,渌渚镇,6.52
2025-06-18T07:40:00,7011AJ7R,山溪叶家,50.21
2025-06-18T07:40:00,7011AJ8R,山溪幕下,65.61
2025-06-18T07:40:00,7011AJ9R,山溪前桐,194.21
2025-06-18T07:40:00,7011AM2G,富春江水库严陵坞,22.93
2025-06-18T07:45:00,70101500,富春江电站(坝上),22.85
2025-06-18T07:45:00,70101501,富春江坝下,7.12
2025-06-18T07:45:00,70101800,窄溪,5.06
2025-06-18T07:45:00,70102300,闸口,5.04
2025-06-18T07:45:00,7010AJ33,渌渚,5.11
2025-06-18T07:45:00,7011AJ4M,新桐乡,4.99
2025-06-18T07:45:00,7011AJ5M,渌渚镇,6.52
2025-06-18T07:45:00,7011AJ7R,山溪叶家,50.21
2025-06-18T07:45:00,7011AJ8R,山溪幕下,65.61
2025-06-18T07:45:00,7011AJ9R,山溪前桐,194.21
2025-06-18T07:45:00,7011AM2G,富春江水库严陵坞,22.93
2025-06-18T07:50:00,70101500,富春江电站(坝上),23.02
2025-06-18T07:50:00,70101501,富春江坝下,6.91
2025-06-18T07:50:00,70101800,窄溪,5.05
2025-06-18T07:50:00,70102300,闸口,5.03
2025-06-18T07:50:00,7010AJ33,渌渚,5.11
2025-06-18T07:50:00,7011AJ4M,新桐乡,4.99
2025-06-18T07:50:00,7011AJ5M,渌渚镇,6.51
2025-06-18T07:50:00,7011AJ7R,山溪叶家,50.21
2025-06-18T07:50:00,7011AJ8R,山溪幕下,65.61
2025-06-18T07:50:00,7011AJ9R,山溪前桐,194.21
2025-06-18T07:50:00,7011AM2G,富春江水库严陵坞,22.93
2025-06-18T07:55:00,70101500,富春江电站(坝上),23.06
2025-06-18T07:55:00,70101501,富春江坝下,6.5
2025-06-18T07:55:00,70101800,窄溪,5.05
2025-06-18T07:55:00,70102300,闸口,5.12
2025-06-18T07:55:00,7010AJ33,渌渚,5.09
2025-06-18T07:55:00,7011AJ4M,新桐乡,4.99
2025-06-18T07:55:00,7011AJ5M,渌渚镇,6.51
2025-06-18T07:55:00,7011AJ7R,山溪叶家,50.21
2025-06-18T07:55:00,7011AJ8R,山溪幕下,65.61
2025-06-18T07:55:00,7011AJ9R,山溪前桐,194.22
2025-06-18T07:55:00,7011AM2G,富春江水库严陵坞,23.05
2025-06-18T08:00:00,70101500,富春江电站(坝上),23.07
2025-06-18T08:00:00,70101501,富春江坝下,6.32
2025-06-18T08:00:00,70101800,窄溪,5.04
2025-06-18T08:00:00,70102300,闸口,5.07
2025-06-18T08:00:00,7010AJ33,渌渚,5.09
2025-06-18T08:00:00,7011AJ4M,新桐乡,4.99
2025-06-18T08:00:00,7011AJ5M,渌渚镇,6.51
2025-06-18T08:00:00,7011AJ7R,山溪叶家,50.21
2025-06-18T08:00:00,7011AJ8R,山溪幕下,65.61
2025-06-18T08:00:00,7011AJ9R,山溪前桐,194.21
2025-06-18T08:00:00,7011AM2G,富春江水库严陵坞,23.11
2025-06-18T08:05:00,70101500,富春江电站(坝上),23.09
2025-06-18T08:05:00,70101501,富春江坝下,6.19
2025-06-18T08:05:00,70101800,窄溪,5.04
2025-06-18T08:05:00,70102300,闸口,5.16
2025-06-18T08:05:00,7010AJ33,渌渚,5.09
2025-06-18T08:05:00,7011AJ4M,新桐乡,4.99
2025-06-18T08:05:00,7011AJ5M,渌渚镇,6.51
2025-06-18T08:05:00,7011AJ7R,山溪叶家,50.21
2025-06-18T08:05:00,7011AJ8R,山溪幕下,65.61
2025-06-18T08:05:00,7011AJ9R,山溪前桐,194.21
2025-06-18T08:05:00,7011AM2G,富春江水库严陵坞,23.15
2025-06-18T08:10:00,70101500,富春江电站(坝上),23.12
2025-06-18T08:10:00,70101501,富春江坝下,6.1
2025-06-18T08:10:00,70101800,窄溪,5.04
2025-06-18T08:10:00,70102300,闸口,5.15
2025-06-18T08:10:00,7010AJ33,渌渚,5.09
2025-06-18T08:10:00,7011AJ4M,新桐乡,4.98
2025-06-18T08:10:00,7011AJ5M,渌渚镇,6.51
2025-06-18T08:10:00,7011AJ7R,山溪叶家,50.21
2025-06-18T08:10:00,7011AJ8R,山溪幕下,65.61
2025-06-18T08:10:00,7011AJ9R,山溪前桐,194.21
2025-06-18T08:10:00,7011AM2G,富春江水库严陵坞,23.16
2025-06-18T08:15:00,70101500,富春江电站(坝上),23.1
2025-06-18T08:15:00,70101501,富春江坝下,6.02
2025-06-18T08:15:00,70101800,窄溪,5.04
2025-06-18T08:15:00,70102300,闸口,5.19
2025-06-18T08:15:00,7010AJ33,渌渚,5.09
2025-06-18T08:15:00,7011AJ4M,新桐乡,4.98
2025-06-18T08:15:00,7011AJ5M,渌渚镇,6.51
2025-06-18T08:15:00,7011AJ7R,山溪叶家,50.21
2025-06-18T08:15:00,7011AJ8R,山溪幕下,65.61
2025-06-18T08:15:00,7011AJ9R,山溪前桐,194.22
2025-06-18T08:15:00,7011AM2G,富春江水库严陵坞,23.15
2025-06-18T08:20:00,70101500,富春江电站(坝上),23.12
2025-06-18T08:20:00,70101501,富春江坝下,5.94
2025-06-18T08:20:00,70101800,窄溪,5.03
2025-06-18T08:20:00,70102300,闸口,5.17
2025-06-18T08:20:00,7010AJ33,渌渚,5.07
2025-06-18T08:20:00,7011AJ4M,新桐乡,4.97
2025-06-18T08:20:00,7011AJ5M,渌渚镇,6.51
2025-06-18T08:20:00,7011AJ7R,山溪叶家,50.21
2025-06-18T08:20:00,7011AJ8R,山溪幕下,65.61
2025-06-18T08:20:00,7011AJ9R,山溪前桐,194.22
2025-06-18T08:20:00,7011AM2G,富春江水库严陵坞,23.16
2025-06-18T08:25:00,70101500,富春江电站(坝上),23.12
2025-06-18T08:25:00,70101501,富春江坝下,5.89
2025-06-18T08:25:00,70101800,窄溪,5.03
2025-06-18T08:25:00,70102300,闸口,5.16
2025-06-18T08:25:00,7010AJ33,渌渚,5.07
2025-06-18T08:25:00,7011AJ4M,新桐乡,4.97
2025-06-18T08:25:00,7011AJ5M,渌渚镇,6.51
2025-06-18T08:25:00,7011AJ7R,山溪叶家,50.21
2025-06-18T08:25:00,7011AJ8R,山溪幕下,65.61
2025-06-18T08:25:00,7011AJ9R,山溪前桐,194.21
2025-06-18T08:25:00,7011AM2G,富春江水库严陵坞,23.17
2025-06-18T08:30:00,70101500,富春江电站(坝上),23.09
2025-06-18T08:30:00,70101501,富春江坝下,5.85
2025-06-18T08:30:00,70101800,窄溪,5.02
2025-06-18T08:30:00,70102300,闸口,5.15
2025-06-18T08:30:00,7010AJ33,渌渚,5.07
2025-06-18T08:30:00,7011AJ4M,新桐乡,4.97
2025-06-18T08:30:00,7011AJ5M,渌渚镇,6.51
2025-06-18T08:30:00,7011AJ7R,山溪叶家,50.2
2025-06-18T08:30:00,7011AJ8R,山溪幕下,65.61
2025-06-18T08:30:00,7011AJ9R,山溪前桐,194.21
2025-06-18T08:30:00,7011AM2G,富春江水库严陵坞,23.16
2025-06-18T08:35:00,70101500,富春江电站(坝上),23.1
2025-06-18T08:35:00,70101501,富春江坝下,5.81
2025-06-18T08:35:00,70101800,窄溪,5.0
2025-06-18T08:35:00,70102300,闸口,5.13
2025-06-18T08:35:00,7010AJ33,渌渚,5.07
2025-06-18T08:35:00,7011AJ4M,新桐乡,4.97
2025-06-18T08:35:00,7011AJ5M,渌渚镇,6.51
2025-06-18T08:35:00,7011AJ7R,山溪叶家,50.2
2025-06-18T08:35:00,7011AJ8R,山溪幕下,65.61
2025-06-18T08:35:00,7011AJ9R,山溪前桐,194.21
2025-06-18T08:35:00,7011AM2G,富春江水库严陵坞,23.15
2025-06-18T08:40:00,70101500,富春江电站(坝上),23.08
2025-06-18T08:40:00,70101501,富春江坝下,5.79
2025-06-18T08:40:00,70101800,窄溪,4.98
2025-06-18T08:40:00,70102300,闸口,5.16
2025-06-18T08:40:00,7010AJ33,渌渚,5.07
2025-06-18T08:40:00,7011AJ4M,新桐乡,4.97
2025-06-18T08:40:00,7011AJ5M,渌渚镇,6.51
2025-06-18T08:40:00,7011AJ7R,山溪叶家,50.21
2025-06-18T08:40:00,7011AJ8R,山溪幕下,65.61
2025-06-18T08:40:00,7011AJ9R,山溪前桐,194.21
2025-06-18T08:40:00,7011AM2G,富春江水库严陵坞,23.14
2025-06-18T08:45:00,70101500,富春江电站(坝上),23.03
2025-06-18T08:45:00,70101501,富春江坝下,5.76
2025-06-18T08:45:00,70101800,窄溪,4.95
2025-06-18T08:45:00,70102300,闸口,5.14
2025-06-18T08:45:00,7010AJ33,渌渚,5.05
2025-06-18T08:45:00,7011AJ4M,新桐乡,4.97
2025-06-18T08:45:00,7011AJ5M,渌渚镇,6.51
2025-06-18T08:45:00,7011AJ7R,山溪叶家,50.21
2025-06-18T08:45:00,7011AJ8R,山溪幕下,65.61
2025-06-18T08:45:00,7011AJ9R,山溪前桐,194.22
2025-06-18T08:45:00,7011AM2G,富春江水库严陵坞,23.11
2025-06-18T08:50:00,70101500,富春江电站(坝上),22.98
2025-06-18T08:50:00,70101501,富春江坝下,5.75
2025-06-18T08:50:00,70101800,窄溪,4.94
2025-06-18T08:50:00,70102300,闸口,5.09
2025-06-18T08:50:00,7010AJ33,渌渚,5.05
2025-06-18T08:50:00,7011AJ4M,新桐乡,4.97
2025-06-18T08:50:00,7011AJ5M,渌渚镇,6.5
2025-06-18T08:50:00,7011AJ7R,山溪叶家,50.21
2025-06-18T08:50:00,7011AJ8R,山溪幕下,65.61
2025-06-18T08:50:00,7011AJ9R,山溪前桐,194.21
2025-06-18T08:50:00,7011AM2G,富春江水库严陵坞,23.08
2025-06-18T08:55:00,70101500,富春江电站(坝上),22.98
2025-06-18T08:55:00,70101501,富春江坝下,5.73
2025-06-18T08:55:00,70101800,窄溪,4.92
2025-06-18T08:55:00,70102300,闸口,5.09
2025-06-18T08:55:00,7010AJ33,渌渚,5.03
2025-06-18T08:55:00,7011AJ4M,新桐乡,4.93
2025-06-18T08:55:00,7011AJ5M,渌渚镇,6.5
2025-06-18T08:55:00,7011AJ7R,山溪叶家,50.21
2025-06-18T08:55:00,7011AJ8R,山溪幕下,65.61
2025-06-18T08:55:00,7011AJ9R,山溪前桐,194.21
2025-06-18T08:55:00,7011AM2G,富春江水库严陵坞,23.06
2025-06-18T09:00:00,70101500,富春江电站(坝上),22.99
2025-06-18T09:00:00,70101501,富春江坝下,5.71
2025-06-18T09:00:00,70101800,窄溪,4.9
2025-06-18T09:00:00,70102300,闸口,5.08
2025-06-18T09:00:00,7010AJ33,渌渚,4.99
2025-06-18T09:00:00,7011AJ4M,新桐乡,4.91
2025-06-18T09:00:00,7011AJ5M,渌渚镇,6.5
2025-06-18T09:00:00,7011AJ7R,山溪叶家,50.21
2025-06-18T09:00:00,7011AJ8R,山溪幕下,65.61
2025-06-18T09:00:00,7011AJ9R,山溪前桐,194.21
2025-06-18T09:00:00,7011AM2G,富春江水库严陵坞,23.05
2025-06-18T09:05:00,70101500,富春江电站(坝上),22.99
2025-06-18T09:05:00,70101501,富春江坝下,5.71
2025-06-18T09:05:00,70101800,窄溪,4.89
2025-06-18T09:05:00,70102300,闸口,5.08
2025-06-18T09:05:00,7010AJ33,渌渚,4.97
2025-06-18T09:05:00,7011AJ4M,新桐乡,4.89
2025-06-18T09:05:00,7011AJ5M,渌渚镇,6.5
2025-06-18T09:05:00,7011AJ7R,山溪叶家,50.21
2025-06-18T09:05:00,7011AJ8R,山溪幕下,65.61
2025-06-18T09:05:00,7011AJ9R,山溪前桐,194.21
2025-06-18T09:05:00,7011AM2G,富春江水库严陵坞,23.04
2025-06-18T09:10:00,70101500,富春江电站(坝上),22.98
2025-06-18T09:10:00,70101501,富春江坝下,5.71
2025-06-18T09:10:00,70101800,窄溪,4.88
2025-06-18T09:10:00,70102300,闸口,5.11
2025-06-18T09:10:00,7010AJ33,渌渚,4.95
2025-06-18T09:10:00,7011AJ4M,新桐乡,4.88
2025-06-18T09:10:00,7011AJ5M,渌渚镇,6.5
2025-06-18T09:10:00,7011AJ7R,山溪叶家,50.21
2025-06-18T09:10:00,7011AJ8R,山溪幕下,65.61
2025-06-18T09:10:00,7011AJ9R,山溪前桐,194.21
2025-06-18T09:10:00,7011AM2G,富春江水库严陵坞,23.04
2025-06-18T09:15:00,70101500,富春江电站(坝上),22.95
2025-06-18T09:15:00,70101501,富春江坝下,5.7
2025-06-18T09:15:00,70101800,窄溪,4.86
2025-06-18T09:15:00,70102300,闸口,5.1
2025-06-18T09:15:00,7010AJ33,渌渚,4.93
2025-06-18T09:15:00,7011AJ4M,新桐乡,4.87
2025-06-18T09:15:00,7011AJ5M,渌渚镇,6.5
2025-06-18T09:15:00,7011AJ7R,山溪叶家,50.21
2025-06-18T09:15:00,7011AJ8R,山溪幕下,65.61
2025-06-18T09:15:00,7011AJ9R,山溪前桐,194.21
2025-06-18T09:15:00,7011AM2G,富春江水库严陵坞,23.03
2025-06-18T09:20:00,70101500,富春江电站(坝上),22.96
2025-06-18T09:20:00,70101501,富春江坝下,5.68
2025-06-18T09:20:00,70101800,窄溪,4.85
2025-06-18T09:20:00,70102300,闸口,5.08
2025-06-18T09:20:00,7010AJ33,渌渚,4.91
2025-06-18T09:20:00,7011AJ4M,新桐乡,4.87
2025-06-18T09:20:00,7011AJ5M,渌渚镇,6.5
2025-06-18T09:20:00,7011AJ7R,山溪叶家,50.2
2025-06-18T09:20:00,7011AJ8R,山溪幕下,65.61
2025-06-18T09:20:00,7011AJ9R,山溪前桐,194.21
2025-06-18T09:20:00,7011AM2G,富春江水库严陵坞,23.03
2025-06-18T09:25:00,70101500,富春江电站(坝上),22.95
2025-06-18T09:25:00,70101501,富春江坝下,5.68
2025-06-18T09:25:00,70101800,窄溪,4.84
2025-06-18T09:25:00,70102300,闸口,5.07
2025-06-18T09:25:00,7010AJ33,渌渚,4.89
2025-06-18T09:25:00,7011AJ4M,新桐乡,4.88
2025-06-18T09:25:00,7011AJ5M,渌渚镇,6.48
2025-06-18T09:25:00,7011AJ7R,山溪叶家,50.21
2025-06-18T09:25:00,7011AJ8R,山溪幕下,65.61
2025-06-18T09:25:00,7011AJ9R,山溪前桐,194.21
2025-06-18T09:25:00,7011AM2G,富春江水库严陵坞,23.01
2025-06-18T09:30:00,70101500,富春江电站(坝上),22.94
2025-06-18T09:30:00,70101501,富春江坝下,5.66
2025-06-18T09:30:00,70101800,窄溪,4.89
2025-06-18T09:30:00,70102300,闸口,5.04
2025-06-18T09:30:00,7010AJ33,渌渚,4.88
2025-06-18T09:30:00,7011AJ4M,新桐乡,4.91
2025-06-18T09:30:00,7011AJ5M,渌渚镇,6.48
2025-06-18T09:30:00,7011AJ7R,山溪叶家,50.21
2025-06-18T09:30:00,7011AJ8R,山溪幕下,65.61
2025-06-18T09:30:00,7011AJ9R,山溪前桐,194.21
2025-06-18T09:30:00,7011AM2G,富春江水库严陵坞,23.01
2025-06-18T09:35:00,70101500,富春江电站(坝上),22.95
2025-06-18T09:35:00,70101501,富春江坝下,5.66
2025-06-18T09:35:00,70101800,窄溪,4.92
2025-06-18T09:35:00,70102300,闸口,5.04
2025-06-18T09:35:00,7010AJ33,渌渚,4.86
2025-06-18T09:35:00,7011AJ4M,新桐乡,4.92
2025-06-18T09:35:00,7011AJ5M,渌渚镇,6.47
2025-06-18T09:35:00,7011AJ7R,山溪叶家,50.21
2025-06-18T09:35:00,7011AJ8R,山溪幕下,65.61
2025-06-18T09:35:00,7011AJ9R,山溪前桐,194.22
2025-06-18T09:35:00,7011AM2G,富春江水库严陵坞,23.02
2025-06-18T09:40:00,70101500,富春江电站(坝上),22.96
2025-06-18T09:40:00,70101501,富春江坝下,5.66
2025-06-18T09:40:00,70101800,窄溪,4.93
2025-06-18T09:40:00,70102300,闸口,5.03
2025-06-18T09:40:00,7010AJ33,渌渚,4.84
2025-06-18T09:40:00,7011AJ4M,新桐乡,4.92
2025-06-18T09:40:00,7011AJ5M,渌渚镇,6.49
2025-06-18T09:40:00,7011AJ7R,山溪叶家,50.21
2025-06-18T09:40:00,7011AJ8R,山溪幕下,65.6
2025-06-18T09:40:00,7011AJ9R,山溪前桐,194.21
2025-06-18T09:40:00,7011AM2G,富春江水库严陵坞,23.03
2025-06-18T09:45:00,70101500,富春江电站(坝上),23.0
2025-06-18T09:45:00,70101501,富春江坝下,5.65
2025-06-18T09:45:00,70101800,窄溪,4.96
2025-06-18T09:45:00,70102300,闸口,5.01
2025-06-18T09:45:00,7010AJ33,渌渚,4.84
2025-06-18T09:45:00,7011AJ4M,新桐乡,4.94
2025-06-18T09:45:00,7011AJ5M,渌渚镇,6.47
2025-06-18T09:45:00,7011AJ7R,山溪叶家,50.2
2025-06-18T09:45:00,7011AJ8R,山溪幕下,65.61
2025-06-18T09:45:00,7011AJ9R,山溪前桐,194.21
2025-06-18T09:45:00,7011AM2G,富春江水库严陵坞,23.05
2025-06-18T09:50:00,70101500,富春江电站(坝上),23.01
2025-06-18T09:50:00,70101501,富春江坝下,5.64
2025-06-18T09:50:00,70101800,窄溪,4.98
2025-06-18T09:50:00,70102300,闸口,5.03
2025-06-18T09:50:00,7010AJ33,渌渚,4.89
2025-06-18T09:50:00,7011AJ4M,新桐乡,5.01
2025-06-18T09:50:00,7011AJ5M,渌渚镇,6.47
2025-06-18T09:50:00,7011AJ7R,山溪叶家,50.2
2025-06-18T09:50:00,7011AJ8R,山溪幕下,65.61
2025-06-18T09:50:00,7011AJ9R,山溪前桐,194.21
2025-06-18T09:50:00,7011AM2G,富春江水库严陵坞,23.07
2025-06-18T09:55:00,70101500,富春江电站(坝上),23.02
2025-06-18T09:55:00,70101501,富春江坝下,5.63
2025-06-18T09:55:00,70101800,窄溪,4.99
2025-06-18T09:55:00,70102300,闸口,5.01
2025-06-18T09:55:00,7010AJ33,渌渚,4.93
2025-06-18T09:55:00,7011AJ4M,新桐乡,5.02
2025-06-18T09:55:00,7011AJ5M,渌渚镇,6.47
2025-06-18T09:55:00,7011AJ7R,山溪叶家,50.2
2025-06-18T09:55:00,7011AJ8R,山溪幕下,65.6
2025-06-18T09:55:00,7011AJ9R,山溪前桐,194.21
2025-06-18T09:55:00,7011AM2G,富春江水库严陵坞,23.08
2025-06-18T10:00:00,70101500,富春江电站(坝上),23.02
2025-06-18T10:00:00,70101501,富春江坝下,5.62
2025-06-18T10:00:00,70101800,窄溪,5.0
2025-06-18T10:00:00,70102300,闸口,5.0
2025-06-18T10:00:00,7010AJ33,渌渚,4.97
2025-06-18T10:00:00,7011AJ4M,新桐乡,5.06
2025-06-18T10:00:00,7011AJ5M,渌渚镇,6.45
2025-06-18T10:00:00,7011AJ7R,山溪叶家,50.21
2025-06-18T10:00:00,7011AJ8R,山溪幕下,65.61
2025-06-18T10:00:00,7011AJ9R,山溪前桐,194.21
2025-06-18T10:00:00,7011AM2G,富春江水库严陵坞,23.08
2025-06-18T10:05:00,70101500,富春江电站(坝上),23.03
2025-06-18T10:05:00,70101501,富春江坝下,5.62
2025-06-18T10:05:00,70101800,窄溪,5.02
2025-06-18T10:05:00,70102300,闸口,5.0
2025-06-18T10:05:00,7010AJ33,渌渚,4.99
2025-06-18T10:05:00,7011AJ4M,新桐乡,5.06
2025-06-18T10:05:00,7011AJ5M,渌渚镇,6.46
2025-06-18T10:05:00,7011AJ7R,山溪叶家,50.21
2025-06-18T10:05:00,7011AJ8R,山溪幕下,65.6
2025-06-18T10:05:00,7011AJ9R,山溪前桐,194.21
2025-06-18T10:05:00,7011AM2G,富春江水库严陵坞,23.09
2025-06-18T10:10:00,70101500,富春江电站(坝上),23.05
2025-06-18T10:10:00,70101501,富春江坝下,5.62
2025-06-18T10:10:00,70101800,窄溪,5.03
2025-06-18T10:10:00,70102300,闸口,5.0
2025-06-18T10:10:00,7010AJ33,渌渚,5.03
2025-06-18T10:10:00,7011AJ4M,新桐乡,5.06
2025-06-18T10:10:00,7011AJ5M,渌渚镇,6.46
2025-06-18T10:10:00,7011AJ7R,山溪叶家,50.21
2025-06-18T10:10:00,7011AJ8R,山溪幕下,65.61
2025-06-18T10:10:00,7011AJ9R,山溪前桐,194.21
2025-06-18T10:10:00,7011AM2G,富春江水库严陵坞,23.1
2025-06-18T10:15:00,70101500,富春江电站(坝上),23.06
2025-06-18T10:15:00,70101501,富春江坝下,5.59
2025-06-18T10:15:00,70101800,窄溪,5.04
2025-06-18T10:15:00,70102300,闸口,4.99
2025-06-18T10:15:00,7010AJ33,渌渚,5.07
2025-06-18T10:15:00,7011AJ4M,新桐乡,5.05
2025-06-18T10:15:00,7011AJ5M,渌渚镇,6.45
2025-06-18T10:15:00,7011AJ7R,山溪叶家,50.19
2025-06-18T10:15:00,7011AJ8R,山溪幕下,65.61
2025-06-18T10:15:00,7011AJ9R,山溪前桐,194.21
2025-06-18T10:15:00,7011AM2G,富春江水库严陵坞,23.11
2025-06-18T10:20:00,70101500,富春江电站(坝上),23.06
2025-06-18T10:20:00,70101501,富春江坝下,5.61
2025-06-18T10:20:00,70101800,窄溪,5.04
2025-06-18T10:20:00,70102300,闸口,4.98
2025-06-18T10:20:00,7010AJ33,渌渚,5.09
2025-06-18T10:20:00,7011AJ4M,新桐乡,5.07
2025-06-18T10:20:00,7011AJ5M,渌渚镇,6.45
2025-06-18T10:20:00,7011AJ7R,山溪叶家,50.2
2025-06-18T10:20:00,7011AJ8R,山溪幕下,65.61
2025-06-18T10:20:00,7011AJ9R,山溪前桐,194.21
2025-06-18T10:20:00,7011AM2G,富春江水库严陵坞,23.12
2025-06-18T10:25:00,70101500,富春江电站(坝上),23.07
2025-06-18T10:25:00,70101501,富春江坝下,5.59
2025-06-18T10:25:00,70101800,窄溪,5.05
2025-06-18T10:25:00,70102300,闸口,4.97
2025-06-18T10:25:00,7010AJ33,渌渚,5.13
2025-06-18T10:25:00,7011AJ4M,新桐乡,5.07
2025-06-18T10:25:00,7011AJ5M,渌渚镇,6.44
2025-06-18T10:25:00,7011AJ7R,山溪叶家,50.2
2025-06-18T10:25:00,7011AJ8R,山溪幕下,65.6
2025-06-18T10:25:00,7011AJ9R,山溪前桐,194.21
2025-06-18T10:25:00,7011AM2G,富春江水库严陵坞,23.13
2025-06-18T10:30:00,70101500,富春江电站(坝上),23.07
2025-06-18T10:30:00,70101501,富春江坝下,5.6
2025-06-18T10:30:00,70101800,窄溪,5.05
2025-06-18T10:30:00,70102300,闸口,4.97
2025-06-18T10:30:00,7010AJ33,渌渚,5.16
2025-06-18T10:30:00,7011AJ4M,新桐乡,5.07
2025-06-18T10:30:00,7011AJ5M,渌渚镇,6.44
2025-06-18T10:30:00,7011AJ7R,山溪叶家,50.19
2025-06-18T10:30:00,7011AJ8R,山溪幕下,65.6
2025-06-18T10:30:00,7011AJ9R,山溪前桐,194.21
2025-06-18T10:30:00,7011AM2G,富春江水库严陵坞,23.13
2025-06-18T10:35:00,70101500,富春江电站(坝上),23.07
2025-06-18T10:35:00,70101501,富春江坝下,5.6
2025-06-18T10:35:00,70101800,窄溪,5.05
2025-06-18T10:35:00,70102300,闸口,4.96
2025-06-18T10:35:00,7010AJ33,渌渚,5.16
2025-06-18T10:35:00,7011AJ4M,新桐乡,5.07
2025-06-18T10:35:00,7011AJ5M,渌渚镇,6.44
2025-06-18T10:35:00,7011AJ7R,山溪叶家,50.19
2025-06-18T10:35:00,7011AJ8R,山溪幕下,65.61
2025-06-18T10:35:00,7011AJ9R,山溪前桐,194.21
2025-06-18T10:35:00,7011AM2G,富春江水库严陵坞,23.12
2025-06-18T10:40:00,70101500,富春江电站(坝上),23.05
2025-06-18T10:40:00,70101501,富春江坝下,5.62
2025-06-18T10:40:00,70101800,窄溪,5.06
2025-06-18T10:40:00,70102300,闸口,4.95
2025-06-18T10:40:00,7010AJ33,渌渚,5.18
2025-06-18T10:40:00,7011AJ4M,新桐乡,5.07
2025-06-18T10:40:00,7011AJ5M,渌渚镇,6.44
2025-06-18T10:40:00,7011AJ7R,山溪叶家,50.2
2025-06-18T10:40:00,7011AJ8R,山溪幕下,65.6
2025-06-18T10:40:00,7011AJ9R,山溪前桐,194.21
2025-06-18T10:40:00,7011AM2G,富春江水库严陵坞,23.12
2025-06-18T10:45:00,70101500,富春江电站(坝上),23.04
2025-06-18T10:45:00,70101501,富春江坝下,5.62
2025-06-18T10:45:00,70101800,窄溪,5.05
2025-06-18T10:45:00,70102300,闸口,4.93
2025-06-18T10:45:00,7010AJ33,渌渚,5.18
2025-06-18T10:45:00,7011AJ4M,新桐乡,5.07
2025-06-18T10:45:00,7011AJ5M,渌渚镇,6.44
2025-06-18T10:45:00,7011AJ7R,山溪叶家,50.19
2025-06-18T10:45:00,7011AJ8R,山溪幕下,65.6
2025-06-18T10:45:00,7011AJ9R,山溪前桐,194.21
2025-06-18T10:45:00,7011AM2G,富春江水库严陵坞,23.12
2025-06-18T10:50:00,70101500,富春江电站(坝上),23.06
2025-06-18T10:50:00,70101501,富春江坝下,5.64
2025-06-18T10:50:00,70101800,窄溪,5.04
2025-06-18T10:50:00,70102300,闸口,4.91
2025-06-18T10:50:00,7010AJ33,渌渚,5.14
2025-06-18T10:50:00,7011AJ4M,新桐乡,5.07
2025-06-18T10:50:00,7011AJ5M,渌渚镇,6.43
2025-06-18T10:50:00,7011AJ7R,山溪叶家,50.2
2025-06-18T10:50:00,7011AJ8R,山溪幕下,65.61
2025-06-18T10:50:00,7011AJ9R,山溪前桐,194.21
2025-06-18T10:50:00,7011AM2G,富春江水库严陵坞,23.12
2025-06-18T10:55:00,70101500,富春江电站(坝上),23.07
2025-06-18T10:55:00,70101501,富春江坝下,5.64
2025-06-18T10:55:00,70101800,窄溪,5.04
2025-06-18T10:55:00,70102300,闸口,4.9
2025-06-18T10:55:00,7010AJ33,渌渚,5.14
2025-06-18T10:55:00,7011AJ4M,新桐乡,5.06
2025-06-18T10:55:00,7011AJ5M,渌渚镇,6.44
2025-06-18T10:55:00,7011AJ7R,山溪叶家,50.2
2025-06-18T10:55:00,7011AJ8R,山溪幕下,65.6
2025-06-18T10:55:00,7011AJ9R,山溪前桐,194.21
2025-06-18T10:55:00,7011AM2G,富春江水库严陵坞,23.12
2025-06-18T11:00:00,70101500,富春江电站(坝上),23.06
2025-06-18T11:00:00,70101501,富春江坝下,5.65
2025-06-18T11:00:00,70101800,窄溪,5.05
2025-06-18T11:00:00,70102300,闸口,4.88
2025-06-18T11:00:00,7010AJ33,渌渚,5.11
2025-06-18T11:00:00,7011AJ4M,新桐乡,5.06
2025-06-18T11:00:00,7011AJ5M,渌渚镇,6.45
2025-06-18T11:00:00,7011AJ7R,山溪叶家,50.2
2025-06-18T11:00:00,7011AJ8R,山溪幕下,65.6
2025-06-18T11:00:00,7011AJ9R,山溪前桐,194.21
2025-06-18T11:00:00,7011AM2G,富春江水库严陵坞,23.12
2025-06-18T11:05:00,70101500,富春江电站(坝上),23.06
2025-06-18T11:05:00,70101501,富春江坝下,5.67
2025-06-18T11:05:00,70101800,窄溪,5.05
2025-06-18T11:05:00,70102300,闸口,4.87
2025-06-18T11:05:00,7010AJ33,渌渚,5.09
2025-06-18T11:05:00,7011AJ4M,新桐乡,5.05
2025-06-18T11:05:00,7011AJ5M,渌渚镇,6.43
2025-06-18T11:05:00,7011AJ7R,山溪叶家,50.2
2025-06-18T11:05:00,7011AJ8R,山溪幕下,65.6
2025-06-18T11:05:00,7011AJ9R,山溪前桐,194.21
2025-06-18T11:05:00,7011AM2G,富春江水库严陵坞,23.13
2025-06-18T11:10:00,70101500,富春江电站(坝上),23.06
2025-06-18T11:10:00,70101501,富春江坝下,5.67
2025-06-18T11:10:00,70101800,窄溪,5.05
2025-06-18T11:10:00,70102300,闸口,4.86
2025-06-18T11:10:00,7010AJ33,渌渚,5.07
2025-06-18T11:10:00,7011AJ4M,新桐乡,5.03
2025-06-18T11:10:00,7011AJ5M,渌渚镇,6.44
2025-06-18T11:10:00,7011AJ7R,山溪叶家,50.21
2025-06-18T11:10:00,7011AJ8R,山溪幕下,65.61
2025-06-18T11:10:00,7011AJ9R,山溪前桐,194.2
2025-06-18T11:10:00,7011AM2G,富春江水库严陵坞,23.12
2025-06-18T11:15:00,70101500,富春江电站(坝上),23.06
2025-06-18T11:15:00,70101501,富春江坝下,5.67
2025-06-18T11:15:00,70101800,窄溪,5.05
2025-06-18T11:15:00,70102300,闸口,4.87
2025-06-18T11:15:00,7010AJ33,渌渚,5.05
2025-06-18T11:15:00,7011AJ4M,新桐乡,5.03
2025-06-18T11:15:00,7011AJ5M,渌渚镇,6.42
2025-06-18T11:15:00,7011AJ7R,山溪叶家,50.21
2025-06-18T11:15:00,7011AJ8R,山溪幕下,65.6
2025-06-18T11:15:00,7011AJ9R,山溪前桐,194.2
2025-06-18T11:15:00,7011AM2G,富春江水库严陵坞,23.13
2025-06-18T11:20:00,70101500,富春江电站(坝上),23.07
2025-06-18T11:20:00,70101501,富春江坝下,5.68
2025-06-18T11:20:00,70101800,窄溪,5.05
2025-06-18T11:20:00,70102300,闸口,4.85
2025-06-18T11:20:00,7010AJ33,渌渚,5.05
2025-06-18T11:20:00,7011AJ4M,新桐乡,5.04
2025-06-18T11:20:00,7011AJ5M,渌渚镇,6.42
2025-06-18T11:20:00,7011AJ7R,山溪叶家,50.21
2025-06-18T11:20:00,7011AJ8R,山溪幕下,65.6
2025-06-18T11:20:00,7011AJ9R,山溪前桐,194.21
2025-06-18T11:20:00,7011AM2G,富春江水库严陵坞,23.13
2025-06-18T11:25:00,70101500,富春江电站(坝上),23.08
2025-06-18T11:25:00,70101501,富春江坝下,5.74
2025-06-18T11:25:00,70101800,窄溪,5.05
2025-06-18T11:25:00,70102300,闸口,4.86
2025-06-18T11:25:00,7010AJ33,渌渚,5.03
2025-06-18T11:25:00,7011AJ4M,新桐乡,5.04
2025-06-18T11:25:00,7011AJ5M,渌渚镇,6.41
2025-06-18T11:25:00,7011AJ7R,山溪叶家,50.21
2025-06-18T11:25:00,7011AJ8R,山溪幕下,65.6
2025-06-18T11:25:00,7011AJ9R,山溪前桐,194.21
2025-06-18T11:25:00,7011AM2G,富春江水库严陵坞,23.14
2025-06-18T11:30:00,70101500,富春江电站(坝上),23.09
2025-06-18T11:30:00,70101501,富春江坝下,5.76
2025-06-18T11:30:00,70101800,窄溪,5.05
2025-06-18T11:30:00,70102300,闸口,4.85
2025-06-18T11:30:00,7010AJ33,渌渚,5.03
2025-06-18T11:30:00,7011AJ4M,新桐乡,5.04
2025-06-18T11:30:00,7011AJ5M,渌渚镇,6.42
2025-06-18T11:30:00,7011AJ7R,山溪叶家,50.21
2025-06-18T11:30:00,7011AJ8R,山溪幕下,65.6
2025-06-18T11:30:00,7011AJ9R,山溪前桐,194.2
2025-06-18T11:30:00,7011AM2G,富春江水库严陵坞,23.14
2025-06-18T11:35:00,70101500,富春江电站(坝上),23.09
2025-06-18T11:35:00,70101501,富春江坝下,5.77
2025-06-18T11:35:00,70101800,窄溪,5.05
2025-06-18T11:35:00,70102300,闸口,4.85
2025-06-18T11:35:00,7010AJ33,渌渚,5.05
2025-06-18T11:35:00,7011AJ4M,新桐乡,5.03
2025-06-18T11:35:00,7011AJ5M,渌渚镇,6.43
2025-06-18T11:35:00,7011AJ7R,山溪叶家,50.21
2025-06-18T11:35:00,7011AJ8R,山溪幕下,65.61
2025-06-18T11:35:00,7011AJ9R,山溪前桐,194.21
2025-06-18T11:35:00,7011AM2G,富春江水库严陵坞,23.15
2025-06-18T11:40:00,70101500,富春江电站(坝上),23.11
2025-06-18T11:40:00,70101501,富春江坝下,5.73
2025-06-18T11:40:00,70101800,窄溪,5.04
2025-06-18T11:40:00,70102300,闸口,4.84
2025-06-18T11:40:00,7010AJ33,渌渚,5.05
2025-06-18T11:40:00,7011AJ4M,新桐乡,5.03
2025-06-18T11:40:00,7011AJ5M,渌渚镇,6.43
2025-06-18T11:40:00,7011AJ7R,山溪叶家,50.2
2025-06-18T11:40:00,7011AJ8R,山溪幕下,65.6
2025-06-18T11:40:00,7011AJ9R,山溪前桐,194.21
2025-06-18T11:40:00,7011AM2G,富春江水库严陵坞,23.17
2025-06-18T11:45:00,70101500,富春江电站(坝上),23.12
2025-06-18T11:45:00,70101501,富春江坝下,5.72
2025-06-18T11:45:00,70101800,窄溪,5.04
2025-06-18T11:45:00,70102300,闸口,4.84
2025-06-18T11:45:00,7010AJ33,渌渚,5.05
2025-06-18T11:45:00,7011AJ4M,新桐乡,5.0
2025-06-18T11:45:00,7011AJ5M,渌渚镇,6.42
2025-06-18T11:45:00,7011AJ7R,山溪叶家,50.2
2025-06-18T11:45:00,7011AJ8R,山溪幕下,65.61
2025-06-18T11:45:00,7011AJ9R,山溪前桐,194.21
2025-06-18T11:45:00,7011AM2G,富春江水库严陵坞,23.17
2025-06-18T11:50:00,70101500,富春江电站(坝上),23.12
2025-06-18T11:50:00,70101501,富春江坝下,5.72
2025-06-18T11:50:00,70101800,窄溪,5.03
2025-06-18T11:50:00,70102300,闸口,4.83
2025-06-18T11:50:00,7010AJ33,渌渚,5.05
2025-06-18T11:50:00,7011AJ4M,新桐乡,4.99
2025-06-18T11:50:00,7011AJ5M,渌渚镇,6.42
2025-06-18T11:50:00,7011AJ7R,山溪叶家,50.2
2025-06-18T11:50:00,7011AJ8R,山溪幕下,65.6
2025-06-18T11:50:00,7011AJ9R,山溪前桐,194.21
2025-06-18T11:50:00,7011AM2G,富春江水库严陵坞,23.17
2025-06-18T11:55:00,70101500,富春江电站(坝上),23.12
2025-06-18T11:55:00,70101501,富春江坝下,5.72
2025-06-18T11:55:00,70101800,窄溪,5.02
2025-06-18T11:55:00,70102300,闸口,4.82
2025-06-18T11:55:00,7010AJ33,渌渚,5.07
2025-06-18T11:55:00,7011AJ4M,新桐乡,5.01
2025-06-18T11:55:00,7011AJ5M,渌渚镇,6.43
2025-06-18T11:55:00,7011AJ7R,山溪叶家,50.2
2025-06-18T11:55:00,7011AJ8R,山溪幕下,65.61
2025-06-18T11:55:00,7011AJ9R,山溪前桐,194.21
2025-06-18T11:55:00,7011AM2G,富春江水库严陵坞,23.18
2025-06-18T12:00:00,70101500,富春江电站(坝上),23.13
2025-06-18T12:00:00,70101501,富春江坝下,5.71
2025-06-18T12:00:00,70101800,窄溪,5.02
2025-06-18T12:00:00,70102300,闸口,4.81
2025-06-18T12:00:00,7010AJ33,渌渚,5.07
2025-06-18T12:00:00,7011AJ4M,新桐乡,5.01
2025-06-18T12:00:00,7011AJ5M,渌渚镇,6.42
2025-06-18T12:00:00,7011AJ7R,山溪叶家,50.2
2025-06-18T12:00:00,7011AJ8R,山溪幕下,65.6
2025-06-18T12:00:00,7011AJ9R,山溪前桐,194.21
2025-06-18T12:00:00,7011AM2G,富春江水库严陵坞,23.19
2025-06-18T12:05:00,70101500,富春江电站(坝上),23.15
2025-06-18T12:05:00,70101501,富春江坝下,5.71
2025-06-18T12:05:00,70101800,窄溪,5.01
2025-06-18T12:05:00,70102300,闸口,4.8
2025-06-18T12:05:00,7010AJ33,渌渚,5.07
2025-06-18T12:05:00,7011AJ4M,新桐乡,5.01
2025-06-18T12:05:00,7011AJ5M,渌渚镇,6.41
2025-06-18T12:05:00,7011AJ7R,山溪叶家,50.2
2025-06-18T12:05:00,7011AJ8R,山溪幕下,65.6
2025-06-18T12:05:00,7011AJ9R,山溪前桐,194.2
2025-06-18T12:05:00,7011AM2G,富春江水库严陵坞,23.21
2025-06-18T12:10:00,70101500,富春江电站(坝上),23.15
2025-06-18T12:10:00,70101501,富春江坝下,5.7
2025-06-18T12:10:00,70101800,窄溪,5.02
2025-06-18T12:10:00,70102300,闸口,4.8
2025-06-18T12:10:00,7010AJ33,渌渚,5.07
2025-06-18T12:10:00,7011AJ4M,新桐乡,5.01
2025-06-18T12:10:00,7011AJ5M,渌渚镇,6.43
2025-06-18T12:10:00,7011AJ7R,山溪叶家,50.2
2025-06-18T12:10:00,7011AJ8R,山溪幕下,65.6
2025-06-18T12:10:00,7011AJ9R,山溪前桐,194.21
2025-06-18T12:10:00,7011AM2G,富春江水库严陵坞,23.22
2025-06-18T12:15:00,70101500,富春江电站(坝上),23.16
2025-06-18T12:15:00,70101501,富春江坝下,5.69
2025-06-18T12:15:00,70101800,窄溪,5.01
2025-06-18T12:15:00,70102300,闸口,4.79
2025-06-18T12:15:00,7010AJ33,渌渚,5.05
2025-06-18T12:15:00,7011AJ4M,新桐乡,5.0
2025-06-18T12:15:00,7011AJ5M,渌渚镇,6.41
2025-06-18T12:15:00,7011AJ7R,山溪叶家,50.2
2025-06-18T12:15:00,7011AJ8R,山溪幕下,65.6
2025-06-18T12:15:00,7011AJ9R,山溪前桐,194.21
2025-06-18T12:15:00,7011AM2G,富春江水库严陵坞,23.22
2025-06-18T12:20:00,70101500,富春江电站(坝上),23.17
2025-06-18T12:20:00,70101501,富春江坝下,5.68
2025-06-18T12:20:00,70101800,窄溪,5.0
2025-06-18T12:20:00,70102300,闸口,4.78
2025-06-18T12:20:00,7010AJ33,渌渚,5.05
2025-06-18T12:20:00,7011AJ4M,新桐乡,5.0
2025-06-18T12:20:00,7011AJ5M,渌渚镇,6.41
2025-06-18T12:20:00,7011AJ7R,山溪叶家,50.19
2025-06-18T12:20:00,7011AJ8R,山溪幕下,65.61
2025-06-18T12:20:00,7011AJ9R,山溪前桐,194.21
2025-06-18T12:20:00,7011AM2G,富春江水库严陵坞,23.23
2025-06-18T12:25:00,70101500,富春江电站(坝上),23.17
2025-06-18T12:25:00,70101501,富春江坝下,5.69
2025-06-18T12:25:00,70101800,窄溪,5.0
2025-06-18T12:25:00,70102300,闸口,4.77
2025-06-18T12:25:00,7010AJ33,渌渚,5.05
2025-06-18T12:25:00,7011AJ4M,新桐乡,4.99
2025-06-18T12:25:00,7011AJ5M,渌渚镇,6.42
2025-06-18T12:25:00,7011AJ7R,山溪叶家,50.2
2025-06-18T12:25:00,7011AJ8R,山溪幕下,65.6
2025-06-18T12:25:00,7011AJ9R,山溪前桐,194.21
2025-06-18T12:25:00,7011AM2G,富春江水库严陵坞,23.24
2025-06-18T12:30:00,70101500,富春江电站(坝上),23.18
2025-06-18T12:30:00,70101501,富春江坝下,5.68
2025-06-18T12:30:00,70101800,窄溪,4.98
2025-06-18T12:30:00,70102300,闸口,4.76
2025-06-18T12:30:00,7010AJ33,渌渚,5.05
2025-06-18T12:30:00,7011AJ4M,新桐乡,4.99
2025-06-18T12:30:00,7011AJ5M,渌渚镇,6.42
2025-06-18T12:30:00,7011AJ7R,山溪叶家,50.2
2025-06-18T12:30:00,7011AJ8R,山溪幕下,65.6
2025-06-18T12:30:00,7011AJ9R,山溪前桐,194.21
2025-06-18T12:30:00,7011AM2G,富春江水库严陵坞,23.24
2025-06-18T12:35:00,70101500,富春江电站(坝上),23.11
2025-06-18T12:35:00,70101501,富春江坝下,5.74
2025-06-18T12:35:00,70101800,窄溪,4.97
2025-06-18T12:35:00,70102300,闸口,4.75
2025-06-18T12:35:00,7010AJ33,渌渚,5.03
2025-06-18T12:35:00,7011AJ4M,新桐乡,4.98
2025-06-18T12:35:00,7011AJ5M,渌渚镇,6.42
2025-06-18T12:35:00,7011AJ7R,山溪叶家,50.2
2025-06-18T12:35:00,7011AJ8R,山溪幕下,65.6
2025-06-18T12:35:00,7011AJ9R,山溪前桐,194.21
2025-06-18T12:35:00,7011AM2G,富春江水库严陵坞,23.24
2025-06-18T12:40:00,70101500,富春江电站(坝上),23.1
2025-06-18T12:40:00,70101501,富春江坝下,5.87
2025-06-18T12:40:00,70101800,窄溪,4.96
2025-06-18T12:40:00,70102300,闸口,4.75
2025-06-18T12:40:00,7010AJ33,渌渚,5.01
2025-06-18T12:40:00,7011AJ4M,新桐乡,4.97
2025-06-18T12:40:00,7011AJ5M,渌渚镇,6.42
2025-06-18T12:40:00,7011AJ7R,山溪叶家,50.19
2025-06-18T12:40:00,7011AJ8R,山溪幕下,65.6
2025-06-18T12:40:00,7011AJ9R,山溪前桐,194.21
2025-06-18T12:40:00,7011AM2G,富春江水库严陵坞,23.2
2025-06-18T12:45:00,70101500,富春江电站(坝上),23.11
2025-06-18T12:45:00,70101501,富春江坝下,5.96
2025-06-18T12:45:00,70101800,窄溪,4.95
2025-06-18T12:45:00,70102300,闸口,4.74
2025-06-18T12:45:00,7010AJ33,渌渚,4.99
2025-06-18T12:45:00,7011AJ4M,新桐乡,4.97
2025-06-18T12:45:00,7011AJ5M,渌渚镇,6.42
2025-06-18T12:45:00,7011AJ7R,山溪叶家,50.2
2025-06-18T12:45:00,7011AJ8R,山溪幕下,65.6
2025-06-18T12:45:00,7011AJ9R,山溪前桐,194.2
2025-06-18T12:45:00,7011AM2G,富春江水库严陵坞,23.17
2025-06-18T12:50:00,70101500,富春江电站(坝上),23.09
2025-06-18T12:50:00,70101501,富春江坝下,5.99
2025-06-18T12:50:00,70101800,窄溪,4.95
2025-06-18T12:50:00,70102300,闸口,4.73
2025-06-18T12:50:00,7010AJ33,渌渚,4.99
2025-06-18T12:50:00,7011AJ4M,新桐乡,4.96
2025-06-18T12:50:00,7011AJ5M,渌渚镇,6.43
2025-06-18T12:50:00,7011AJ7R,山溪叶家,50.2
2025-06-18T12:50:00,7011AJ8R,山溪幕下,65.6
2025-06-18T12:50:00,7011AJ9R,山溪前桐,194.21
2025-06-18T12:50:00,7011AM2G,富春江水库严陵坞,23.16
2025-06-18T12:55:00,70101500,富春江电站(坝上),23.08
2025-06-18T12:55:00,70101501,富春江坝下,6.01
2025-06-18T12:55:00,70101800,窄溪,4.94
2025-06-18T12:55:00,70102300,闸口,4.73
2025-06-18T12:55:00,7010AJ33,渌渚,4.97
2025-06-18T12:55:00,7011AJ4M,新桐乡,4.95
2025-06-18T12:55:00,7011AJ5M,渌渚镇,6.42
2025-06-18T12:55:00,7011AJ7R,山溪叶家,50.19
2025-06-18T12:55:00,7011AJ8R,山溪幕下,65.6
2025-06-18T12:55:00,7011AJ9R,山溪前桐,194.21
2025-06-18T12:55:00,7011AM2G,富春江水库严陵坞,23.15
2025-06-18T13:00:00,70101500,富春江电站(坝上),23.09
2025-06-18T13:00:00,70101501,富春江坝下,6.05
2025-06-18T13:00:00,70101800,窄溪,4.93
2025-06-18T13:00:00,70102300,闸口,4.72
2025-06-18T13:00:00,7010AJ33,渌渚,4.95
2025-06-18T13:00:00,7011AJ4M,新桐乡,4.95
2025-06-18T13:00:00,7011AJ5M,渌渚镇,6.43
2025-06-18T13:00:00,7011AJ7R,山溪叶家,50.19
2025-06-18T13:00:00,7011AJ8R,山溪幕下,65.6
2025-06-18T13:00:00,7011AJ9R,山溪前桐,194.21
2025-06-18T13:00:00,7011AM2G,富春江水库严陵坞,23.15
2025-06-18T13:05:00,70101500,富春江电站(坝上),23.07
2025-06-18T13:05:00,70101501,富春江坝下,6.05
2025-06-18T13:05:00,70101800,窄溪,4.93
2025-06-18T13:05:00,70102300,闸口,4.71
2025-06-18T13:05:00,7010AJ33,渌渚,4.95
2025-06-18T13:05:00,7011AJ4M,新桐乡,4.95
2025-06-18T13:05:00,7011AJ5M,渌渚镇,6.43
2025-06-18T13:05:00,7011AJ7R,山溪叶家,50.19
2025-06-18T13:05:00,7011AJ8R,山溪幕下,65.6
2025-06-18T13:05:00,7011AJ9R,山溪前桐,194.21
2025-06-18T13:05:00,7011AM2G,富春江水库严陵坞,23.15
2025-06-18T13:10:00,70101500,富春江电站(坝上),23.07
2025-06-18T13:10:00,70101501,富春江坝下,6.07
2025-06-18T13:10:00,70101800,窄溪,4.92
2025-06-18T13:10:00,70102300,闸口,4.71
2025-06-18T13:10:00,7010AJ33,渌渚,4.93
2025-06-18T13:10:00,7011AJ4M,新桐乡,4.95
2025-06-18T13:10:00,7011AJ5M,渌渚镇,6.43
2025-06-18T13:10:00,7011AJ7R,山溪叶家,50.19
2025-06-18T13:10:00,7011AJ8R,山溪幕下,65.6
2025-06-18T13:10:00,7011AJ9R,山溪前桐,194.2
2025-06-18T13:10:00,7011AM2G,富春江水库严陵坞,23.14
2025-06-18T13:15:00,70101500,富春江电站(坝上),23.08
2025-06-18T13:15:00,70101501,富春江坝下,6.1
2025-06-18T13:15:00,70101800,窄溪,4.92
2025-06-18T13:15:00,70102300,闸口,4.71
2025-06-18T13:15:00,7010AJ33,渌渚,4.93
2025-06-18T13:15:00,7011AJ4M,新桐乡,4.94
2025-06-18T13:15:00,7011AJ5M,渌渚镇,6.42
2025-06-18T13:15:00,7011AJ7R,山溪叶家,50.19
2025-06-18T13:15:00,7011AJ8R,山溪幕下,65.6
2025-06-18T13:15:00,7011AJ9R,山溪前桐,194.21
2025-06-18T13:15:00,7011AM2G,富春江水库严陵坞,23.14
2025-06-18T13:20:00,70101500,富春江电站(坝上),23.07
2025-06-18T13:20:00,70101501,富春江坝下,6.09
2025-06-18T13:20:00,70101800,窄溪,4.91
2025-06-18T13:20:00,70102300,闸口,4.7
2025-06-18T13:20:00,7010AJ33,渌渚,4.93
2025-06-18T13:20:00,7011AJ4M,新桐乡,4.93
2025-06-18T13:20:00,7011AJ5M,渌渚镇,6.42
2025-06-18T13:20:00,7011AJ7R,山溪叶家,50.19
2025-06-18T13:20:00,7011AJ8R,山溪幕下,65.6
2025-06-18T13:20:00,7011AJ9R,山溪前桐,194.21
2025-06-18T13:20:00,7011AM2G,富春江水库严陵坞,23.14
2025-06-18T13:25:00,70101500,富春江电站(坝上),23.08
2025-06-18T13:25:00,70101501,富春江坝下,6.1
2025-06-18T13:25:00,70101800,窄溪,4.9
2025-06-18T13:25:00,70102300,闸口,4.7
2025-06-18T13:25:00,7010AJ33,渌渚,4.93
2025-06-18T13:25:00,7011AJ4M,新桐乡,4.93
2025-06-18T13:25:00,7011AJ5M,渌渚镇,6.43
2025-06-18T13:25:00,7011AJ7R,山溪叶家,50.2
2025-06-18T13:25:00,7011AJ8R,山溪幕下,65.6
2025-06-18T13:25:00,7011AJ9R,山溪前桐,194.21
2025-06-18T13:25:00,7011AM2G,富春江水库严陵坞,23.15
2025-06-18T13:30:00,70101500,富春江电站(坝上),23.1
2025-06-18T13:30:00,70101501,富春江坝下,6.1
2025-06-18T13:30:00,70101800,窄溪,4.91
2025-06-18T13:30:00,70102300,闸口,4.69
2025-06-18T13:30:00,7010AJ33,渌渚,4.91
2025-06-18T13:30:00,7011AJ4M,新桐乡,4.91
2025-06-18T13:30:00,7011AJ5M,渌渚镇,6.41
2025-06-18T13:30:00,7011AJ7R,山溪叶家,50.19
2025-06-18T13:30:00,7011AJ8R,山溪幕下,65.6
2025-06-18T13:30:00,7011AJ9R,山溪前桐,194.21
2025-06-18T13:30:00,7011AM2G,富春江水库严陵坞,23.15
2025-06-18T13:35:00,70101500,富春江电站(坝上),23.12
2025-06-18T13:35:00,70101501,富春江坝下,6.09
2025-06-18T13:35:00,70101800,窄溪,4.91
2025-06-18T13:35:00,70102300,闸口,4.69
2025-06-18T13:35:00,7010AJ33,渌渚,4.91
2025-06-18T13:35:00,7011AJ4M,新桐乡,4.91
2025-06-18T13:35:00,7011AJ5M,渌渚镇,6.42
2025-06-18T13:35:00,7011AJ7R,山溪叶家,50.19
2025-06-18T13:35:00,7011AJ8R,山溪幕下,65.6
2025-06-18T13:35:00,7011AJ9R,山溪前桐,194.2
2025-06-18T13:35:00,7011AM2G,富春江水库严陵坞,23.17
2025-06-18T13:40:00,70101500,富春江电站(坝上),23.12
2025-06-18T13:40:00,70101501,富春江坝下,6.08
2025-06-18T13:40:00,70101800,窄溪,4.91
2025-06-18T13:40:00,70102300,闸口,4.68
2025-06-18T13:40:00,7010AJ33,渌渚,4.93
2025-06-18T13:40:00,7011AJ4M,新桐乡,4.91
2025-06-18T13:40:00,7011AJ5M,渌渚镇,6.43
2025-06-18T13:40:00,7011AJ7R,山溪叶家,50.2
2025-06-18T13:40:00,7011AJ8R,山溪幕下,65.6
2025-06-18T13:40:00,7011AJ9R,山溪前桐,194.21
2025-06-18T13:40:00,7011AM2G,富春江水库严陵坞,23.17
2025-06-18T13:45:00,70101500,富春江电站(坝上),23.11
2025-06-18T13:45:00,70101501,富春江坝下,6.11
2025-06-18T13:45:00,70101800,窄溪,4.91
2025-06-18T13:45:00,70102300,闸口,4.68
2025-06-18T13:45:00,7010AJ33,渌渚,4.93
2025-06-18T13:45:00,7011AJ4M,新桐乡,4.89
2025-06-18T13:45:00,7011AJ5M,渌渚镇,6.42
2025-06-18T13:45:00,7011AJ7R,山溪叶家,50.19
2025-06-18T13:45:00,7011AJ8R,山溪幕下,65.6
2025-06-18T13:45:00,7011AJ9R,山溪前桐,194.21
2025-06-18T13:45:00,7011AM2G,富春江水库严陵坞,23.17
2025-06-18T13:50:00,70101500,富春江电站(坝上),23.1
2025-06-18T13:50:00,70101501,富春江坝下,6.11
2025-06-18T13:50:00,70101800,窄溪,4.9
2025-06-18T13:50:00,70102300,闸口,4.67
2025-06-18T13:50:00,7010AJ33,渌渚,4.93
2025-06-18T13:50:00,7011AJ4M,新桐乡,4.89
2025-06-18T13:50:00,7011AJ5M,渌渚镇,6.42
2025-06-18T13:50:00,7011AJ7R,山溪叶家,50.19
2025-06-18T13:50:00,7011AJ8R,山溪幕下,65.6
2025-06-18T13:50:00,7011AJ9R,山溪前桐,194.21
2025-06-18T13:50:00,7011AM2G,富春江水库严陵坞,23.17
2025-06-18T13:55:00,70101500,富春江电站(坝上),23.12
2025-06-18T13:55:00,70101501,富春江坝下,6.11
2025-06-18T13:55:00,70101800,窄溪,4.89
2025-06-18T13:55:00,70102300,闸口,4.67
2025-06-18T13:55:00,7010AJ33,渌渚,4.93
2025-06-18T13:55:00,7011AJ4M,新桐乡,4.89
2025-06-18T13:55:00,7011AJ5M,渌渚镇,6.42
2025-06-18T13:55:00,7011AJ7R,山溪叶家,50.19
2025-06-18T13:55:00,7011AJ8R,山溪幕下,65.6
2025-06-18T13:55:00,7011AJ9R,山溪前桐,194.21
2025-06-18T13:55:00,7011AM2G,富春江水库严陵坞,23.18
2025-06-18T14:00:00,70101500,富春江电站(坝上),23.14
2025-06-18T14:00:00,70101501,富春江坝下,6.11
2025-06-18T14:00:00,70101800,窄溪,4.89
2025-06-18T14:00:00,70102300,闸口,4.66
2025-06-18T14:00:00,7010AJ33,渌渚,4.93
2025-06-18T14:00:00,7011AJ4M,新桐乡,4.88
2025-06-18T14:00:00,7011AJ5M,渌渚镇,6.42
2025-06-18T14:00:00,7011AJ7R,山溪叶家,50.19
2025-06-18T14:00:00,7011AJ8R,山溪幕下,65.6
2025-06-18T14:00:00,7011AJ9R,山溪前桐,194.2
2025-06-18T14:00:00,7011AM2G,富春江水库严陵坞,23.19
2025-06-18T14:05:00,70101500,富春江电站(坝上),23.13
2025-06-18T14:05:00,70101501,富春江坝下,6.12
2025-06-18T14:05:00,70101800,窄溪,4.88
2025-06-18T14:05:00,70102300,闸口,4.65
2025-06-18T14:05:00,7010AJ33,渌渚,4.93
2025-06-18T14:05:00,7011AJ4M,新桐乡,4.88
2025-06-18T14:05:00,7011AJ5M,渌渚镇,6.42
2025-06-18T14:05:00,7011AJ7R,山溪叶家,50.19
2025-06-18T14:05:00,7011AJ8R,山溪幕下,65.6
2025-06-18T14:05:00,7011AJ9R,山溪前桐,194.21
2025-06-18T14:05:00,7011AM2G,富春江水库严陵坞,23.19
2025-06-18T14:10:00,70101500,富春江电站(坝上),23.14
2025-06-18T14:10:00,70101501,富春江坝下,6.12
2025-06-18T14:10:00,70101800,窄溪,4.88
2025-06-18T14:10:00,70102300,闸口,4.65
2025-06-18T14:10:00,7010AJ33,渌渚,4.93
2025-06-18T14:10:00,7011AJ4M,新桐乡,4.88
2025-06-18T14:10:00,7011AJ5M,渌渚镇,6.42
2025-06-18T14:10:00,7011AJ7R,山溪叶家,50.19
2025-06-18T14:10:00,7011AJ8R,山溪幕下,65.6
2025-06-18T14:10:00,7011AJ9R,山溪前桐,194.21
2025-06-18T14:10:00,7011AM2G,富春江水库严陵坞,23.2
2025-06-18T14:15:00,70101500,富春江电站(坝上),23.15
2025-06-18T14:15:00,70101501,富春江坝下,6.09
2025-06-18T14:15:00,70101800,窄溪,4.87
2025-06-18T14:15:00,70102300,闸口,4.64
2025-06-18T14:15:00,7010AJ33,渌渚,4.91
2025-06-18T14:15:00,7011AJ4M,新桐乡,4.87
2025-06-18T14:15:00,7011AJ5M,渌渚镇,6.41
2025-06-18T14:15:00,7011AJ7R,山溪叶家,50.19
2025-06-18T14:15:00,7011AJ8R,山溪幕下,65.6
2025-06-18T14:15:00,7011AJ9R,山溪前桐,194.2
2025-06-18T14:15:00,7011AM2G,富春江水库严陵坞,23.2
2025-06-18T14:20:00,70101500,富春江电站(坝上),23.14
2025-06-18T14:20:00,70101501,富春江坝下,6.1
2025-06-18T14:20:00,70101800,窄溪,4.87
2025-06-18T14:20:00,70102300,闸口,4.64
2025-06-18T14:20:00,7010AJ33,渌渚,4.91
2025-06-18T14:20:00,7011AJ4M,新桐乡,4.86
2025-06-18T14:20:00,7011AJ5M,渌渚镇,6.42
2025-06-18T14:20:00,7011AJ7R,山溪叶家,50.19
2025-06-18T14:20:00,7011AJ8R,山溪幕下,65.6
2025-06-18T14:20:00,7011AJ9R,山溪前桐,194.2
2025-06-18T14:20:00,7011AM2G,富春江水库严陵坞,23.2
2025-06-18T14:25:00,70101500,富春江电站(坝上),23.14
2025-06-18T14:25:00,70101501,富春江坝下,6.1
2025-06-18T14:25:00,70101800,窄溪,4.86
2025-06-18T14:25:00,70102300,闸口,4.63
2025-06-18T14:25:00,7010AJ33,渌渚,4.91
2025-06-18T14:25:00,7011AJ4M,新桐乡,4.86
2025-06-18T14:25:00,7011AJ5M,渌渚镇,6.41
2025-06-18T14:25:00,7011AJ7R,山溪叶家,50.19
2025-06-18T14:25:00,7011AJ8R,山溪幕下,65.6
2025-06-18T14:25:00,7011AJ9R,山溪前桐,194.2
2025-06-18T14:25:00,7011AM2G,富春江水库严陵坞,23.2
2025-06-18T14:30:00,70101500,富春江电站(坝上),23.13
2025-06-18T14:30:00,70101501,富春江坝下,6.08
2025-06-18T14:30:00,70101800,窄溪,4.86
2025-06-18T14:30:00,70102300,闸口,4.62
2025-06-18T14:30:00,7010AJ33,渌渚,4.91
2025-06-18T14:30:00,7011AJ4M,新桐乡,4.86
2025-06-18T14:30:00,7011AJ5M,渌渚镇,6.41
2025-06-18T14:30:00,7011AJ7R,山溪叶家,50.19
2025-06-18T14:30:00,7011AJ8R,山溪幕下,65.6
2025-06-18T14:30:00,7011AJ9R,山溪前桐,194.21
2025-06-18T14:30:00,7011AM2G,富春江水库严陵坞,23.19
2025-06-18T14:35:00,70101500,富春江电站(坝上),23.12
2025-06-18T14:35:00,70101501,富春江坝下,6.11
2025-06-18T14:35:00,70101800,窄溪,4.85
2025-06-18T14:35:00,70102300,闸口,4.61
2025-06-18T14:35:00,7010AJ33,渌渚,4.89
2025-06-18T14:35:00,7011AJ4M,新桐乡,4.84
2025-06-18T14:35:00,7011AJ5M,渌渚镇,6.4
2025-06-18T14:35:00,7011AJ7R,山溪叶家,50.19
2025-06-18T14:35:00,7011AJ8R,山溪幕下,65.6
2025-06-18T14:35:00,7011AJ9R,山溪前桐,194.2
2025-06-18T14:35:00,7011AM2G,富春江水库严陵坞,23.19
2025-06-18T14:40:00,70101500,富春江电站(坝上),23.12
2025-06-18T14:40:00,70101501,富春江坝下,6.11
2025-06-18T14:40:00,70101800,窄溪,4.84
2025-06-18T14:40:00,70102300,闸口,4.61
2025-06-18T14:40:00,7010AJ33,渌渚,4.89
2025-06-18T14:40:00,7011AJ4M,新桐乡,4.83
2025-06-18T14:40:00,7011AJ5M,渌渚镇,6.41
2025-06-18T14:40:00,7011AJ7R,山溪叶家,50.19
2025-06-18T14:40:00,7011AJ8R,山溪幕下,65.6
2025-06-18T14:40:00,7011AJ9R,山溪前桐,194.21
2025-06-18T14:40:00,7011AM2G,富春江水库严陵坞,23.19
2025-06-18T14:45:00,70101500,富春江电站(坝上),23.13
2025-06-18T14:45:00,70101501,富春江坝下,6.09
2025-06-18T14:45:00,70101800,窄溪,4.84
2025-06-18T14:45:00,70102300,闸口,4.6
2025-06-18T14:45:00,7010AJ33,渌渚,4.88
2025-06-18T14:45:00,7011AJ4M,新桐乡,4.82
2025-06-18T14:45:00,7011AJ5M,渌渚镇,6.41
2025-06-18T14:45:00,7011AJ7R,山溪叶家,50.19
2025-06-18T14:45:00,7011AJ8R,山溪幕下,65.6
2025-06-18T14:45:00,7011AJ9R,山溪前桐,194.21
2025-06-18T14:45:00,7011AM2G,富春江水库严陵坞,23.19
2025-06-18T14:50:00,70101500,富春江电站(坝上),23.04
2025-06-18T14:50:00,70101501,富春江坝下,6.21
2025-06-18T14:50:00,70101800,窄溪,4.84
2025-06-18T14:50:00,70102300,闸口,4.59
2025-06-18T14:50:00,7010AJ33,渌渚,4.88
2025-06-18T14:50:00,7011AJ4M,新桐乡,4.82
2025-06-18T14:50:00,7011AJ5M,渌渚镇,6.41
2025-06-18T14:50:00,7011AJ7R,山溪叶家,50.19
2025-06-18T14:50:00,7011AJ8R,山溪幕下,65.6
2025-06-18T14:50:00,7011AJ9R,山溪前桐,194.2
2025-06-18T14:50:00,7011AM2G,富春江水库严陵坞,23.19
2025-06-18T14:55:00,70101500,富春江电站(坝上),23.06
2025-06-18T14:55:00,70101501,富春江坝下,6.37
2025-06-18T14:55:00,70101800,窄溪,4.83
2025-06-18T14:55:00,70102300,闸口,4.58
2025-06-18T14:55:00,7010AJ33,渌渚,4.86
2025-06-18T14:55:00,7011AJ4M,新桐乡,4.82
2025-06-18T14:55:00,7011AJ5M,渌渚镇,6.41
2025-06-18T14:55:00,7011AJ7R,山溪叶家,50.19
2025-06-18T14:55:00,7011AJ8R,山溪幕下,65.6
2025-06-18T14:55:00,7011AJ9R,山溪前桐,194.21
2025-06-18T14:55:00,7011AM2G,富春江水库严陵坞,23.13
2025-06-18T15:00:00,70101500,富春江电站(坝上),23.04
2025-06-18T15:00:00,70101501,富春江坝下,6.44
2025-06-18T15:00:00,70101800,窄溪,4.82
2025-06-18T15:00:00,70102300,闸口,4.58
2025-06-18T15:00:00,7010AJ33,渌渚,4.86
2025-06-18T15:00:00,7011AJ4M,新桐乡,4.82
2025-06-18T15:00:00,7011AJ5M,渌渚镇,6.41
2025-06-18T15:00:00,7011AJ7R,山溪叶家,50.19
2025-06-18T15:00:00,7011AJ8R,山溪幕下,65.6
2025-06-18T15:00:00,7011AJ9R,山溪前桐,194.21
2025-06-18T15:00:00,7011AM2G,富春江水库严陵坞,23.13
2025-06-18T15:05:00,70101500,富春江电站(坝上),23.04
2025-06-18T15:05:00,70101501,富春江坝下,6.5
2025-06-18T15:05:00,70101800,窄溪,4.82
2025-06-18T15:05:00,70102300,闸口,4.57
2025-06-18T15:05:00,7010AJ33,渌渚,4.86
2025-06-18T15:05:00,7011AJ4M,新桐乡,4.81
2025-06-18T15:05:00,7011AJ5M,渌渚镇,6.41
2025-06-18T15:05:00,7011AJ7R,山溪叶家,50.19
2025-06-18T15:05:00,7011AJ8R,山溪幕下,65.6
2025-06-18T15:05:00,7011AJ9R,山溪前桐,194.2
2025-06-18T15:05:00,7011AM2G,富春江水库严陵坞,23.1
2025-06-18T15:10:00,70101500,富春江电站(坝上),23.03
2025-06-18T15:10:00,70101501,富春江坝下,6.48
2025-06-18T15:10:00,70101800,窄溪,4.81
2025-06-18T15:10:00,70102300,闸口,4.56
2025-06-18T15:10:00,7010AJ33,渌渚,4.86
2025-06-18T15:10:00,7011AJ4M,新桐乡,4.79
2025-06-18T15:10:00,7011AJ5M,渌渚镇,6.39
2025-06-18T15:10:00,7011AJ7R,山溪叶家,50.19
2025-06-18T15:10:00,7011AJ8R,山溪幕下,65.59
2025-06-18T15:10:00,7011AJ9R,山溪前桐,194.21
2025-06-18T15:10:00,7011AM2G,富春江水库严陵坞,23.1
2025-06-18T15:15:00,70101500,富春江电站(坝上),23.03
2025-06-18T15:15:00,70101501,富春江坝下,6.5
2025-06-18T15:15:00,70101800,窄溪,4.8
2025-06-18T15:15:00,70102300,闸口,4.56
2025-06-18T15:15:00,7010AJ33,渌渚,4.84
2025-06-18T15:15:00,7011AJ4M,新桐乡,4.78
2025-06-18T15:15:00,7011AJ5M,渌渚镇,6.4
2025-06-18T15:15:00,7011AJ7R,山溪叶家,50.19
2025-06-18T15:15:00,7011AJ8R,山溪幕下,65.6
2025-06-18T15:15:00,7011AJ9R,山溪前桐,194.21
2025-06-18T15:15:00,7011AM2G,富春江水库严陵坞,23.09
2025-06-18T15:20:00,70101500,富春江电站(坝上),23.01
2025-06-18T15:20:00,70101501,富春江坝下,6.5
2025-06-18T15:20:00,70101800,窄溪,4.8
2025-06-18T15:20:00,70102300,闸口,4.55
2025-06-18T15:20:00,7010AJ33,渌渚,4.84
2025-06-18T15:20:00,7011AJ4M,新桐乡,4.75
2025-06-18T15:20:00,7011AJ5M,渌渚镇,6.4
2025-06-18T15:20:00,7011AJ7R,山溪叶家,50.18
2025-06-18T15:20:00,7011AJ8R,山溪幕下,65.6
2025-06-18T15:20:00,7011AJ9R,山溪前桐,194.2
2025-06-18T15:20:00,7011AM2G,富春江水库严陵坞,23.1
2025-06-18T15:25:00,70101500,富春江电站(坝上),23.03
2025-06-18T15:25:00,70101501,富春江坝下,6.52
2025-06-18T15:25:00,70101800,窄溪,4.8
2025-06-18T15:25:00,70102300,闸口,4.54
2025-06-18T15:25:00,7010AJ33,渌渚,4.82
2025-06-18T15:25:00,7011AJ4M,新桐乡,4.76
2025-06-18T15:25:00,7011AJ5M,渌渚镇,6.39
2025-06-18T15:25:00,7011AJ7R,山溪叶家,50.19
2025-06-18T15:25:00,7011AJ8R,山溪幕下,65.6
2025-06-18T15:25:00,7011AJ9R,山溪前桐,194.2
2025-06-18T15:25:00,7011AM2G,富春江水库严陵坞,23.09
2025-06-18T15:30:00,70101500,富春江电站(坝上),23.04
2025-06-18T15:30:00,70101501,富春江坝下,6.51
2025-06-18T15:30:00,70101800,窄溪,4.79
2025-06-18T15:30:00,70102300,闸口,4.53
2025-06-18T15:30:00,7010AJ33,渌渚,4.82
2025-06-18T15:30:00,7011AJ4M,新桐乡,4.76
2025-06-18T15:30:00,7011AJ5M,渌渚镇,6.39
2025-06-18T15:30:00,7011AJ7R,山溪叶家,50.18
2025-06-18T15:30:00,7011AJ8R,山溪幕下,65.59
2025-06-18T15:30:00,7011AJ9R,山溪前桐,194.2
2025-06-18T15:30:00,7011AM2G,富春江水库严陵坞,23.09
2025-06-18T15:35:00,70101500,富春江电站(坝上),23.03
2025-06-18T15:35:00,70101501,富春江坝下,6.54
2025-06-18T15:35:00,70101800,窄溪,4.79
2025-06-18T15:35:00,70102300,闸口,4.52
2025-06-18T15:35:00,7010AJ33,渌渚,4.82
2025-06-18T15:35:00,7011AJ4M,新桐乡,4.76
2025-06-18T15:35:00,7011AJ5M,渌渚镇,6.38
2025-06-18T15:35:00,7011AJ7R,山溪叶家,50.19
2025-06-18T15:35:00,7011AJ8R,山溪幕下,65.59
2025-06-18T15:35:00,7011AJ9R,山溪前桐,194.21
2025-06-18T15:35:00,7011AM2G,富春江水库严陵坞,23.1
2025-06-18T15:40:00,70101500,富春江电站(坝上),23.03
2025-06-18T15:40:00,70101501,富春江坝下,6.53
2025-06-18T15:40:00,70101800,窄溪,4.8
2025-06-18T15:40:00,70102300,闸口,4.52
2025-06-18T15:40:00,7010AJ33,渌渚,4.82
2025-06-18T15:40:00,7011AJ4M,新桐乡,4.76
2025-06-18T15:40:00,7011AJ5M,渌渚镇,6.4
2025-06-18T15:40:00,7011AJ7R,山溪叶家,50.19
2025-06-18T15:40:00,7011AJ8R,山溪幕下,65.6
2025-06-18T15:40:00,7011AJ9R,山溪前桐,194.2
2025-06-18T15:40:00,7011AM2G,富春江水库严陵坞,23.1
2025-06-18T15:45:00,70101500,富春江电站(坝上),23.04
2025-06-18T15:45:00,70101501,富春江坝下,6.55
2025-06-18T15:45:00,70101800,窄溪,4.8
2025-06-18T15:45:00,70102300,闸口,4.52
2025-06-18T15:45:00,7010AJ33,渌渚,4.8
2025-06-18T15:45:00,7011AJ4M,新桐乡,4.75
2025-06-18T15:45:00,7011AJ5M,渌渚镇,6.41
2025-06-18T15:45:00,7011AJ7R,山溪叶家,50.19
2025-06-18T15:45:00,7011AJ8R,山溪幕下,65.6
2025-06-18T15:45:00,7011AJ9R,山溪前桐,194.21
2025-06-18T15:45:00,7011AM2G,富春江水库严陵坞,23.11
2025-06-18T15:50:00,70101500,富春江电站(坝上),23.06
2025-06-18T15:50:00,70101501,富春江坝下,6.55
2025-06-18T15:50:00,70101800,窄溪,4.8
2025-06-18T15:50:00,70102300,闸口,4.51
2025-06-18T15:50:00,7010AJ33,渌渚,4.8
2025-06-18T15:50:00,7011AJ4M,新桐乡,4.75
2025-06-18T15:50:00,7011AJ5M,渌渚镇,6.4
2025-06-18T15:50:00,7011AJ7R,山溪叶家,50.17
2025-06-18T15:50:00,7011AJ8R,山溪幕下,65.6
2025-06-18T15:50:00,7011AJ9R,山溪前桐,194.21
2025-06-18T15:50:00,7011AM2G,富春江水库严陵坞,23.12
2025-06-18T15:55:00,70101500,富春江电站(坝上),23.06
2025-06-18T15:55:00,70101501,富春江坝下,6.55
2025-06-18T15:55:00,70101800,窄溪,4.8
2025-06-18T15:55:00,70102300,闸口,4.51
2025-06-18T15:55:00,7010AJ33,渌渚,4.82
2025-06-18T15:55:00,7011AJ4M,新桐乡,4.75
2025-06-18T15:55:00,7011AJ5M,渌渚镇,6.4
2025-06-18T15:55:00,7011AJ7R,山溪叶家,50.19
2025-06-18T15:55:00,7011AJ8R,山溪幕下,65.59
2025-06-18T15:55:00,7011AJ9R,山溪前桐,194.21
2025-06-18T15:55:00,7011AM2G,富春江水库严陵坞,23.12
2025-06-18T16:00:00,70101500,富春江电站(坝上),23.06
2025-06-18T16:00:00,70101501,富春江坝下,6.54
2025-06-18T16:00:00,70101800,窄溪,4.79
2025-06-18T16:00:00,70102300,闸口,4.5
2025-06-18T16:00:00,7010AJ33,渌渚,4.82
2025-06-18T16:00:00,7011AJ4M,新桐乡,4.75
2025-06-18T16:00:00,7011AJ5M,渌渚镇,6.41
2025-06-18T16:00:00,7011AJ7R,山溪叶家,50.17
2025-06-18T16:00:00,7011AJ8R,山溪幕下,65.59
2025-06-18T16:00:00,7011AJ9R,山溪前桐,194.2
2025-06-18T16:00:00,7011AM2G,富春江水库严陵坞,23.13
2025-06-18T16:05:00,70101500,富春江电站(坝上),23.05
2025-06-18T16:05:00,70101501,富春江坝下,6.55
2025-06-18T16:05:00,70101800,窄溪,4.78
2025-06-18T16:05:00,70102300,闸口,4.49
2025-06-18T16:05:00,7010AJ33,渌渚,4.82
2025-06-18T16:05:00,7011AJ4M,新桐乡,4.75
2025-06-18T16:05:00,7011AJ5M,渌渚镇,6.39
2025-06-18T16:05:00,7011AJ7R,山溪叶家,50.19
2025-06-18T16:05:00,7011AJ8R,山溪幕下,65.59
2025-06-18T16:05:00,7011AJ9R,山溪前桐,194.2
2025-06-18T16:05:00,7011AM2G,富春江水库严陵坞,23.13
2025-06-18T16:10:00,70101500,富春江电站(坝上),23.06
2025-06-18T16:10:00,70101501,富春江坝下,6.53
2025-06-18T16:10:00,70101800,窄溪,4.78
2025-06-18T16:10:00,70102300,闸口,4.49
2025-06-18T16:10:00,7010AJ33,渌渚,4.82
2025-06-18T16:10:00,7011AJ4M,新桐乡,4.75
2025-06-18T16:10:00,7011AJ5M,渌渚镇,6.41
2025-06-18T16:10:00,7011AJ7R,山溪叶家,50.19
2025-06-18T16:10:00,7011AJ8R,山溪幕下,65.59
2025-06-18T16:10:00,7011AJ9R,山溪前桐,194.2
2025-06-18T16:10:00,7011AM2G,富春江水库严陵坞,23.13
2025-06-18T16:15:00,70101500,富春江电站(坝上),23.06
2025-06-18T16:15:00,70101501,富春江坝下,6.54
2025-06-18T16:15:00,70101800,窄溪,4.78
2025-06-18T16:15:00,70102300,闸口,4.48
2025-06-18T16:15:00,7010AJ33,渌渚,4.82
2025-06-18T16:15:00,7011AJ4M,新桐乡,4.75
2025-06-18T16:15:00,7011AJ5M,渌渚镇,6.41
2025-06-18T16:15:00,7011AJ7R,山溪叶家,50.18
2025-06-18T16:15:00,7011AJ8R,山溪幕下,65.59
2025-06-18T16:15:00,7011AJ9R,山溪前桐,194.21
2025-06-18T16:15:00,7011AM2G,富春江水库严陵坞,23.13
2025-06-18T16:20:00,70101500,富春江电站(坝上),23.05
2025-06-18T16:20:00,70101501,富春江坝下,6.54
2025-06-18T16:20:00,70101800,窄溪,4.77
2025-06-18T16:20:00,70102300,闸口,4.47
2025-06-18T16:20:00,7010AJ33,渌渚,4.82
2025-06-18T16:20:00,7011AJ4M,新桐乡,4.74
2025-06-18T16:20:00,7011AJ5M,渌渚镇,6.4
2025-06-18T16:20:00,7011AJ7R,山溪叶家,50.17
2025-06-18T16:20:00,7011AJ8R,山溪幕下,65.59
2025-06-18T16:20:00,7011AJ9R,山溪前桐,194.2
2025-06-18T16:20:00,7011AM2G,富春江水库严陵坞,23.12
2025-06-18T16:25:00,70101500,富春江电站(坝上),23.06
2025-06-18T16:25:00,70101501,富春江坝下,6.55
2025-06-18T16:25:00,70101800,窄溪,4.77
2025-06-18T16:25:00,70102300,闸口,4.47
2025-06-18T16:25:00,7010AJ33,渌渚,4.82
2025-06-18T16:25:00,7011AJ4M,新桐乡,4.72
2025-06-18T16:25:00,7011AJ5M,渌渚镇,6.4
2025-06-18T16:25:00,7011AJ7R,山溪叶家,50.18
2025-06-18T16:25:00,7011AJ8R,山溪幕下,65.59
2025-06-18T16:25:00,7011AJ9R,山溪前桐,194.21
2025-06-18T16:25:00,7011AM2G,富春江水库严陵坞,23.13
2025-06-18T16:30:00,70101500,富春江电站(坝上),23.06
2025-06-18T16:30:00,70101501,富春江坝下,6.54
2025-06-18T16:30:00,70101800,窄溪,4.77
2025-06-18T16:30:00,70102300,闸口,4.47
2025-06-18T16:30:00,7010AJ33,渌渚,4.82
2025-06-18T16:30:00,7011AJ4M,新桐乡,4.72
2025-06-18T16:30:00,7011AJ5M,渌渚镇,6.4
2025-06-18T16:30:00,7011AJ7R,山溪叶家,50.18
2025-06-18T16:30:00,7011AJ8R,山溪幕下,65.59
2025-06-18T16:30:00,7011AJ9R,山溪前桐,194.19
2025-06-18T16:30:00,7011AM2G,富春江水库严陵坞,23.12
2025-06-18T16:35:00,70101500,富春江电站(坝上),23.06
2025-06-18T16:35:00,70101501,富春江坝下,6.54
2025-06-18T16:35:00,70101800,窄溪,4.77
2025-06-18T16:35:00,70102300,闸口,4.46
2025-06-18T16:35:00,7010AJ33,渌渚,4.8
2025-06-18T16:35:00,7011AJ4M,新桐乡,4.72
2025-06-18T16:35:00,7011AJ5M,渌渚镇,6.4
2025-06-18T16:35:00,7011AJ7R,山溪叶家,50.18
2025-06-18T16:35:00,7011AJ8R,山溪幕下,65.6
2025-06-18T16:35:00,7011AJ9R,山溪前桐,194.2
2025-06-18T16:35:00,7011AM2G,富春江水库严陵坞,23.12
2025-06-18T16:40:00,70101500,富春江电站(坝上),23.06
2025-06-18T16:40:00,70101501,富春江坝下,6.55
2025-06-18T16:40:00,70101800,窄溪,4.77
2025-06-18T16:40:00,70102300,闸口,4.46
2025-06-18T16:40:00,7010AJ33,渌渚,4.8
2025-06-18T16:40:00,7011AJ4M,新桐乡,4.73
2025-06-18T16:40:00,7011AJ5M,渌渚镇,6.4
2025-06-18T16:40:00,7011AJ7R,山溪叶家,50.18
2025-06-18T16:40:00,7011AJ8R,山溪幕下,65.59
2025-06-18T16:40:00,7011AJ9R,山溪前桐,194.21
2025-06-18T16:40:00,7011AM2G,富春江水库严陵坞,23.12
2025-06-18T16:45:00,70101500,富春江电站(坝上),23.04
2025-06-18T16:45:00,70101501,富春江坝下,6.55
2025-06-18T16:45:00,70101800,窄溪,4.76
2025-06-18T16:45:00,70102300,闸口,4.45
2025-06-18T16:45:00,7010AJ33,渌渚,4.8
2025-06-18T16:45:00,7011AJ4M,新桐乡,4.73
2025-06-18T16:45:00,7011AJ5M,渌渚镇,6.4
2025-06-18T16:45:00,7011AJ7R,山溪叶家,50.19
2025-06-18T16:45:00,7011AJ8R,山溪幕下,65.59
2025-06-18T16:45:00,7011AJ9R,山溪前桐,194.21
2025-06-18T16:45:00,7011AM2G,富春江水库严陵坞,23.12
2025-06-18T16:50:00,70101500,富春江电站(坝上),23.03
2025-06-18T16:50:00,70101501,富春江坝下,6.53
2025-06-18T16:50:00,70101800,窄溪,4.76
2025-06-18T16:50:00,70102300,闸口,4.45
2025-06-18T16:50:00,7010AJ33,渌渚,4.8
2025-06-18T16:50:00,7011AJ4M,新桐乡,4.73
2025-06-18T16:50:00,7011AJ5M,渌渚镇,6.4
2025-06-18T16:50:00,7011AJ7R,山溪叶家,50.19
2025-06-18T16:50:00,7011AJ8R,山溪幕下,65.6
2025-06-18T16:50:00,7011AJ9R,山溪前桐,194.2
2025-06-18T16:50:00,7011AM2G,富春江水库严陵坞,23.11
2025-06-18T16:55:00,70101500,富春江电站(坝上),23.03
2025-06-18T16:55:00,70101501,富春江坝下,6.57
2025-06-18T16:55:00,70101800,窄溪,4.75
2025-06-18T16:55:00,70102300,闸口,4.44
2025-06-18T16:55:00,7010AJ33,渌渚,4.78
2025-06-18T16:55:00,7011AJ4M,新桐乡,4.73
2025-06-18T16:55:00,7011AJ5M,渌渚镇,6.4
2025-06-18T16:55:00,7011AJ7R,山溪叶家,50.19
2025-06-18T16:55:00,7011AJ8R,山溪幕下,65.59
2025-06-18T16:55:00,7011AJ9R,山溪前桐,194.2
2025-06-18T16:55:00,7011AM2G,富春江水库严陵坞,23.11
2025-06-18T17:00:00,70101500,富春江电站(坝上),23.03
2025-06-18T17:00:00,70101501,富春江坝下,6.54
2025-06-18T17:00:00,70101800,窄溪,4.75
2025-06-18T17:00:00,70102300,闸口,4.44
2025-06-18T17:00:00,7010AJ33,渌渚,4.78
2025-06-18T17:00:00,7011AJ4M,新桐乡,4.7
2025-06-18T17:00:00,7011AJ5M,渌渚镇,6.4
2025-06-18T17:00:00,7011AJ7R,山溪叶家,50.19
2025-06-18T17:00:00,7011AJ8R,山溪幕下,65.6
2025-06-18T17:00:00,7011AJ9R,山溪前桐,194.2
2025-06-18T17:00:00,7011AM2G,富春江水库严陵坞,23.09
2025-06-18T17:05:00,70101500,富春江电站(坝上),23.03
2025-06-18T17:05:00,70101501,富春江坝下,6.55
2025-06-18T17:05:00,70101800,窄溪,4.75
2025-06-18T17:05:00,70102300,闸口,4.43
2025-06-18T17:05:00,7010AJ33,渌渚,4.78
2025-06-18T17:05:00,7011AJ4M,新桐乡,4.71
2025-06-18T17:05:00,7011AJ5M,渌渚镇,6.4
2025-06-18T17:05:00,7011AJ7R,山溪叶家,50.19
2025-06-18T17:05:00,7011AJ8R,山溪幕下,65.59
2025-06-18T17:05:00,7011AJ9R,山溪前桐,194.21
2025-06-18T17:05:00,7011AM2G,富春江水库严陵坞,23.09
2025-06-18T17:10:00,70101500,富春江电站(坝上),23.03
2025-06-18T17:10:00,70101501,富春江坝下,6.55
2025-06-18T17:10:00,70101800,窄溪,4.74
2025-06-18T17:10:00,70102300,闸口,4.43
2025-06-18T17:10:00,7010AJ33,渌渚,4.78
2025-06-18T17:10:00,7011AJ4M,新桐乡,4.7
2025-06-18T17:10:00,7011AJ5M,渌渚镇,6.4
2025-06-18T17:10:00,7011AJ7R,山溪叶家,50.18
2025-06-18T17:10:00,7011AJ8R,山溪幕下,65.59
2025-06-18T17:10:00,7011AJ9R,山溪前桐,194.2
2025-06-18T17:10:00,7011AM2G,富春江水库严陵坞,23.09
2025-06-18T17:15:00,70101500,富春江电站(坝上),23.03
2025-06-18T17:15:00,70101501,富春江坝下,6.55
2025-06-18T17:15:00,70101800,窄溪,4.74
2025-06-18T17:15:00,70102300,闸口,4.42
2025-06-18T17:15:00,7010AJ33,渌渚,4.76
2025-06-18T17:15:00,7011AJ4M,新桐乡,4.71
2025-06-18T17:15:00,7011AJ5M,渌渚镇,6.4
2025-06-18T17:15:00,7011AJ7R,山溪叶家,50.18
2025-06-18T17:15:00,7011AJ8R,山溪幕下,65.59
2025-06-18T17:15:00,7011AJ9R,山溪前桐,194.21
2025-06-18T17:15:00,7011AM2G,富春江水库严陵坞,23.09
2025-06-18T17:20:00,70101500,富春江电站(坝上),23.03
2025-06-18T17:20:00,70101501,富春江坝下,6.53
2025-06-18T17:20:00,70101800,窄溪,4.73
2025-06-18T17:20:00,70102300,闸口,4.42
2025-06-18T17:20:00,7010AJ33,渌渚,4.76
2025-06-18T17:20:00,7011AJ4M,新桐乡,4.71
2025-06-18T17:20:00,7011AJ5M,渌渚镇,6.4
2025-06-18T17:20:00,7011AJ7R,山溪叶家,50.18
2025-06-18T17:20:00,7011AJ8R,山溪幕下,65.59
2025-06-18T17:20:00,7011AJ9R,山溪前桐,194.2
2025-06-18T17:20:00,7011AM2G,富春江水库严陵坞,23.09
2025-06-18T17:25:00,70101500,富春江电站(坝上),23.02
2025-06-18T17:25:00,70101501,富春江坝下,6.55
2025-06-18T17:25:00,70101800,窄溪,4.73
2025-06-18T17:25:00,70102300,闸口,4.41
2025-06-18T17:25:00,7010AJ33,渌渚,4.76
2025-06-18T17:25:00,7011AJ4M,新桐乡,4.71
2025-06-18T17:25:00,7011AJ5M,渌渚镇,6.4
2025-06-18T17:25:00,7011AJ7R,山溪叶家,50.18
2025-06-18T17:25:00,7011AJ8R,山溪幕下,65.59
2025-06-18T17:25:00,7011AJ9R,山溪前桐,194.21
2025-06-18T17:25:00,7011AM2G,富春江水库严陵坞,23.09
2025-06-18T17:30:00,70101500,富春江电站(坝上),23.03
2025-06-18T17:30:00,70101501,富春江坝下,6.55
2025-06-18T17:30:00,70101800,窄溪,4.73
2025-06-18T17:30:00,70102300,闸口,4.41
2025-06-18T17:30:00,7010AJ33,渌渚,4.76
2025-06-18T17:30:00,7011AJ4M,新桐乡,4.71
2025-06-18T17:30:00,7011AJ5M,渌渚镇,6.4
2025-06-18T17:30:00,7011AJ7R,山溪叶家,50.18
2025-06-18T17:30:00,7011AJ8R,山溪幕下,65.59
2025-06-18T17:30:00,7011AJ9R,山溪前桐,194.21
2025-06-18T17:30:00,7011AM2G,富春江水库严陵坞,23.09
2025-06-18T17:35:00,70101500,富春江电站(坝上),23.04
2025-06-18T17:35:00,70101501,富春江坝下,6.55
2025-06-18T17:35:00,70101800,窄溪,4.72
2025-06-18T17:35:00,70102300,闸口,4.4
2025-06-18T17:35:00,7010AJ33,渌渚,4.76
2025-06-18T17:35:00,7011AJ4M,新桐乡,4.7
2025-06-18T17:35:00,7011AJ5M,渌渚镇,6.39
2025-06-18T17:35:00,7011AJ7R,山溪叶家,50.18
2025-06-18T17:35:00,7011AJ8R,山溪幕下,65.59
2025-06-18T17:35:00,7011AJ9R,山溪前桐,194.21
2025-06-18T17:35:00,7011AM2G,富春江水库严陵坞,23.1
2025-06-18T17:40:00,70101500,富春江电站(坝上),23.06
2025-06-18T17:40:00,70101501,富春江坝下,6.55
2025-06-18T17:40:00,70101800,窄溪,4.72
2025-06-18T17:40:00,70102300,闸口,4.39
2025-06-18T17:40:00,7010AJ33,渌渚,4.76
2025-06-18T17:40:00,7011AJ4M,新桐乡,4.68
2025-06-18T17:40:00,7011AJ5M,渌渚镇,6.39
2025-06-18T17:40:00,7011AJ7R,山溪叶家,50.18
2025-06-18T17:40:00,7011AJ8R,山溪幕下,65.59
2025-06-18T17:40:00,7011AJ9R,山溪前桐,194.21
2025-06-18T17:40:00,7011AM2G,富春江水库严陵坞,23.13
2025-06-18T17:45:00,70101500,富春江电站(坝上),23.09
2025-06-18T17:45:00,70101501,富春江坝下,6.55
2025-06-18T17:45:00,70101800,窄溪,4.71
2025-06-18T17:45:00,70102300,闸口,4.39
2025-06-18T17:45:00,7010AJ33,渌渚,4.74
2025-06-18T17:45:00,7011AJ4M,新桐乡,4.68
2025-06-18T17:45:00,7011AJ5M,渌渚镇,6.39
2025-06-18T17:45:00,7011AJ7R,山溪叶家,50.18
2025-06-18T17:45:00,7011AJ8R,山溪幕下,65.59
2025-06-18T17:45:00,7011AJ9R,山溪前桐,194.2
2025-06-18T17:45:00,7011AM2G,富春江水库严陵坞,23.15
2025-06-18T17:50:00,70101500,富春江电站(坝上),23.08
2025-06-18T17:50:00,70101501,富春江坝下,6.65
2025-06-18T17:50:00,70101800,窄溪,4.71
2025-06-18T17:50:00,70102300,闸口,4.39
2025-06-18T17:50:00,7010AJ33,渌渚,4.74
2025-06-18T17:50:00,7011AJ4M,新桐乡,4.68
2025-06-18T17:50:00,7011AJ5M,渌渚镇,6.39
2025-06-18T17:50:00,7011AJ7R,山溪叶家,50.18
2025-06-18T17:50:00,7011AJ8R,山溪幕下,65.59
2025-06-18T17:50:00,7011AJ9R,山溪前桐,194.2
2025-06-18T17:50:00,7011AM2G,富春江水库严陵坞,23.17
2025-06-18T17:55:00,70101500,富春江电站(坝上),23.08
2025-06-18T17:55:00,70101501,富春江坝下,6.74
2025-06-18T17:55:00,70101800,窄溪,4.7
2025-06-18T17:55:00,70102300,闸口,4.39
2025-06-18T17:55:00,7010AJ33,渌渚,4.74
2025-06-18T17:55:00,7011AJ4M,新桐乡,4.67
2025-06-18T17:55:00,7011AJ5M,渌渚镇,6.39
2025-06-18T17:55:00,7011AJ7R,山溪叶家,50.19
2025-06-18T17:55:00,7011AJ8R,山溪幕下,65.59
2025-06-18T17:55:00,7011AJ9R,山溪前桐,194.2
2025-06-18T17:55:00,7011AM2G,富春江水库严陵坞,23.17
2025-06-18T18:00:00,70101500,富春江电站(坝上),23.09
2025-06-18T18:00:00,70101501,富春江坝下,6.83
2025-06-18T18:00:00,70101800,窄溪,4.7
2025-06-18T18:00:00,70102300,闸口,4.38
2025-06-18T18:00:00,7010AJ33,渌渚,4.74
2025-06-18T18:00:00,7011AJ4M,新桐乡,4.67
2025-06-18T18:00:00,7011AJ5M,渌渚镇,6.39
2025-06-18T18:00:00,7011AJ7R,山溪叶家,50.18
2025-06-18T18:00:00,7011AJ8R,山溪幕下,65.59
2025-06-18T18:00:00,7011AJ9R,山溪前桐,194.2
2025-06-18T18:00:00,7011AM2G,富春江水库严陵坞,23.17
2025-06-18T18:05:00,70101500,富春江电站(坝上),23.02
2025-06-18T18:05:00,70101501,富春江坝下,6.97
2025-06-18T18:05:00,70101800,窄溪,4.7
2025-06-18T18:05:00,70102300,闸口,4.38
2025-06-18T18:05:00,7010AJ33,渌渚,4.74
2025-06-18T18:05:00,7011AJ4M,新桐乡,4.67
2025-06-18T18:05:00,7011AJ5M,渌渚镇,6.39
2025-06-18T18:05:00,7011AJ7R,山溪叶家,50.19
2025-06-18T18:05:00,7011AJ8R,山溪幕下,65.59
2025-06-18T18:05:00,7011AJ9R,山溪前桐,194.2
2025-06-18T18:05:00,7011AM2G,富春江水库严陵坞,23.17
2025-06-18T18:10:00,70101500,富春江电站(坝上),23.06
2025-06-18T18:10:00,70101501,富春江坝下,7.14
2025-06-18T18:10:00,70101800,窄溪,4.69
2025-06-18T18:10:00,70102300,闸口,4.37
2025-06-18T18:10:00,7010AJ33,渌渚,4.72
2025-06-18T18:10:00,7011AJ4M,新桐乡,4.67
2025-06-18T18:10:00,7011AJ5M,渌渚镇,6.39
2025-06-18T18:10:00,7011AJ7R,山溪叶家,50.18
2025-06-18T18:10:00,7011AJ8R,山溪幕下,65.59
2025-06-18T18:10:00,7011AJ9R,山溪前桐,194.21
2025-06-18T18:10:00,7011AM2G,富春江水库严陵坞,23.12
2025-06-18T18:15:00,70101500,富春江电站(坝上),23.05
2025-06-18T18:15:00,70101501,富春江坝下,7.22
2025-06-18T18:15:00,70101800,窄溪,4.68
2025-06-18T18:15:00,70102300,闸口,4.37
2025-06-18T18:15:00,7010AJ33,渌渚,4.72
2025-06-18T18:15:00,7011AJ4M,新桐乡,4.65
2025-06-18T18:15:00,7011AJ5M,渌渚镇,6.39
2025-06-18T18:15:00,7011AJ7R,山溪叶家,50.18
2025-06-18T18:15:00,7011AJ8R,山溪幕下,65.59
2025-06-18T18:15:00,7011AJ9R,山溪前桐,194.2
2025-06-18T18:15:00,7011AM2G,富春江水库严陵坞,23.14
2025-06-18T18:20:00,70101500,富春江电站(坝上),23.06
2025-06-18T18:20:00,70101501,富春江坝下,7.27
2025-06-18T18:20:00,70101800,窄溪,4.68
2025-06-18T18:20:00,70102300,闸口,4.36
2025-06-18T18:20:00,7010AJ33,渌渚,4.72
2025-06-18T18:20:00,7011AJ4M,新桐乡,4.65
2025-06-18T18:20:00,7011AJ5M,渌渚镇,6.39
2025-06-18T18:20:00,7011AJ7R,山溪叶家,50.18
2025-06-18T18:20:00,7011AJ8R,山溪幕下,65.59
2025-06-18T18:20:00,7011AJ9R,山溪前桐,194.21
2025-06-18T18:20:00,7011AM2G,富春江水库严陵坞,23.14
2025-06-18T18:25:00,70101500,富春江电站(坝上),23.06
2025-06-18T18:25:00,70101501,富春江坝下,7.31
2025-06-18T18:25:00,70101800,窄溪,4.68
2025-06-18T18:25:00,70102300,闸口,4.36
2025-06-18T18:25:00,7010AJ33,渌渚,4.72
2025-06-18T18:25:00,7011AJ4M,新桐乡,4.65
2025-06-18T18:25:00,7011AJ5M,渌渚镇,6.39
2025-06-18T18:25:00,7011AJ7R,山溪叶家,50.18
2025-06-18T18:25:00,7011AJ8R,山溪幕下,65.59
2025-06-18T18:25:00,7011AJ9R,山溪前桐,194.19
2025-06-18T18:25:00,7011AM2G,富春江水库严陵坞,23.14
2025-06-18T18:30:00,70101500,富春江电站(坝上),23.08
2025-06-18T18:30:00,70101501,富春江坝下,7.37
2025-06-18T18:30:00,70101800,窄溪,4.68
2025-06-18T18:30:00,70102300,闸口,4.36
2025-06-18T18:30:00,7010AJ33,渌渚,4.72
2025-06-18T18:30:00,7011AJ4M,新桐乡,4.64
2025-06-18T18:30:00,7011AJ5M,渌渚镇,6.39
2025-06-18T18:30:00,7011AJ7R,山溪叶家,50.18
2025-06-18T18:30:00,7011AJ8R,山溪幕下,65.59
2025-06-18T18:30:00,7011AJ9R,山溪前桐,194.21
2025-06-18T18:30:00,7011AM2G,富春江水库严陵坞,23.15
2025-06-18T18:35:00,70101500,富春江电站(坝上),23.06
2025-06-18T18:35:00,70101501,富春江坝下,7.39
2025-06-18T18:35:00,70101800,窄溪,4.68
2025-06-18T18:35:00,70102300,闸口,4.36
2025-06-18T18:35:00,7010AJ33,渌渚,4.7
2025-06-18T18:35:00,7011AJ4M,新桐乡,4.64
2025-06-18T18:35:00,7011AJ5M,渌渚镇,6.39
2025-06-18T18:35:00,7011AJ7R,山溪叶家,50.19
2025-06-18T18:35:00,7011AJ8R,山溪幕下,65.59
2025-06-18T18:35:00,7011AJ9R,山溪前桐,194.21
2025-06-18T18:35:00,7011AM2G,富春江水库严陵坞,23.15
2025-06-18T18:40:00,70101500,富春江电站(坝上),23.07
2025-06-18T18:40:00,70101501,富春江坝下,7.41
2025-06-18T18:40:00,70101800,窄溪,4.68
2025-06-18T18:40:00,70102300,闸口,4.35
2025-06-18T18:40:00,7010AJ33,渌渚,4.7
2025-06-18T18:40:00,7011AJ4M,新桐乡,4.63
2025-06-18T18:40:00,7011AJ5M,渌渚镇,6.39
2025-06-18T18:40:00,7011AJ7R,山溪叶家,50.18
2025-06-18T18:40:00,7011AJ8R,山溪幕下,65.59
2025-06-18T18:40:00,7011AJ9R,山溪前桐,194.21
2025-06-18T18:40:00,7011AM2G,富春江水库严陵坞,23.15
2025-06-18T18:45:00,70101500,富春江电站(坝上),23.08
2025-06-18T18:45:00,70101501,富春江坝下,7.41
2025-06-18T18:45:00,70101800,窄溪,4.68
2025-06-18T18:45:00,70102300,闸口,4.35
2025-06-18T18:45:00,7010AJ33,渌渚,4.7
2025-06-18T18:45:00,7011AJ4M,新桐乡,4.62
2025-06-18T18:45:00,7011AJ5M,渌渚镇,6.39
2025-06-18T18:45:00,7011AJ7R,山溪叶家,50.18
2025-06-18T18:45:00,7011AJ8R,山溪幕下,65.59
2025-06-18T18:45:00,7011AJ9R,山溪前桐,194.21
2025-06-18T18:45:00,7011AM2G,富春江水库严陵坞,23.15
2025-06-18T18:50:00,70101500,富春江电站(坝上),23.09
2025-06-18T18:50:00,70101501,富春江坝下,7.41
2025-06-18T18:50:00,70101800,窄溪,4.68
2025-06-18T18:50:00,70102300,闸口,4.34
2025-06-18T18:50:00,7010AJ33,渌渚,4.7
2025-06-18T18:50:00,7011AJ4M,新桐乡,4.62
2025-06-18T18:50:00,7011AJ5M,渌渚镇,6.39
2025-06-18T18:50:00,7011AJ7R,山溪叶家,50.18
2025-06-18T18:50:00,7011AJ8R,山溪幕下,65.59
2025-06-18T18:50:00,7011AJ9R,山溪前桐,194.2
2025-06-18T18:50:00,7011AM2G,富春江水库严陵坞,23.16
2025-06-18T18:55:00,70101500,富春江电站(坝上),23.08
2025-06-18T18:55:00,70101501,富春江坝下,7.42
2025-06-18T18:55:00,70101800,窄溪,4.69
2025-06-18T18:55:00,70102300,闸口,4.34
2025-06-18T18:55:00,7010AJ33,渌渚,4.7
2025-06-18T18:55:00,7011AJ4M,新桐乡,4.62
2025-06-18T18:55:00,7011AJ5M,渌渚镇,6.39
2025-06-18T18:55:00,7011AJ7R,山溪叶家,50.18
2025-06-18T18:55:00,7011AJ8R,山溪幕下,65.59
2025-06-18T18:55:00,7011AJ9R,山溪前桐,194.21
2025-06-18T18:55:00,7011AM2G,富春江水库严陵坞,23.17
2025-06-18T19:00:00,70101500,富春江电站(坝上),23.12
2025-06-18T19:00:00,70101501,富春江坝下,7.42
2025-06-18T19:00:00,70101800,窄溪,4.7
2025-06-18T19:00:00,70102300,闸口,4.33
2025-06-18T19:00:00,7010AJ33,渌渚,4.7
2025-06-18T19:00:00,7011AJ4M,新桐乡,4.62
2025-06-18T19:00:00,7011AJ5M,渌渚镇,6.39
2025-06-18T19:00:00,7011AJ7R,山溪叶家,50.18
2025-06-18T19:00:00,7011AJ8R,山溪幕下,65.59
2025-06-18T19:00:00,7011AJ9R,山溪前桐,194.2
2025-06-18T19:00:00,7011AM2G,富春江水库严陵坞,23.19
2025-06-18T19:05:00,70101500,富春江电站(坝上),23.12
2025-06-18T19:05:00,70101501,富春江坝下,7.44
2025-06-18T19:05:00,70101800,窄溪,4.7
2025-06-18T19:05:00,70102300,闸口,4.33
2025-06-18T19:05:00,7010AJ33,渌渚,4.7
2025-06-18T19:05:00,7011AJ4M,新桐乡,4.62
2025-06-18T19:05:00,7011AJ5M,渌渚镇,6.39
2025-06-18T19:05:00,7011AJ7R,山溪叶家,50.18
2025-06-18T19:05:00,7011AJ8R,山溪幕下,65.59
2025-06-18T19:05:00,7011AJ9R,山溪前桐,194.2
2025-06-18T19:05:00,7011AM2G,富春江水库严陵坞,23.17
2025-06-18T19:10:00,70101500,富春江电站(坝上),23.12
2025-06-18T19:10:00,70101501,富春江坝下,7.43
2025-06-18T19:10:00,70101800,窄溪,4.71
2025-06-18T19:10:00,70102300,闸口,4.33
2025-06-18T19:10:00,7010AJ33,渌渚,4.72
2025-06-18T19:10:00,7011AJ4M,新桐乡,4.63
2025-06-18T19:10:00,7011AJ5M,渌渚镇,6.39
2025-06-18T19:10:00,7011AJ7R,山溪叶家,50.18
2025-06-18T19:10:00,7011AJ8R,山溪幕下,65.59
2025-06-18T19:10:00,7011AJ9R,山溪前桐,194.2
2025-06-18T19:10:00,7011AM2G,富春江水库严陵坞,23.19
2025-06-18T19:15:00,70101500,富春江电站(坝上),23.11
2025-06-18T19:15:00,70101501,富春江坝下,7.43
2025-06-18T19:15:00,70101800,窄溪,4.72
2025-06-18T19:15:00,70102300,闸口,4.32
2025-06-18T19:15:00,7010AJ33,渌渚,4.72
2025-06-18T19:15:00,7011AJ4M,新桐乡,4.64
2025-06-18T19:15:00,7011AJ5M,渌渚镇,6.39
2025-06-18T19:15:00,7011AJ7R,山溪叶家,50.18
2025-06-18T19:15:00,7011AJ8R,山溪幕下,65.59
2025-06-18T19:15:00,7011AJ9R,山溪前桐,194.2
2025-06-18T19:15:00,7011AM2G,富春江水库严陵坞,23.18
2025-06-18T19:20:00,70101500,富春江电站(坝上),23.1
2025-06-18T19:20:00,70101501,富春江坝下,7.43
2025-06-18T19:20:00,70101800,窄溪,4.72
2025-06-18T19:20:00,70102300,闸口,4.32
2025-06-18T19:20:00,7010AJ33,渌渚,4.74
2025-06-18T19:20:00,7011AJ4M,新桐乡,4.64
2025-06-18T19:20:00,7011AJ5M,渌渚镇,6.39
2025-06-18T19:20:00,7011AJ7R,山溪叶家,50.18
2025-06-18T19:20:00,7011AJ8R,山溪幕下,65.59
2025-06-18T19:20:00,7011AJ9R,山溪前桐,194.2
2025-06-18T19:20:00,7011AM2G,富春江水库严陵坞,23.18
2025-06-18T19:25:00,70101500,富春江电站(坝上),23.11
2025-06-18T19:25:00,70101501,富春江坝下,7.43
2025-06-18T19:25:00,70101800,窄溪,4.72
2025-06-18T19:25:00,70102300,闸口,4.31
2025-06-18T19:25:00,7010AJ33,渌渚,4.74
2025-06-18T19:25:00,7011AJ4M,新桐乡,4.64
2025-06-18T19:25:00,7011AJ5M,渌渚镇,6.39
2025-06-18T19:25:00,7011AJ7R,山溪叶家,50.18
2025-06-18T19:25:00,7011AJ8R,山溪幕下,65.59
2025-06-18T19:25:00,7011AJ9R,山溪前桐,194.2
2025-06-18T19:25:00,7011AM2G,富春江水库严陵坞,23.19
2025-06-18T19:30:00,70101500,富春江电站(坝上),23.12
2025-06-18T19:30:00,70101501,富春江坝下,7.45
2025-06-18T19:30:00,70101800,窄溪,4.72
2025-06-18T19:30:00,70102300,闸口,4.31
2025-06-18T19:30:00,7010AJ33,渌渚,4.76
2025-06-18T19:30:00,7011AJ4M,新桐乡,4.62
2025-06-18T19:30:00,7011AJ5M,渌渚镇,6.39
2025-06-18T19:30:00,7011AJ7R,山溪叶家,50.18
2025-06-18T19:30:00,7011AJ8R,山溪幕下,65.59
2025-06-18T19:30:00,7011AJ9R,山溪前桐,194.2
2025-06-18T19:30:00,7011AM2G,富春江水库严陵坞,23.19
2025-06-18T19:35:00,70101500,富春江电站(坝上),23.12
2025-06-18T19:35:00,70101501,富春江坝下,7.44
2025-06-18T19:35:00,70101800,窄溪,4.72
2025-06-18T19:35:00,70102300,闸口,4.31
2025-06-18T19:35:00,7010AJ33,渌渚,4.76
2025-06-18T19:35:00,7011AJ4M,新桐乡,4.64
2025-06-18T19:35:00,7011AJ5M,渌渚镇,6.39
2025-06-18T19:35:00,7011AJ7R,山溪叶家,50.18
2025-06-18T19:35:00,7011AJ8R,山溪幕下,65.59
2025-06-18T19:35:00,7011AJ9R,山溪前桐,194.2
2025-06-18T19:35:00,7011AM2G,富春江水库严陵坞,23.19
2025-06-18T19:40:00,70101500,富春江电站(坝上),23.12
2025-06-18T19:40:00,70101501,富春江坝下,7.43
2025-06-18T19:40:00,70101800,窄溪,4.72
2025-06-18T19:40:00,70102300,闸口,4.3
2025-06-18T19:40:00,7010AJ33,渌渚,4.78
2025-06-18T19:40:00,7011AJ4M,新桐乡,4.64
2025-06-18T19:40:00,7011AJ5M,渌渚镇,6.39
2025-06-18T19:40:00,7011AJ7R,山溪叶家,50.18
2025-06-18T19:40:00,7011AJ8R,山溪幕下,65.59
2025-06-18T19:40:00,7011AJ9R,山溪前桐,194.2
2025-06-18T19:40:00,7011AM2G,富春江水库严陵坞,23.19
2025-06-18T19:45:00,70101500,富春江电站(坝上),23.1
2025-06-18T19:45:00,70101501,富春江坝下,7.44
2025-06-18T19:45:00,70101800,窄溪,4.73
2025-06-18T19:45:00,70102300,闸口,4.3
2025-06-18T19:45:00,7010AJ33,渌渚,4.78
2025-06-18T19:45:00,7011AJ4M,新桐乡,4.65
2025-06-18T19:45:00,7011AJ5M,渌渚镇,6.39
2025-06-18T19:45:00,7011AJ7R,山溪叶家,50.18
2025-06-18T19:45:00,7011AJ8R,山溪幕下,65.59
2025-06-18T19:45:00,7011AJ9R,山溪前桐,194.2
2025-06-18T19:45:00,7011AM2G,富春江水库严陵坞,23.19
2025-06-18T19:50:00,70101500,富春江电站(坝上),23.09
2025-06-18T19:50:00,70101501,富春江坝下,7.45
2025-06-18T19:50:00,70101800,窄溪,4.73
2025-06-18T19:50:00,70102300,闸口,4.29
2025-06-18T19:50:00,7010AJ33,渌渚,4.78
2025-06-18T19:50:00,7011AJ4M,新桐乡,4.65
2025-06-18T19:50:00,7011AJ5M,渌渚镇,6.39
2025-06-18T19:50:00,7011AJ7R,山溪叶家,50.18
2025-06-18T19:50:00,7011AJ8R,山溪幕下,65.58
2025-06-18T19:50:00,7011AJ9R,山溪前桐,194.2
2025-06-18T19:50:00,7011AM2G,富春江水库严陵坞,23.18
2025-06-18T19:55:00,70101500,富春江电站(坝上),23.09
2025-06-18T19:55:00,70101501,富春江坝下,7.44
2025-06-18T19:55:00,70101800,窄溪,4.73
2025-06-18T19:55:00,70102300,闸口,4.29
2025-06-18T19:55:00,7010AJ33,渌渚,4.78
2025-06-18T19:55:00,7011AJ4M,新桐乡,4.65
2025-06-18T19:55:00,7011AJ5M,渌渚镇,6.39
2025-06-18T19:55:00,7011AJ7R,山溪叶家,50.18
2025-06-18T19:55:00,7011AJ8R,山溪幕下,65.59
2025-06-18T19:55:00,7011AJ9R,山溪前桐,194.2
2025-06-18T19:55:00,7011AM2G,富春江水库严陵坞,23.17
2025-06-18T20:00:00,70101500,富春江电站(坝上),23.08
2025-06-18T20:00:00,70101501,富春江坝下,7.46
2025-06-18T20:00:00,70101800,窄溪,4.73
2025-06-18T20:00:00,70102300,闸口,4.29
2025-06-18T20:00:00,7010AJ33,渌渚,4.8
2025-06-18T20:00:00,7011AJ4M,新桐乡,4.64
2025-06-18T20:00:00,7011AJ5M,渌渚镇,6.39
2025-06-18T20:00:00,7011AJ7R,山溪叶家,50.18
2025-06-18T20:00:00,7011AJ8R,山溪幕下,65.59
2025-06-18T20:00:00,7011AJ9R,山溪前桐,194.2
2025-06-18T20:00:00,7011AM2G,富春江水库严陵坞,23.17
2025-06-18T20:05:00,70101500,富春江电站(坝上),23.09
2025-06-18T20:05:00,70101501,富春江坝下,7.44
2025-06-18T20:05:00,70101800,窄溪,4.73
2025-06-18T20:05:00,70102300,闸口,4.28
2025-06-18T20:05:00,7010AJ33,渌渚,4.78
2025-06-18T20:05:00,7011AJ4M,新桐乡,4.64
2025-06-18T20:05:00,7011AJ5M,渌渚镇,6.38
2025-06-18T20:05:00,7011AJ7R,山溪叶家,50.18
2025-06-18T20:05:00,7011AJ8R,山溪幕下,65.59
2025-06-18T20:05:00,7011AJ9R,山溪前桐,194.21
2025-06-18T20:05:00,7011AM2G,富春江水库严陵坞,23.16
2025-06-18T20:10:00,70101500,富春江电站(坝上),23.09
2025-06-18T20:10:00,70101501,富春江坝下,7.47
2025-06-18T20:10:00,70101800,窄溪,4.73
2025-06-18T20:10:00,70102300,闸口,4.28
2025-06-18T20:10:00,7010AJ33,渌渚,4.78
2025-06-18T20:10:00,7011AJ4M,新桐乡,4.64
2025-06-18T20:10:00,7011AJ5M,渌渚镇,6.39
2025-06-18T20:10:00,7011AJ7R,山溪叶家,50.18
2025-06-18T20:10:00,7011AJ8R,山溪幕下,65.59
2025-06-18T20:10:00,7011AJ9R,山溪前桐,194.2
2025-06-18T20:10:00,7011AM2G,富春江水库严陵坞,23.17
2025-06-18T20:15:00,70101500,富春江电站(坝上),23.11
2025-06-18T20:15:00,70101501,富春江坝下,7.44
2025-06-18T20:15:00,70101800,窄溪,4.74
2025-06-18T20:15:00,70102300,闸口,4.28
2025-06-18T20:15:00,7010AJ33,渌渚,4.78
2025-06-18T20:15:00,7011AJ4M,新桐乡,4.64
2025-06-18T20:15:00,7011AJ5M,渌渚镇,6.38
2025-06-18T20:15:00,7011AJ7R,山溪叶家,50.18
2025-06-18T20:15:00,7011AJ8R,山溪幕下,65.59
2025-06-18T20:15:00,7011AJ9R,山溪前桐,194.2
2025-06-18T20:15:00,7011AM2G,富春江水库严陵坞,23.17
2025-06-18T20:20:00,70101500,富春江电站(坝上),23.09
2025-06-18T20:20:00,70101501,富春江坝下,7.47
2025-06-18T20:20:00,70101800,窄溪,4.73
2025-06-18T20:20:00,70102300,闸口,4.28
2025-06-18T20:20:00,7010AJ33,渌渚,4.78
2025-06-18T20:20:00,7011AJ4M,新桐乡,4.64
2025-06-18T20:20:00,7011AJ5M,渌渚镇,6.38
2025-06-18T20:20:00,7011AJ7R,山溪叶家,50.18
2025-06-18T20:20:00,7011AJ8R,山溪幕下,65.59
2025-06-18T20:20:00,7011AJ9R,山溪前桐,194.2
2025-06-18T20:20:00,7011AM2G,富春江水库严陵坞,23.17
2025-06-18T20:25:00,70101500,富春江电站(坝上),23.1
2025-06-18T20:25:00,70101501,富春江坝下,7.46
2025-06-18T20:25:00,70101800,窄溪,4.73
2025-06-18T20:25:00,70102300,闸口,4.27
2025-06-18T20:25:00,7010AJ33,渌渚,4.78
2025-06-18T20:25:00,7011AJ4M,新桐乡,4.64
2025-06-18T20:25:00,7011AJ5M,渌渚镇,6.38
2025-06-18T20:25:00,7011AJ7R,山溪叶家,50.18
2025-06-18T20:25:00,7011AJ8R,山溪幕下,65.59
2025-06-18T20:25:00,7011AJ9R,山溪前桐,194.2
2025-06-18T20:25:00,7011AM2G,富春江水库严陵坞,23.17
2025-06-18T20:30:00,70101500,富春江电站(坝上),23.08
2025-06-18T20:30:00,70101501,富春江坝下,7.45
2025-06-18T20:30:00,70101800,窄溪,4.74
2025-06-18T20:30:00,70102300,闸口,4.27
2025-06-18T20:30:00,7010AJ33,渌渚,4.76
2025-06-18T20:30:00,7011AJ4M,新桐乡,4.64
2025-06-18T20:30:00,7011AJ5M,渌渚镇,6.38
2025-06-18T20:30:00,7011AJ7R,山溪叶家,50.18
2025-06-18T20:30:00,7011AJ8R,山溪幕下,65.59
2025-06-18T20:30:00,7011AJ9R,山溪前桐,194.2
2025-06-18T20:30:00,7011AM2G,富春江水库严陵坞,23.17
2025-06-18T20:35:00,70101500,富春江电站(坝上),23.08
2025-06-18T20:35:00,70101501,富春江坝下,7.47
2025-06-18T20:35:00,70101800,窄溪,4.74
2025-06-18T20:35:00,70102300,闸口,4.27
2025-06-18T20:35:00,7010AJ33,渌渚,4.76
2025-06-18T20:35:00,7011AJ4M,新桐乡,4.64
2025-06-18T20:35:00,7011AJ5M,渌渚镇,6.38
2025-06-18T20:35:00,7011AJ7R,山溪叶家,50.18
2025-06-18T20:35:00,7011AJ8R,山溪幕下,65.59
2025-06-18T20:35:00,7011AJ9R,山溪前桐,194.2
2025-06-18T20:35:00,7011AM2G,富春江水库严陵坞,23.16
2025-06-18T20:40:00,70101500,富春江电站(坝上),23.09
2025-06-18T20:40:00,70101501,富春江坝下,7.46
2025-06-18T20:40:00,70101800,窄溪,4.74
2025-06-18T20:40:00,70102300,闸口,4.27
2025-06-18T20:40:00,7010AJ33,渌渚,4.76
2025-06-18T20:40:00,7011AJ4M,新桐乡,4.64
2025-06-18T20:40:00,7011AJ5M,渌渚镇,6.38
2025-06-18T20:40:00,7011AJ7R,山溪叶家,50.18
2025-06-18T20:40:00,7011AJ8R,山溪幕下,65.59
2025-06-18T20:40:00,7011AJ9R,山溪前桐,194.2
2025-06-18T20:40:00,7011AM2G,富春江水库严陵坞,23.16
2025-06-18T20:45:00,70101500,富春江电站(坝上),23.09
2025-06-18T20:45:00,70101501,富春江坝下,7.46
2025-06-18T20:45:00,70101800,窄溪,4.74
2025-06-18T20:45:00,70102300,闸口,4.27
2025-06-18T20:45:00,7010AJ33,渌渚,4.76
2025-06-18T20:45:00,7011AJ4M,新桐乡,4.64
2025-06-18T20:45:00,7011AJ5M,渌渚镇,6.38
2025-06-18T20:45:00,7011AJ7R,山溪叶家,50.18
2025-06-18T20:45:00,7011AJ8R,山溪幕下,65.59
2025-06-18T20:45:00,7011AJ9R,山溪前桐,194.2
2025-06-18T20:45:00,7011AM2G,富春江水库严陵坞,23.16
2025-06-18T20:50:00,70101500,富春江电站(坝上),23.09
2025-06-18T20:50:00,70101501,富春江坝下,7.45
2025-06-18T20:50:00,70101800,窄溪,4.74
2025-06-18T20:50:00,70102300,闸口,4.27
2025-06-18T20:50:00,7010AJ33,渌渚,4.76
2025-06-18T20:50:00,7011AJ4M,新桐乡,4.64
2025-06-18T20:50:00,7011AJ5M,渌渚镇,6.38
2025-06-18T20:50:00,7011AJ7R,山溪叶家,50.18
2025-06-18T20:50:00,7011AJ8R,山溪幕下,65.59
2025-06-18T20:50:00,7011AJ9R,山溪前桐,194.2
2025-06-18T20:50:00,7011AM2G,富春江水库严陵坞,23.17
2025-06-18T20:55:00,70101500,富春江电站(坝上),23.08
2025-06-18T20:55:00,70101501,富春江坝下,7.46
2025-06-18T20:55:00,70101800,窄溪,4.74
2025-06-18T20:55:00,70102300,闸口,4.29
2025-06-18T20:55:00,7010AJ33,渌渚,4.76
2025-06-18T20:55:00,7011AJ4M,新桐乡,4.63
2025-06-18T20:55:00,7011AJ5M,渌渚镇,6.38
2025-06-18T20:55:00,7011AJ7R,山溪叶家,50.18
2025-06-18T20:55:00,7011AJ8R,山溪幕下,65.59
2025-06-18T20:55:00,7011AJ9R,山溪前桐,194.2
2025-06-18T20:55:00,7011AM2G,富春江水库严陵坞,23.16
2025-06-18T21:00:00,70101500,富春江电站(坝上),23.08
2025-06-18T21:00:00,70101501,富春江坝下,7.47
2025-06-18T21:00:00,70101800,窄溪,4.74
2025-06-18T21:00:00,70102300,闸口,4.32
2025-06-18T21:00:00,7010AJ33,渌渚,4.76
2025-06-18T21:00:00,7011AJ4M,新桐乡,4.63
2025-06-18T21:00:00,7011AJ5M,渌渚镇,6.38
2025-06-18T21:00:00,7011AJ7R,山溪叶家,50.18
2025-06-18T21:00:00,7011AJ8R,山溪幕下,65.59
2025-06-18T21:00:00,7011AJ9R,山溪前桐,194.2
2025-06-18T21:00:00,7011AM2G,富春江水库严陵坞,23.16
2025-06-18T21:05:00,70101500,富春江电站(坝上),23.08
2025-06-18T21:05:00,70101501,富春江坝下,7.45
2025-06-18T21:05:00,70101800,窄溪,4.74
2025-06-18T21:05:00,70102300,闸口,4.34
2025-06-18T21:05:00,7010AJ33,渌渚,4.78
2025-06-18T21:05:00,7011AJ4M,新桐乡,4.64
2025-06-18T21:05:00,7011AJ5M,渌渚镇,6.38
2025-06-18T21:05:00,7011AJ7R,山溪叶家,50.18
2025-06-18T21:05:00,7011AJ8R,山溪幕下,65.59
2025-06-18T21:05:00,7011AJ9R,山溪前桐,194.2
2025-06-18T21:05:00,7011AM2G,富春江水库严陵坞,23.16
2025-06-18T21:10:00,70101500,富春江电站(坝上),23.08
2025-06-18T21:10:00,70101501,富春江坝下,7.47
2025-06-18T21:10:00,70101800,窄溪,4.74
2025-06-18T21:10:00,70102300,闸口,4.35
2025-06-18T21:10:00,7010AJ33,渌渚,4.78
2025-06-18T21:10:00,7011AJ4M,新桐乡,4.64
2025-06-18T21:10:00,7011AJ5M,渌渚镇,6.38
2025-06-18T21:10:00,7011AJ7R,山溪叶家,50.18
2025-06-18T21:10:00,7011AJ8R,山溪幕下,65.59
2025-06-18T21:10:00,7011AJ9R,山溪前桐,194.2
2025-06-18T21:10:00,7011AM2G,富春江水库严陵坞,23.15
2025-06-18T21:15:00,70101500,富春江电站(坝上),23.07
2025-06-18T21:15:00,70101501,富春江坝下,7.48
2025-06-18T21:15:00,70101800,窄溪,4.74
2025-06-18T21:15:00,70102300,闸口,4.39
2025-06-18T21:15:00,7010AJ33,渌渚,4.78
2025-06-18T21:15:00,7011AJ4M,新桐乡,4.64
2025-06-18T21:15:00,7011AJ5M,渌渚镇,6.38
2025-06-18T21:15:00,7011AJ7R,山溪叶家,50.18
2025-06-18T21:15:00,7011AJ8R,山溪幕下,65.59
2025-06-18T21:15:00,7011AJ9R,山溪前桐,194.2
2025-06-18T21:15:00,7011AM2G,富春江水库严陵坞,23.15
2025-06-18T21:20:00,70101500,富春江电站(坝上),23.09
2025-06-18T21:20:00,70101501,富春江坝下,7.47
2025-06-18T21:20:00,70101800,窄溪,4.74
2025-06-18T21:20:00,70102300,闸口,4.4
2025-06-18T21:20:00,7010AJ33,渌渚,4.78
2025-06-18T21:20:00,7011AJ4M,新桐乡,4.64
2025-06-18T21:20:00,7011AJ5M,渌渚镇,6.37
2025-06-18T21:20:00,7011AJ7R,山溪叶家,50.18
2025-06-18T21:20:00,7011AJ8R,山溪幕下,65.59
2025-06-18T21:20:00,7011AJ9R,山溪前桐,194.2
2025-06-18T21:20:00,7011AM2G,富春江水库严陵坞,23.15
2025-06-18T21:25:00,70101500,富春江电站(坝上),23.08
2025-06-18T21:25:00,70101501,富春江坝下,7.47
2025-06-18T21:25:00,70101800,窄溪,4.74
2025-06-18T21:25:00,70102300,闸口,4.42
2025-06-18T21:25:00,7010AJ33,渌渚,4.78
2025-06-18T21:25:00,7011AJ4M,新桐乡,4.64
2025-06-18T21:25:00,7011AJ5M,渌渚镇,6.38
2025-06-18T21:25:00,7011AJ7R,山溪叶家,50.18
2025-06-18T21:25:00,7011AJ8R,山溪幕下,65.58
2025-06-18T21:25:00,7011AJ9R,山溪前桐,194.2
2025-06-18T21:25:00,7011AM2G,富春江水库严陵坞,23.15
2025-06-18T21:30:00,70101500,富春江电站(坝上),23.08
2025-06-18T21:30:00,70101501,富春江坝下,7.47
2025-06-18T21:30:00,70101800,窄溪,4.74
2025-06-18T21:30:00,70102300,闸口,4.43
2025-06-18T21:30:00,7010AJ33,渌渚,4.78
2025-06-18T21:30:00,7011AJ4M,新桐乡,4.64
2025-06-18T21:30:00,7011AJ5M,渌渚镇,6.38
2025-06-18T21:30:00,7011AJ7R,山溪叶家,50.18
2025-06-18T21:30:00,7011AJ8R,山溪幕下,65.59
2025-06-18T21:30:00,7011AJ9R,山溪前桐,194.2
2025-06-18T21:30:00,7011AM2G,富春江水库严陵坞,23.16
2025-06-18T21:35:00,70101500,富春江电站(坝上),23.08
2025-06-18T21:35:00,70101501,富春江坝下,7.48
2025-06-18T21:35:00,70101800,窄溪,4.74
2025-06-18T21:35:00,70102300,闸口,4.44
2025-06-18T21:35:00,7010AJ33,渌渚,4.78
2025-06-18T21:35:00,7011AJ4M,新桐乡,4.63
2025-06-18T21:35:00,7011AJ5M,渌渚镇,6.38
2025-06-18T21:35:00,7011AJ7R,山溪叶家,50.18
2025-06-18T21:35:00,7011AJ8R,山溪幕下,65.59
2025-06-18T21:35:00,7011AJ9R,山溪前桐,194.2
2025-06-18T21:35:00,7011AM2G,富春江水库严陵坞,23.15
2025-06-18T21:40:00,70101500,富春江电站(坝上),23.07
2025-06-18T21:40:00,70101501,富春江坝下,7.48
2025-06-18T21:40:00,70101800,窄溪,4.74
2025-06-18T21:40:00,70102300,闸口,4.45
2025-06-18T21:40:00,7010AJ33,渌渚,4.78
2025-06-18T21:40:00,7011AJ4M,新桐乡,4.63
2025-06-18T21:40:00,7011AJ5M,渌渚镇,6.38
2025-06-18T21:40:00,7011AJ7R,山溪叶家,50.18
2025-06-18T21:40:00,7011AJ8R,山溪幕下,65.59
2025-06-18T21:40:00,7011AJ9R,山溪前桐,194.2
2025-06-18T21:40:00,7011AM2G,富春江水库严陵坞,23.15
2025-06-18T21:45:00,70101500,富春江电站(坝上),23.07
2025-06-18T21:45:00,70101501,富春江坝下,7.48
2025-06-18T21:45:00,70101800,窄溪,4.74
2025-06-18T21:45:00,70102300,闸口,4.46
2025-06-18T21:45:00,7010AJ33,渌渚,4.78
2025-06-18T21:45:00,7011AJ4M,新桐乡,4.63
2025-06-18T21:45:00,7011AJ5M,渌渚镇,6.38
2025-06-18T21:45:00,7011AJ7R,山溪叶家,50.18
2025-06-18T21:45:00,7011AJ8R,山溪幕下,65.59
2025-06-18T21:45:00,7011AJ9R,山溪前桐,194.21
2025-06-18T21:45:00,7011AM2G,富春江水库严陵坞,23.15
2025-06-18T21:50:00,70101500,富春江电站(坝上),23.06
2025-06-18T21:50:00,70101501,富春江坝下,7.48
2025-06-18T21:50:00,70101800,窄溪,4.74
2025-06-18T21:50:00,70102300,闸口,4.47
2025-06-18T21:50:00,7010AJ33,渌渚,4.78
2025-06-18T21:50:00,7011AJ4M,新桐乡,4.63
2025-06-18T21:50:00,7011AJ5M,渌渚镇,6.38
2025-06-18T21:50:00,7011AJ7R,山溪叶家,50.18
2025-06-18T21:50:00,7011AJ8R,山溪幕下,65.58
2025-06-18T21:50:00,7011AJ9R,山溪前桐,194.21
2025-06-18T21:50:00,7011AM2G,富春江水库严陵坞,23.15
2025-06-18T21:55:00,70101500,富春江电站(坝上),23.07
2025-06-18T21:55:00,70101501,富春江坝下,7.5
2025-06-18T21:55:00,70101800,窄溪,4.74
2025-06-18T21:55:00,70102300,闸口,4.48
2025-06-18T21:55:00,7010AJ33,渌渚,4.78
2025-06-18T21:55:00,7011AJ4M,新桐乡,4.63
2025-06-18T21:55:00,7011AJ5M,渌渚镇,6.38
2025-06-18T21:55:00,7011AJ7R,山溪叶家,50.18
2025-06-18T21:55:00,7011AJ8R,山溪幕下,65.59
2025-06-18T21:55:00,7011AJ9R,山溪前桐,194.19
2025-06-18T21:55:00,7011AM2G,富春江水库严陵坞,23.15
2025-06-18T22:00:00,70101500,富春江电站(坝上),23.07
2025-06-18T22:00:00,70101501,富春江坝下,7.46
2025-06-18T22:00:00,70101800,窄溪,4.73
2025-06-18T22:00:00,70102300,闸口,4.48
2025-06-18T22:00:00,7010AJ33,渌渚,4.78
2025-06-18T22:00:00,7011AJ4M,新桐乡,4.63
2025-06-18T22:00:00,7011AJ5M,渌渚镇,6.38
2025-06-18T22:00:00,7011AJ7R,山溪叶家,50.18
2025-06-18T22:00:00,7011AJ8R,山溪幕下,65.59
2025-06-18T22:00:00,7011AJ9R,山溪前桐,194.2
2025-06-18T22:00:00,7011AM2G,富春江水库严陵坞,23.15
2025-06-18T22:05:00,70101500,富春江电站(坝上),23.07
2025-06-18T22:05:00,70101501,富春江坝下,7.48
2025-06-18T22:05:00,70101800,窄溪,4.74
2025-06-18T22:05:00,70102300,闸口,4.49
2025-06-18T22:05:00,7010AJ33,渌渚,4.78
2025-06-18T22:05:00,7011AJ4M,新桐乡,4.63
2025-06-18T22:05:00,7011AJ5M,渌渚镇,6.38
2025-06-18T22:05:00,7011AJ7R,山溪叶家,50.18
2025-06-18T22:05:00,7011AJ8R,山溪幕下,65.59
2025-06-18T22:05:00,7011AJ9R,山溪前桐,194.19
2025-06-18T22:05:00,7011AM2G,富春江水库严陵坞,23.15
2025-06-18T22:10:00,70101500,富春江电站(坝上),23.08
2025-06-18T22:10:00,70101501,富春江坝下,7.48
2025-06-18T22:10:00,70101800,窄溪,4.73
2025-06-18T22:10:00,70102300,闸口,4.49
2025-06-18T22:10:00,7010AJ33,渌渚,4.78
2025-06-18T22:10:00,7011AJ4M,新桐乡,4.62
2025-06-18T22:10:00,7011AJ5M,渌渚镇,6.38
2025-06-18T22:10:00,7011AJ7R,山溪叶家,50.17
2025-06-18T22:10:00,7011AJ8R,山溪幕下,65.59
2025-06-18T22:10:00,7011AJ9R,山溪前桐,194.2
2025-06-18T22:10:00,7011AM2G,富春江水库严陵坞,23.15
2025-06-18T22:15:00,70101500,富春江电站(坝上),23.08
2025-06-18T22:15:00,70101501,富春江坝下,7.52
2025-06-18T22:15:00,70101800,窄溪,4.73
2025-06-18T22:15:00,70102300,闸口,4.49
2025-06-18T22:15:00,7010AJ33,渌渚,4.78
2025-06-18T22:15:00,7011AJ4M,新桐乡,4.62
2025-06-18T22:15:00,7011AJ5M,渌渚镇,6.38
2025-06-18T22:15:00,7011AJ7R,山溪叶家,50.18
2025-06-18T22:15:00,7011AJ8R,山溪幕下,65.59
2025-06-18T22:15:00,7011AJ9R,山溪前桐,194.2
2025-06-18T22:15:00,7011AM2G,富春江水库严陵坞,23.15
2025-06-18T22:20:00,70101500,富春江电站(坝上),23.08
2025-06-18T22:20:00,70101501,富春江坝下,7.54
2025-06-18T22:20:00,70101800,窄溪,4.73
2025-06-18T22:20:00,70102300,闸口,4.49
2025-06-18T22:20:00,7010AJ33,渌渚,4.78
2025-06-18T22:20:00,7011AJ4M,新桐乡,4.63
2025-06-18T22:20:00,7011AJ5M,渌渚镇,6.38
2025-06-18T22:20:00,7011AJ7R,山溪叶家,50.17
2025-06-18T22:20:00,7011AJ8R,山溪幕下,65.59
2025-06-18T22:20:00,7011AJ9R,山溪前桐,194.2
2025-06-18T22:20:00,7011AM2G,富春江水库严陵坞,23.15
2025-06-18T22:25:00,70101500,富春江电站(坝上),23.07
2025-06-18T22:25:00,70101501,富春江坝下,7.5
2025-06-18T22:25:00,70101800,窄溪,4.73
2025-06-18T22:25:00,70102300,闸口,4.49
2025-06-18T22:25:00,7010AJ33,渌渚,4.76
2025-06-18T22:25:00,7011AJ4M,新桐乡,4.63
2025-06-18T22:25:00,7011AJ5M,渌渚镇,6.38
2025-06-18T22:25:00,7011AJ7R,山溪叶家,50.18
2025-06-18T22:25:00,7011AJ8R,山溪幕下,65.59
2025-06-18T22:25:00,7011AJ9R,山溪前桐,194.2
2025-06-18T22:25:00,7011AM2G,富春江水库严陵坞,23.15
2025-06-18T22:30:00,70101500,富春江电站(坝上),23.07
2025-06-18T22:30:00,70101501,富春江坝下,7.51
2025-06-18T22:30:00,70101800,窄溪,4.73
2025-06-18T22:30:00,70102300,闸口,4.49
2025-06-18T22:30:00,7010AJ33,渌渚,4.76
2025-06-18T22:30:00,7011AJ4M,新桐乡,4.63
2025-06-18T22:30:00,7011AJ5M,渌渚镇,6.38
2025-06-18T22:30:00,7011AJ7R,山溪叶家,50.17
2025-06-18T22:30:00,7011AJ8R,山溪幕下,65.59
2025-06-18T22:30:00,7011AJ9R,山溪前桐,194.2
2025-06-18T22:30:00,7011AM2G,富春江水库严陵坞,23.15
2025-06-18T22:35:00,70101500,富春江电站(坝上),23.08
2025-06-18T22:35:00,70101501,富春江坝下,7.5
2025-06-18T22:35:00,70101800,窄溪,4.73
2025-06-18T22:35:00,70102300,闸口,4.49
2025-06-18T22:35:00,7010AJ33,渌渚,4.76
2025-06-18T22:35:00,7011AJ4M,新桐乡,4.63
2025-06-18T22:35:00,7011AJ5M,渌渚镇,6.38
2025-06-18T22:35:00,7011AJ7R,山溪叶家,50.18
2025-06-18T22:35:00,7011AJ8R,山溪幕下,65.58
2025-06-18T22:35:00,7011AJ9R,山溪前桐,194.2
2025-06-18T22:35:00,7011AM2G,富春江水库严陵坞,23.15
2025-06-18T22:40:00,70101500,富春江电站(坝上),23.07
2025-06-18T22:40:00,70101501,富春江坝下,7.48
2025-06-18T22:40:00,70101800,窄溪,4.73
2025-06-18T22:40:00,70102300,闸口,4.48
2025-06-18T22:40:00,7010AJ33,渌渚,4.76
2025-06-18T22:40:00,7011AJ4M,新桐乡,4.63
2025-06-18T22:40:00,7011AJ5M,渌渚镇,6.38
2025-06-18T22:40:00,7011AJ7R,山溪叶家,50.18
2025-06-18T22:40:00,7011AJ8R,山溪幕下,65.58
2025-06-18T22:40:00,7011AJ9R,山溪前桐,194.2
2025-06-18T22:40:00,7011AM2G,富春江水库严陵坞,23.15
2025-06-18T22:45:00,70101500,富春江电站(坝上),23.07
2025-06-18T22:45:00,70101501,富春江坝下,7.5
2025-06-18T22:45:00,70101800,窄溪,4.73
2025-06-18T22:45:00,70102300,闸口,4.48
2025-06-18T22:45:00,7010AJ33,渌渚,4.78
2025-06-18T22:45:00,7011AJ4M,新桐乡,4.63
2025-06-18T22:45:00,7011AJ5M,渌渚镇,6.38
2025-06-18T22:45:00,7011AJ7R,山溪叶家,50.18
2025-06-18T22:45:00,7011AJ8R,山溪幕下,65.59
2025-06-18T22:45:00,7011AJ9R,山溪前桐,194.2
2025-06-18T22:45:00,7011AM2G,富春江水库严陵坞,23.15
2025-06-18T22:50:00,70101500,富春江电站(坝上),23.07
2025-06-18T22:50:00,70101501,富春江坝下,7.47
2025-06-18T22:50:00,70101800,窄溪,4.73
2025-06-18T22:50:00,70102300,闸口,4.49
2025-06-18T22:50:00,7010AJ33,渌渚,4.76
2025-06-18T22:50:00,7011AJ4M,新桐乡,4.63
2025-06-18T22:50:00,7011AJ5M,渌渚镇,6.38
2025-06-18T22:50:00,7011AJ7R,山溪叶家,50.18
2025-06-18T22:50:00,7011AJ8R,山溪幕下,65.59
2025-06-18T22:50:00,7011AJ9R,山溪前桐,194.2
2025-06-18T22:50:00,7011AM2G,富春江水库严陵坞,23.15
2025-06-18T22:55:00,70101500,富春江电站(坝上),23.07
2025-06-18T22:55:00,70101501,富春江坝下,7.5
2025-06-18T22:55:00,70101800,窄溪,4.73
2025-06-18T22:55:00,70102300,闸口,4.49
2025-06-18T22:55:00,7010AJ33,渌渚,4.76
2025-06-18T22:55:00,7011AJ4M,新桐乡,4.63
2025-06-18T22:55:00,7011AJ5M,渌渚镇,6.38
2025-06-18T22:55:00,7011AJ7R,山溪叶家,50.18
2025-06-18T22:55:00,7011AJ8R,山溪幕下,65.59
2025-06-18T22:55:00,7011AJ9R,山溪前桐,194.2
2025-06-18T22:55:00,7011AM2G,富春江水库严陵坞,23.15
2025-06-18T23:00:00,70101500,富春江电站(坝上),23.07
2025-06-18T23:00:00,70101501,富春江坝下,7.49
2025-06-18T23:00:00,70101800,窄溪,4.74
2025-06-18T23:00:00,70102300,闸口,4.49
2025-06-18T23:00:00,7010AJ33,渌渚,4.78
2025-06-18T23:00:00,7011AJ4M,新桐乡,4.63
2025-06-18T23:00:00,7011AJ5M,渌渚镇,6.38
2025-06-18T23:00:00,7011AJ7R,山溪叶家,50.18
2025-06-18T23:00:00,7011AJ8R,山溪幕下,65.58
2025-06-18T23:00:00,7011AJ9R,山溪前桐,194.2
2025-06-18T23:00:00,7011AM2G,富春江水库严陵坞,23.15
2025-06-18T23:05:00,70101500,富春江电站(坝上),23.07
2025-06-18T23:05:00,70101501,富春江坝下,7.49
2025-06-18T23:05:00,70101800,窄溪,4.74
2025-06-18T23:05:00,70102300,闸口,4.49
2025-06-18T23:05:00,7010AJ33,渌渚,4.78
2025-06-18T23:05:00,7011AJ4M,新桐乡,4.63
2025-06-18T23:05:00,7011AJ5M,渌渚镇,6.38
2025-06-18T23:05:00,7011AJ7R,山溪叶家,50.18
2025-06-18T23:05:00,7011AJ8R,山溪幕下,65.58
2025-06-18T23:05:00,7011AJ9R,山溪前桐,194.2
2025-06-18T23:05:00,7011AM2G,富春江水库严陵坞,23.15
2025-06-18T23:10:00,70101500,富春江电站(坝上),23.06
2025-06-18T23:10:00,70101501,富春江坝下,7.5
2025-06-18T23:10:00,70101800,窄溪,4.75
2025-06-18T23:10:00,70102300,闸口,4.49
2025-06-18T23:10:00,7010AJ33,渌渚,4.78
2025-06-18T23:10:00,7011AJ4M,新桐乡,4.64
2025-06-18T23:10:00,7011AJ5M,渌渚镇,6.38
2025-06-18T23:10:00,7011AJ7R,山溪叶家,50.17
2025-06-18T23:10:00,7011AJ8R,山溪幕下,65.58
2025-06-18T23:10:00,7011AJ9R,山溪前桐,194.2
2025-06-18T23:10:00,7011AM2G,富春江水库严陵坞,23.15
2025-06-18T23:15:00,70101500,富春江电站(坝上),23.06
2025-06-18T23:15:00,70101501,富春江坝下,7.48
2025-06-18T23:15:00,70101800,窄溪,4.75
2025-06-18T23:15:00,70102300,闸口,4.49
2025-06-18T23:15:00,7010AJ33,渌渚,4.78
2025-06-18T23:15:00,7011AJ4M,新桐乡,4.65
2025-06-18T23:15:00,7011AJ5M,渌渚镇,6.38
2025-06-18T23:15:00,7011AJ7R,山溪叶家,50.18
2025-06-18T23:15:00,7011AJ8R,山溪幕下,65.59
2025-06-18T23:15:00,7011AJ9R,山溪前桐,194.2
2025-06-18T23:15:00,7011AM2G,富春江水库严陵坞,23.15
2025-06-18T23:20:00,70101500,富春江电站(坝上),23.07
2025-06-18T23:20:00,70101501,富春江坝下,7.5
2025-06-18T23:20:00,70101800,窄溪,4.75
2025-06-18T23:20:00,70102300,闸口,4.49
2025-06-18T23:20:00,7010AJ33,渌渚,4.78
2025-06-18T23:20:00,7011AJ4M,新桐乡,4.67
2025-06-18T23:20:00,7011AJ5M,渌渚镇,6.38
2025-06-18T23:20:00,7011AJ7R,山溪叶家,50.18
2025-06-18T23:20:00,7011AJ8R,山溪幕下,65.58
2025-06-18T23:20:00,7011AJ9R,山溪前桐,194.2
2025-06-18T23:20:00,7011AM2G,富春江水库严陵坞,23.15
2025-06-18T23:25:00,70101500,富春江电站(坝上),23.06
2025-06-18T23:25:00,70101501,富春江坝下,7.48
2025-06-18T23:25:00,70101800,窄溪,4.76
2025-06-18T23:25:00,70102300,闸口,4.49
2025-06-18T23:25:00,7010AJ33,渌渚,4.78
2025-06-18T23:25:00,7011AJ4M,新桐乡,4.66
2025-06-18T23:25:00,7011AJ5M,渌渚镇,6.38
2025-06-18T23:25:00,7011AJ7R,山溪叶家,50.17
2025-06-18T23:25:00,7011AJ8R,山溪幕下,65.58
2025-06-18T23:25:00,7011AJ9R,山溪前桐,194.2
2025-06-18T23:25:00,7011AM2G,富春江水库严陵坞,23.15
2025-06-18T23:30:00,70101500,富春江电站(坝上),23.06
2025-06-18T23:30:00,70101501,富春江坝下,7.48
2025-06-18T23:30:00,70101800,窄溪,4.76
2025-06-18T23:30:00,70102300,闸口,4.49
2025-06-18T23:30:00,7010AJ33,渌渚,4.78
2025-06-18T23:30:00,7011AJ4M,新桐乡,4.66
2025-06-18T23:30:00,7011AJ5M,渌渚镇,6.38
2025-06-18T23:30:00,7011AJ7R,山溪叶家,50.17
2025-06-18T23:30:00,7011AJ8R,山溪幕下,65.59
2025-06-18T23:30:00,7011AJ9R,山溪前桐,194.19
2025-06-18T23:30:00,7011AM2G,富春江水库严陵坞,23.15
2025-06-18T23:35:00,70101500,富春江电站(坝上),23.06
2025-06-18T23:35:00,70101501,富春江坝下,7.5
2025-06-18T23:35:00,70101800,窄溪,4.77
2025-06-18T23:35:00,70102300,闸口,4.49
2025-06-18T23:35:00,7010AJ33,渌渚,4.78
2025-06-18T23:35:00,7011AJ4M,新桐乡,4.69
2025-06-18T23:35:00,7011AJ5M,渌渚镇,6.38
2025-06-18T23:35:00,7011AJ7R,山溪叶家,50.17
2025-06-18T23:35:00,7011AJ8R,山溪幕下,65.58
2025-06-18T23:35:00,7011AJ9R,山溪前桐,194.2
2025-06-18T23:35:00,7011AM2G,富春江水库严陵坞,23.15
2025-06-18T23:40:00,70101500,富春江电站(坝上),23.06
2025-06-18T23:40:00,70101501,富春江坝下,7.49
2025-06-18T23:40:00,70101800,窄溪,4.78
2025-06-18T23:40:00,70102300,闸口,4.49
2025-06-18T23:40:00,7010AJ33,渌渚,4.8
2025-06-18T23:40:00,7011AJ4M,新桐乡,4.7
2025-06-18T23:40:00,7011AJ5M,渌渚镇,6.38
2025-06-18T23:40:00,7011AJ7R,山溪叶家,50.17
2025-06-18T23:40:00,7011AJ8R,山溪幕下,65.58
2025-06-18T23:40:00,7011AJ9R,山溪前桐,194.2
2025-06-18T23:40:00,7011AM2G,富春江水库严陵坞,23.15
2025-06-18T23:45:00,70101500,富春江电站(坝上),23.05
2025-06-18T23:45:00,70101501,富春江坝下,7.49
2025-06-18T23:45:00,70101800,窄溪,4.78
2025-06-18T23:45:00,70102300,闸口,4.49
2025-06-18T23:45:00,7010AJ33,渌渚,4.8
2025-06-18T23:45:00,7011AJ4M,新桐乡,4.7
2025-06-18T23:45:00,7011AJ5M,渌渚镇,6.38
2025-06-18T23:45:00,7011AJ7R,山溪叶家,50.17
2025-06-18T23:45:00,7011AJ8R,山溪幕下,65.58
2025-06-18T23:45:00,7011AJ9R,山溪前桐,194.2
2025-06-18T23:45:00,7011AM2G,富春江水库严陵坞,23.15
2025-06-18T23:50:00,70101500,富春江电站(坝上),23.06
2025-06-18T23:50:00,70101501,富春江坝下,7.48
2025-06-18T23:50:00,70101800,窄溪,4.79
2025-06-18T23:50:00,70102300,闸口,4.49
2025-06-18T23:50:00,7010AJ33,渌渚,4.8
2025-06-18T23:50:00,7011AJ4M,新桐乡,4.71
2025-06-18T23:50:00,7011AJ5M,渌渚镇,6.38
2025-06-18T23:50:00,7011AJ7R,山溪叶家,50.17
2025-06-18T23:50:00,7011AJ8R,山溪幕下,65.59
2025-06-18T23:50:00,7011AJ9R,山溪前桐,194.2
2025-06-18T23:50:00,7011AM2G,富春江水库严陵坞,23.15
2025-06-18T23:55:00,70101500,富春江电站(坝上),23.05
2025-06-18T23:55:00,70101501,富春江坝下,7.48
2025-06-18T23:55:00,70101800,窄溪,4.8
2025-06-18T23:55:00,70102300,闸口,4.49
2025-06-18T23:55:00,7010AJ33,渌渚,4.82
2025-06-18T23:55:00,7011AJ4M,新桐乡,4.71
2025-06-18T23:55:00,7011AJ5M,渌渚镇,6.38
2025-06-18T23:55:00,7011AJ7R,山溪叶家,50.17
2025-06-18T23:55:00,7011AJ8R,山溪幕下,65.58
2025-06-18T23:55:00,7011AJ9R,山溪前桐,194.2
2025-06-18T23:55:00,7011AM2G,富春江水库严陵坞,23.13
2025-06-19T00:00:00,70101500,富春江电站(坝上),23.05
2025-06-19T00:00:00,70101501,富春江坝下,7.49
2025-06-19T00:00:00,70101800,窄溪,4.8
2025-06-19T00:00:00,70102300,闸口,4.49
2025-06-19T00:00:00,7010AJ33,渌渚,4.82
2025-06-19T00:00:00,7011AJ4M,新桐乡,4.71
2025-06-19T00:00:00,7011AJ5M,渌渚镇,6.38
2025-06-19T00:00:00,7011AJ7R,山溪叶家,50.17
2025-06-19T00:00:00,7011AJ8R,山溪幕下,65.58
2025-06-19T00:00:00,7011AJ9R,山溪前桐,194.2
2025-06-19T00:00:00,7011AM2G,富春江水库严陵坞,23.13
2025-06-19T00:05:00,70101500,富春江电站(坝上),23.05
2025-06-19T00:05:00,70101501,富春江坝下,7.5
2025-06-19T00:05:00,70101800,窄溪,4.81
2025-06-19T00:05:00,70102300,闸口,4.48
2025-06-19T00:05:00,7010AJ33,渌渚,4.84
2025-06-19T00:05:00,7011AJ4M,新桐乡,4.72
2025-06-19T00:05:00,7011AJ5M,渌渚镇,6.38
2025-06-19T00:05:00,7011AJ7R,山溪叶家,50.17
2025-06-19T00:05:00,7011AJ8R,山溪幕下,65.58
2025-06-19T00:05:00,7011AJ9R,山溪前桐,194.2
2025-06-19T00:05:00,7011AM2G,富春江水库严陵坞,23.13
2025-06-19T00:10:00,70101500,富春江电站(坝上),23.06
2025-06-19T00:10:00,70101501,富春江坝下,7.5
2025-06-19T00:10:00,70101800,窄溪,4.81
2025-06-19T00:10:00,70102300,闸口,4.48
2025-06-19T00:10:00,7010AJ33,渌渚,4.84
2025-06-19T00:10:00,7011AJ4M,新桐乡,4.72
2025-06-19T00:10:00,7011AJ5M,渌渚镇,6.38
2025-06-19T00:10:00,7011AJ7R,山溪叶家,50.18
2025-06-19T00:10:00,7011AJ8R,山溪幕下,65.58
2025-06-19T00:10:00,7011AJ9R,山溪前桐,194.2
2025-06-19T00:10:00,7011AM2G,富春江水库严陵坞,23.13
2025-06-19T00:15:00,70101500,富春江电站(坝上),23.05
2025-06-19T00:15:00,70101501,富春江坝下,7.49
2025-06-19T00:15:00,70101800,窄溪,4.82
2025-06-19T00:15:00,70102300,闸口,4.48
2025-06-19T00:15:00,7010AJ33,渌渚,4.86
2025-06-19T00:15:00,7011AJ4M,新桐乡,4.74
2025-06-19T00:15:00,7011AJ5M,渌渚镇,6.38
2025-06-19T00:15:00,7011AJ7R,山溪叶家,50.18
2025-06-19T00:15:00,7011AJ8R,山溪幕下,65.58
2025-06-19T00:15:00,7011AJ9R,山溪前桐,194.2
2025-06-19T00:15:00,7011AM2G,富春江水库严陵坞,23.13
2025-06-19T00:20:00,70101500,富春江电站(坝上),23.05
2025-06-19T00:20:00,70101501,富春江坝下,7.49
2025-06-19T00:20:00,70101800,窄溪,4.82
2025-06-19T00:20:00,70102300,闸口,4.48
2025-06-19T00:20:00,7010AJ33,渌渚,4.86
2025-06-19T00:20:00,7011AJ4M,新桐乡,4.74
2025-06-19T00:20:00,7011AJ5M,渌渚镇,6.38
2025-06-19T00:20:00,7011AJ7R,山溪叶家,50.17
2025-06-19T00:20:00,7011AJ8R,山溪幕下,65.58
2025-06-19T00:20:00,7011AJ9R,山溪前桐,194.2
2025-06-19T00:20:00,7011AM2G,富春江水库严陵坞,23.13
2025-06-19T00:25:00,70101500,富春江电站(坝上),23.06
2025-06-19T00:25:00,70101501,富春江坝下,7.5
2025-06-19T00:25:00,70101800,窄溪,4.82
2025-06-19T00:25:00,70102300,闸口,4.48
2025-06-19T00:25:00,7010AJ33,渌渚,4.86
2025-06-19T00:25:00,7011AJ4M,新桐乡,4.75
2025-06-19T00:25:00,7011AJ5M,渌渚镇,6.37
2025-06-19T00:25:00,7011AJ7R,山溪叶家,50.17
2025-06-19T00:25:00,7011AJ8R,山溪幕下,65.58
2025-06-19T00:25:00,7011AJ9R,山溪前桐,194.2
2025-06-19T00:25:00,7011AM2G,富春江水库严陵坞,23.13
2025-06-19T00:30:00,70101500,富春江电站(坝上),23.06
2025-06-19T00:30:00,70101501,富春江坝下,7.48
2025-06-19T00:30:00,70101800,窄溪,4.83
2025-06-19T00:30:00,70102300,闸口,4.47
2025-06-19T00:30:00,7010AJ33,渌渚,4.86
2025-06-19T00:30:00,7011AJ4M,新桐乡,4.75
2025-06-19T00:30:00,7011AJ5M,渌渚镇,6.37
2025-06-19T00:30:00,7011AJ7R,山溪叶家,50.17
2025-06-19T00:30:00,7011AJ8R,山溪幕下,65.58
2025-06-19T00:30:00,7011AJ9R,山溪前桐,194.2
2025-06-19T00:30:00,7011AM2G,富春江水库严陵坞,23.13
2025-06-19T00:35:00,70101500,富春江电站(坝上),23.06
2025-06-19T00:35:00,70101501,富春江坝下,7.49
2025-06-19T00:35:00,70101800,窄溪,4.83
2025-06-19T00:35:00,70102300,闸口,4.47
2025-06-19T00:35:00,7010AJ33,渌渚,4.88
2025-06-19T00:35:00,7011AJ4M,新桐乡,4.75
2025-06-19T00:35:00,7011AJ5M,渌渚镇,6.36
2025-06-19T00:35:00,7011AJ7R,山溪叶家,50.17
2025-06-19T00:35:00,7011AJ8R,山溪幕下,65.58
2025-06-19T00:35:00,7011AJ9R,山溪前桐,194.2
2025-06-19T00:35:00,7011AM2G,富春江水库严陵坞,23.13
2025-06-19T00:40:00,70101500,富春江电站(坝上),23.06
2025-06-19T00:40:00,70101501,富春江坝下,7.47
2025-06-19T00:40:00,70101800,窄溪,4.83
2025-06-19T00:40:00,70102300,闸口,4.47
2025-06-19T00:40:00,7010AJ33,渌渚,4.88
2025-06-19T00:40:00,7011AJ4M,新桐乡,4.76
2025-06-19T00:40:00,7011AJ5M,渌渚镇,6.36
2025-06-19T00:40:00,7011AJ7R,山溪叶家,50.17
2025-06-19T00:40:00,7011AJ8R,山溪幕下,65.58
2025-06-19T00:40:00,7011AJ9R,山溪前桐,194.2
2025-06-19T00:40:00,7011AM2G,富春江水库严陵坞,23.14
2025-06-19T00:45:00,70101500,富春江电站(坝上),23.06
2025-06-19T00:45:00,70101501,富春江坝下,7.48
2025-06-19T00:45:00,70101800,窄溪,4.84
2025-06-19T00:45:00,70102300,闸口,4.47
2025-06-19T00:45:00,7010AJ33,渌渚,4.88
2025-06-19T00:45:00,7011AJ4M,新桐乡,4.76
2025-06-19T00:45:00,7011AJ5M,渌渚镇,6.36
2025-06-19T00:45:00,7011AJ7R,山溪叶家,50.18
2025-06-19T00:45:00,7011AJ8R,山溪幕下,65.58
2025-06-19T00:45:00,7011AJ9R,山溪前桐,194.2
2025-06-19T00:45:00,7011AM2G,富春江水库严陵坞,23.14
2025-06-19T00:50:00,70101500,富春江电站(坝上),23.06
2025-06-19T00:50:00,70101501,富春江坝下,7.48
2025-06-19T00:50:00,70101800,窄溪,4.84
2025-06-19T00:50:00,70102300,闸口,4.47
2025-06-19T00:50:00,7010AJ33,渌渚,4.88
2025-06-19T00:50:00,7011AJ4M,新桐乡,4.76
2025-06-19T00:50:00,7011AJ5M,渌渚镇,6.36
2025-06-19T00:50:00,7011AJ7R,山溪叶家,50.17
2025-06-19T00:50:00,7011AJ8R,山溪幕下,65.58
2025-06-19T00:50:00,7011AJ9R,山溪前桐,194.2
2025-06-19T00:50:00,7011AM2G,富春江水库严陵坞,23.14
2025-06-19T00:55:00,70101500,富春江电站(坝上),23.06
2025-06-19T00:55:00,70101501,富春江坝下,7.49
2025-06-19T00:55:00,70101800,窄溪,4.84
2025-06-19T00:55:00,70102300,闸口,4.47
2025-06-19T00:55:00,7010AJ33,渌渚,4.86
2025-06-19T00:55:00,7011AJ4M,新桐乡,4.76
2025-06-19T00:55:00,7011AJ5M,渌渚镇,6.36
2025-06-19T00:55:00,7011AJ7R,山溪叶家,50.18
2025-06-19T00:55:00,7011AJ8R,山溪幕下,65.58
2025-06-19T00:55:00,7011AJ9R,山溪前桐,194.2
2025-06-19T00:55:00,7011AM2G,富春江水库严陵坞,23.14
2025-06-19T01:00:00,70101500,富春江电站(坝上),23.05
2025-06-19T01:00:00,70101501,富春江坝下,7.48
2025-06-19T01:00:00,70101800,窄溪,4.84
2025-06-19T01:00:00,70102300,闸口,4.46
2025-06-19T01:00:00,7010AJ33,渌渚,4.86
2025-06-19T01:00:00,7011AJ4M,新桐乡,4.76
2025-06-19T01:00:00,7011AJ5M,渌渚镇,6.36
2025-06-19T01:00:00,7011AJ7R,山溪叶家,50.18
2025-06-19T01:00:00,7011AJ8R,山溪幕下,65.58
2025-06-19T01:00:00,7011AJ9R,山溪前桐,194.19
2025-06-19T01:00:00,7011AM2G,富春江水库严陵坞,23.14
2025-06-19T01:05:00,70101500,富春江电站(坝上),23.06
2025-06-19T01:05:00,70101501,富春江坝下,7.47
2025-06-19T01:05:00,70101800,窄溪,4.84
2025-06-19T01:05:00,70102300,闸口,4.47
2025-06-19T01:05:00,7010AJ33,渌渚,4.86
2025-06-19T01:05:00,7011AJ4M,新桐乡,4.77
2025-06-19T01:05:00,7011AJ5M,渌渚镇,6.36
2025-06-19T01:05:00,7011AJ7R,山溪叶家,50.17
2025-06-19T01:05:00,7011AJ8R,山溪幕下,65.58
2025-06-19T01:05:00,7011AJ9R,山溪前桐,194.2
2025-06-19T01:05:00,7011AM2G,富春江水库严陵坞,23.13
2025-06-19T01:10:00,70101500,富春江电站(坝上),23.06
2025-06-19T01:10:00,70101501,富春江坝下,7.5
2025-06-19T01:10:00,70101800,窄溪,4.84
2025-06-19T01:10:00,70102300,闸口,4.46
2025-06-19T01:10:00,7010AJ33,渌渚,4.86
2025-06-19T01:10:00,7011AJ4M,新桐乡,4.77
2025-06-19T01:10:00,7011AJ5M,渌渚镇,6.35
2025-06-19T01:10:00,7011AJ7R,山溪叶家,50.18
2025-06-19T01:10:00,7011AJ8R,山溪幕下,65.58
2025-06-19T01:10:00,7011AJ9R,山溪前桐,194.19
2025-06-19T01:10:00,7011AM2G,富春江水库严陵坞,23.13
2025-06-19T01:15:00,70101500,富春江电站(坝上),23.04
2025-06-19T01:15:00,70101501,富春江坝下,7.48
2025-06-19T01:15:00,70101800,窄溪,4.84
2025-06-19T01:15:00,70102300,闸口,4.46
2025-06-19T01:15:00,7010AJ33,渌渚,4.86
2025-06-19T01:15:00,7011AJ4M,新桐乡,4.77
2025-06-19T01:15:00,7011AJ5M,渌渚镇,6.35
2025-06-19T01:15:00,7011AJ7R,山溪叶家,50.17
2025-06-19T01:15:00,7011AJ8R,山溪幕下,65.58
2025-06-19T01:15:00,7011AJ9R,山溪前桐,194.2
2025-06-19T01:15:00,7011AM2G,富春江水库严陵坞,23.12
2025-06-19T01:20:00,70101500,富春江电站(坝上),23.04
2025-06-19T01:20:00,70101501,富春江坝下,7.48
2025-06-19T01:20:00,70101800,窄溪,4.85
2025-06-19T01:20:00,70102300,闸口,4.46
2025-06-19T01:20:00,7010AJ33,渌渚,4.86
2025-06-19T01:20:00,7011AJ4M,新桐乡,4.76
2025-06-19T01:20:00,7011AJ5M,渌渚镇,6.35
2025-06-19T01:20:00,7011AJ7R,山溪叶家,50.17
2025-06-19T01:20:00,7011AJ8R,山溪幕下,65.58
2025-06-19T01:20:00,7011AJ9R,山溪前桐,194.2
2025-06-19T01:20:00,7011AM2G,富春江水库严陵坞,23.12
2025-06-19T01:25:00,70101500,富春江电站(坝上),23.02
2025-06-19T01:25:00,70101501,富春江坝下,7.49
2025-06-19T01:25:00,70101800,窄溪,4.85
2025-06-19T01:25:00,70102300,闸口,4.46
2025-06-19T01:25:00,7010AJ33,渌渚,4.88
2025-06-19T01:25:00,7011AJ4M,新桐乡,4.76
2025-06-19T01:25:00,7011AJ5M,渌渚镇,6.35
2025-06-19T01:25:00,7011AJ7R,山溪叶家,50.18
2025-06-19T01:25:00,7011AJ8R,山溪幕下,65.58
2025-06-19T01:25:00,7011AJ9R,山溪前桐,194.2
2025-06-19T01:25:00,7011AM2G,富春江水库严陵坞,23.12
2025-06-19T01:30:00,70101500,富春江电站(坝上),23.01
2025-06-19T01:30:00,70101501,富春江坝下,7.48
2025-06-19T01:30:00,70101800,窄溪,4.85
2025-06-19T01:30:00,70102300,闸口,4.46
2025-06-19T01:30:00,7010AJ33,渌渚,4.88
2025-06-19T01:30:00,7011AJ4M,新桐乡,4.77
2025-06-19T01:30:00,7011AJ5M,渌渚镇,6.35
2025-06-19T01:30:00,7011AJ7R,山溪叶家,50.17
2025-06-19T01:30:00,7011AJ8R,山溪幕下,65.58
2025-06-19T01:30:00,7011AJ9R,山溪前桐,194.19
2025-06-19T01:30:00,7011AM2G,富春江水库严陵坞,23.11
2025-06-19T01:35:00,70101500,富春江电站(坝上),23.0
2025-06-19T01:35:00,70101501,富春江坝下,7.48
2025-06-19T01:35:00,70101800,窄溪,4.85
2025-06-19T01:35:00,70102300,闸口,4.46
2025-06-19T01:35:00,7010AJ33,渌渚,4.89
2025-06-19T01:35:00,7011AJ4M,新桐乡,4.77
2025-06-19T01:35:00,7011AJ5M,渌渚镇,6.35
2025-06-19T01:35:00,7011AJ7R,山溪叶家,50.18
2025-06-19T01:35:00,7011AJ8R,山溪幕下,65.58
2025-06-19T01:35:00,7011AJ9R,山溪前桐,194.2
2025-06-19T01:35:00,7011AM2G,富春江水库严陵坞,23.08
2025-06-19T01:40:00,70101500,富春江电站(坝上),22.99
2025-06-19T01:40:00,70101501,富春江坝下,7.48
2025-06-19T01:40:00,70101800,窄溪,4.85
2025-06-19T01:40:00,70102300,闸口,4.46
2025-06-19T01:40:00,7010AJ33,渌渚,4.89
2025-06-19T01:40:00,7011AJ4M,新桐乡,4.77
2025-06-19T01:40:00,7011AJ5M,渌渚镇,6.35
2025-06-19T01:40:00,7011AJ7R,山溪叶家,50.17
2025-06-19T01:40:00,7011AJ8R,山溪幕下,65.58
2025-06-19T01:40:00,7011AJ9R,山溪前桐,194.19
2025-06-19T01:40:00,7011AM2G,富春江水库严陵坞,23.07
2025-06-19T01:45:00,70101500,富春江电站(坝上),22.97
2025-06-19T01:45:00,70101501,富春江坝下,7.5
2025-06-19T01:45:00,70101800,窄溪,4.86
2025-06-19T01:45:00,70102300,闸口,4.46
2025-06-19T01:45:00,7010AJ33,渌渚,4.89
2025-06-19T01:45:00,7011AJ4M,新桐乡,4.77
2025-06-19T01:45:00,7011AJ5M,渌渚镇,6.34
2025-06-19T01:45:00,7011AJ7R,山溪叶家,50.17
2025-06-19T01:45:00,7011AJ8R,山溪幕下,65.58
2025-06-19T01:45:00,7011AJ9R,山溪前桐,194.19
2025-06-19T01:45:00,7011AM2G,富春江水库严陵坞,23.06
2025-06-19T01:50:00,70101500,富春江电站(坝上),22.95
2025-06-19T01:50:00,70101501,富春江坝下,7.51
2025-06-19T01:50:00,70101800,窄溪,4.86
2025-06-19T01:50:00,70102300,闸口,4.46
2025-06-19T01:50:00,7010AJ33,渌渚,4.89
2025-06-19T01:50:00,7011AJ4M,新桐乡,4.77
2025-06-19T01:50:00,7011AJ5M,渌渚镇,6.34
2025-06-19T01:50:00,7011AJ7R,山溪叶家,50.17
2025-06-19T01:50:00,7011AJ8R,山溪幕下,65.58
2025-06-19T01:50:00,7011AJ9R,山溪前桐,194.2
2025-06-19T01:50:00,7011AM2G,富春江水库严陵坞,23.03
2025-06-19T01:55:00,70101500,富春江电站(坝上),22.92
2025-06-19T01:55:00,70101501,富春江坝下,7.49
2025-06-19T01:55:00,70101800,窄溪,4.86
2025-06-19T01:55:00,70102300,闸口,4.46
2025-06-19T01:55:00,7010AJ33,渌渚,4.89
2025-06-19T01:55:00,7011AJ4M,新桐乡,4.76
2025-06-19T01:55:00,7011AJ5M,渌渚镇,6.34
2025-06-19T01:55:00,7011AJ7R,山溪叶家,50.17
2025-06-19T01:55:00,7011AJ8R,山溪幕下,65.58
2025-06-19T01:55:00,7011AJ9R,山溪前桐,194.2
2025-06-19T01:55:00,7011AM2G,富春江水库严陵坞,23.01
2025-06-19T02:00:00,70101500,富春江电站(坝上),22.91
2025-06-19T02:00:00,70101501,富春江坝下,7.51
2025-06-19T02:00:00,70101800,窄溪,4.86
2025-06-19T02:00:00,70102300,闸口,4.45
2025-06-19T02:00:00,7010AJ33,渌渚,4.89
2025-06-19T02:00:00,7011AJ4M,新桐乡,4.77
2025-06-19T02:00:00,7011AJ5M,渌渚镇,6.34
2025-06-19T02:00:00,7011AJ7R,山溪叶家,50.17
2025-06-19T02:00:00,7011AJ8R,山溪幕下,65.58
2025-06-19T02:00:00,7011AJ9R,山溪前桐,194.2
2025-06-19T02:00:00,7011AM2G,富春江水库严陵坞,22.99
2025-06-19T02:05:00,70101500,富春江电站(坝上),22.88
2025-06-19T02:05:00,70101501,富春江坝下,7.49
2025-06-19T02:05:00,70101800,窄溪,4.86
2025-06-19T02:05:00,70102300,闸口,4.45
2025-06-19T02:05:00,7010AJ33,渌渚,4.89
2025-06-19T02:05:00,7011AJ4M,新桐乡,4.77
2025-06-19T02:05:00,7011AJ5M,渌渚镇,6.34
2025-06-19T02:05:00,7011AJ7R,山溪叶家,50.17
2025-06-19T02:05:00,7011AJ8R,山溪幕下,65.58
2025-06-19T02:05:00,7011AJ9R,山溪前桐,194.2
2025-06-19T02:05:00,7011AM2G,富春江水库严陵坞,22.97
2025-06-19T02:10:00,70101500,富春江电站(坝上),22.85
2025-06-19T02:10:00,70101501,富春江坝下,7.55
2025-06-19T02:10:00,70101800,窄溪,4.86
2025-06-19T02:10:00,70102300,闸口,4.45
2025-06-19T02:10:00,7010AJ33,渌渚,4.89
2025-06-19T02:10:00,7011AJ4M,新桐乡,4.78
2025-06-19T02:10:00,7011AJ5M,渌渚镇,6.34
2025-06-19T02:10:00,7011AJ7R,山溪叶家,50.17
2025-06-19T02:10:00,7011AJ8R,山溪幕下,65.58
2025-06-19T02:10:00,7011AJ9R,山溪前桐,194.2
2025-06-19T02:10:00,7011AM2G,富春江水库严陵坞,22.95
2025-06-19T02:15:00,70101500,富春江电站(坝上),22.84
2025-06-19T02:15:00,70101501,富春江坝下,7.56
2025-06-19T02:15:00,70101800,窄溪,4.86
2025-06-19T02:15:00,70102300,闸口,4.45
2025-06-19T02:15:00,7010AJ33,渌渚,4.91
2025-06-19T02:15:00,7011AJ4M,新桐乡,4.77
2025-06-19T02:15:00,7011AJ5M,渌渚镇,6.34
2025-06-19T02:15:00,7011AJ7R,山溪叶家,50.17
2025-06-19T02:15:00,7011AJ8R,山溪幕下,65.58
2025-06-19T02:15:00,7011AJ9R,山溪前桐,194.2
2025-06-19T02:15:00,7011AM2G,富春江水库严陵坞,22.93
2025-06-19T02:20:00,70101500,富春江电站(坝上),22.83
2025-06-19T02:20:00,70101501,富春江坝下,7.57
2025-06-19T02:20:00,70101800,窄溪,4.86
2025-06-19T02:20:00,70102300,闸口,4.45
2025-06-19T02:20:00,7010AJ33,渌渚,4.89
2025-06-19T02:20:00,7011AJ4M,新桐乡,4.77
2025-06-19T02:20:00,7011AJ5M,渌渚镇,6.34
2025-06-19T02:20:00,7011AJ7R,山溪叶家,50.17
2025-06-19T02:20:00,7011AJ8R,山溪幕下,65.58
2025-06-19T02:20:00,7011AJ9R,山溪前桐,194.2
2025-06-19T02:20:00,7011AM2G,富春江水库严陵坞,22.92
2025-06-19T02:25:00,70101500,富春江电站(坝上),22.82
2025-06-19T02:25:00,70101501,富春江坝下,7.55
2025-06-19T02:25:00,70101800,窄溪,4.86
2025-06-19T02:25:00,70102300,闸口,4.45
2025-06-19T02:25:00,7010AJ33,渌渚,4.89
2025-06-19T02:25:00,7011AJ4M,新桐乡,4.77
2025-06-19T02:25:00,7011AJ5M,渌渚镇,6.34
2025-06-19T02:25:00,7011AJ7R,山溪叶家,50.17
2025-06-19T02:25:00,7011AJ8R,山溪幕下,65.58
2025-06-19T02:25:00,7011AJ9R,山溪前桐,194.2
2025-06-19T02:25:00,7011AM2G,富春江水库严陵坞,22.9
2025-06-19T02:30:00,70101500,富春江电站(坝上),22.8
2025-06-19T02:30:00,70101501,富春江坝下,7.55
2025-06-19T02:30:00,70101800,窄溪,4.86
2025-06-19T02:30:00,70102300,闸口,4.44
2025-06-19T02:30:00,7010AJ33,渌渚,4.89
2025-06-19T02:30:00,7011AJ4M,新桐乡,4.78
2025-06-19T02:30:00,7011AJ5M,渌渚镇,6.34
2025-06-19T02:30:00,7011AJ7R,山溪叶家,50.17
2025-06-19T02:30:00,7011AJ8R,山溪幕下,65.58
2025-06-19T02:30:00,7011AJ9R,山溪前桐,194.19
2025-06-19T02:30:00,7011AM2G,富春江水库严陵坞,22.89
2025-06-19T02:35:00,70101500,富春江电站(坝上),22.79
2025-06-19T02:35:00,70101501,富春江坝下,7.56
2025-06-19T02:35:00,70101800,窄溪,4.86
2025-06-19T02:35:00,70102300,闸口,4.44
2025-06-19T02:35:00,7010AJ33,渌渚,4.91
2025-06-19T02:35:00,7011AJ4M,新桐乡,4.78
2025-06-19T02:35:00,7011AJ5M,渌渚镇,6.34
2025-06-19T02:35:00,7011AJ7R,山溪叶家,50.17
2025-06-19T02:35:00,7011AJ8R,山溪幕下,65.58
2025-06-19T02:35:00,7011AJ9R,山溪前桐,194.19
2025-06-19T02:35:00,7011AM2G,富春江水库严陵坞,22.87
2025-06-19T02:40:00,70101500,富春江电站(坝上),22.78
2025-06-19T02:40:00,70101501,富春江坝下,7.56
2025-06-19T02:40:00,70101800,窄溪,4.87
2025-06-19T02:40:00,70102300,闸口,4.44
2025-06-19T02:40:00,7010AJ33,渌渚,4.89
2025-06-19T02:40:00,7011AJ4M,新桐乡,4.78
2025-06-19T02:40:00,7011AJ5M,渌渚镇,6.34
2025-06-19T02:40:00,7011AJ7R,山溪叶家,50.17
2025-06-19T02:40:00,7011AJ8R,山溪幕下,65.58
2025-06-19T02:40:00,7011AJ9R,山溪前桐,194.2
2025-06-19T02:40:00,7011AM2G,富春江水库严陵坞,22.87
2025-06-19T02:45:00,70101500,富春江电站(坝上),22.77
2025-06-19T02:45:00,70101501,富春江坝下,7.54
2025-06-19T02:45:00,70101800,窄溪,4.87
2025-06-19T02:45:00,70102300,闸口,4.43
2025-06-19T02:45:00,7010AJ33,渌渚,4.89
2025-06-19T02:45:00,7011AJ4M,新桐乡,4.78
2025-06-19T02:45:00,7011AJ5M,渌渚镇,6.34
2025-06-19T02:45:00,7011AJ7R,山溪叶家,50.17
2025-06-19T02:45:00,7011AJ8R,山溪幕下,65.58
2025-06-19T02:45:00,7011AJ9R,山溪前桐,194.19
2025-06-19T02:45:00,7011AM2G,富春江水库严陵坞,22.86
2025-06-19T02:50:00,70101500,富春江电站(坝上),22.76
2025-06-19T02:50:00,70101501,富春江坝下,7.55
2025-06-19T02:50:00,70101800,窄溪,4.87
2025-06-19T02:50:00,70102300,闸口,4.43
2025-06-19T02:50:00,7010AJ33,渌渚,4.89
2025-06-19T02:50:00,7011AJ4M,新桐乡,4.78
2025-06-19T02:50:00,7011AJ5M,渌渚镇,6.34
2025-06-19T02:50:00,7011AJ7R,山溪叶家,50.17
2025-06-19T02:50:00,7011AJ8R,山溪幕下,65.58
2025-06-19T02:50:00,7011AJ9R,山溪前桐,194.2
2025-06-19T02:50:00,7011AM2G,富春江水库严陵坞,22.85
2025-06-19T02:55:00,70101500,富春江电站(坝上),22.76
2025-06-19T02:55:00,70101501,富春江坝下,7.55
2025-06-19T02:55:00,70101800,窄溪,4.87
2025-06-19T02:55:00,70102300,闸口,4.43
2025-06-19T02:55:00,7010AJ33,渌渚,4.89
2025-06-19T02:55:00,7011AJ4M,新桐乡,4.78
2025-06-19T02:55:00,7011AJ5M,渌渚镇,6.34
2025-06-19T02:55:00,7011AJ7R,山溪叶家,50.17
2025-06-19T02:55:00,7011AJ8R,山溪幕下,65.58
2025-06-19T02:55:00,7011AJ9R,山溪前桐,194.2
2025-06-19T02:55:00,7011AM2G,富春江水库严陵坞,22.85
2025-06-19T03:00:00,70101500,富春江电站(坝上),22.75
2025-06-19T03:00:00,70101501,富春江坝下,7.56
2025-06-19T03:00:00,70101800,窄溪,4.88
2025-06-19T03:00:00,70102300,闸口,4.43
2025-06-19T03:00:00,7010AJ33,渌渚,4.89
2025-06-19T03:00:00,7011AJ4M,新桐乡,4.78
2025-06-19T03:00:00,7011AJ5M,渌渚镇,6.34
2025-06-19T03:00:00,7011AJ7R,山溪叶家,50.17
2025-06-19T03:00:00,7011AJ8R,山溪幕下,65.58
2025-06-19T03:00:00,7011AJ9R,山溪前桐,194.19
2025-06-19T03:00:00,7011AM2G,富春江水库严陵坞,22.83
2025-06-19T03:05:00,70101500,富春江电站(坝上),22.75
2025-06-19T03:05:00,70101501,富春江坝下,7.55
2025-06-19T03:05:00,70101800,窄溪,4.88
2025-06-19T03:05:00,70102300,闸口,4.43
2025-06-19T03:05:00,7010AJ33,渌渚,4.91
2025-06-19T03:05:00,7011AJ4M,新桐乡,4.78
2025-06-19T03:05:00,7011AJ5M,渌渚镇,6.34
2025-06-19T03:05:00,7011AJ7R,山溪叶家,50.17
2025-06-19T03:05:00,7011AJ8R,山溪幕下,65.58
2025-06-19T03:05:00,7011AJ9R,山溪前桐,194.19
2025-06-19T03:05:00,7011AM2G,富春江水库严陵坞,22.83
2025-06-19T03:10:00,70101500,富春江电站(坝上),22.74
2025-06-19T03:10:00,70101501,富春江坝下,7.55
2025-06-19T03:10:00,70101800,窄溪,4.88
2025-06-19T03:10:00,70102300,闸口,4.42
2025-06-19T03:10:00,7010AJ33,渌渚,4.91
2025-06-19T03:10:00,7011AJ4M,新桐乡,4.78
2025-06-19T03:10:00,7011AJ5M,渌渚镇,6.34
2025-06-19T03:10:00,7011AJ7R,山溪叶家,50.17
2025-06-19T03:10:00,7011AJ8R,山溪幕下,65.58
2025-06-19T03:10:00,7011AJ9R,山溪前桐,194.2
2025-06-19T03:10:00,7011AM2G,富春江水库严陵坞,22.83
2025-06-19T03:15:00,70101500,富春江电站(坝上),22.73
2025-06-19T03:15:00,70101501,富春江坝下,7.56
2025-06-19T03:15:00,70101800,窄溪,4.88
2025-06-19T03:15:00,70102300,闸口,4.42
2025-06-19T03:15:00,7010AJ33,渌渚,4.91
2025-06-19T03:15:00,7011AJ4M,新桐乡,4.78
2025-06-19T03:15:00,7011AJ5M,渌渚镇,6.34
2025-06-19T03:15:00,7011AJ7R,山溪叶家,50.17
2025-06-19T03:15:00,7011AJ8R,山溪幕下,65.58
2025-06-19T03:15:00,7011AJ9R,山溪前桐,194.19
2025-06-19T03:15:00,7011AM2G,富春江水库严陵坞,22.82
2025-06-19T03:20:00,70101500,富春江电站(坝上),22.73
2025-06-19T03:20:00,70101501,富春江坝下,7.56
2025-06-19T03:20:00,70101800,窄溪,4.87
2025-06-19T03:20:00,70102300,闸口,4.42
2025-06-19T03:20:00,7010AJ33,渌渚,4.91
2025-06-19T03:20:00,7011AJ4M,新桐乡,4.79
2025-06-19T03:20:00,7011AJ5M,渌渚镇,6.34
2025-06-19T03:20:00,7011AJ7R,山溪叶家,50.17
2025-06-19T03:20:00,7011AJ8R,山溪幕下,65.58
2025-06-19T03:20:00,7011AJ9R,山溪前桐,194.2
2025-06-19T03:20:00,7011AM2G,富春江水库严陵坞,22.81
2025-06-19T03:25:00,70101500,富春江电站(坝上),22.72
2025-06-19T03:25:00,70101501,富春江坝下,7.57
2025-06-19T03:25:00,70101800,窄溪,4.87
2025-06-19T03:25:00,70102300,闸口,4.42
2025-06-19T03:25:00,7010AJ33,渌渚,4.91
2025-06-19T03:25:00,7011AJ4M,新桐乡,4.79
2025-06-19T03:25:00,7011AJ5M,渌渚镇,6.34
2025-06-19T03:25:00,7011AJ7R,山溪叶家,50.17
2025-06-19T03:25:00,7011AJ8R,山溪幕下,65.58
2025-06-19T03:25:00,7011AJ9R,山溪前桐,194.2
2025-06-19T03:25:00,7011AM2G,富春江水库严陵坞,22.81
2025-06-19T03:30:00,70101500,富春江电站(坝上),22.71
2025-06-19T03:30:00,70101501,富春江坝下,7.56
2025-06-19T03:30:00,70101800,窄溪,4.87
2025-06-19T03:30:00,70102300,闸口,4.41
2025-06-19T03:30:00,7010AJ33,渌渚,4.91
2025-06-19T03:30:00,7011AJ4M,新桐乡,4.78
2025-06-19T03:30:00,7011AJ5M,渌渚镇,6.34
2025-06-19T03:30:00,7011AJ7R,山溪叶家,50.17
2025-06-19T03:30:00,7011AJ8R,山溪幕下,65.58
2025-06-19T03:30:00,7011AJ9R,山溪前桐,194.2
2025-06-19T03:30:00,7011AM2G,富春江水库严陵坞,22.8
2025-06-19T03:35:00,70101500,富春江电站(坝上),22.69
2025-06-19T03:35:00,70101501,富春江坝下,7.55
2025-06-19T03:35:00,70101800,窄溪,4.87
2025-06-19T03:35:00,70102300,闸口,4.41
2025-06-19T03:35:00,7010AJ33,渌渚,4.91
2025-06-19T03:35:00,7011AJ4M,新桐乡,4.78
2025-06-19T03:35:00,7011AJ5M,渌渚镇,6.35
2025-06-19T03:35:00,7011AJ7R,山溪叶家,50.17
2025-06-19T03:35:00,7011AJ8R,山溪幕下,65.58
2025-06-19T03:35:00,7011AJ9R,山溪前桐,194.2
2025-06-19T03:35:00,7011AM2G,富春江水库严陵坞,22.8
2025-06-19T03:40:00,70101500,富春江电站(坝上),22.69
2025-06-19T03:40:00,70101501,富春江坝下,7.56
2025-06-19T03:40:00,70101800,窄溪,4.87
2025-06-19T03:40:00,70102300,闸口,4.4
2025-06-19T03:40:00,7010AJ33,渌渚,4.91
2025-06-19T03:40:00,7011AJ4M,新桐乡,4.78
2025-06-19T03:40:00,7011AJ5M,渌渚镇,6.35
2025-06-19T03:40:00,7011AJ7R,山溪叶家,50.17
2025-06-19T03:40:00,7011AJ8R,山溪幕下,65.58
2025-06-19T03:40:00,7011AJ9R,山溪前桐,194.2
2025-06-19T03:40:00,7011AM2G,富春江水库严陵坞,22.78
2025-06-19T03:45:00,70101500,富春江电站(坝上),22.68
2025-06-19T03:45:00,70101501,富春江坝下,7.57
2025-06-19T03:45:00,70101800,窄溪,4.87
2025-06-19T03:45:00,70102300,闸口,4.4
2025-06-19T03:45:00,7010AJ33,渌渚,4.91
2025-06-19T03:45:00,7011AJ4M,新桐乡,4.79
2025-06-19T03:45:00,7011AJ5M,渌渚镇,6.35
2025-06-19T03:45:00,7011AJ7R,山溪叶家,50.17
2025-06-19T03:45:00,7011AJ8R,山溪幕下,65.58
2025-06-19T03:45:00,7011AJ9R,山溪前桐,194.2
2025-06-19T03:45:00,7011AM2G,富春江水库严陵坞,22.77
2025-06-19T03:50:00,70101500,富春江电站(坝上),22.68
2025-06-19T03:50:00,70101501,富春江坝下,7.57
2025-06-19T03:50:00,70101800,窄溪,4.88
2025-06-19T03:50:00,70102300,闸口,4.4
2025-06-19T03:50:00,7010AJ33,渌渚,4.91
2025-06-19T03:50:00,7011AJ4M,新桐乡,4.79
2025-06-19T03:50:00,7011AJ5M,渌渚镇,6.35
2025-06-19T03:50:00,7011AJ7R,山溪叶家,50.17
2025-06-19T03:50:00,7011AJ8R,山溪幕下,65.58
2025-06-19T03:50:00,7011AJ9R,山溪前桐,194.19
2025-06-19T03:50:00,7011AM2G,富春江水库严陵坞,22.76
2025-06-19T03:55:00,70101500,富春江电站(坝上),22.67
2025-06-19T03:55:00,70101501,富春江坝下,7.56
2025-06-19T03:55:00,70101800,窄溪,4.87
2025-06-19T03:55:00,70102300,闸口,4.4
2025-06-19T03:55:00,7010AJ33,渌渚,4.91
2025-06-19T03:55:00,7011AJ4M,新桐乡,4.79
2025-06-19T03:55:00,7011AJ5M,渌渚镇,6.35
2025-06-19T03:55:00,7011AJ7R,山溪叶家,50.17
2025-06-19T03:55:00,7011AJ8R,山溪幕下,65.58
2025-06-19T03:55:00,7011AJ9R,山溪前桐,194.2
2025-06-19T03:55:00,7011AM2G,富春江水库严陵坞,22.76
2025-06-19T04:00:00,70101500,富春江电站(坝上),22.67
2025-06-19T04:00:00,70101501,富春江坝下,7.56
2025-06-19T04:00:00,70101800,窄溪,4.88
2025-06-19T04:00:00,70102300,闸口,4.39
2025-06-19T04:00:00,7010AJ33,渌渚,4.91
2025-06-19T04:00:00,7011AJ4M,新桐乡,4.79
2025-06-19T04:00:00,7011AJ5M,渌渚镇,6.35
2025-06-19T04:00:00,7011AJ7R,山溪叶家,50.17
2025-06-19T04:00:00,7011AJ8R,山溪幕下,65.58
2025-06-19T04:00:00,7011AJ9R,山溪前桐,194.19
2025-06-19T04:00:00,7011AM2G,富春江水库严陵坞,22.75
2025-06-19T04:05:00,70101500,富春江电站(坝上),22.99
2025-06-19T04:05:00,70101501,富春江坝下,6.82
2025-06-19T04:05:00,70101800,窄溪,4.88
2025-06-19T04:05:00,70102300,闸口,4.39
2025-06-19T04:05:00,7010AJ33,渌渚,4.91
2025-06-19T04:05:00,7011AJ4M,新桐乡,4.79
2025-06-19T04:05:00,7011AJ5M,渌渚镇,6.35
2025-06-19T04:05:00,7011AJ7R,山溪叶家,50.17
2025-06-19T04:05:00,7011AJ8R,山溪幕下,65.58
2025-06-19T04:05:00,7011AJ9R,山溪前桐,194.2
2025-06-19T04:05:00,7011AM2G,富春江水库严陵坞,22.75
2025-06-19T04:10:00,70101500,富春江电站(坝上),23.06
2025-06-19T04:10:00,70101501,富春江坝下,6.36
2025-06-19T04:10:00,70101800,窄溪,4.88
2025-06-19T04:10:00,70102300,闸口,4.39
2025-06-19T04:10:00,7010AJ33,渌渚,4.91
2025-06-19T04:10:00,7011AJ4M,新桐乡,4.78
2025-06-19T04:10:00,7011AJ5M,渌渚镇,6.35
2025-06-19T04:10:00,7011AJ7R,山溪叶家,50.17
2025-06-19T04:10:00,7011AJ8R,山溪幕下,65.58
2025-06-19T04:10:00,7011AJ9R,山溪前桐,194.2
2025-06-19T04:10:00,7011AM2G,富春江水库严陵坞,23.06
2025-06-19T04:15:00,70101500,富春江电站(坝上),23.09
2025-06-19T04:15:00,70101501,富春江坝下,5.96
2025-06-19T04:15:00,70101800,窄溪,4.87
2025-06-19T04:15:00,70102300,闸口,4.39
2025-06-19T04:15:00,7010AJ33,渌渚,4.91
2025-06-19T04:15:00,7011AJ4M,新桐乡,4.78
2025-06-19T04:15:00,7011AJ5M,渌渚镇,6.35
2025-06-19T04:15:00,7011AJ7R,山溪叶家,50.17
2025-06-19T04:15:00,7011AJ8R,山溪幕下,65.58
2025-06-19T04:15:00,7011AJ9R,山溪前桐,194.19
2025-06-19T04:15:00,7011AM2G,富春江水库严陵坞,23.12
2025-06-19T04:20:00,70101500,富春江电站(坝上),23.14
2025-06-19T04:20:00,70101501,富春江坝下,5.72
2025-06-19T04:20:00,70101800,窄溪,4.87
2025-06-19T04:20:00,70102300,闸口,4.39
2025-06-19T04:20:00,7010AJ33,渌渚,4.91
2025-06-19T04:20:00,7011AJ4M,新桐乡,4.78
2025-06-19T04:20:00,7011AJ5M,渌渚镇,6.35
2025-06-19T04:20:00,7011AJ7R,山溪叶家,50.17
2025-06-19T04:20:00,7011AJ8R,山溪幕下,65.58
2025-06-19T04:20:00,7011AJ9R,山溪前桐,194.2
2025-06-19T04:20:00,7011AM2G,富春江水库严陵坞,23.2
2025-06-19T04:25:00,70101500,富春江电站(坝上),23.15
2025-06-19T04:25:00,70101501,富春江坝下,5.55
2025-06-19T04:25:00,70101800,窄溪,4.87
2025-06-19T04:25:00,70102300,闸口,4.39
2025-06-19T04:25:00,7010AJ33,渌渚,4.91
2025-06-19T04:25:00,7011AJ4M,新桐乡,4.78
2025-06-19T04:25:00,7011AJ5M,渌渚镇,6.35
2025-06-19T04:25:00,7011AJ7R,山溪叶家,50.17
2025-06-19T04:25:00,7011AJ8R,山溪幕下,65.58
2025-06-19T04:25:00,7011AJ9R,山溪前桐,194.19
2025-06-19T04:25:00,7011AM2G,富春江水库严陵坞,23.21
2025-06-19T04:30:00,70101500,富春江电站(坝上),23.14
2025-06-19T04:30:00,70101501,富春江坝下,5.36
2025-06-19T04:30:00,70101800,窄溪,4.87
2025-06-19T04:30:00,70102300,闸口,4.38
2025-06-19T04:30:00,7010AJ33,渌渚,4.91
2025-06-19T04:30:00,7011AJ4M,新桐乡,4.78
2025-06-19T04:30:00,7011AJ5M,渌渚镇,6.35
2025-06-19T04:30:00,7011AJ7R,山溪叶家,50.17
2025-06-19T04:30:00,7011AJ8R,山溪幕下,65.58
2025-06-19T04:30:00,7011AJ9R,山溪前桐,194.19
2025-06-19T04:30:00,7011AM2G,富春江水库严陵坞,23.21
2025-06-19T04:35:00,70101500,富春江电站(坝上),23.15
2025-06-19T04:35:00,70101501,富春江坝下,5.2
2025-06-19T04:35:00,70101800,窄溪,4.87
2025-06-19T04:35:00,70102300,闸口,4.38
2025-06-19T04:35:00,7010AJ33,渌渚,4.91
2025-06-19T04:35:00,7011AJ4M,新桐乡,4.78
2025-06-19T04:35:00,7011AJ5M,渌渚镇,6.35
2025-06-19T04:35:00,7011AJ7R,山溪叶家,50.17
2025-06-19T04:35:00,7011AJ8R,山溪幕下,65.58
2025-06-19T04:35:00,7011AJ9R,山溪前桐,194.2
2025-06-19T04:35:00,7011AM2G,富春江水库严陵坞,23.22
2025-06-19T04:40:00,70101500,富春江电站(坝上),23.18
2025-06-19T04:40:00,70101501,富春江坝下,5.09
2025-06-19T04:40:00,70101800,窄溪,4.87
2025-06-19T04:40:00,70102300,闸口,4.38
2025-06-19T04:40:00,7010AJ33,渌渚,4.91
2025-06-19T04:40:00,7011AJ4M,新桐乡,4.78
2025-06-19T04:40:00,7011AJ5M,渌渚镇,6.35
2025-06-19T04:40:00,7011AJ7R,山溪叶家,50.17
2025-06-19T04:40:00,7011AJ8R,山溪幕下,65.58
2025-06-19T04:40:00,7011AJ9R,山溪前桐,194.2
2025-06-19T04:40:00,7011AM2G,富春江水库严陵坞,23.2
2025-06-19T04:45:00,70101500,富春江电站(坝上),23.12
2025-06-19T04:45:00,70101501,富春江坝下,5.01
2025-06-19T04:45:00,70101800,窄溪,4.86
2025-06-19T04:45:00,70102300,闸口,4.38
2025-06-19T04:45:00,7010AJ33,渌渚,4.91
2025-06-19T04:45:00,7011AJ4M,新桐乡,4.78
2025-06-19T04:45:00,7011AJ5M,渌渚镇,6.35
2025-06-19T04:45:00,7011AJ7R,山溪叶家,50.17
2025-06-19T04:45:00,7011AJ8R,山溪幕下,65.58
2025-06-19T04:45:00,7011AJ9R,山溪前桐,194.19
2025-06-19T04:45:00,7011AM2G,富春江水库严陵坞,23.23
2025-06-19T04:50:00,70101500,富春江电站(坝上),23.18
2025-06-19T04:50:00,70101501,富春江坝下,4.95
2025-06-19T04:50:00,70101800,窄溪,4.84
2025-06-19T04:50:00,70102300,闸口,4.38
2025-06-19T04:50:00,7010AJ33,渌渚,4.91
2025-06-19T04:50:00,7011AJ4M,新桐乡,4.78
2025-06-19T04:50:00,7011AJ5M,渌渚镇,6.35
2025-06-19T04:50:00,7011AJ7R,山溪叶家,50.17
2025-06-19T04:50:00,7011AJ8R,山溪幕下,65.58
2025-06-19T04:50:00,7011AJ9R,山溪前桐,194.19
2025-06-19T04:50:00,7011AM2G,富春江水库严陵坞,23.19
2025-06-19T04:55:00,70101500,富春江电站(坝上),23.09
2025-06-19T04:55:00,70101501,富春江坝下,4.9
2025-06-19T04:55:00,70101800,窄溪,4.8
2025-06-19T04:55:00,70102300,闸口,4.37
2025-06-19T04:55:00,7010AJ33,渌渚,4.91
2025-06-19T04:55:00,7011AJ4M,新桐乡,4.77
2025-06-19T04:55:00,7011AJ5M,渌渚镇,6.35
2025-06-19T04:55:00,7011AJ7R,山溪叶家,50.17
2025-06-19T04:55:00,7011AJ8R,山溪幕下,65.58
2025-06-19T04:55:00,7011AJ9R,山溪前桐,194.19
2025-06-19T04:55:00,7011AM2G,富春江水库严陵坞,23.16
2025-06-19T05:00:00,70101500,富春江电站(坝上),23.01
2025-06-19T05:00:00,70101501,富春江坝下,4.84
2025-06-19T05:00:00,70101800,窄溪,4.78
2025-06-19T05:00:00,70102300,闸口,4.37
2025-06-19T05:00:00,7010AJ33,渌渚,4.91
2025-06-19T05:00:00,7011AJ4M,新桐乡,4.77
2025-06-19T05:00:00,7011AJ5M,渌渚镇,6.35
2025-06-19T05:00:00,7011AJ7R,山溪叶家,50.17
2025-06-19T05:00:00,7011AJ8R,山溪幕下,65.58
2025-06-19T05:00:00,7011AJ9R,山溪前桐,194.2
2025-06-19T05:00:00,7011AM2G,富春江水库严陵坞,23.09
2025-06-19T05:05:00,70101500,富春江电站(坝上),22.95
2025-06-19T05:05:00,70101501,富春江坝下,4.79
2025-06-19T05:05:00,70101800,窄溪,4.75
2025-06-19T05:05:00,70102300,闸口,4.37
2025-06-19T05:05:00,7010AJ33,渌渚,4.89
2025-06-19T05:05:00,7011AJ4M,新桐乡,4.75
2025-06-19T05:05:00,7011AJ5M,渌渚镇,6.35
2025-06-19T05:05:00,7011AJ7R,山溪叶家,50.17
2025-06-19T05:05:00,7011AJ8R,山溪幕下,65.58
2025-06-19T05:05:00,7011AJ9R,山溪前桐,194.2
2025-06-19T05:05:00,7011AM2G,富春江水库严陵坞,23.06
2025-06-19T05:10:00,70101500,富春江电站(坝上),22.96
2025-06-19T05:10:00,70101501,富春江坝下,4.76
2025-06-19T05:10:00,70101800,窄溪,4.72
2025-06-19T05:10:00,70102300,闸口,4.37
2025-06-19T05:10:00,7010AJ33,渌渚,4.86
2025-06-19T05:10:00,7011AJ4M,新桐乡,4.73
2025-06-19T05:10:00,7011AJ5M,渌渚镇,6.35
2025-06-19T05:10:00,7011AJ7R,山溪叶家,50.17
2025-06-19T05:10:00,7011AJ8R,山溪幕下,65.58
2025-06-19T05:10:00,7011AJ9R,山溪前桐,194.2
2025-06-19T05:10:00,7011AM2G,富春江水库严陵坞,23.03
2025-06-19T05:15:00,70101500,富春江电站(坝上),22.97
2025-06-19T05:15:00,70101501,富春江坝下,4.75
2025-06-19T05:15:00,70101800,窄溪,4.69
2025-06-19T05:15:00,70102300,闸口,4.37
2025-06-19T05:15:00,7010AJ33,渌渚,4.82
2025-06-19T05:15:00,7011AJ4M,新桐乡,4.71
2025-06-19T05:15:00,7011AJ5M,渌渚镇,6.35
2025-06-19T05:15:00,7011AJ7R,山溪叶家,50.17
2025-06-19T05:15:00,7011AJ8R,山溪幕下,65.58
2025-06-19T05:15:00,7011AJ9R,山溪前桐,194.2
2025-06-19T05:15:00,7011AM2G,富春江水库严陵坞,23.01
2025-06-19T05:20:00,70101500,富春江电站(坝上),22.94
2025-06-19T05:20:00,70101501,富春江坝下,4.74
2025-06-19T05:20:00,70101800,窄溪,4.67
2025-06-19T05:20:00,70102300,闸口,4.37
2025-06-19T05:20:00,7010AJ33,渌渚,4.78
2025-06-19T05:20:00,7011AJ4M,新桐乡,4.67
2025-06-19T05:20:00,7011AJ5M,渌渚镇,6.35
2025-06-19T05:20:00,7011AJ7R,山溪叶家,50.17
2025-06-19T05:20:00,7011AJ8R,山溪幕下,65.58
2025-06-19T05:20:00,7011AJ9R,山溪前桐,194.2
2025-06-19T05:20:00,7011AM2G,富春江水库严陵坞,23.0
2025-06-19T05:25:00,70101500,富春江电站(坝上),22.92
2025-06-19T05:25:00,70101501,富春江坝下,4.72
2025-06-19T05:25:00,70101800,窄溪,4.65
2025-06-19T05:25:00,70102300,闸口,4.36
2025-06-19T05:25:00,7010AJ33,渌渚,4.76
2025-06-19T05:25:00,7011AJ4M,新桐乡,4.67
2025-06-19T05:25:00,7011AJ5M,渌渚镇,6.35
2025-06-19T05:25:00,7011AJ7R,山溪叶家,50.17
2025-06-19T05:25:00,7011AJ8R,山溪幕下,65.58
2025-06-19T05:25:00,7011AJ9R,山溪前桐,194.19
2025-06-19T05:25:00,7011AM2G,富春江水库严陵坞,22.98
2025-06-19T05:30:00,70101500,富春江电站(坝上),22.86
2025-06-19T05:30:00,70101501,富春江坝下,4.71
2025-06-19T05:30:00,70101800,窄溪,4.62
2025-06-19T05:30:00,70102300,闸口,4.36
2025-06-19T05:30:00,7010AJ33,渌渚,4.72
2025-06-19T05:30:00,7011AJ4M,新桐乡,4.67
2025-06-19T05:30:00,7011AJ5M,渌渚镇,6.35
2025-06-19T05:30:00,7011AJ7R,山溪叶家,50.17
2025-06-19T05:30:00,7011AJ8R,山溪幕下,65.58
2025-06-19T05:30:00,7011AJ9R,山溪前桐,194.19
2025-06-19T05:30:00,7011AM2G,富春江水库严陵坞,22.96
2025-06-19T05:35:00,70101500,富春江电站(坝上),22.88
2025-06-19T05:35:00,70101501,富春江坝下,4.69
2025-06-19T05:35:00,70101800,窄溪,4.61
2025-06-19T05:35:00,70102300,闸口,4.36
2025-06-19T05:35:00,7010AJ33,渌渚,4.68
2025-06-19T05:35:00,7011AJ4M,新桐乡,4.62
2025-06-19T05:35:00,7011AJ5M,渌渚镇,6.35
2025-06-19T05:35:00,7011AJ7R,山溪叶家,50.17
2025-06-19T05:35:00,7011AJ8R,山溪幕下,65.58
2025-06-19T05:35:00,7011AJ9R,山溪前桐,194.19
2025-06-19T05:35:00,7011AM2G,富春江水库严陵坞,22.93
2025-06-19T05:40:00,70101500,富春江电站(坝上),22.85
2025-06-19T05:40:00,70101501,富春江坝下,4.67
2025-06-19T05:40:00,70101800,窄溪,4.59
2025-06-19T05:40:00,70102300,闸口,4.36
2025-06-19T05:40:00,7010AJ33,渌渚,4.64
2025-06-19T05:40:00,7011AJ4M,新桐乡,4.6
2025-06-19T05:40:00,7011AJ5M,渌渚镇,6.35
2025-06-19T05:40:00,7011AJ7R,山溪叶家,50.16
2025-06-19T05:40:00,7011AJ8R,山溪幕下,65.58
2025-06-19T05:40:00,7011AJ9R,山溪前桐,194.2
2025-06-19T05:40:00,7011AM2G,富春江水库严陵坞,22.92
2025-06-19T05:45:00,70101500,富春江电站(坝上),22.83
2025-06-19T05:45:00,70101501,富春江坝下,4.65
2025-06-19T05:45:00,70101800,窄溪,4.57
2025-06-19T05:45:00,70102300,闸口,4.36
2025-06-19T05:45:00,7010AJ33,渌渚,4.61
2025-06-19T05:45:00,7011AJ4M,新桐乡,4.6
2025-06-19T05:45:00,7011AJ5M,渌渚镇,6.35
2025-06-19T05:45:00,7011AJ7R,山溪叶家,50.17
2025-06-19T05:45:00,7011AJ8R,山溪幕下,65.58
2025-06-19T05:45:00,7011AJ9R,山溪前桐,194.2
2025-06-19T05:45:00,7011AM2G,富春江水库严陵坞,22.9
2025-06-19T05:50:00,70101500,富春江电站(坝上),22.82
2025-06-19T05:50:00,70101501,富春江坝下,4.63
2025-06-19T05:50:00,70101800,窄溪,4.55
2025-06-19T05:50:00,70102300,闸口,4.36
2025-06-19T05:50:00,7010AJ33,渌渚,4.59
2025-06-19T05:50:00,7011AJ4M,新桐乡,4.59
2025-06-19T05:50:00,7011AJ5M,渌渚镇,6.35
2025-06-19T05:50:00,7011AJ7R,山溪叶家,50.17
2025-06-19T05:50:00,7011AJ8R,山溪幕下,65.58
2025-06-19T05:50:00,7011AJ9R,山溪前桐,194.2
2025-06-19T05:50:00,7011AM2G,富春江水库严陵坞,22.9
2025-06-19T05:55:00,70101500,富春江电站(坝上),22.85
2025-06-19T05:55:00,70101501,富春江坝下,4.65
2025-06-19T05:55:00,70101800,窄溪,4.53
2025-06-19T05:55:00,70102300,闸口,4.35
2025-06-19T05:55:00,7010AJ33,渌渚,4.57
2025-06-19T05:55:00,7011AJ4M,新桐乡,4.57
2025-06-19T05:55:00,7011AJ5M,渌渚镇,6.35
2025-06-19T05:55:00,7011AJ7R,山溪叶家,50.17
2025-06-19T05:55:00,7011AJ8R,山溪幕下,65.58
2025-06-19T05:55:00,7011AJ9R,山溪前桐,194.2
2025-06-19T05:55:00,7011AM2G,富春江水库严陵坞,22.91
2025-06-19T06:00:00,70101500,富春江电站(坝上),22.88
2025-06-19T06:00:00,70101501,富春江坝下,4.64
2025-06-19T06:00:00,70101800,窄溪,4.52
2025-06-19T06:00:00,70102300,闸口,4.35
2025-06-19T06:00:00,7010AJ33,渌渚,4.55
2025-06-19T06:00:00,7011AJ4M,新桐乡,4.57
2025-06-19T06:00:00,7011AJ5M,渌渚镇,6.35
2025-06-19T06:00:00,7011AJ7R,山溪叶家,50.17
2025-06-19T06:00:00,7011AJ8R,山溪幕下,65.58
2025-06-19T06:00:00,7011AJ9R,山溪前桐,194.2
2025-06-19T06:00:00,7011AM2G,富春江水库严陵坞,22.93
2025-06-19T06:05:00,70101500,富春江电站(坝上),22.91
2025-06-19T06:05:00,70101501,富春江坝下,4.58
2025-06-19T06:05:00,70101800,窄溪,4.51
2025-06-19T06:05:00,70102300,闸口,4.35
2025-06-19T06:05:00,7010AJ33,渌渚,4.53
2025-06-19T06:05:00,7011AJ4M,新桐乡,4.56
2025-06-19T06:05:00,7011AJ5M,渌渚镇,6.35
2025-06-19T06:05:00,7011AJ7R,山溪叶家,50.17
2025-06-19T06:05:00,7011AJ8R,山溪幕下,65.58
2025-06-19T06:05:00,7011AJ9R,山溪前桐,194.2
2025-06-19T06:05:00,7011AM2G,富春江水库严陵坞,22.95
2025-06-19T06:10:00,70101500,富春江电站(坝上),22.92
2025-06-19T06:10:00,70101501,富春江坝下,4.53
2025-06-19T06:10:00,70101800,窄溪,4.5
2025-06-19T06:10:00,70102300,闸口,4.35
2025-06-19T06:10:00,7010AJ33,渌渚,4.53
2025-06-19T06:10:00,7011AJ4M,新桐乡,4.56
2025-06-19T06:10:00,7011AJ5M,渌渚镇,6.35
2025-06-19T06:10:00,7011AJ7R,山溪叶家,50.17
2025-06-19T06:10:00,7011AJ8R,山溪幕下,65.57
2025-06-19T06:10:00,7011AJ9R,山溪前桐,194.2
2025-06-19T06:10:00,7011AM2G,富春江水库严陵坞,22.96
2025-06-19T06:15:00,70101500,富春江电站(坝上),22.91
2025-06-19T06:15:00,70101501,富春江坝下,4.5
2025-06-19T06:15:00,70101800,窄溪,4.48
2025-06-19T06:15:00,70102300,闸口,4.35
2025-06-19T06:15:00,7010AJ33,渌渚,4.51
2025-06-19T06:15:00,7011AJ4M,新桐乡,4.54
2025-06-19T06:15:00,7011AJ5M,渌渚镇,6.35
2025-06-19T06:15:00,7011AJ7R,山溪叶家,50.17
2025-06-19T06:15:00,7011AJ8R,山溪幕下,65.57
2025-06-19T06:15:00,7011AJ9R,山溪前桐,194.2
2025-06-19T06:15:00,7011AM2G,富春江水库严陵坞,22.98
2025-06-19T06:20:00,70101500,富春江电站(坝上),22.95
2025-06-19T06:20:00,70101501,富春江坝下,4.48
2025-06-19T06:20:00,70101800,窄溪,4.47
2025-06-19T06:20:00,70102300,闸口,4.35
2025-06-19T06:20:00,7010AJ33,渌渚,4.49
2025-06-19T06:20:00,7011AJ4M,新桐乡,4.53
2025-06-19T06:20:00,7011AJ5M,渌渚镇,6.35
2025-06-19T06:20:00,7011AJ7R,山溪叶家,50.17
2025-06-19T06:20:00,7011AJ8R,山溪幕下,65.58
2025-06-19T06:20:00,7011AJ9R,山溪前桐,194.19
2025-06-19T06:20:00,7011AM2G,富春江水库严陵坞,22.99
2025-06-19T06:25:00,70101500,富春江电站(坝上),22.96
2025-06-19T06:25:00,70101501,富春江坝下,4.47
2025-06-19T06:25:00,70101800,窄溪,4.46
2025-06-19T06:25:00,70102300,闸口,4.34
2025-06-19T06:25:00,7010AJ33,渌渚,4.49
2025-06-19T06:25:00,7011AJ4M,新桐乡,4.52
2025-06-19T06:25:00,7011AJ5M,渌渚镇,6.35
2025-06-19T06:25:00,7011AJ7R,山溪叶家,50.17
2025-06-19T06:25:00,7011AJ8R,山溪幕下,65.58
2025-06-19T06:25:00,7011AJ9R,山溪前桐,194.2
2025-06-19T06:25:00,7011AM2G,富春江水库严陵坞,23.01
2025-06-19T06:30:00,70101500,富春江电站(坝上),22.97
2025-06-19T06:30:00,70101501,富春江坝下,4.45
2025-06-19T06:30:00,70101800,窄溪,4.44
2025-06-19T06:30:00,70102300,闸口,4.34
2025-06-19T06:30:00,7010AJ33,渌渚,4.49
2025-06-19T06:30:00,7011AJ4M,新桐乡,4.5
2025-06-19T06:30:00,7011AJ5M,渌渚镇,6.35
2025-06-19T06:30:00,7011AJ7R,山溪叶家,50.17
2025-06-19T06:30:00,7011AJ8R,山溪幕下,65.58
2025-06-19T06:30:00,7011AJ9R,山溪前桐,194.2
2025-06-19T06:30:00,7011AM2G,富春江水库严陵坞,23.02
2025-06-19T06:35:00,70101500,富春江电站(坝上),22.98
2025-06-19T06:35:00,70101501,富春江坝下,4.43
2025-06-19T06:35:00,70101800,窄溪,4.43
2025-06-19T06:35:00,70102300,闸口,4.34
2025-06-19T06:35:00,7010AJ33,渌渚,4.47
2025-06-19T06:35:00,7011AJ4M,新桐乡,4.49
2025-06-19T06:35:00,7011AJ5M,渌渚镇,6.35
2025-06-19T06:35:00,7011AJ7R,山溪叶家,50.17
2025-06-19T06:35:00,7011AJ8R,山溪幕下,65.58
2025-06-19T06:35:00,7011AJ9R,山溪前桐,194.2
2025-06-19T06:35:00,7011AM2G,富春江水库严陵坞,23.04
2025-06-19T06:40:00,70101500,富春江电站(坝上),22.98
2025-06-19T06:40:00,70101501,富春江坝下,4.39
2025-06-19T06:40:00,70101800,窄溪,4.44
2025-06-19T06:40:00,70102300,闸口,4.34
2025-06-19T06:40:00,7010AJ33,渌渚,4.47
2025-06-19T06:40:00,7011AJ4M,新桐乡,4.49
2025-06-19T06:40:00,7011AJ5M,渌渚镇,6.35
2025-06-19T06:40:00,7011AJ7R,山溪叶家,50.17
2025-06-19T06:40:00,7011AJ8R,山溪幕下,65.57
2025-06-19T06:40:00,7011AJ9R,山溪前桐,194.19
2025-06-19T06:40:00,7011AM2G,富春江水库严陵坞,23.04
2025-06-19T06:45:00,70101500,富春江电站(坝上),23.0
2025-06-19T06:45:00,70101501,富春江坝下,4.37
2025-06-19T06:45:00,70101800,窄溪,4.43
2025-06-19T06:45:00,70102300,闸口,4.33
2025-06-19T06:45:00,7010AJ33,渌渚,4.45
2025-06-19T06:45:00,7011AJ4M,新桐乡,4.49
2025-06-19T06:45:00,7011AJ5M,渌渚镇,6.35
2025-06-19T06:45:00,7011AJ7R,山溪叶家,50.17
2025-06-19T06:45:00,7011AJ8R,山溪幕下,65.58
2025-06-19T06:45:00,7011AJ9R,山溪前桐,194.19
2025-06-19T06:45:00,7011AM2G,富春江水库严陵坞,23.05
2025-06-19T06:50:00,70101500,富春江电站(坝上),22.99
2025-06-19T06:50:00,70101501,富春江坝下,4.36
2025-06-19T06:50:00,70101800,窄溪,4.41
2025-06-19T06:50:00,70102300,闸口,4.33
2025-06-19T06:50:00,7010AJ33,渌渚,4.45
2025-06-19T06:50:00,7011AJ4M,新桐乡,4.49
2025-06-19T06:50:00,7011AJ5M,渌渚镇,6.35
2025-06-19T06:50:00,7011AJ7R,山溪叶家,50.17
2025-06-19T06:50:00,7011AJ8R,山溪幕下,65.58
2025-06-19T06:50:00,7011AJ9R,山溪前桐,194.2
2025-06-19T06:50:00,7011AM2G,富春江水库严陵坞,23.05
2025-06-19T06:55:00,70101500,富春江电站(坝上),22.97
2025-06-19T06:55:00,70101501,富春江坝下,4.35
2025-06-19T06:55:00,70101800,窄溪,4.4
2025-06-19T06:55:00,70102300,闸口,4.32
2025-06-19T06:55:00,7010AJ33,渌渚,4.43
2025-06-19T06:55:00,7011AJ4M,新桐乡,4.47
2025-06-19T06:55:00,7011AJ5M,渌渚镇,6.35
2025-06-19T06:55:00,7011AJ7R,山溪叶家,50.17
2025-06-19T06:55:00,7011AJ8R,山溪幕下,65.58
2025-06-19T06:55:00,7011AJ9R,山溪前桐,194.2
2025-06-19T06:55:00,7011AM2G,富春江水库严陵坞,23.04
2025-06-19T07:00:00,70101500,富春江电站(坝上),22.95
2025-06-19T07:00:00,70101501,富春江坝下,4.34
2025-06-19T07:00:00,70101800,窄溪,4.38
2025-06-19T07:00:00,70102300,闸口,4.31
2025-06-19T07:00:00,7010AJ33,渌渚,4.45
2025-06-19T07:00:00,7011AJ4M,新桐乡,4.46
2025-06-19T07:00:00,7011AJ5M,渌渚镇,6.35
2025-06-19T07:00:00,7011AJ7R,山溪叶家,50.17
2025-06-19T07:00:00,7011AJ8R,山溪幕下,65.58
2025-06-19T07:00:00,7011AJ9R,山溪前桐,194.19
2025-06-19T07:00:00,7011AM2G,富春江水库严陵坞,23.03
2025-06-19T07:05:00,70101500,富春江电站(坝上),22.98
2025-06-19T07:05:00,70101501,富春江坝下,4.34
2025-06-19T07:05:00,70101800,窄溪,4.36
2025-06-19T07:05:00,70102300,闸口,4.31
2025-06-19T07:05:00,7010AJ33,渌渚,4.43
2025-06-19T07:05:00,7011AJ4M,新桐乡,4.46
2025-06-19T07:05:00,7011AJ5M,渌渚镇,6.35
2025-06-19T07:05:00,7011AJ7R,山溪叶家,50.17
2025-06-19T07:05:00,7011AJ8R,山溪幕下,65.58
2025-06-19T07:05:00,7011AJ9R,山溪前桐,194.19
2025-06-19T07:05:00,7011AM2G,富春江水库严陵坞,23.03
2025-06-19T07:10:00,70101500,富春江电站(坝上),22.99
2025-06-19T07:10:00,70101501,富春江坝下,4.34
2025-06-19T07:10:00,70101800,窄溪,4.34
2025-06-19T07:10:00,70102300,闸口,4.3
2025-06-19T07:10:00,7010AJ33,渌渚,4.43
2025-06-19T07:10:00,7011AJ4M,新桐乡,4.46
2025-06-19T07:10:00,7011AJ5M,渌渚镇,6.35
2025-06-19T07:10:00,7011AJ7R,山溪叶家,50.17
2025-06-19T07:10:00,7011AJ8R,山溪幕下,65.58
2025-06-19T07:10:00,7011AJ9R,山溪前桐,194.2
2025-06-19T07:10:00,7011AM2G,富春江水库严陵坞,23.04
2025-06-19T07:15:00,70101500,富春江电站(坝上),22.99
2025-06-19T07:15:00,70101501,富春江坝下,4.34
2025-06-19T07:15:00,70101800,窄溪,4.34
2025-06-19T07:15:00,70102300,闸口,4.29
2025-06-19T07:15:00,7010AJ33,渌渚,4.41
2025-06-19T07:15:00,7011AJ4M,新桐乡,4.46
2025-06-19T07:15:00,7011AJ5M,渌渚镇,6.35
2025-06-19T07:15:00,7011AJ7R,山溪叶家,50.17
2025-06-19T07:15:00,7011AJ8R,山溪幕下,65.57
2025-06-19T07:15:00,7011AJ9R,山溪前桐,194.2
2025-06-19T07:15:00,7011AM2G,富春江水库严陵坞,23.04
2025-06-19T07:20:00,70101500,富春江电站(坝上),22.92
2025-06-19T07:20:00,70101501,富春江坝下,4.41
2025-06-19T07:20:00,70101800,窄溪,4.33
2025-06-19T07:20:00,70102300,闸口,4.28
2025-06-19T07:20:00,7010AJ33,渌渚,4.39
2025-06-19T07:20:00,7011AJ4M,新桐乡,4.45
2025-06-19T07:20:00,7011AJ5M,渌渚镇,6.35
2025-06-19T07:20:00,7011AJ7R,山溪叶家,50.17
2025-06-19T07:20:00,7011AJ8R,山溪幕下,65.57
2025-06-19T07:20:00,7011AJ9R,山溪前桐,194.19
2025-06-19T07:20:00,7011AM2G,富春江水库严陵坞,23.04
2025-06-19T07:25:00,70101500,富春江电站(坝上),22.82
2025-06-19T07:25:00,70101501,富春江坝下,4.8
2025-06-19T07:25:00,70101800,窄溪,4.33
2025-06-19T07:25:00,70102300,闸口,4.27
2025-06-19T07:25:00,7010AJ33,渌渚,4.38
2025-06-19T07:25:00,7011AJ4M,新桐乡,4.44
2025-06-19T07:25:00,7011AJ5M,渌渚镇,6.35
2025-06-19T07:25:00,7011AJ7R,山溪叶家,50.17
2025-06-19T07:25:00,7011AJ8R,山溪幕下,65.58
2025-06-19T07:25:00,7011AJ9R,山溪前桐,194.2
2025-06-19T07:25:00,7011AM2G,富春江水库严陵坞,23.0
2025-06-19T07:30:00,70101500,富春江电站(坝上),22.83
2025-06-19T07:30:00,70101501,富春江坝下,5.24
2025-06-19T07:30:00,70101800,窄溪,4.32
2025-06-19T07:30:00,70102300,闸口,4.26
2025-06-19T07:30:00,7010AJ33,渌渚,4.36
2025-06-19T07:30:00,7011AJ4M,新桐乡,4.43
2025-06-19T07:30:00,7011AJ5M,渌渚镇,6.35
2025-06-19T07:30:00,7011AJ7R,山溪叶家,50.17
2025-06-19T07:30:00,7011AJ8R,山溪幕下,65.58
2025-06-19T07:30:00,7011AJ9R,山溪前桐,194.2
2025-06-19T07:30:00,7011AM2G,富春江水库严陵坞,22.92
2025-06-19T07:35:00,70101500,富春江电站(坝上),22.82
2025-06-19T07:35:00,70101501,富春江坝下,5.49
2025-06-19T07:35:00,70101800,窄溪,4.31
2025-06-19T07:35:00,70102300,闸口,4.26
2025-06-19T07:35:00,7010AJ33,渌渚,4.34
2025-06-19T07:35:00,7011AJ4M,新桐乡,4.37
2025-06-19T07:35:00,7011AJ5M,渌渚镇,6.35
2025-06-19T07:35:00,7011AJ7R,山溪叶家,50.17
2025-06-19T07:35:00,7011AJ8R,山溪幕下,65.57
2025-06-19T07:35:00,7011AJ9R,山溪前桐,194.2
2025-06-19T07:35:00,7011AM2G,富春江水库严陵坞,22.88
2025-06-19T07:40:00,70101500,富春江电站(坝上),22.81
2025-06-19T07:40:00,70101501,富春江坝下,5.62
2025-06-19T07:40:00,70101800,窄溪,4.29
2025-06-19T07:40:00,70102300,闸口,4.25
2025-06-19T07:40:00,7010AJ33,渌渚,4.34
2025-06-19T07:40:00,7011AJ4M,新桐乡,4.36
2025-06-19T07:40:00,7011AJ5M,渌渚镇,6.35
2025-06-19T07:40:00,7011AJ7R,山溪叶家,50.17
2025-06-19T07:40:00,7011AJ8R,山溪幕下,65.57
2025-06-19T07:40:00,7011AJ9R,山溪前桐,194.19
2025-06-19T07:40:00,7011AM2G,富春江水库严陵坞,22.88
2025-06-19T07:45:00,70101500,富春江电站(坝上),22.82
2025-06-19T07:45:00,70101501,富春江坝下,5.73
2025-06-19T07:45:00,70101800,窄溪,4.29
2025-06-19T07:45:00,70102300,闸口,4.24
2025-06-19T07:45:00,7010AJ33,渌渚,4.32
2025-06-19T07:45:00,7011AJ4M,新桐乡,4.34
2025-06-19T07:45:00,7011AJ5M,渌渚镇,6.35
2025-06-19T07:45:00,7011AJ7R,山溪叶家,50.17
2025-06-19T07:45:00,7011AJ8R,山溪幕下,65.58
2025-06-19T07:45:00,7011AJ9R,山溪前桐,194.2
2025-06-19T07:45:00,7011AM2G,富春江水库严陵坞,22.89
2025-06-19T07:50:00,70101500,富春江电站(坝上),22.85
2025-06-19T07:50:00,70101501,富春江坝下,5.8
2025-06-19T07:50:00,70101800,窄溪,4.28
2025-06-19T07:50:00,70102300,闸口,4.23
2025-06-19T07:50:00,7010AJ33,渌渚,4.32
2025-06-19T07:50:00,7011AJ4M,新桐乡,4.34
2025-06-19T07:50:00,7011AJ5M,渌渚镇,6.35
2025-06-19T07:50:00,7011AJ7R,山溪叶家,50.17
2025-06-19T07:50:00,7011AJ8R,山溪幕下,65.58
2025-06-19T07:50:00,7011AJ9R,山溪前桐,194.2
2025-06-19T07:50:00,7011AM2G,富春江水库严陵坞,22.91
2025-06-19T07:55:00,70101500,富春江电站(坝上),22.86
2025-06-19T07:55:00,70101501,富春江坝下,5.87
2025-06-19T07:55:00,70101800,窄溪,4.27
2025-06-19T07:55:00,70102300,闸口,4.22
2025-06-19T07:55:00,7010AJ33,渌渚,4.32
2025-06-19T07:55:00,7011AJ4M,新桐乡,4.33
2025-06-19T07:55:00,7011AJ5M,渌渚镇,6.35
2025-06-19T07:55:00,7011AJ7R,山溪叶家,50.17
2025-06-19T07:55:00,7011AJ8R,山溪幕下,65.58
2025-06-19T07:55:00,7011AJ9R,山溪前桐,194.2
2025-06-19T07:55:00,7011AM2G,富春江水库严陵坞,22.92
2025-06-19T08:00:00,70101500,富春江电站(坝上),22.88
2025-06-19T08:00:00,70101501,富春江坝下,5.91
2025-06-19T08:00:00,70101800,窄溪,4.26
2025-06-19T08:00:00,70102300,闸口,4.21
2025-06-19T08:00:00,7010AJ33,渌渚,4.3
2025-06-19T08:00:00,7011AJ4M,新桐乡,4.32
2025-06-19T08:00:00,7011AJ5M,渌渚镇,6.34
2025-06-19T08:00:00,7011AJ7R,山溪叶家,50.17
2025-06-19T08:00:00,7011AJ8R,山溪幕下,65.58
2025-06-19T08:00:00,7011AJ9R,山溪前桐,194.2
2025-06-19T08:00:00,7011AM2G,富春江水库严陵坞,22.94
2025-06-19T08:05:00,70101500,富春江电站(坝上),22.89
2025-06-19T08:05:00,70101501,富春江坝下,5.94
2025-06-19T08:05:00,70101800,窄溪,4.25
2025-06-19T08:05:00,70102300,闸口,4.21
2025-06-19T08:05:00,7010AJ33,渌渚,4.3
2025-06-19T08:05:00,7011AJ4M,新桐乡,4.32
2025-06-19T08:05:00,7011AJ5M,渌渚镇,6.33
2025-06-19T08:05:00,7011AJ7R,山溪叶家,50.17
2025-06-19T08:05:00,7011AJ8R,山溪幕下,65.57
2025-06-19T08:05:00,7011AJ9R,山溪前桐,194.2
2025-06-19T08:05:00,7011AM2G,富春江水库严陵坞,22.95
2025-06-19T08:10:00,70101500,富春江电站(坝上),22.9
2025-06-19T08:10:00,70101501,富春江坝下,5.98
2025-06-19T08:10:00,70101800,窄溪,4.25
2025-06-19T08:10:00,70102300,闸口,4.2
2025-06-19T08:10:00,7010AJ33,渌渚,4.28
2025-06-19T08:10:00,7011AJ4M,新桐乡,4.32
2025-06-19T08:10:00,7011AJ5M,渌渚镇,6.34
2025-06-19T08:10:00,7011AJ7R,山溪叶家,50.17
2025-06-19T08:10:00,7011AJ8R,山溪幕下,65.58
2025-06-19T08:10:00,7011AJ9R,山溪前桐,194.2
2025-06-19T08:10:00,7011AM2G,富春江水库严陵坞,22.98
2025-06-19T08:15:00,70101500,富春江电站(坝上),22.96
2025-06-19T08:15:00,70101501,富春江坝下,5.98
2025-06-19T08:15:00,70101800,窄溪,4.27
2025-06-19T08:15:00,70102300,闸口,4.19
2025-06-19T08:15:00,7010AJ33,渌渚,4.28
2025-06-19T08:15:00,7011AJ4M,新桐乡,4.3
2025-06-19T08:15:00,7011AJ5M,渌渚镇,6.34
2025-06-19T08:15:00,7011AJ7R,山溪叶家,50.16
2025-06-19T08:15:00,7011AJ8R,山溪幕下,65.58
2025-06-19T08:15:00,7011AJ9R,山溪前桐,194.18
2025-06-19T08:15:00,7011AM2G,富春江水库严陵坞,23.01
2025-06-19T08:20:00,70101500,富春江电站(坝上),23.0
2025-06-19T08:20:00,70101501,富春江坝下,5.99
2025-06-19T08:20:00,70101800,窄溪,4.29
2025-06-19T08:20:00,70102300,闸口,4.19
2025-06-19T08:20:00,7010AJ33,渌渚,4.28
2025-06-19T08:20:00,7011AJ4M,新桐乡,4.3
2025-06-19T08:20:00,7011AJ5M,渌渚镇,6.33
2025-06-19T08:20:00,7011AJ7R,山溪叶家,50.16
2025-06-19T08:20:00,7011AJ8R,山溪幕下,65.58
2025-06-19T08:20:00,7011AJ9R,山溪前桐,194.19
2025-06-19T08:20:00,7011AM2G,富春江水库严陵坞,23.04
2025-06-19T08:25:00,70101500,富春江电站(坝上),23.01
2025-06-19T08:25:00,70101501,富春江坝下,6.01
2025-06-19T08:25:00,70101800,窄溪,4.3
2025-06-19T08:25:00,70102300,闸口,4.17
2025-06-19T08:25:00,7010AJ33,渌渚,4.26
2025-06-19T08:25:00,7011AJ4M,新桐乡,4.3
2025-06-19T08:25:00,7011AJ5M,渌渚镇,6.35
2025-06-19T08:25:00,7011AJ7R,山溪叶家,50.17
2025-06-19T08:25:00,7011AJ8R,山溪幕下,65.58
2025-06-19T08:25:00,7011AJ9R,山溪前桐,194.2
2025-06-19T08:25:00,7011AM2G,富春江水库严陵坞,23.06
2025-06-19T08:30:00,70101500,富春江电站(坝上),23.02
2025-06-19T08:30:00,70101501,富春江坝下,6.0
2025-06-19T08:30:00,70101800,窄溪,4.3
2025-06-19T08:30:00,70102300,闸口,4.16
2025-06-19T08:30:00,7010AJ33,渌渚,4.28
2025-06-19T08:30:00,7011AJ4M,新桐乡,4.29
2025-06-19T08:30:00,7011AJ5M,渌渚镇,6.34
2025-06-19T08:30:00,7011AJ7R,山溪叶家,50.17
2025-06-19T08:30:00,7011AJ8R,山溪幕下,65.58
2025-06-19T08:30:00,7011AJ9R,山溪前桐,194.19
2025-06-19T08:30:00,7011AM2G,富春江水库严陵坞,23.09
2025-06-19T08:35:00,70101500,富春江电站(坝上),23.03
2025-06-19T08:35:00,70101501,富春江坝下,6.02
2025-06-19T08:35:00,70101800,窄溪,4.3
2025-06-19T08:35:00,70102300,闸口,4.17
2025-06-19T08:35:00,7010AJ33,渌渚,4.3
2025-06-19T08:35:00,7011AJ4M,新桐乡,4.3
2025-06-19T08:35:00,7011AJ5M,渌渚镇,6.35
2025-06-19T08:35:00,7011AJ7R,山溪叶家,50.17
2025-06-19T08:35:00,7011AJ8R,山溪幕下,65.58
2025-06-19T08:35:00,7011AJ9R,山溪前桐,194.19
2025-06-19T08:35:00,7011AM2G,富春江水库严陵坞,23.09
2025-06-19T08:40:00,70101500,富春江电站(坝上),23.03
2025-06-19T08:40:00,70101501,富春江坝下,6.02
2025-06-19T08:40:00,70101800,窄溪,4.3
2025-06-19T08:40:00,70102300,闸口,4.27
2025-06-19T08:40:00,7010AJ33,渌渚,4.32
2025-06-19T08:40:00,7011AJ4M,新桐乡,4.3
2025-06-19T08:40:00,7011AJ5M,渌渚镇,6.35
2025-06-19T08:40:00,7011AJ7R,山溪叶家,50.17
2025-06-19T08:40:00,7011AJ8R,山溪幕下,65.58
2025-06-19T08:40:00,7011AJ9R,山溪前桐,194.2
2025-06-19T08:40:00,7011AM2G,富春江水库严陵坞,23.09
2025-06-19T08:45:00,70101500,富春江电站(坝上),23.06
2025-06-19T08:45:00,70101501,富春江坝下,6.02
2025-06-19T08:45:00,70101800,窄溪,4.31
2025-06-19T08:45:00,70102300,闸口,4.3
2025-06-19T08:45:00,7010AJ33,渌渚,4.32
2025-06-19T08:45:00,7011AJ4M,新桐乡,4.3
2025-06-19T08:45:00,7011AJ5M,渌渚镇,6.35
2025-06-19T08:45:00,7011AJ7R,山溪叶家,50.17
2025-06-19T08:45:00,7011AJ8R,山溪幕下,65.58
2025-06-19T08:45:00,7011AJ9R,山溪前桐,194.19
2025-06-19T08:45:00,7011AM2G,富春江水库严陵坞,23.11
2025-06-19T08:50:00,70101500,富春江电站(坝上),23.06
2025-06-19T08:50:00,70101501,富春江坝下,6.03
2025-06-19T08:50:00,70101800,窄溪,4.31
2025-06-19T08:50:00,70102300,闸口,4.33
2025-06-19T08:50:00,7010AJ33,渌渚,4.34
2025-06-19T08:50:00,7011AJ4M,新桐乡,4.3
2025-06-19T08:50:00,7011AJ5M,渌渚镇,6.35
2025-06-19T08:50:00,7011AJ7R,山溪叶家,50.17
2025-06-19T08:50:00,7011AJ8R,山溪幕下,65.58
2025-06-19T08:50:00,7011AJ9R,山溪前桐,194.2
2025-06-19T08:50:00,7011AM2G,富春江水库严陵坞,23.12
2025-06-19T08:55:00,70101500,富春江电站(坝上),23.06
2025-06-19T08:55:00,70101501,富春江坝下,6.03
2025-06-19T08:55:00,70101800,窄溪,4.3
2025-06-19T08:55:00,70102300,闸口,4.35
2025-06-19T08:55:00,7010AJ33,渌渚,4.34
2025-06-19T08:55:00,7011AJ4M,新桐乡,4.3
2025-06-19T08:55:00,7011AJ5M,渌渚镇,6.35
2025-06-19T08:55:00,7011AJ7R,山溪叶家,50.17
2025-06-19T08:55:00,7011AJ8R,山溪幕下,65.58
2025-06-19T08:55:00,7011AJ9R,山溪前桐,194.19
2025-06-19T08:55:00,7011AM2G,富春江水库严陵坞,23.13
2025-06-19T09:00:00,70101500,富春江电站(坝上),23.08
2025-06-19T09:00:00,70101501,富春江坝下,6.03
2025-06-19T09:00:00,70101800,窄溪,4.3
2025-06-19T09:00:00,70102300,闸口,4.37
2025-06-19T09:00:00,7010AJ33,渌渚,4.36
2025-06-19T09:00:00,7011AJ4M,新桐乡,4.29
2025-06-19T09:00:00,7011AJ5M,渌渚镇,6.35
2025-06-19T09:00:00,7011AJ7R,山溪叶家,50.17
2025-06-19T09:00:00,7011AJ8R,山溪幕下,65.58
2025-06-19T09:00:00,7011AJ9R,山溪前桐,194.19
2025-06-19T09:00:00,7011AM2G,富春江水库严陵坞,23.14
2025-06-19T09:05:00,70101500,富春江电站(坝上),23.08
2025-06-19T09:05:00,70101501,富春江坝下,6.03
2025-06-19T09:05:00,70101800,窄溪,4.3
2025-06-19T09:05:00,70102300,闸口,4.39
2025-06-19T09:05:00,7010AJ33,渌渚,4.36
2025-06-19T09:05:00,7011AJ4M,新桐乡,4.3
2025-06-19T09:05:00,7011AJ5M,渌渚镇,6.34
2025-06-19T09:05:00,7011AJ7R,山溪叶家,50.17
2025-06-19T09:05:00,7011AJ8R,山溪幕下,65.58
2025-06-19T09:05:00,7011AJ9R,山溪前桐,194.2
2025-06-19T09:05:00,7011AM2G,富春江水库严陵坞,23.14
2025-06-19T09:10:00,70101500,富春江电站(坝上),23.06
2025-06-19T09:10:00,70101501,富春江坝下,6.03
2025-06-19T09:10:00,70101800,窄溪,4.3
2025-06-19T09:10:00,70102300,闸口,4.4
2025-06-19T09:10:00,7010AJ33,渌渚,4.36
2025-06-19T09:10:00,7011AJ4M,新桐乡,4.29
2025-06-19T09:10:00,7011AJ5M,渌渚镇,6.34
2025-06-19T09:10:00,7011AJ7R,山溪叶家,50.17
2025-06-19T09:10:00,7011AJ8R,山溪幕下,65.58
2025-06-19T09:10:00,7011AJ9R,山溪前桐,194.2
2025-06-19T09:10:00,7011AM2G,富春江水库严陵坞,23.12
2025-06-19T09:15:00,70101500,富春江电站(坝上),23.03
2025-06-19T09:15:00,70101501,富春江坝下,6.01
2025-06-19T09:15:00,70101800,窄溪,4.29
2025-06-19T09:15:00,70102300,闸口,4.41
2025-06-19T09:15:00,7010AJ33,渌渚,4.36
2025-06-19T09:15:00,7011AJ4M,新桐乡,4.3
2025-06-19T09:15:00,7011AJ5M,渌渚镇,6.34
2025-06-19T09:15:00,7011AJ7R,山溪叶家,50.17
2025-06-19T09:15:00,7011AJ8R,山溪幕下,65.58
2025-06-19T09:15:00,7011AJ9R,山溪前桐,194.2
2025-06-19T09:15:00,7011AM2G,富春江水库严陵坞,23.11
2025-06-19T09:20:00,70101500,富春江电站(坝上),23.01
2025-06-19T09:20:00,70101501,富春江坝下,6.03
2025-06-19T09:20:00,70101800,窄溪,4.3
2025-06-19T09:20:00,70102300,闸口,4.42
2025-06-19T09:20:00,7010AJ33,渌渚,4.34
2025-06-19T09:20:00,7011AJ4M,新桐乡,4.3
2025-06-19T09:20:00,7011AJ5M,渌渚镇,6.34
2025-06-19T09:20:00,7011AJ7R,山溪叶家,50.17
2025-06-19T09:20:00,7011AJ8R,山溪幕下,65.58
2025-06-19T09:20:00,7011AJ9R,山溪前桐,194.2
2025-06-19T09:20:00,7011AM2G,富春江水库严陵坞,23.09
2025-06-19T09:25:00,70101500,富春江电站(坝上),22.99
2025-06-19T09:25:00,70101501,富春江坝下,6.03
2025-06-19T09:25:00,70101800,窄溪,4.3
2025-06-19T09:25:00,70102300,闸口,4.43
2025-06-19T09:25:00,7010AJ33,渌渚,4.34
2025-06-19T09:25:00,7011AJ4M,新桐乡,4.3
2025-06-19T09:25:00,7011AJ5M,渌渚镇,6.34
2025-06-19T09:25:00,7011AJ7R,山溪叶家,50.16
2025-06-19T09:25:00,7011AJ8R,山溪幕下,65.58
2025-06-19T09:25:00,7011AJ9R,山溪前桐,194.2
2025-06-19T09:25:00,7011AM2G,富春江水库严陵坞,23.08
2025-06-19T09:30:00,70101500,富春江电站(坝上),22.99
2025-06-19T09:30:00,70101501,富春江坝下,6.03
2025-06-19T09:30:00,70101800,窄溪,4.29
2025-06-19T09:30:00,70102300,闸口,4.45
2025-06-19T09:30:00,7010AJ33,渌渚,4.34
2025-06-19T09:30:00,7011AJ4M,新桐乡,4.29
2025-06-19T09:30:00,7011AJ5M,渌渚镇,6.34
2025-06-19T09:30:00,7011AJ7R,山溪叶家,50.17
2025-06-19T09:30:00,7011AJ8R,山溪幕下,65.58
2025-06-19T09:30:00,7011AJ9R,山溪前桐,194.19
2025-06-19T09:30:00,7011AM2G,富春江水库严陵坞,23.06
2025-06-19T09:35:00,70101500,富春江电站(坝上),22.99
2025-06-19T09:35:00,70101501,富春江坝下,6.05
2025-06-19T09:35:00,70101800,窄溪,4.29
2025-06-19T09:35:00,70102300,闸口,4.46
2025-06-19T09:35:00,7010AJ33,渌渚,4.34
2025-06-19T09:35:00,7011AJ4M,新桐乡,4.29
2025-06-19T09:35:00,7011AJ5M,渌渚镇,6.34
2025-06-19T09:35:00,7011AJ7R,山溪叶家,50.17
2025-06-19T09:35:00,7011AJ8R,山溪幕下,65.58
2025-06-19T09:35:00,7011AJ9R,山溪前桐,194.19
2025-06-19T09:35:00,7011AM2G,富春江水库严陵坞,23.05
2025-06-19T09:40:00,70101500,富春江电站(坝上),22.98
2025-06-19T09:40:00,70101501,富春江坝下,6.11
2025-06-19T09:40:00,70101800,窄溪,4.29
2025-06-19T09:40:00,70102300,闸口,4.47
2025-06-19T09:40:00,7010AJ33,渌渚,4.32
2025-06-19T09:40:00,7011AJ4M,新桐乡,4.27
2025-06-19T09:40:00,7011AJ5M,渌渚镇,6.34
2025-06-19T09:40:00,7011AJ7R,山溪叶家,50.17
2025-06-19T09:40:00,7011AJ8R,山溪幕下,65.58
2025-06-19T09:40:00,7011AJ9R,山溪前桐,194.19
2025-06-19T09:40:00,7011AM2G,富春江水库严陵坞,23.05
2025-06-19T09:45:00,70101500,富春江电站(坝上),22.97
2025-06-19T09:45:00,70101501,富春江坝下,6.11
2025-06-19T09:45:00,70101800,窄溪,4.29
2025-06-19T09:45:00,70102300,闸口,4.47
2025-06-19T09:45:00,7010AJ33,渌渚,4.32
2025-06-19T09:45:00,7011AJ4M,新桐乡,4.27
2025-06-19T09:45:00,7011AJ5M,渌渚镇,6.34
2025-06-19T09:45:00,7011AJ7R,山溪叶家,50.17
2025-06-19T09:45:00,7011AJ8R,山溪幕下,65.58
2025-06-19T09:45:00,7011AJ9R,山溪前桐,194.2
2025-06-19T09:45:00,7011AM2G,富春江水库严陵坞,23.04
2025-06-19T09:50:00,70101500,富春江电站(坝上),22.96
2025-06-19T09:50:00,70101501,富春江坝下,6.08
2025-06-19T09:50:00,70101800,窄溪,4.29
2025-06-19T09:50:00,70102300,闸口,4.46
2025-06-19T09:50:00,7010AJ33,渌渚,4.32
2025-06-19T09:50:00,7011AJ4M,新桐乡,4.27
2025-06-19T09:50:00,7011AJ5M,渌渚镇,6.34
2025-06-19T09:50:00,7011AJ7R,山溪叶家,50.17
2025-06-19T09:50:00,7011AJ8R,山溪幕下,65.58
2025-06-19T09:50:00,7011AJ9R,山溪前桐,194.2
2025-06-19T09:50:00,7011AM2G,富春江水库严陵坞,23.03
2025-06-19T09:55:00,70101500,富春江电站(坝上),22.95
2025-06-19T09:55:00,70101501,富春江坝下,6.08
2025-06-19T09:55:00,70101800,窄溪,4.28
2025-06-19T09:55:00,70102300,闸口,4.45
2025-06-19T09:55:00,7010AJ33,渌渚,4.3
2025-06-19T09:55:00,7011AJ4M,新桐乡,4.27
2025-06-19T09:55:00,7011AJ5M,渌渚镇,6.34
2025-06-19T09:55:00,7011AJ7R,山溪叶家,50.17
2025-06-19T09:55:00,7011AJ8R,山溪幕下,65.58
2025-06-19T09:55:00,7011AJ9R,山溪前桐,194.2
2025-06-19T09:55:00,7011AM2G,富春江水库严陵坞,23.03
2025-06-19T10:00:00,70101500,富春江电站(坝上),22.95
2025-06-19T10:00:00,70101501,富春江坝下,6.07
2025-06-19T10:00:00,70101800,窄溪,4.27
2025-06-19T10:00:00,70102300,闸口,4.45
2025-06-19T10:00:00,7010AJ33,渌渚,4.3
2025-06-19T10:00:00,7011AJ4M,新桐乡,4.27
2025-06-19T10:00:00,7011AJ5M,渌渚镇,6.34
2025-06-19T10:00:00,7011AJ7R,山溪叶家,50.17
2025-06-19T10:00:00,7011AJ8R,山溪幕下,65.58
2025-06-19T10:00:00,7011AJ9R,山溪前桐,194.19
2025-06-19T10:00:00,7011AM2G,富春江水库严陵坞,23.02
2025-06-19T10:05:00,70101500,富春江电站(坝上),22.96
2025-06-19T10:05:00,70101501,富春江坝下,6.08
2025-06-19T10:05:00,70101800,窄溪,4.27
2025-06-19T10:05:00,70102300,闸口,4.44
2025-06-19T10:05:00,7010AJ33,渌渚,4.3
2025-06-19T10:05:00,7011AJ4M,新桐乡,4.27
2025-06-19T10:05:00,7011AJ5M,渌渚镇,6.34
2025-06-19T10:05:00,7011AJ7R,山溪叶家,50.17
2025-06-19T10:05:00,7011AJ8R,山溪幕下,65.58
2025-06-19T10:05:00,7011AJ9R,山溪前桐,194.19
2025-06-19T10:05:00,7011AM2G,富春江水库严陵坞,23.03
2025-06-19T10:10:00,70101500,富春江电站(坝上),22.98
2025-06-19T10:10:00,70101501,富春江坝下,6.07
2025-06-19T10:10:00,70101800,窄溪,4.27
2025-06-19T10:10:00,70102300,闸口,4.42
2025-06-19T10:10:00,7010AJ33,渌渚,4.3
2025-06-19T10:10:00,7011AJ4M,新桐乡,4.27
2025-06-19T10:10:00,7011AJ5M,渌渚镇,6.34
2025-06-19T10:10:00,7011AJ7R,山溪叶家,50.17
2025-06-19T10:10:00,7011AJ8R,山溪幕下,65.58
2025-06-19T10:10:00,7011AJ9R,山溪前桐,194.2
2025-06-19T10:10:00,7011AM2G,富春江水库严陵坞,23.04
2025-06-19T10:15:00,70101500,富春江电站(坝上),22.99
2025-06-19T10:15:00,70101501,富春江坝下,6.07
2025-06-19T10:15:00,70101800,窄溪,4.27
2025-06-19T10:15:00,70102300,闸口,4.41
2025-06-19T10:15:00,7010AJ33,渌渚,4.3
2025-06-19T10:15:00,7011AJ4M,新桐乡,4.25
2025-06-19T10:15:00,7011AJ5M,渌渚镇,6.34
2025-06-19T10:15:00,7011AJ7R,山溪叶家,50.17
2025-06-19T10:15:00,7011AJ8R,山溪幕下,65.58
2025-06-19T10:15:00,7011AJ9R,山溪前桐,194.19
2025-06-19T10:15:00,7011AM2G,富春江水库严陵坞,23.04
2025-06-19T10:20:00,70101500,富春江电站(坝上),22.99
2025-06-19T10:20:00,70101501,富春江坝下,6.07
2025-06-19T10:20:00,70101800,窄溪,4.27
2025-06-19T10:20:00,70102300,闸口,4.41
2025-06-19T10:20:00,7010AJ33,渌渚,4.3
2025-06-19T10:20:00,7011AJ4M,新桐乡,4.25
2025-06-19T10:20:00,7011AJ5M,渌渚镇,6.33
2025-06-19T10:20:00,7011AJ7R,山溪叶家,50.17
2025-06-19T10:20:00,7011AJ8R,山溪幕下,65.58
2025-06-19T10:20:00,7011AJ9R,山溪前桐,194.2
2025-06-19T10:20:00,7011AM2G,富春江水库严陵坞,23.05
2025-06-19T10:25:00,70101500,富春江电站(坝上),22.98
2025-06-19T10:25:00,70101501,富春江坝下,6.04
2025-06-19T10:25:00,70101800,窄溪,4.27
2025-06-19T10:25:00,70102300,闸口,4.38
2025-06-19T10:25:00,7010AJ33,渌渚,4.3
2025-06-19T10:25:00,7011AJ4M,新桐乡,4.25
2025-06-19T10:25:00,7011AJ5M,渌渚镇,6.33
2025-06-19T10:25:00,7011AJ7R,山溪叶家,50.17
2025-06-19T10:25:00,7011AJ8R,山溪幕下,65.58
2025-06-19T10:25:00,7011AJ9R,山溪前桐,194.19
2025-06-19T10:25:00,7011AM2G,富春江水库严陵坞,23.06
2025-06-19T10:30:00,70101500,富春江电站(坝上),22.99
2025-06-19T10:30:00,70101501,富春江坝下,6.03
2025-06-19T10:30:00,70101800,窄溪,4.27
2025-06-19T10:30:00,70102300,闸口,4.37
2025-06-19T10:30:00,7010AJ33,渌渚,4.28
2025-06-19T10:30:00,7011AJ4M,新桐乡,4.25
2025-06-19T10:30:00,7011AJ5M,渌渚镇,6.33
2025-06-19T10:30:00,7011AJ7R,山溪叶家,50.17
2025-06-19T10:30:00,7011AJ8R,山溪幕下,65.58
2025-06-19T10:30:00,7011AJ9R,山溪前桐,194.2
2025-06-19T10:30:00,7011AM2G,富春江水库严陵坞,23.06
2025-06-19T10:35:00,70101500,富春江电站(坝上),23.01
2025-06-19T10:35:00,70101501,富春江坝下,6.05
2025-06-19T10:35:00,70101800,窄溪,4.27
2025-06-19T10:35:00,70102300,闸口,4.37
2025-06-19T10:35:00,7010AJ33,渌渚,4.28
2025-06-19T10:35:00,7011AJ4M,新桐乡,4.25
2025-06-19T10:35:00,7011AJ5M,渌渚镇,6.33
2025-06-19T10:35:00,7011AJ7R,山溪叶家,50.17
2025-06-19T10:35:00,7011AJ8R,山溪幕下,65.58
2025-06-19T10:35:00,7011AJ9R,山溪前桐,194.2
2025-06-19T10:35:00,7011AM2G,富春江水库严陵坞,23.07
2025-06-19T10:40:00,70101500,富春江电站(坝上),23.02
2025-06-19T10:40:00,70101501,富春江坝下,6.05
2025-06-19T10:40:00,70101800,窄溪,4.26
2025-06-19T10:40:00,70102300,闸口,4.37
2025-06-19T10:40:00,7010AJ33,渌渚,4.3
2025-06-19T10:40:00,7011AJ4M,新桐乡,4.25
2025-06-19T10:40:00,7011AJ5M,渌渚镇,6.33
2025-06-19T10:40:00,7011AJ7R,山溪叶家,50.17
2025-06-19T10:40:00,7011AJ8R,山溪幕下,65.58
2025-06-19T10:40:00,7011AJ9R,山溪前桐,194.2
2025-06-19T10:40:00,7011AM2G,富春江水库严陵坞,23.07
2025-06-19T10:45:00,70101500,富春江电站(坝上),23.02
2025-06-19T10:45:00,70101501,富春江坝下,6.05
2025-06-19T10:45:00,70101800,窄溪,4.26
2025-06-19T10:45:00,70102300,闸口,4.37
2025-06-19T10:45:00,7010AJ33,渌渚,4.3
2025-06-19T10:45:00,7011AJ4M,新桐乡,4.25
2025-06-19T10:45:00,7011AJ5M,渌渚镇,6.33
2025-06-19T10:45:00,7011AJ7R,山溪叶家,50.17
2025-06-19T10:45:00,7011AJ8R,山溪幕下,65.58
2025-06-19T10:45:00,7011AJ9R,山溪前桐,194.19
2025-06-19T10:45:00,7011AM2G,富春江水库严陵坞,23.08
2025-06-19T10:50:00,70101500,富春江电站(坝上),23.02
2025-06-19T10:50:00,70101501,富春江坝下,6.04
2025-06-19T10:50:00,70101800,窄溪,4.27
2025-06-19T10:50:00,70102300,闸口,4.37
2025-06-19T10:50:00,7010AJ33,渌渚,4.3
2025-06-19T10:50:00,7011AJ4M,新桐乡,4.25
2025-06-19T10:50:00,7011AJ5M,渌渚镇,6.33
2025-06-19T10:50:00,7011AJ7R,山溪叶家,50.17
2025-06-19T10:50:00,7011AJ8R,山溪幕下,65.58
2025-06-19T10:50:00,7011AJ9R,山溪前桐,194.19
2025-06-19T10:50:00,7011AM2G,富春江水库严陵坞,23.08
2025-06-19T10:55:00,70101500,富春江电站(坝上),23.02
2025-06-19T10:55:00,70101501,富春江坝下,6.03
2025-06-19T10:55:00,70101800,窄溪,4.29
2025-06-19T10:55:00,70102300,闸口,4.35
2025-06-19T10:55:00,7010AJ33,渌渚,4.3
2025-06-19T10:55:00,7011AJ4M,新桐乡,4.31
2025-06-19T10:55:00,7011AJ5M,渌渚镇,6.33
2025-06-19T10:55:00,7011AJ7R,山溪叶家,50.17
2025-06-19T10:55:00,7011AJ8R,山溪幕下,65.58
2025-06-19T10:55:00,7011AJ9R,山溪前桐,194.2
2025-06-19T10:55:00,7011AM2G,富春江水库严陵坞,23.09
2025-06-19T11:00:00,70101500,富春江电站(坝上),23.01
2025-06-19T11:00:00,70101501,富春江坝下,6.05
2025-06-19T11:00:00,70101800,窄溪,4.3
2025-06-19T11:00:00,70102300,闸口,4.34
2025-06-19T11:00:00,7010AJ33,渌渚,4.28
2025-06-19T11:00:00,7011AJ4M,新桐乡,4.31
2025-06-19T11:00:00,7011AJ5M,渌渚镇,6.33
2025-06-19T11:00:00,7011AJ7R,山溪叶家,50.17
2025-06-19T11:00:00,7011AJ8R,山溪幕下,65.58
2025-06-19T11:00:00,7011AJ9R,山溪前桐,194.19
2025-06-19T11:00:00,7011AM2G,富春江水库严陵坞,23.09
2025-06-19T11:05:00,70101500,富春江电站(坝上),23.01
2025-06-19T11:05:00,70101501,富春江坝下,6.04
2025-06-19T11:05:00,70101800,窄溪,4.32
2025-06-19T11:05:00,70102300,闸口,4.34
2025-06-19T11:05:00,7010AJ33,渌渚,4.28
2025-06-19T11:05:00,7011AJ4M,新桐乡,4.34
2025-06-19T11:05:00,7011AJ5M,渌渚镇,6.33
2025-06-19T11:05:00,7011AJ7R,山溪叶家,50.17
2025-06-19T11:05:00,7011AJ8R,山溪幕下,65.58
2025-06-19T11:05:00,7011AJ9R,山溪前桐,194.19
2025-06-19T11:05:00,7011AM2G,富春江水库严陵坞,23.08
2025-06-19T11:10:00,70101500,富春江电站(坝上),22.99
2025-06-19T11:10:00,70101501,富春江坝下,6.04
2025-06-19T11:10:00,70101800,窄溪,4.35
2025-06-19T11:10:00,70102300,闸口,4.33
2025-06-19T11:10:00,7010AJ33,渌渚,4.3
2025-06-19T11:10:00,7011AJ4M,新桐乡,4.37
2025-06-19T11:10:00,7011AJ5M,渌渚镇,6.33
2025-06-19T11:10:00,7011AJ7R,山溪叶家,50.17
2025-06-19T11:10:00,7011AJ8R,山溪幕下,65.58
2025-06-19T11:10:00,7011AJ9R,山溪前桐,194.19
2025-06-19T11:10:00,7011AM2G,富春江水库严陵坞,23.07
2025-06-19T11:15:00,70101500,富春江电站(坝上),22.99
2025-06-19T11:15:00,70101501,富春江坝下,6.05
2025-06-19T11:15:00,70101800,窄溪,4.37
2025-06-19T11:15:00,70102300,闸口,4.32
2025-06-19T11:15:00,7010AJ33,渌渚,4.32
2025-06-19T11:15:00,7011AJ4M,新桐乡,4.37
2025-06-19T11:15:00,7011AJ5M,渌渚镇,6.32
2025-06-19T11:15:00,7011AJ7R,山溪叶家,50.17
2025-06-19T11:15:00,7011AJ8R,山溪幕下,65.58
2025-06-19T11:15:00,7011AJ9R,山溪前桐,194.2
2025-06-19T11:15:00,7011AM2G,富春江水库严陵坞,23.06
2025-06-19T11:20:00,70101500,富春江电站(坝上),22.99
2025-06-19T11:20:00,70101501,富春江坝下,6.04
2025-06-19T11:20:00,70101800,窄溪,4.39
2025-06-19T11:20:00,70102300,闸口,4.31
2025-06-19T11:20:00,7010AJ33,渌渚,4.34
2025-06-19T11:20:00,7011AJ4M,新桐乡,4.39
2025-06-19T11:20:00,7011AJ5M,渌渚镇,6.32
2025-06-19T11:20:00,7011AJ7R,山溪叶家,50.17
2025-06-19T11:20:00,7011AJ8R,山溪幕下,65.58
2025-06-19T11:20:00,7011AJ9R,山溪前桐,194.2
2025-06-19T11:20:00,7011AM2G,富春江水库严陵坞,23.06
2025-06-19T11:25:00,70101500,富春江电站(坝上),22.99
2025-06-19T11:25:00,70101501,富春江坝下,6.04
2025-06-19T11:25:00,70101800,窄溪,4.41
2025-06-19T11:25:00,70102300,闸口,4.31
2025-06-19T11:25:00,7010AJ33,渌渚,4.36
2025-06-19T11:25:00,7011AJ4M,新桐乡,4.43
2025-06-19T11:25:00,7011AJ5M,渌渚镇,6.32
2025-06-19T11:25:00,7011AJ7R,山溪叶家,50.17
2025-06-19T11:25:00,7011AJ8R,山溪幕下,65.58
2025-06-19T11:25:00,7011AJ9R,山溪前桐,194.19
2025-06-19T11:25:00,7011AM2G,富春江水库严陵坞,23.06
2025-06-19T11:30:00,70101500,富春江电站(坝上),22.99
2025-06-19T11:30:00,70101501,富春江坝下,6.05
2025-06-19T11:30:00,70101800,窄溪,4.43
2025-06-19T11:30:00,70102300,闸口,4.3
2025-06-19T11:30:00,7010AJ33,渌渚,4.39
2025-06-19T11:30:00,7011AJ4M,新桐乡,4.45
2025-06-19T11:30:00,7011AJ5M,渌渚镇,6.32
2025-06-19T11:30:00,7011AJ7R,山溪叶家,50.17
2025-06-19T11:30:00,7011AJ8R,山溪幕下,65.57
2025-06-19T11:30:00,7011AJ9R,山溪前桐,194.19
2025-06-19T11:30:00,7011AM2G,富春江水库严陵坞,23.05
2025-06-19T11:35:00,70101500,富春江电站(坝上),22.98
2025-06-19T11:35:00,70101501,富春江坝下,6.03
2025-06-19T11:35:00,70101800,窄溪,4.44
2025-06-19T11:35:00,70102300,闸口,4.3
2025-06-19T11:35:00,7010AJ33,渌渚,4.43
2025-06-19T11:35:00,7011AJ4M,新桐乡,4.46
2025-06-19T11:35:00,7011AJ5M,渌渚镇,6.32
2025-06-19T11:35:00,7011AJ7R,山溪叶家,50.17
2025-06-19T11:35:00,7011AJ8R,山溪幕下,65.57
2025-06-19T11:35:00,7011AJ9R,山溪前桐,194.19
2025-06-19T11:35:00,7011AM2G,富春江水库严陵坞,23.05
2025-06-19T11:40:00,70101500,富春江电站(坝上),22.97
2025-06-19T11:40:00,70101501,富春江坝下,6.03
2025-06-19T11:40:00,70101800,窄溪,4.46
2025-06-19T11:40:00,70102300,闸口,4.3
2025-06-19T11:40:00,7010AJ33,渌渚,4.45
2025-06-19T11:40:00,7011AJ4M,新桐乡,4.47
2025-06-19T11:40:00,7011AJ5M,渌渚镇,6.32
2025-06-19T11:40:00,7011AJ7R,山溪叶家,50.17
2025-06-19T11:40:00,7011AJ8R,山溪幕下,65.58
2025-06-19T11:40:00,7011AJ9R,山溪前桐,194.19
2025-06-19T11:40:00,7011AM2G,富春江水库严陵坞,23.04
2025-06-19T11:45:00,70101500,富春江电站(坝上),22.97
2025-06-19T11:45:00,70101501,富春江坝下,6.03
2025-06-19T11:45:00,70101800,窄溪,4.47
2025-06-19T11:45:00,70102300,闸口,4.29
2025-06-19T11:45:00,7010AJ33,渌渚,4.47
2025-06-19T11:45:00,7011AJ4M,新桐乡,4.47
2025-06-19T11:45:00,7011AJ5M,渌渚镇,6.32
2025-06-19T11:45:00,7011AJ7R,山溪叶家,50.17
2025-06-19T11:45:00,7011AJ8R,山溪幕下,65.58
2025-06-19T11:45:00,7011AJ9R,山溪前桐,194.19
2025-06-19T11:45:00,7011AM2G,富春江水库严陵坞,23.03
2025-06-19T11:50:00,70101500,富春江电站(坝上),22.96
2025-06-19T11:50:00,70101501,富春江坝下,6.05
2025-06-19T11:50:00,70101800,窄溪,4.48
2025-06-19T11:50:00,70102300,闸口,4.29
2025-06-19T11:50:00,7010AJ33,渌渚,4.51
2025-06-19T11:50:00,7011AJ4M,新桐乡,4.48
2025-06-19T11:50:00,7011AJ5M,渌渚镇,6.32
2025-06-19T11:50:00,7011AJ7R,山溪叶家,50.16
2025-06-19T11:50:00,7011AJ8R,山溪幕下,65.58
2025-06-19T11:50:00,7011AJ9R,山溪前桐,194.2
2025-06-19T11:50:00,7011AM2G,富春江水库严陵坞,23.03
2025-06-19T11:55:00,70101500,富春江电站(坝上),22.97
2025-06-19T11:55:00,70101501,富春江坝下,6.04
2025-06-19T11:55:00,70101800,窄溪,4.48
2025-06-19T11:55:00,70102300,闸口,4.27
2025-06-19T11:55:00,7010AJ33,渌渚,4.53
2025-06-19T11:55:00,7011AJ4M,新桐乡,4.48
2025-06-19T11:55:00,7011AJ5M,渌渚镇,6.32
2025-06-19T11:55:00,7011AJ7R,山溪叶家,50.17
2025-06-19T11:55:00,7011AJ8R,山溪幕下,65.57
2025-06-19T11:55:00,7011AJ9R,山溪前桐,194.19
2025-06-19T11:55:00,7011AM2G,富春江水库严陵坞,23.03
2025-06-19T12:00:00,70101500,富春江电站(坝上),22.97
2025-06-19T12:00:00,70101501,富春江坝下,6.04
2025-06-19T12:00:00,70101800,窄溪,4.49
2025-06-19T12:00:00,70102300,闸口,4.27
2025-06-19T12:00:00,7010AJ33,渌渚,4.57
2025-06-19T12:00:00,7011AJ4M,新桐乡,4.5
2025-06-19T12:00:00,7011AJ5M,渌渚镇,6.32
2025-06-19T12:00:00,7011AJ7R,山溪叶家,50.17
2025-06-19T12:00:00,7011AJ8R,山溪幕下,65.58
2025-06-19T12:00:00,7011AJ9R,山溪前桐,194.19
2025-06-19T12:00:00,7011AM2G,富春江水库严陵坞,23.03
2025-06-19T12:05:00,70101500,富春江电站(坝上),22.97
2025-06-19T12:05:00,70101501,富春江坝下,6.03
2025-06-19T12:05:00,70101800,窄溪,4.5
2025-06-19T12:05:00,70102300,闸口,4.27
2025-06-19T12:05:00,7010AJ33,渌渚,4.59
2025-06-19T12:05:00,7011AJ4M,新桐乡,4.52
2025-06-19T12:05:00,7011AJ5M,渌渚镇,6.32
2025-06-19T12:05:00,7011AJ7R,山溪叶家,50.17
2025-06-19T12:05:00,7011AJ8R,山溪幕下,65.58
2025-06-19T12:05:00,7011AJ9R,山溪前桐,194.18
2025-06-19T12:05:00,7011AM2G,富春江水库严陵坞,23.03
2025-06-19T12:10:00,70101500,富春江电站(坝上),22.98
2025-06-19T12:10:00,70101501,富春江坝下,6.05
2025-06-19T12:10:00,70101800,窄溪,4.5
2025-06-19T12:10:00,70102300,闸口,4.26
2025-06-19T12:10:00,7010AJ33,渌渚,4.59
2025-06-19T12:10:00,7011AJ4M,新桐乡,4.52
2025-06-19T12:10:00,7011AJ5M,渌渚镇,6.32
2025-06-19T12:10:00,7011AJ7R,山溪叶家,50.17
2025-06-19T12:10:00,7011AJ8R,山溪幕下,65.58
2025-06-19T12:10:00,7011AJ9R,山溪前桐,194.19
2025-06-19T12:10:00,7011AM2G,富春江水库严陵坞,23.03
2025-06-19T12:15:00,70101500,富春江电站(坝上),22.98
2025-06-19T12:15:00,70101501,富春江坝下,6.06
2025-06-19T12:15:00,70101800,窄溪,4.5
2025-06-19T12:15:00,70102300,闸口,4.25
2025-06-19T12:15:00,7010AJ33,渌渚,4.59
2025-06-19T12:15:00,7011AJ4M,新桐乡,4.52
2025-06-19T12:15:00,7011AJ5M,渌渚镇,6.32
2025-06-19T12:15:00,7011AJ7R,山溪叶家,50.16
2025-06-19T12:15:00,7011AJ8R,山溪幕下,65.58
2025-06-19T12:15:00,7011AJ9R,山溪前桐,194.2
2025-06-19T12:15:00,7011AM2G,富春江水库严陵坞,23.03
2025-06-19T12:20:00,70101500,富春江电站(坝上),22.98
2025-06-19T12:20:00,70101501,富春江坝下,6.05
2025-06-19T12:20:00,70101800,窄溪,4.51
2025-06-19T12:20:00,70102300,闸口,4.25
2025-06-19T12:20:00,7010AJ33,渌渚,4.59
2025-06-19T12:20:00,7011AJ4M,新桐乡,4.51
2025-06-19T12:20:00,7011AJ5M,渌渚镇,6.32
2025-06-19T12:20:00,7011AJ7R,山溪叶家,50.16
2025-06-19T12:20:00,7011AJ8R,山溪幕下,65.58
2025-06-19T12:20:00,7011AJ9R,山溪前桐,194.19
2025-06-19T12:20:00,7011AM2G,富春江水库严陵坞,23.04
2025-06-19T12:25:00,70101500,富春江电站(坝上),22.98
2025-06-19T12:25:00,70101501,富春江坝下,6.05
2025-06-19T12:25:00,70101800,窄溪,4.51
2025-06-19T12:25:00,70102300,闸口,4.24
2025-06-19T12:25:00,7010AJ33,渌渚,4.57
2025-06-19T12:25:00,7011AJ4M,新桐乡,4.51
2025-06-19T12:25:00,7011AJ5M,渌渚镇,6.32
2025-06-19T12:25:00,7011AJ7R,山溪叶家,50.17
2025-06-19T12:25:00,7011AJ8R,山溪幕下,65.58
2025-06-19T12:25:00,7011AJ9R,山溪前桐,194.19
2025-06-19T12:25:00,7011AM2G,富春江水库严陵坞,23.04
2025-06-19T12:30:00,70101500,富春江电站(坝上),22.99
2025-06-19T12:30:00,70101501,富春江坝下,6.06
2025-06-19T12:30:00,70101800,窄溪,4.51
2025-06-19T12:30:00,70102300,闸口,4.24
2025-06-19T12:30:00,7010AJ33,渌渚,4.57
2025-06-19T12:30:00,7011AJ4M,新桐乡,4.5
2025-06-19T12:30:00,7011AJ5M,渌渚镇,6.32
2025-06-19T12:30:00,7011AJ7R,山溪叶家,50.17
2025-06-19T12:30:00,7011AJ8R,山溪幕下,65.58
2025-06-19T12:30:00,7011AJ9R,山溪前桐,194.2
2025-06-19T12:30:00,7011AM2G,富春江水库严陵坞,23.05
2025-06-19T12:35:00,70101500,富春江电站(坝上),22.99
2025-06-19T12:35:00,70101501,富春江坝下,6.04
2025-06-19T12:35:00,70101800,窄溪,4.51
2025-06-19T12:35:00,70102300,闸口,4.24
2025-06-19T12:35:00,7010AJ33,渌渚,4.55
2025-06-19T12:35:00,7011AJ4M,新桐乡,4.5
2025-06-19T12:35:00,7011AJ5M,渌渚镇,6.32
2025-06-19T12:35:00,7011AJ7R,山溪叶家,50.16
2025-06-19T12:35:00,7011AJ8R,山溪幕下,65.58
2025-06-19T12:35:00,7011AJ9R,山溪前桐,194.19
2025-06-19T12:35:00,7011AM2G,富春江水库严陵坞,23.06
2025-06-19T12:40:00,70101500,富春江电站(坝上),23.0
2025-06-19T12:40:00,70101501,富春江坝下,6.06
2025-06-19T12:40:00,70101800,窄溪,4.51
2025-06-19T12:40:00,70102300,闸口,4.24
2025-06-19T12:40:00,7010AJ33,渌渚,4.53
2025-06-19T12:40:00,7011AJ4M,新桐乡,4.5
2025-06-19T12:40:00,7011AJ5M,渌渚镇,6.32
2025-06-19T12:40:00,7011AJ7R,山溪叶家,50.16
2025-06-19T12:40:00,7011AJ8R,山溪幕下,65.57
2025-06-19T12:40:00,7011AJ9R,山溪前桐,194.19
2025-06-19T12:40:00,7011AM2G,富春江水库严陵坞,23.06
2025-06-19T12:45:00,70101500,富春江电站(坝上),23.0
2025-06-19T12:45:00,70101501,富春江坝下,6.05
2025-06-19T12:45:00,70101800,窄溪,4.51
2025-06-19T12:45:00,70102300,闸口,4.24
2025-06-19T12:45:00,7010AJ33,渌渚,4.53
2025-06-19T12:45:00,7011AJ4M,新桐乡,4.49
2025-06-19T12:45:00,7011AJ5M,渌渚镇,6.32
2025-06-19T12:45:00,7011AJ7R,山溪叶家,50.16
2025-06-19T12:45:00,7011AJ8R,山溪幕下,65.57
2025-06-19T12:45:00,7011AJ9R,山溪前桐,194.2
2025-06-19T12:45:00,7011AM2G,富春江水库严陵坞,23.06
2025-06-19T12:50:00,70101500,富春江电站(坝上),23.0
2025-06-19T12:50:00,70101501,富春江坝下,6.05
2025-06-19T12:50:00,70101800,窄溪,4.51
2025-06-19T12:50:00,70102300,闸口,4.23
2025-06-19T12:50:00,7010AJ33,渌渚,4.53
2025-06-19T12:50:00,7011AJ4M,新桐乡,4.49
2025-06-19T12:50:00,7011AJ5M,渌渚镇,6.32
2025-06-19T12:50:00,7011AJ7R,山溪叶家,50.17
2025-06-19T12:50:00,7011AJ8R,山溪幕下,65.57
2025-06-19T12:50:00,7011AJ9R,山溪前桐,194.19
2025-06-19T12:50:00,7011AM2G,富春江水库严陵坞,23.07
2025-06-19T12:55:00,70101500,富春江电站(坝上),22.99
2025-06-19T12:55:00,70101501,富春江坝下,6.07
2025-06-19T12:55:00,70101800,窄溪,4.5
2025-06-19T12:55:00,70102300,闸口,4.24
2025-06-19T12:55:00,7010AJ33,渌渚,4.51
2025-06-19T12:55:00,7011AJ4M,新桐乡,4.49
2025-06-19T12:55:00,7011AJ5M,渌渚镇,6.32
2025-06-19T12:55:00,7011AJ7R,山溪叶家,50.17
2025-06-19T12:55:00,7011AJ8R,山溪幕下,65.58
2025-06-19T12:55:00,7011AJ9R,山溪前桐,194.19
2025-06-19T12:55:00,7011AM2G,富春江水库严陵坞,23.06
2025-06-19T13:00:00,70101500,富春江电站(坝上),22.99
2025-06-19T13:00:00,70101501,富春江坝下,6.07
2025-06-19T13:00:00,70101800,窄溪,4.49
2025-06-19T13:00:00,70102300,闸口,4.24
2025-06-19T13:00:00,7010AJ33,渌渚,4.51
2025-06-19T13:00:00,7011AJ4M,新桐乡,4.48
2025-06-19T13:00:00,7011AJ5M,渌渚镇,6.32
2025-06-19T13:00:00,7011AJ7R,山溪叶家,50.17
2025-06-19T13:00:00,7011AJ8R,山溪幕下,65.58
2025-06-19T13:00:00,7011AJ9R,山溪前桐,194.19
2025-06-19T13:00:00,7011AM2G,富春江水库严陵坞,23.06
2025-06-19T13:05:00,70101500,富春江电站(坝上),22.99
2025-06-19T13:05:00,70101501,富春江坝下,6.11
2025-06-19T13:05:00,70101800,窄溪,4.49
2025-06-19T13:05:00,70102300,闸口,4.24
2025-06-19T13:05:00,7010AJ33,渌渚,4.51
2025-06-19T13:05:00,7011AJ4M,新桐乡,4.47
2025-06-19T13:05:00,7011AJ5M,渌渚镇,6.31
2025-06-19T13:05:00,7011AJ7R,山溪叶家,50.17
2025-06-19T13:05:00,7011AJ8R,山溪幕下,65.58
2025-06-19T13:05:00,7011AJ9R,山溪前桐,194.19
2025-06-19T13:05:00,7011AM2G,富春江水库严陵坞,23.06
2025-06-19T13:10:00,70101500,富春江电站(坝上),22.99
2025-06-19T13:10:00,70101501,富春江坝下,6.11
2025-06-19T13:10:00,70101800,窄溪,4.49
2025-06-19T13:10:00,70102300,闸口,4.24
2025-06-19T13:10:00,7010AJ33,渌渚,4.51
2025-06-19T13:10:00,7011AJ4M,新桐乡,4.47
2025-06-19T13:10:00,7011AJ5M,渌渚镇,6.3
2025-06-19T13:10:00,7011AJ7R,山溪叶家,50.17
2025-06-19T13:10:00,7011AJ8R,山溪幕下,65.58
2025-06-19T13:10:00,7011AJ9R,山溪前桐,194.19
2025-06-19T13:10:00,7011AM2G,富春江水库严陵坞,23.06
2025-06-19T13:15:00,70101500,富春江电站(坝上),22.99
2025-06-19T13:15:00,70101501,富春江坝下,6.13
2025-06-19T13:15:00,70101800,窄溪,4.48
2025-06-19T13:15:00,70102300,闸口,4.24
2025-06-19T13:15:00,7010AJ33,渌渚,4.51
2025-06-19T13:15:00,7011AJ4M,新桐乡,4.47
2025-06-19T13:15:00,7011AJ5M,渌渚镇,6.3
2025-06-19T13:15:00,7011AJ7R,山溪叶家,50.17
2025-06-19T13:15:00,7011AJ8R,山溪幕下,65.58
2025-06-19T13:15:00,7011AJ9R,山溪前桐,194.19
2025-06-19T13:15:00,7011AM2G,富春江水库严陵坞,23.06
2025-06-19T13:20:00,70101500,富春江电站(坝上),22.98
2025-06-19T13:20:00,70101501,富春江坝下,6.11
2025-06-19T13:20:00,70101800,窄溪,4.48
2025-06-19T13:20:00,70102300,闸口,4.24
2025-06-19T13:20:00,7010AJ33,渌渚,4.51
2025-06-19T13:20:00,7011AJ4M,新桐乡,4.47
2025-06-19T13:20:00,7011AJ5M,渌渚镇,6.3
2025-06-19T13:20:00,7011AJ7R,山溪叶家,50.17
2025-06-19T13:20:00,7011AJ8R,山溪幕下,65.58
2025-06-19T13:20:00,7011AJ9R,山溪前桐,194.2
2025-06-19T13:20:00,7011AM2G,富春江水库严陵坞,23.05
2025-06-19T13:25:00,70101500,富春江电站(坝上),22.98
2025-06-19T13:25:00,70101501,富春江坝下,6.11
2025-06-19T13:25:00,70101800,窄溪,4.48
2025-06-19T13:25:00,70102300,闸口,4.24
2025-06-19T13:25:00,7010AJ33,渌渚,4.49
2025-06-19T13:25:00,7011AJ4M,新桐乡,4.47
2025-06-19T13:25:00,7011AJ5M,渌渚镇,6.31
2025-06-19T13:25:00,7011AJ7R,山溪叶家,50.17
2025-06-19T13:25:00,7011AJ8R,山溪幕下,65.59
2025-06-19T13:25:00,7011AJ9R,山溪前桐,194.19
2025-06-19T13:25:00,7011AM2G,富春江水库严陵坞,23.05
2025-06-19T13:30:00,70101500,富春江电站(坝上),22.97
2025-06-19T13:30:00,70101501,富春江坝下,6.08
2025-06-19T13:30:00,70101800,窄溪,4.47
2025-06-19T13:30:00,70102300,闸口,4.24
2025-06-19T13:30:00,7010AJ33,渌渚,4.51
2025-06-19T13:30:00,7011AJ4M,新桐乡,4.47
2025-06-19T13:30:00,7011AJ5M,渌渚镇,6.31
2025-06-19T13:30:00,7011AJ7R,山溪叶家,50.16
2025-06-19T13:30:00,7011AJ8R,山溪幕下,65.59
2025-06-19T13:30:00,7011AJ9R,山溪前桐,194.19
2025-06-19T13:30:00,7011AM2G,富春江水库严陵坞,23.03
2025-06-19T13:35:00,70101500,富春江电站(坝上),22.96
2025-06-19T13:35:00,70101501,富春江坝下,6.08
2025-06-19T13:35:00,70101800,窄溪,4.47
2025-06-19T13:35:00,70102300,闸口,4.24
2025-06-19T13:35:00,7010AJ33,渌渚,4.51
2025-06-19T13:35:00,7011AJ4M,新桐乡,4.46
2025-06-19T13:35:00,7011AJ5M,渌渚镇,6.31
2025-06-19T13:35:00,7011AJ7R,山溪叶家,50.17
2025-06-19T13:35:00,7011AJ8R,山溪幕下,65.59
2025-06-19T13:35:00,7011AJ9R,山溪前桐,194.19
2025-06-19T13:35:00,7011AM2G,富春江水库严陵坞,23.03
2025-06-19T13:40:00,70101500,富春江电站(坝上),22.96
2025-06-19T13:40:00,70101501,富春江坝下,6.08
2025-06-19T13:40:00,70101800,窄溪,4.46
2025-06-19T13:40:00,70102300,闸口,4.24
2025-06-19T13:40:00,7010AJ33,渌渚,4.51
2025-06-19T13:40:00,7011AJ4M,新桐乡,4.45
2025-06-19T13:40:00,7011AJ5M,渌渚镇,6.3
2025-06-19T13:40:00,7011AJ7R,山溪叶家,50.17
2025-06-19T13:40:00,7011AJ8R,山溪幕下,65.59
2025-06-19T13:40:00,7011AJ9R,山溪前桐,194.2
2025-06-19T13:40:00,7011AM2G,富春江水库严陵坞,23.03
2025-06-19T13:45:00,70101500,富春江电站(坝上),22.96
2025-06-19T13:45:00,70101501,富春江坝下,6.08
2025-06-19T13:45:00,70101800,窄溪,4.46
2025-06-19T13:45:00,70102300,闸口,4.24
2025-06-19T13:45:00,7010AJ33,渌渚,4.49
2025-06-19T13:45:00,7011AJ4M,新桐乡,4.45
2025-06-19T13:45:00,7011AJ5M,渌渚镇,6.29
2025-06-19T13:45:00,7011AJ7R,山溪叶家,50.17
2025-06-19T13:45:00,7011AJ8R,山溪幕下,65.59
2025-06-19T13:45:00,7011AJ9R,山溪前桐,194.19
2025-06-19T13:45:00,7011AM2G,富春江水库严陵坞,23.02
2025-06-19T13:50:00,70101500,富春江电站(坝上),22.95
2025-06-19T13:50:00,70101501,富春江坝下,6.08
2025-06-19T13:50:00,70101800,窄溪,4.46
2025-06-19T13:50:00,70102300,闸口,4.23
2025-06-19T13:50:00,7010AJ33,渌渚,4.49
2025-06-19T13:50:00,7011AJ4M,新桐乡,4.45
2025-06-19T13:50:00,7011AJ5M,渌渚镇,6.3
2025-06-19T13:50:00,7011AJ7R,山溪叶家,50.17
2025-06-19T13:50:00,7011AJ8R,山溪幕下,65.59
2025-06-19T13:50:00,7011AJ9R,山溪前桐,194.19
2025-06-19T13:50:00,7011AM2G,富春江水库严陵坞,23.01
2025-06-19T13:55:00,70101500,富春江电站(坝上),22.95
2025-06-19T13:55:00,70101501,富春江坝下,6.09
2025-06-19T13:55:00,70101800,窄溪,4.46
2025-06-19T13:55:00,70102300,闸口,4.24
2025-06-19T13:55:00,7010AJ33,渌渚,4.49
2025-06-19T13:55:00,7011AJ4M,新桐乡,4.43
2025-06-19T13:55:00,7011AJ5M,渌渚镇,6.3
2025-06-19T13:55:00,7011AJ7R,山溪叶家,50.17
2025-06-19T13:55:00,7011AJ8R,山溪幕下,65.59
2025-06-19T13:55:00,7011AJ9R,山溪前桐,194.19
2025-06-19T13:55:00,7011AM2G,富春江水库严陵坞,23.01
2025-06-19T14:00:00,70101500,富春江电站(坝上),22.94
2025-06-19T14:00:00,70101501,富春江坝下,6.08
2025-06-19T14:00:00,70101800,窄溪,4.46
2025-06-19T14:00:00,70102300,闸口,4.23
2025-06-19T14:00:00,7010AJ33,渌渚,4.49
2025-06-19T14:00:00,7011AJ4M,新桐乡,4.41
2025-06-19T14:00:00,7011AJ5M,渌渚镇,6.31
2025-06-19T14:00:00,7011AJ7R,山溪叶家,50.17
2025-06-19T14:00:00,7011AJ8R,山溪幕下,65.59
2025-06-19T14:00:00,7011AJ9R,山溪前桐,194.2
2025-06-19T14:00:00,7011AM2G,富春江水库严陵坞,23.01
2025-06-19T14:05:00,70101500,富春江电站(坝上),22.94
2025-06-19T14:05:00,70101501,富春江坝下,6.08
2025-06-19T14:05:00,70101800,窄溪,4.45
2025-06-19T14:05:00,70102300,闸口,4.23
2025-06-19T14:05:00,7010AJ33,渌渚,4.49
2025-06-19T14:05:00,7011AJ4M,新桐乡,4.41
2025-06-19T14:05:00,7011AJ5M,渌渚镇,6.3
2025-06-19T14:05:00,7011AJ7R,山溪叶家,50.17
2025-06-19T14:05:00,7011AJ8R,山溪幕下,65.59
2025-06-19T14:05:00,7011AJ9R,山溪前桐,194.2
2025-06-19T14:05:00,7011AM2G,富春江水库严陵坞,23.01
2025-06-19T14:10:00,70101500,富春江电站(坝上),22.93
2025-06-19T14:10:00,70101501,富春江坝下,6.07
2025-06-19T14:10:00,70101800,窄溪,4.44
2025-06-19T14:10:00,70102300,闸口,4.23
2025-06-19T14:10:00,7010AJ33,渌渚,4.47
2025-06-19T14:10:00,7011AJ4M,新桐乡,4.41
2025-06-19T14:10:00,7011AJ5M,渌渚镇,6.31
2025-06-19T14:10:00,7011AJ7R,山溪叶家,50.17
2025-06-19T14:10:00,7011AJ8R,山溪幕下,65.59
2025-06-19T14:10:00,7011AJ9R,山溪前桐,194.19
2025-06-19T14:10:00,7011AM2G,富春江水库严陵坞,23.01
2025-06-19T14:15:00,70101500,富春江电站(坝上),22.94
2025-06-19T14:15:00,70101501,富春江坝下,6.08
2025-06-19T14:15:00,70101800,窄溪,4.44
2025-06-19T14:15:00,70102300,闸口,4.23
2025-06-19T14:15:00,7010AJ33,渌渚,4.47
2025-06-19T14:15:00,7011AJ4M,新桐乡,4.42
2025-06-19T14:15:00,7011AJ5M,渌渚镇,6.31
2025-06-19T14:15:00,7011AJ7R,山溪叶家,50.17
2025-06-19T14:15:00,7011AJ8R,山溪幕下,65.58
2025-06-19T14:15:00,7011AJ9R,山溪前桐,194.19
2025-06-19T14:15:00,7011AM2G,富春江水库严陵坞,23.0
2025-06-19T14:20:00,70101500,富春江电站(坝上),22.94
2025-06-19T14:20:00,70101501,富春江坝下,6.07
2025-06-19T14:20:00,70101800,窄溪,4.43
2025-06-19T14:20:00,70102300,闸口,4.23
2025-06-19T14:20:00,7010AJ33,渌渚,4.47
2025-06-19T14:20:00,7011AJ4M,新桐乡,4.41
2025-06-19T14:20:00,7011AJ5M,渌渚镇,6.29
2025-06-19T14:20:00,7011AJ7R,山溪叶家,50.17
2025-06-19T14:20:00,7011AJ8R,山溪幕下,65.58
2025-06-19T14:20:00,7011AJ9R,山溪前桐,194.19
2025-06-19T14:20:00,7011AM2G,富春江水库严陵坞,23.0
2025-06-19T14:25:00,70101500,富春江电站(坝上),22.87
2025-06-19T14:25:00,70101501,富春江坝下,6.16
2025-06-19T14:25:00,70101800,窄溪,4.43
2025-06-19T14:25:00,70102300,闸口,4.22
2025-06-19T14:25:00,7010AJ33,渌渚,4.47
2025-06-19T14:25:00,7011AJ4M,新桐乡,4.38
2025-06-19T14:25:00,7011AJ5M,渌渚镇,6.3
2025-06-19T14:25:00,7011AJ7R,山溪叶家,50.17
2025-06-19T14:25:00,7011AJ8R,山溪幕下,65.58
2025-06-19T14:25:00,7011AJ9R,山溪前桐,194.19
2025-06-19T14:25:00,7011AM2G,富春江水库严陵坞,23.01
2025-06-19T14:30:00,70101500,富春江电站(坝上),22.89
2025-06-19T14:30:00,70101501,富春江坝下,6.28
2025-06-19T14:30:00,70101800,窄溪,4.42
2025-06-19T14:30:00,70102300,闸口,4.22
2025-06-19T14:30:00,7010AJ33,渌渚,4.43
2025-06-19T14:30:00,7011AJ4M,新桐乡,4.37
2025-06-19T14:30:00,7011AJ5M,渌渚镇,6.29
2025-06-19T14:30:00,7011AJ7R,山溪叶家,50.17
2025-06-19T14:30:00,7011AJ8R,山溪幕下,65.59
2025-06-19T14:30:00,7011AJ9R,山溪前桐,194.19
2025-06-19T14:30:00,7011AM2G,富春江水库严陵坞,22.95
2025-06-19T14:35:00,70101500,富春江电站(坝上),22.88
2025-06-19T14:35:00,70101501,富春江坝下,6.37
2025-06-19T14:35:00,70101800,窄溪,4.41
2025-06-19T14:35:00,70102300,闸口,4.22
2025-06-19T14:35:00,7010AJ33,渌渚,4.45
2025-06-19T14:35:00,7011AJ4M,新桐乡,4.36
2025-06-19T14:35:00,7011AJ5M,渌渚镇,6.3
2025-06-19T14:35:00,7011AJ7R,山溪叶家,50.17
2025-06-19T14:35:00,7011AJ8R,山溪幕下,65.58
2025-06-19T14:35:00,7011AJ9R,山溪前桐,194.19
2025-06-19T14:35:00,7011AM2G,富春江水库严陵坞,22.95
2025-06-19T14:40:00,70101500,富春江电站(坝上),22.85
2025-06-19T14:40:00,70101501,富春江坝下,6.42
2025-06-19T14:40:00,70101800,窄溪,4.41
2025-06-19T14:40:00,70102300,闸口,4.21
2025-06-19T14:40:00,7010AJ33,渌渚,4.43
2025-06-19T14:40:00,7011AJ4M,新桐乡,4.37
2025-06-19T14:40:00,7011AJ5M,渌渚镇,6.31
2025-06-19T14:40:00,7011AJ7R,山溪叶家,50.17
2025-06-19T14:40:00,7011AJ8R,山溪幕下,65.58
2025-06-19T14:40:00,7011AJ9R,山溪前桐,194.19
2025-06-19T14:40:00,7011AM2G,富春江水库严陵坞,22.93
2025-06-19T14:45:00,70101500,富春江电站(坝上),22.86
2025-06-19T14:45:00,70101501,富春江坝下,6.46
2025-06-19T14:45:00,70101800,窄溪,4.41
2025-06-19T14:45:00,70102300,闸口,4.22
2025-06-19T14:45:00,7010AJ33,渌渚,4.43
2025-06-19T14:45:00,7011AJ4M,新桐乡,4.38
2025-06-19T14:45:00,7011AJ5M,渌渚镇,6.31
2025-06-19T14:45:00,7011AJ7R,山溪叶家,50.17
2025-06-19T14:45:00,7011AJ8R,山溪幕下,65.58
2025-06-19T14:45:00,7011AJ9R,山溪前桐,194.19
2025-06-19T14:45:00,7011AM2G,富春江水库严陵坞,22.93
2025-06-19T14:50:00,70101500,富春江电站(坝上),22.86
2025-06-19T14:50:00,70101501,富春江坝下,6.47
2025-06-19T14:50:00,70101800,窄溪,4.41
2025-06-19T14:50:00,70102300,闸口,4.21
2025-06-19T14:50:00,7010AJ33,渌渚,4.43
2025-06-19T14:50:00,7011AJ4M,新桐乡,4.37
2025-06-19T14:50:00,7011AJ5M,渌渚镇,6.31
2025-06-19T14:50:00,7011AJ7R,山溪叶家,50.17
2025-06-19T14:50:00,7011AJ8R,山溪幕下,65.58
2025-06-19T14:50:00,7011AJ9R,山溪前桐,194.19
2025-06-19T14:50:00,7011AM2G,富春江水库严陵坞,22.93
2025-06-19T14:55:00,70101500,富春江电站(坝上),22.85
2025-06-19T14:55:00,70101501,富春江坝下,6.48
2025-06-19T14:55:00,70101800,窄溪,4.4
2025-06-19T14:55:00,70102300,闸口,4.21
2025-06-19T14:55:00,7010AJ33,渌渚,4.43
2025-06-19T14:55:00,7011AJ4M,新桐乡,4.37
2025-06-19T14:55:00,7011AJ5M,渌渚镇,6.32
2025-06-19T14:55:00,7011AJ7R,山溪叶家,50.17
2025-06-19T14:55:00,7011AJ8R,山溪幕下,65.59
2025-06-19T14:55:00,7011AJ9R,山溪前桐,194.2
2025-06-19T14:55:00,7011AM2G,富春江水库严陵坞,22.93
2025-06-19T15:00:00,70101500,富春江电站(坝上),22.86
2025-06-19T15:00:00,70101501,富春江坝下,6.48
2025-06-19T15:00:00,70101800,窄溪,4.4
2025-06-19T15:00:00,70102300,闸口,4.2
2025-06-19T15:00:00,7010AJ33,渌渚,4.43
2025-06-19T15:00:00,7011AJ4M,新桐乡,4.37
2025-06-19T15:00:00,7011AJ5M,渌渚镇,6.31
2025-06-19T15:00:00,7011AJ7R,山溪叶家,50.17
2025-06-19T15:00:00,7011AJ8R,山溪幕下,65.59
2025-06-19T15:00:00,7011AJ9R,山溪前桐,194.19
2025-06-19T15:00:00,7011AM2G,富春江水库严陵坞,22.92
2025-06-19T15:05:00,70101500,富春江电站(坝上),22.87
2025-06-19T15:05:00,70101501,富春江坝下,6.51
2025-06-19T15:05:00,70101800,窄溪,4.39
2025-06-19T15:05:00,70102300,闸口,4.2
2025-06-19T15:05:00,7010AJ33,渌渚,4.41
2025-06-19T15:05:00,7011AJ4M,新桐乡,4.36
2025-06-19T15:05:00,7011AJ5M,渌渚镇,6.3
2025-06-19T15:05:00,7011AJ7R,山溪叶家,50.17
2025-06-19T15:05:00,7011AJ8R,山溪幕下,65.58
2025-06-19T15:05:00,7011AJ9R,山溪前桐,194.19
2025-06-19T15:05:00,7011AM2G,富春江水库严陵坞,22.93
2025-06-19T15:10:00,70101500,富春江电站(坝上),22.85
2025-06-19T15:10:00,70101501,富春江坝下,6.51
2025-06-19T15:10:00,70101800,窄溪,4.39
2025-06-19T15:10:00,70102300,闸口,4.2
2025-06-19T15:10:00,7010AJ33,渌渚,4.41
2025-06-19T15:10:00,7011AJ4M,新桐乡,4.35
2025-06-19T15:10:00,7011AJ5M,渌渚镇,6.32
2025-06-19T15:10:00,7011AJ7R,山溪叶家,50.17
2025-06-19T15:10:00,7011AJ8R,山溪幕下,65.59
2025-06-19T15:10:00,7011AJ9R,山溪前桐,194.19
2025-06-19T15:10:00,7011AM2G,富春江水库严陵坞,22.93
2025-06-19T15:15:00,70101500,富春江电站(坝上),22.88
2025-06-19T15:15:00,70101501,富春江坝下,6.51
2025-06-19T15:15:00,70101800,窄溪,4.39
2025-06-19T15:15:00,70102300,闸口,4.2
2025-06-19T15:15:00,7010AJ33,渌渚,4.41
2025-06-19T15:15:00,7011AJ4M,新桐乡,4.35
2025-06-19T15:15:00,7011AJ5M,渌渚镇,6.31
2025-06-19T15:15:00,7011AJ7R,山溪叶家,50.17
2025-06-19T15:15:00,7011AJ8R,山溪幕下,65.58
2025-06-19T15:15:00,7011AJ9R,山溪前桐,194.19
2025-06-19T15:15:00,7011AM2G,富春江水库严陵坞,22.94
2025-06-19T15:20:00,70101500,富春江电站(坝上),22.89
2025-06-19T15:20:00,70101501,富春江坝下,6.52
2025-06-19T15:20:00,70101800,窄溪,4.39
2025-06-19T15:20:00,70102300,闸口,4.19
2025-06-19T15:20:00,7010AJ33,渌渚,4.41
2025-06-19T15:20:00,7011AJ4M,新桐乡,4.35
2025-06-19T15:20:00,7011AJ5M,渌渚镇,6.31
2025-06-19T15:20:00,7011AJ7R,山溪叶家,50.17
2025-06-19T15:20:00,7011AJ8R,山溪幕下,65.58
2025-06-19T15:20:00,7011AJ9R,山溪前桐,194.2
2025-06-19T15:20:00,7011AM2G,富春江水库严陵坞,22.95
2025-06-19T15:25:00,70101500,富春江电站(坝上),22.89
2025-06-19T15:25:00,70101501,富春江坝下,6.53
2025-06-19T15:25:00,70101800,窄溪,4.4
2025-06-19T15:25:00,70102300,闸口,4.18
2025-06-19T15:25:00,7010AJ33,渌渚,4.41
2025-06-19T15:25:00,7011AJ4M,新桐乡,4.35
2025-06-19T15:25:00,7011AJ5M,渌渚镇,6.31
2025-06-19T15:25:00,7011AJ7R,山溪叶家,50.17
2025-06-19T15:25:00,7011AJ8R,山溪幕下,65.58
2025-06-19T15:25:00,7011AJ9R,山溪前桐,194.19
2025-06-19T15:25:00,7011AM2G,富春江水库严陵坞,22.95
2025-06-19T15:30:00,70101500,富春江电站(坝上),22.9
2025-06-19T15:30:00,70101501,富春江坝下,6.53
2025-06-19T15:30:00,70101800,窄溪,4.4
2025-06-19T15:30:00,70102300,闸口,4.18
2025-06-19T15:30:00,7010AJ33,渌渚,4.41
2025-06-19T15:30:00,7011AJ4M,新桐乡,4.34
2025-06-19T15:30:00,7011AJ5M,渌渚镇,6.31
2025-06-19T15:30:00,7011AJ7R,山溪叶家,50.17
2025-06-19T15:30:00,7011AJ8R,山溪幕下,65.58
2025-06-19T15:30:00,7011AJ9R,山溪前桐,194.19
2025-06-19T15:30:00,7011AM2G,富春江水库严陵坞,22.96
2025-06-19T15:35:00,70101500,富春江电站(坝上),22.89
2025-06-19T15:35:00,70101501,富春江坝下,6.53
2025-06-19T15:35:00,70101800,窄溪,4.4
2025-06-19T15:35:00,70102300,闸口,4.18
2025-06-19T15:35:00,7010AJ33,渌渚,4.41
2025-06-19T15:35:00,7011AJ4M,新桐乡,4.34
2025-06-19T15:35:00,7011AJ5M,渌渚镇,6.28
2025-06-19T15:35:00,7011AJ7R,山溪叶家,50.17
2025-06-19T15:35:00,7011AJ8R,山溪幕下,65.58
2025-06-19T15:35:00,7011AJ9R,山溪前桐,194.19
2025-06-19T15:35:00,7011AM2G,富春江水库严陵坞,22.96
2025-06-19T15:40:00,70101500,富春江电站(坝上),22.89
2025-06-19T15:40:00,70101501,富春江坝下,6.53
2025-06-19T15:40:00,70101800,窄溪,4.4
2025-06-19T15:40:00,70102300,闸口,4.17
2025-06-19T15:40:00,7010AJ33,渌渚,4.41
2025-06-19T15:40:00,7011AJ4M,新桐乡,4.33
2025-06-19T15:40:00,7011AJ5M,渌渚镇,6.31
2025-06-19T15:40:00,7011AJ7R,山溪叶家,50.17
2025-06-19T15:40:00,7011AJ8R,山溪幕下,65.58
2025-06-19T15:40:00,7011AJ9R,山溪前桐,194.19
2025-06-19T15:40:00,7011AM2G,富春江水库严陵坞,22.96
2025-06-19T15:45:00,70101500,富春江电站(坝上),22.89
2025-06-19T15:45:00,70101501,富春江坝下,6.55
2025-06-19T15:45:00,70101800,窄溪,4.4
2025-06-19T15:45:00,70102300,闸口,4.17
2025-06-19T15:45:00,7010AJ33,渌渚,4.43
2025-06-19T15:45:00,7011AJ4M,新桐乡,4.34
2025-06-19T15:45:00,7011AJ5M,渌渚镇,6.3
2025-06-19T15:45:00,7011AJ7R,山溪叶家,50.17
2025-06-19T15:45:00,7011AJ8R,山溪幕下,65.58
2025-06-19T15:45:00,7011AJ9R,山溪前桐,194.19
2025-06-19T15:45:00,7011AM2G,富春江水库严陵坞,22.96
2025-06-19T15:50:00,70101500,富春江电站(坝上),22.9
2025-06-19T15:50:00,70101501,富春江坝下,6.54
2025-06-19T15:50:00,70101800,窄溪,4.4
2025-06-19T15:50:00,70102300,闸口,4.16
2025-06-19T15:50:00,7010AJ33,渌渚,4.43
2025-06-19T15:50:00,7011AJ4M,新桐乡,4.34
2025-06-19T15:50:00,7011AJ5M,渌渚镇,6.31
2025-06-19T15:50:00,7011AJ7R,山溪叶家,50.17
2025-06-19T15:50:00,7011AJ8R,山溪幕下,65.58
2025-06-19T15:50:00,7011AJ9R,山溪前桐,194.19
2025-06-19T15:50:00,7011AM2G,富春江水库严陵坞,22.96
2025-06-19T15:55:00,70101500,富春江电站(坝上),22.89
2025-06-19T15:55:00,70101501,富春江坝下,6.53
2025-06-19T15:55:00,70101800,窄溪,4.4
2025-06-19T15:55:00,70102300,闸口,4.16
2025-06-19T15:55:00,7010AJ33,渌渚,4.43
2025-06-19T15:55:00,7011AJ4M,新桐乡,4.34
2025-06-19T15:55:00,7011AJ5M,渌渚镇,6.3
2025-06-19T15:55:00,7011AJ7R,山溪叶家,50.17
2025-06-19T15:55:00,7011AJ8R,山溪幕下,65.58
2025-06-19T15:55:00,7011AJ9R,山溪前桐,194.19
2025-06-19T15:55:00,7011AM2G,富春江水库严陵坞,22.96
2025-06-19T16:00:00,70101500,富春江电站(坝上),22.9
2025-06-19T16:00:00,70101501,富春江坝下,6.54
2025-06-19T16:00:00,70101800,窄溪,4.39
2025-06-19T16:00:00,70102300,闸口,4.16
2025-06-19T16:00:00,7010AJ33,渌渚,4.43
2025-06-19T16:00:00,7011AJ4M,新桐乡,4.34
2025-06-19T16:00:00,7011AJ5M,渌渚镇,6.29
2025-06-19T16:00:00,7011AJ7R,山溪叶家,50.17
2025-06-19T16:00:00,7011AJ8R,山溪幕下,65.58
2025-06-19T16:00:00,7011AJ9R,山溪前桐,194.19
2025-06-19T16:00:00,7011AM2G,富春江水库严陵坞,22.96
2025-06-19T16:05:00,70101500,富春江电站(坝上),22.9
2025-06-19T16:05:00,70101501,富春江坝下,6.54
2025-06-19T16:05:00,70101800,窄溪,4.4
2025-06-19T16:05:00,70102300,闸口,4.16
2025-06-19T16:05:00,7010AJ33,渌渚,4.43
2025-06-19T16:05:00,7011AJ4M,新桐乡,4.33
2025-06-19T16:05:00,7011AJ5M,渌渚镇,6.27
2025-06-19T16:05:00,7011AJ7R,山溪叶家,50.17
2025-06-19T16:05:00,7011AJ8R,山溪幕下,65.58
2025-06-19T16:05:00,7011AJ9R,山溪前桐,194.19
2025-06-19T16:05:00,7011AM2G,富春江水库严陵坞,22.96
2025-06-19T16:10:00,70101500,富春江电站(坝上),22.89
2025-06-19T16:10:00,70101501,富春江坝下,6.53
2025-06-19T16:10:00,70101800,窄溪,4.4
2025-06-19T16:10:00,70102300,闸口,4.15
2025-06-19T16:10:00,7010AJ33,渌渚,4.43
2025-06-19T16:10:00,7011AJ4M,新桐乡,4.33
2025-06-19T16:10:00,7011AJ5M,渌渚镇,6.26
2025-06-19T16:10:00,7011AJ7R,山溪叶家,50.17
2025-06-19T16:10:00,7011AJ8R,山溪幕下,65.58
2025-06-19T16:10:00,7011AJ9R,山溪前桐,194.19
2025-06-19T16:10:00,7011AM2G,富春江水库严陵坞,22.96
2025-06-19T16:15:00,70101500,富春江电站(坝上),22.89
2025-06-19T16:15:00,70101501,富春江坝下,6.55
2025-06-19T16:15:00,70101800,窄溪,4.39
2025-06-19T16:15:00,70102300,闸口,4.15
2025-06-19T16:15:00,7010AJ33,渌渚,4.43
2025-06-19T16:15:00,7011AJ4M,新桐乡,4.33
2025-06-19T16:15:00,7011AJ5M,渌渚镇,6.26
2025-06-19T16:15:00,7011AJ7R,山溪叶家,50.17
2025-06-19T16:15:00,7011AJ8R,山溪幕下,65.58
2025-06-19T16:15:00,7011AJ9R,山溪前桐,194.19
2025-06-19T16:15:00,7011AM2G,富春江水库严陵坞,22.95
2025-06-19T16:20:00,70101500,富春江电站(坝上),22.88
2025-06-19T16:20:00,70101501,富春江坝下,6.54
2025-06-19T16:20:00,70101800,窄溪,4.39
2025-06-19T16:20:00,70102300,闸口,4.15
2025-06-19T16:20:00,7010AJ33,渌渚,4.43
2025-06-19T16:20:00,7011AJ4M,新桐乡,4.33
2025-06-19T16:20:00,7011AJ5M,渌渚镇,6.26
2025-06-19T16:20:00,7011AJ7R,山溪叶家,50.17
2025-06-19T16:20:00,7011AJ8R,山溪幕下,65.58
2025-06-19T16:20:00,7011AJ9R,山溪前桐,194.19
2025-06-19T16:20:00,7011AM2G,富春江水库严陵坞,22.95
2025-06-19T16:25:00,70101500,富春江电站(坝上),22.87
2025-06-19T16:25:00,70101501,富春江坝下,6.53
2025-06-19T16:25:00,70101800,窄溪,4.39
2025-06-19T16:25:00,70102300,闸口,4.14
2025-06-19T16:25:00,7010AJ33,渌渚,4.43
2025-06-19T16:25:00,7011AJ4M,新桐乡,4.33
2025-06-19T16:25:00,7011AJ5M,渌渚镇,6.27
2025-06-19T16:25:00,7011AJ7R,山溪叶家,50.17
2025-06-19T16:25:00,7011AJ8R,山溪幕下,65.58
2025-06-19T16:25:00,7011AJ9R,山溪前桐,194.19
2025-06-19T16:25:00,7011AM2G,富春江水库严陵坞,22.94
2025-06-19T16:30:00,70101500,富春江电站(坝上),22.86
2025-06-19T16:30:00,70101501,富春江坝下,6.53
2025-06-19T16:30:00,70101800,窄溪,4.39
2025-06-19T16:30:00,70102300,闸口,4.14
2025-06-19T16:30:00,7010AJ33,渌渚,4.43
2025-06-19T16:30:00,7011AJ4M,新桐乡,4.33
2025-06-19T16:30:00,7011AJ5M,渌渚镇,6.25
2025-06-19T16:30:00,7011AJ7R,山溪叶家,50.17
2025-06-19T16:30:00,7011AJ8R,山溪幕下,65.58
2025-06-19T16:30:00,7011AJ9R,山溪前桐,194.19
2025-06-19T16:30:00,7011AM2G,富春江水库严陵坞,22.93
2025-06-19T16:35:00,70101500,富春江电站(坝上),22.86
2025-06-19T16:35:00,70101501,富春江坝下,6.54
2025-06-19T16:35:00,70101800,窄溪,4.39
2025-06-19T16:35:00,70102300,闸口,4.13
2025-06-19T16:35:00,7010AJ33,渌渚,4.43
2025-06-19T16:35:00,7011AJ4M,新桐乡,4.32
2025-06-19T16:35:00,7011AJ5M,渌渚镇,6.27
2025-06-19T16:35:00,7011AJ7R,山溪叶家,50.17
2025-06-19T16:35:00,7011AJ8R,山溪幕下,65.58
2025-06-19T16:35:00,7011AJ9R,山溪前桐,194.19
2025-06-19T16:35:00,7011AM2G,富春江水库严陵坞,22.93
2025-06-19T16:40:00,70101500,富春江电站(坝上),22.86
2025-06-19T16:40:00,70101501,富春江坝下,6.54
2025-06-19T16:40:00,70101800,窄溪,4.39
2025-06-19T16:40:00,70102300,闸口,4.13
2025-06-19T16:40:00,7010AJ33,渌渚,4.43
2025-06-19T16:40:00,7011AJ4M,新桐乡,4.32
2025-06-19T16:40:00,7011AJ5M,渌渚镇,6.26
2025-06-19T16:40:00,7011AJ7R,山溪叶家,50.17
2025-06-19T16:40:00,7011AJ8R,山溪幕下,65.58
2025-06-19T16:40:00,7011AJ9R,山溪前桐,194.2
2025-06-19T16:40:00,7011AM2G,富春江水库严陵坞,22.93
2025-06-19T16:45:00,70101500,富春江电站(坝上),22.85
2025-06-19T16:45:00,70101501,富春江坝下,6.54
2025-06-19T16:45:00,70101800,窄溪,4.39
2025-06-19T16:45:00,70102300,闸口,4.12
2025-06-19T16:45:00,7010AJ33,渌渚,4.41
2025-06-19T16:45:00,7011AJ4M,新桐乡,4.32
2025-06-19T16:45:00,7011AJ5M,渌渚镇,6.26
2025-06-19T16:45:00,7011AJ7R,山溪叶家,50.16
2025-06-19T16:45:00,7011AJ8R,山溪幕下,65.58
2025-06-19T16:45:00,7011AJ9R,山溪前桐,194.19
2025-06-19T16:45:00,7011AM2G,富春江水库严陵坞,22.93
2025-06-19T16:50:00,70101500,富春江电站(坝上),22.85
2025-06-19T16:50:00,70101501,富春江坝下,6.55
2025-06-19T16:50:00,70101800,窄溪,4.39
2025-06-19T16:50:00,70102300,闸口,4.12
2025-06-19T16:50:00,7010AJ33,渌渚,4.41
2025-06-19T16:50:00,7011AJ4M,新桐乡,4.31
2025-06-19T16:50:00,7011AJ5M,渌渚镇,6.26
2025-06-19T16:50:00,7011AJ7R,山溪叶家,50.17
2025-06-19T16:50:00,7011AJ8R,山溪幕下,65.58
2025-06-19T16:50:00,7011AJ9R,山溪前桐,194.2
2025-06-19T16:50:00,7011AM2G,富春江水库严陵坞,22.92
2025-06-19T16:55:00,70101500,富春江电站(坝上),22.85
2025-06-19T16:55:00,70101501,富春江坝下,6.55
2025-06-19T16:55:00,70101800,窄溪,4.38
2025-06-19T16:55:00,70102300,闸口,4.11
2025-06-19T16:55:00,7010AJ33,渌渚,4.41
2025-06-19T16:55:00,7011AJ4M,新桐乡,4.32
2025-06-19T16:55:00,7011AJ5M,渌渚镇,6.26
2025-06-19T16:55:00,7011AJ7R,山溪叶家,50.17
2025-06-19T16:55:00,7011AJ8R,山溪幕下,65.58
2025-06-19T16:55:00,7011AJ9R,山溪前桐,194.19
2025-06-19T16:55:00,7011AM2G,富春江水库严陵坞,22.92
2025-06-19T17:00:00,70101500,富春江电站(坝上),22.85
2025-06-19T17:00:00,70101501,富春江坝下,6.54
2025-06-19T17:00:00,70101800,窄溪,4.38
2025-06-19T17:00:00,70102300,闸口,4.11
2025-06-19T17:00:00,7010AJ33,渌渚,4.41
2025-06-19T17:00:00,7011AJ4M,新桐乡,4.32
2025-06-19T17:00:00,7011AJ5M,渌渚镇,6.26
2025-06-19T17:00:00,7011AJ7R,山溪叶家,50.17
2025-06-19T17:00:00,7011AJ8R,山溪幕下,65.58
2025-06-19T17:00:00,7011AJ9R,山溪前桐,194.19
2025-06-19T17:00:00,7011AM2G,富春江水库严陵坞,22.92
2025-06-19T17:05:00,70101500,富春江电站(坝上),22.85
2025-06-19T17:05:00,70101501,富春江坝下,6.55
2025-06-19T17:05:00,70101800,窄溪,4.38
2025-06-19T17:05:00,70102300,闸口,4.11
2025-06-19T17:05:00,7010AJ33,渌渚,4.41
2025-06-19T17:05:00,7011AJ4M,新桐乡,4.33
2025-06-19T17:05:00,7011AJ5M,渌渚镇,6.26
2025-06-19T17:05:00,7011AJ7R,山溪叶家,50.17
2025-06-19T17:05:00,7011AJ8R,山溪幕下,65.58
2025-06-19T17:05:00,7011AJ9R,山溪前桐,194.19
2025-06-19T17:05:00,7011AM2G,富春江水库严陵坞,22.92
2025-06-19T17:10:00,70101500,富春江电站(坝上),22.84
2025-06-19T17:10:00,70101501,富春江坝下,6.53
2025-06-19T17:10:00,70101800,窄溪,4.38
2025-06-19T17:10:00,70102300,闸口,4.1
2025-06-19T17:10:00,7010AJ33,渌渚,4.41
2025-06-19T17:10:00,7011AJ4M,新桐乡,4.32
2025-06-19T17:10:00,7011AJ5M,渌渚镇,6.26
2025-06-19T17:10:00,7011AJ7R,山溪叶家,50.18
2025-06-19T17:10:00,7011AJ8R,山溪幕下,65.58
2025-06-19T17:10:00,7011AJ9R,山溪前桐,194.19
2025-06-19T17:10:00,7011AM2G,富春江水库严陵坞,22.92
2025-06-19T17:15:00,70101500,富春江电站(坝上),22.85
2025-06-19T17:15:00,70101501,富春江坝下,6.58
2025-06-19T17:15:00,70101800,窄溪,4.38
2025-06-19T17:15:00,70102300,闸口,4.1
2025-06-19T17:15:00,7010AJ33,渌渚,4.41
2025-06-19T17:15:00,7011AJ4M,新桐乡,4.32
2025-06-19T17:15:00,7011AJ5M,渌渚镇,6.26
2025-06-19T17:15:00,7011AJ7R,山溪叶家,50.18
2025-06-19T17:15:00,7011AJ8R,山溪幕下,65.58
2025-06-19T17:15:00,7011AJ9R,山溪前桐,194.19
2025-06-19T17:15:00,7011AM2G,富春江水库严陵坞,22.92
2025-06-19T17:20:00,70101500,富春江电站(坝上),22.85
2025-06-19T17:20:00,70101501,富春江坝下,6.6
2025-06-19T17:20:00,70101800,窄溪,4.38
2025-06-19T17:20:00,70102300,闸口,4.1
2025-06-19T17:20:00,7010AJ33,渌渚,4.41
2025-06-19T17:20:00,7011AJ4M,新桐乡,4.32
2025-06-19T17:20:00,7011AJ5M,渌渚镇,6.26
2025-06-19T17:20:00,7011AJ7R,山溪叶家,50.18
2025-06-19T17:20:00,7011AJ8R,山溪幕下,65.58
2025-06-19T17:20:00,7011AJ9R,山溪前桐,194.2
2025-06-19T17:20:00,7011AM2G,富春江水库严陵坞,22.92
2025-06-19T17:25:00,70101500,富春江电站(坝上),22.85
2025-06-19T17:25:00,70101501,富春江坝下,6.6
2025-06-19T17:25:00,70101800,窄溪,4.38
2025-06-19T17:25:00,70102300,闸口,4.09
2025-06-19T17:25:00,7010AJ33,渌渚,4.41
2025-06-19T17:25:00,7011AJ4M,新桐乡,4.32
2025-06-19T17:25:00,7011AJ5M,渌渚镇,6.26
2025-06-19T17:25:00,7011AJ7R,山溪叶家,50.18
2025-06-19T17:25:00,7011AJ8R,山溪幕下,65.58
2025-06-19T17:25:00,7011AJ9R,山溪前桐,194.19
2025-06-19T17:25:00,7011AM2G,富春江水库严陵坞,22.92
2025-06-19T17:30:00,70101500,富春江电站(坝上),22.87
2025-06-19T17:30:00,70101501,富春江坝下,6.57
2025-06-19T17:30:00,70101800,窄溪,4.37
2025-06-19T17:30:00,70102300,闸口,4.09
2025-06-19T17:30:00,7010AJ33,渌渚,4.39
2025-06-19T17:30:00,7011AJ4M,新桐乡,4.32
2025-06-19T17:30:00,7011AJ5M,渌渚镇,6.26
2025-06-19T17:30:00,7011AJ7R,山溪叶家,50.18
2025-06-19T17:30:00,7011AJ8R,山溪幕下,65.58
2025-06-19T17:30:00,7011AJ9R,山溪前桐,194.19
2025-06-19T17:30:00,7011AM2G,富春江水库严陵坞,22.93
2025-06-19T17:35:00,70101500,富春江电站(坝上),22.86
2025-06-19T17:35:00,70101501,富春江坝下,6.62
2025-06-19T17:35:00,70101800,窄溪,4.37
2025-06-19T17:35:00,70102300,闸口,4.09
2025-06-19T17:35:00,7010AJ33,渌渚,4.41
2025-06-19T17:35:00,7011AJ4M,新桐乡,4.33
2025-06-19T17:35:00,7011AJ5M,渌渚镇,6.26
2025-06-19T17:35:00,7011AJ7R,山溪叶家,50.18
2025-06-19T17:35:00,7011AJ8R,山溪幕下,65.58
2025-06-19T17:35:00,7011AJ9R,山溪前桐,194.19
2025-06-19T17:35:00,7011AM2G,富春江水库严陵坞,22.95
2025-06-19T17:40:00,70101500,富春江电站(坝上),22.76
2025-06-19T17:40:00,70101501,富春江坝下,6.78
2025-06-19T17:40:00,70101800,窄溪,4.37
2025-06-19T17:40:00,70102300,闸口,4.09
2025-06-19T17:40:00,7010AJ33,渌渚,4.41
2025-06-19T17:40:00,7011AJ4M,新桐乡,4.33
2025-06-19T17:40:00,7011AJ5M,渌渚镇,6.25
2025-06-19T17:40:00,7011AJ7R,山溪叶家,50.18
2025-06-19T17:40:00,7011AJ8R,山溪幕下,65.58
2025-06-19T17:40:00,7011AJ9R,山溪前桐,194.19
2025-06-19T17:40:00,7011AM2G,富春江水库严陵坞,22.94
2025-06-19T17:45:00,70101500,富春江电站(坝上),22.76
2025-06-19T17:45:00,70101501,富春江坝下,7.04
2025-06-19T17:45:00,70101800,窄溪,4.37
2025-06-19T17:45:00,70102300,闸口,4.08
2025-06-19T17:45:00,7010AJ33,渌渚,4.41
2025-06-19T17:45:00,7011AJ4M,新桐乡,4.34
2025-06-19T17:45:00,7011AJ5M,渌渚镇,6.25
2025-06-19T17:45:00,7011AJ7R,山溪叶家,50.18
2025-06-19T17:45:00,7011AJ8R,山溪幕下,65.58
2025-06-19T17:45:00,7011AJ9R,山溪前桐,194.19
2025-06-19T17:45:00,7011AM2G,富春江水库严陵坞,22.88
2025-06-19T17:50:00,70101500,富春江电站(坝上),22.77
2025-06-19T17:50:00,70101501,富春江坝下,7.16
2025-06-19T17:50:00,70101800,窄溪,4.37
2025-06-19T17:50:00,70102300,闸口,4.08
2025-06-19T17:50:00,7010AJ33,渌渚,4.39
2025-06-19T17:50:00,7011AJ4M,新桐乡,4.33
2025-06-19T17:50:00,7011AJ5M,渌渚镇,6.25
2025-06-19T17:50:00,7011AJ7R,山溪叶家,50.18
2025-06-19T17:50:00,7011AJ8R,山溪幕下,65.58
2025-06-19T17:50:00,7011AJ9R,山溪前桐,194.19
2025-06-19T17:50:00,7011AM2G,富春江水库严陵坞,22.86
2025-06-19T17:55:00,70101500,富春江电站(坝上),22.77
2025-06-19T17:55:00,70101501,富春江坝下,7.24
2025-06-19T17:55:00,70101800,窄溪,4.37
2025-06-19T17:55:00,70102300,闸口,4.08
2025-06-19T17:55:00,7010AJ33,渌渚,4.39
2025-06-19T17:55:00,7011AJ4M,新桐乡,4.33
2025-06-19T17:55:00,7011AJ5M,渌渚镇,6.25
2025-06-19T17:55:00,7011AJ7R,山溪叶家,50.18
2025-06-19T17:55:00,7011AJ8R,山溪幕下,65.58
2025-06-19T17:55:00,7011AJ9R,山溪前桐,194.19
2025-06-19T17:55:00,7011AM2G,富春江水库严陵坞,22.85
2025-06-19T18:00:00,70101500,富春江电站(坝上),22.77
2025-06-19T18:00:00,70101501,富春江坝下,7.28
2025-06-19T18:00:00,70101800,窄溪,4.37
2025-06-19T18:00:00,70102300,闸口,4.07
2025-06-19T18:00:00,7010AJ33,渌渚,4.39
2025-06-19T18:00:00,7011AJ4M,新桐乡,4.33
2025-06-19T18:00:00,7011AJ5M,渌渚镇,6.25
2025-06-19T18:00:00,7011AJ7R,山溪叶家,50.18
2025-06-19T18:00:00,7011AJ8R,山溪幕下,65.58
2025-06-19T18:00:00,7011AJ9R,山溪前桐,194.19
2025-06-19T18:00:00,7011AM2G,富春江水库严陵坞,22.85
2025-06-19T18:05:00,70101500,富春江电站(坝上),22.79
2025-06-19T18:05:00,70101501,富春江坝下,7.33
2025-06-19T18:05:00,70101800,窄溪,4.37
2025-06-19T18:05:00,70102300,闸口,4.07
2025-06-19T18:05:00,7010AJ33,渌渚,4.41
2025-06-19T18:05:00,7011AJ4M,新桐乡,4.32
2025-06-19T18:05:00,7011AJ5M,渌渚镇,6.25
2025-06-19T18:05:00,7011AJ7R,山溪叶家,50.17
2025-06-19T18:05:00,7011AJ8R,山溪幕下,65.58
2025-06-19T18:05:00,7011AJ9R,山溪前桐,194.19
2025-06-19T18:05:00,7011AM2G,富春江水库严陵坞,22.86
2025-06-19T18:10:00,70101500,富春江电站(坝上),22.78
2025-06-19T18:10:00,70101501,富春江坝下,7.36
2025-06-19T18:10:00,70101800,窄溪,4.37
2025-06-19T18:10:00,70102300,闸口,4.07
2025-06-19T18:10:00,7010AJ33,渌渚,4.39
2025-06-19T18:10:00,7011AJ4M,新桐乡,4.32
2025-06-19T18:10:00,7011AJ5M,渌渚镇,6.25
2025-06-19T18:10:00,7011AJ7R,山溪叶家,50.17
2025-06-19T18:10:00,7011AJ8R,山溪幕下,65.58
2025-06-19T18:10:00,7011AJ9R,山溪前桐,194.19
2025-06-19T18:10:00,7011AM2G,富春江水库严陵坞,22.87
2025-06-19T18:15:00,70101500,富春江电站(坝上),22.8
2025-06-19T18:15:00,70101501,富春江坝下,7.38
2025-06-19T18:15:00,70101800,窄溪,4.37
2025-06-19T18:15:00,70102300,闸口,4.07
2025-06-19T18:15:00,7010AJ33,渌渚,4.39
2025-06-19T18:15:00,7011AJ4M,新桐乡,4.32
2025-06-19T18:15:00,7011AJ5M,渌渚镇,6.25
2025-06-19T18:15:00,7011AJ7R,山溪叶家,50.17
2025-06-19T18:15:00,7011AJ8R,山溪幕下,65.58
2025-06-19T18:15:00,7011AJ9R,山溪前桐,194.19
2025-06-19T18:15:00,7011AM2G,富春江水库严陵坞,22.87
2025-06-19T18:20:00,70101500,富春江电站(坝上),22.81
2025-06-19T18:20:00,70101501,富春江坝下,7.4
2025-06-19T18:20:00,70101800,窄溪,4.36
2025-06-19T18:20:00,70102300,闸口,4.07
2025-06-19T18:20:00,7010AJ33,渌渚,4.41
2025-06-19T18:20:00,7011AJ4M,新桐乡,4.32
2025-06-19T18:20:00,7011AJ5M,渌渚镇,6.25
2025-06-19T18:20:00,7011AJ7R,山溪叶家,50.17
2025-06-19T18:20:00,7011AJ8R,山溪幕下,65.58
2025-06-19T18:20:00,7011AJ9R,山溪前桐,194.19
2025-06-19T18:20:00,7011AM2G,富春江水库严陵坞,22.88
2025-06-19T18:25:00,70101500,富春江电站(坝上),22.8
2025-06-19T18:25:00,70101501,富春江坝下,7.41
2025-06-19T18:25:00,70101800,窄溪,4.37
2025-06-19T18:25:00,70102300,闸口,4.06
2025-06-19T18:25:00,7010AJ33,渌渚,4.41
2025-06-19T18:25:00,7011AJ4M,新桐乡,4.31
2025-06-19T18:25:00,7011AJ5M,渌渚镇,6.25
2025-06-19T18:25:00,7011AJ7R,山溪叶家,50.17
2025-06-19T18:25:00,7011AJ8R,山溪幕下,65.58
2025-06-19T18:25:00,7011AJ9R,山溪前桐,194.19
2025-06-19T18:25:00,7011AM2G,富春江水库严陵坞,22.88
2025-06-19T18:30:00,70101500,富春江电站(坝上),22.83
2025-06-19T18:30:00,70101501,富春江坝下,7.4
2025-06-19T18:30:00,70101800,窄溪,4.38
2025-06-19T18:30:00,70102300,闸口,4.06
2025-06-19T18:30:00,7010AJ33,渌渚,4.39
2025-06-19T18:30:00,7011AJ4M,新桐乡,4.3
2025-06-19T18:30:00,7011AJ5M,渌渚镇,6.25
2025-06-19T18:30:00,7011AJ7R,山溪叶家,50.17
2025-06-19T18:30:00,7011AJ8R,山溪幕下,65.57
2025-06-19T18:30:00,7011AJ9R,山溪前桐,194.19
2025-06-19T18:30:00,7011AM2G,富春江水库严陵坞,22.91
2025-06-19T18:35:00,70101500,富春江电站(坝上),22.83
2025-06-19T18:35:00,70101501,富春江坝下,7.43
2025-06-19T18:35:00,70101800,窄溪,4.38
2025-06-19T18:35:00,70102300,闸口,4.06
2025-06-19T18:35:00,7010AJ33,渌渚,4.39
2025-06-19T18:35:00,7011AJ4M,新桐乡,4.3
2025-06-19T18:35:00,7011AJ5M,渌渚镇,6.25
2025-06-19T18:35:00,7011AJ7R,山溪叶家,50.17
2025-06-19T18:35:00,7011AJ8R,山溪幕下,65.58
2025-06-19T18:35:00,7011AJ9R,山溪前桐,194.19
2025-06-19T18:35:00,7011AM2G,富春江水库严陵坞,22.92
2025-06-19T18:40:00,70101500,富春江电站(坝上),22.85
2025-06-19T18:40:00,70101501,富春江坝下,7.43
2025-06-19T18:40:00,70101800,窄溪,4.39
2025-06-19T18:40:00,70102300,闸口,4.06
2025-06-19T18:40:00,7010AJ33,渌渚,4.39
2025-06-19T18:40:00,7011AJ4M,新桐乡,4.3
2025-06-19T18:40:00,7011AJ5M,渌渚镇,6.25
2025-06-19T18:40:00,7011AJ7R,山溪叶家,50.17
2025-06-19T18:40:00,7011AJ8R,山溪幕下,65.58
2025-06-19T18:40:00,7011AJ9R,山溪前桐,194.19
2025-06-19T18:40:00,7011AM2G,富春江水库严陵坞,22.92
2025-06-19T18:45:00,70101500,富春江电站(坝上),22.84
2025-06-19T18:45:00,70101501,富春江坝下,7.44
2025-06-19T18:45:00,70101800,窄溪,4.4
2025-06-19T18:45:00,70102300,闸口,4.05
2025-06-19T18:45:00,7010AJ33,渌渚,4.41
2025-06-19T18:45:00,7011AJ4M,新桐乡,4.31
2025-06-19T18:45:00,7011AJ5M,渌渚镇,6.25
2025-06-19T18:45:00,7011AJ7R,山溪叶家,50.17
2025-06-19T18:45:00,7011AJ8R,山溪幕下,65.58
2025-06-19T18:45:00,7011AJ9R,山溪前桐,194.19
2025-06-19T18:45:00,7011AM2G,富春江水库严陵坞,22.92
2025-06-19T18:50:00,70101500,富春江电站(坝上),22.84
2025-06-19T18:50:00,70101501,富春江坝下,7.45
2025-06-19T18:50:00,70101800,窄溪,4.41
2025-06-19T18:50:00,70102300,闸口,4.05
2025-06-19T18:50:00,7010AJ33,渌渚,4.41
2025-06-19T18:50:00,7011AJ4M,新桐乡,4.31
2025-06-19T18:50:00,7011AJ5M,渌渚镇,6.24
2025-06-19T18:50:00,7011AJ7R,山溪叶家,50.17
2025-06-19T18:50:00,7011AJ8R,山溪幕下,65.58
2025-06-19T18:50:00,7011AJ9R,山溪前桐,194.19
2025-06-19T18:50:00,7011AM2G,富春江水库严陵坞,22.92
2025-06-19T18:55:00,70101500,富春江电站(坝上),22.83
2025-06-19T18:55:00,70101501,富春江坝下,7.44
2025-06-19T18:55:00,70101800,窄溪,4.41
2025-06-19T18:55:00,70102300,闸口,4.05
2025-06-19T18:55:00,7010AJ33,渌渚,4.43
2025-06-19T18:55:00,7011AJ4M,新桐乡,4.32
2025-06-19T18:55:00,7011AJ5M,渌渚镇,6.24
2025-06-19T18:55:00,7011AJ7R,山溪叶家,50.17
2025-06-19T18:55:00,7011AJ8R,山溪幕下,65.58
2025-06-19T18:55:00,7011AJ9R,山溪前桐,194.19
2025-06-19T18:55:00,7011AM2G,富春江水库严陵坞,22.92
2025-06-19T19:00:00,70101500,富春江电站(坝上),22.85
2025-06-19T19:00:00,70101501,富春江坝下,7.45
2025-06-19T19:00:00,70101800,窄溪,4.42
2025-06-19T19:00:00,70102300,闸口,4.05
2025-06-19T19:00:00,7010AJ33,渌渚,4.43
2025-06-19T19:00:00,7011AJ4M,新桐乡,4.33
2025-06-19T19:00:00,7011AJ5M,渌渚镇,6.24
2025-06-19T19:00:00,7011AJ7R,山溪叶家,50.18
2025-06-19T19:00:00,7011AJ8R,山溪幕下,65.58
2025-06-19T19:00:00,7011AJ9R,山溪前桐,194.19
2025-06-19T19:00:00,7011AM2G,富春江水库严陵坞,22.92
2025-06-19T19:05:00,70101500,富春江电站(坝上),22.85
2025-06-19T19:05:00,70101501,富春江坝下,7.43
2025-06-19T19:05:00,70101800,窄溪,4.43
2025-06-19T19:05:00,70102300,闸口,4.05
2025-06-19T19:05:00,7010AJ33,渌渚,4.45
2025-06-19T19:05:00,7011AJ4M,新桐乡,4.33
2025-06-19T19:05:00,7011AJ5M,渌渚镇,6.24
2025-06-19T19:05:00,7011AJ7R,山溪叶家,50.18
2025-06-19T19:05:00,7011AJ8R,山溪幕下,65.57
2025-06-19T19:05:00,7011AJ9R,山溪前桐,194.2
2025-06-19T19:05:00,7011AM2G,富春江水库严陵坞,22.92
2025-06-19T19:10:00,70101500,富春江电站(坝上),22.85
2025-06-19T19:10:00,70101501,富春江坝下,7.47
2025-06-19T19:10:00,70101800,窄溪,4.43
2025-06-19T19:10:00,70102300,闸口,4.04
2025-06-19T19:10:00,7010AJ33,渌渚,4.45
2025-06-19T19:10:00,7011AJ4M,新桐乡,4.33
2025-06-19T19:10:00,7011AJ5M,渌渚镇,6.24
2025-06-19T19:10:00,7011AJ7R,山溪叶家,50.18
2025-06-19T19:10:00,7011AJ8R,山溪幕下,65.58
2025-06-19T19:10:00,7011AJ9R,山溪前桐,194.19
2025-06-19T19:10:00,7011AM2G,富春江水库严陵坞,22.92
2025-06-19T19:15:00,70101500,富春江电站(坝上),22.85
2025-06-19T19:15:00,70101501,富春江坝下,7.45
2025-06-19T19:15:00,70101800,窄溪,4.43
2025-06-19T19:15:00,70102300,闸口,4.04
2025-06-19T19:15:00,7010AJ33,渌渚,4.47
2025-06-19T19:15:00,7011AJ4M,新桐乡,4.34
2025-06-19T19:15:00,7011AJ5M,渌渚镇,6.24
2025-06-19T19:15:00,7011AJ7R,山溪叶家,50.18
2025-06-19T19:15:00,7011AJ8R,山溪幕下,65.57
2025-06-19T19:15:00,7011AJ9R,山溪前桐,194.19
2025-06-19T19:15:00,7011AM2G,富春江水库严陵坞,22.93
2025-06-19T19:20:00,70101500,富春江电站(坝上),22.85
2025-06-19T19:20:00,70101501,富春江坝下,7.45
2025-06-19T19:20:00,70101800,窄溪,4.44
2025-06-19T19:20:00,70102300,闸口,4.04
2025-06-19T19:20:00,7010AJ33,渌渚,4.47
2025-06-19T19:20:00,7011AJ4M,新桐乡,4.34
2025-06-19T19:20:00,7011AJ5M,渌渚镇,6.24
2025-06-19T19:20:00,7011AJ7R,山溪叶家,50.18
2025-06-19T19:20:00,7011AJ8R,山溪幕下,65.58
2025-06-19T19:20:00,7011AJ9R,山溪前桐,194.19
2025-06-19T19:20:00,7011AM2G,富春江水库严陵坞,22.93
2025-06-19T19:25:00,70101500,富春江电站(坝上),22.84
2025-06-19T19:25:00,70101501,富春江坝下,7.45
2025-06-19T19:25:00,70101800,窄溪,4.44
2025-06-19T19:25:00,70102300,闸口,4.04
2025-06-19T19:25:00,7010AJ33,渌渚,4.49
2025-06-19T19:25:00,7011AJ4M,新桐乡,4.34
2025-06-19T19:25:00,7011AJ5M,渌渚镇,6.24
2025-06-19T19:25:00,7011AJ7R,山溪叶家,50.18
2025-06-19T19:25:00,7011AJ8R,山溪幕下,65.58
2025-06-19T19:25:00,7011AJ9R,山溪前桐,194.19
2025-06-19T19:25:00,7011AM2G,富春江水库严陵坞,22.93
2025-06-19T19:30:00,70101500,富春江电站(坝上),22.84
2025-06-19T19:30:00,70101501,富春江坝下,7.44
2025-06-19T19:30:00,70101800,窄溪,4.45
2025-06-19T19:30:00,70102300,闸口,4.04
2025-06-19T19:30:00,7010AJ33,渌渚,4.49
2025-06-19T19:30:00,7011AJ4M,新桐乡,4.33
2025-06-19T19:30:00,7011AJ5M,渌渚镇,6.24
2025-06-19T19:30:00,7011AJ7R,山溪叶家,50.18
2025-06-19T19:30:00,7011AJ8R,山溪幕下,65.58
2025-06-19T19:30:00,7011AJ9R,山溪前桐,194.18
2025-06-19T19:30:00,7011AM2G,富春江水库严陵坞,22.92
2025-06-19T19:35:00,70101500,富春江电站(坝上),22.82
2025-06-19T19:35:00,70101501,富春江坝下,7.47
2025-06-19T19:35:00,70101800,窄溪,4.45
2025-06-19T19:35:00,70102300,闸口,4.03
2025-06-19T19:35:00,7010AJ33,渌渚,4.49
2025-06-19T19:35:00,7011AJ4M,新桐乡,4.33
2025-06-19T19:35:00,7011AJ5M,渌渚镇,6.24
2025-06-19T19:35:00,7011AJ7R,山溪叶家,50.18
2025-06-19T19:35:00,7011AJ8R,山溪幕下,65.57
2025-06-19T19:35:00,7011AJ9R,山溪前桐,194.19
2025-06-19T19:35:00,7011AM2G,富春江水库严陵坞,22.91
2025-06-19T19:40:00,70101500,富春江电站(坝上),22.81
2025-06-19T19:40:00,70101501,富春江坝下,7.47
2025-06-19T19:40:00,70101800,窄溪,4.45
2025-06-19T19:40:00,70102300,闸口,4.03
2025-06-19T19:40:00,7010AJ33,渌渚,4.49
2025-06-19T19:40:00,7011AJ4M,新桐乡,4.35
2025-06-19T19:40:00,7011AJ5M,渌渚镇,6.24
2025-06-19T19:40:00,7011AJ7R,山溪叶家,50.18
2025-06-19T19:40:00,7011AJ8R,山溪幕下,65.58
2025-06-19T19:40:00,7011AJ9R,山溪前桐,194.19
2025-06-19T19:40:00,7011AM2G,富春江水库严陵坞,22.9
2025-06-19T19:45:00,70101500,富春江电站(坝上),22.8
2025-06-19T19:45:00,70101501,富春江坝下,7.46
2025-06-19T19:45:00,70101800,窄溪,4.46
2025-06-19T19:45:00,70102300,闸口,4.03
2025-06-19T19:45:00,7010AJ33,渌渚,4.51
2025-06-19T19:45:00,7011AJ4M,新桐乡,4.35
2025-06-19T19:45:00,7011AJ5M,渌渚镇,6.24
2025-06-19T19:45:00,7011AJ7R,山溪叶家,50.17
2025-06-19T19:45:00,7011AJ8R,山溪幕下,65.57
2025-06-19T19:45:00,7011AJ9R,山溪前桐,194.19
2025-06-19T19:45:00,7011AM2G,富春江水库严陵坞,22.89
2025-06-19T19:50:00,70101500,富春江电站(坝上),22.8
2025-06-19T19:50:00,70101501,富春江坝下,7.47
2025-06-19T19:50:00,70101800,窄溪,4.46
2025-06-19T19:50:00,70102300,闸口,4.02
2025-06-19T19:50:00,7010AJ33,渌渚,4.51
2025-06-19T19:50:00,7011AJ4M,新桐乡,4.35
2025-06-19T19:50:00,7011AJ5M,渌渚镇,6.24
2025-06-19T19:50:00,7011AJ7R,山溪叶家,50.18
2025-06-19T19:50:00,7011AJ8R,山溪幕下,65.57
2025-06-19T19:50:00,7011AJ9R,山溪前桐,194.19
2025-06-19T19:50:00,7011AM2G,富春江水库严陵坞,22.88
2025-06-19T19:55:00,70101500,富春江电站(坝上),22.8
2025-06-19T19:55:00,70101501,富春江坝下,7.47
2025-06-19T19:55:00,70101800,窄溪,4.46
2025-06-19T19:55:00,70102300,闸口,4.02
2025-06-19T19:55:00,7010AJ33,渌渚,4.51
2025-06-19T19:55:00,7011AJ4M,新桐乡,4.35
2025-06-19T19:55:00,7011AJ5M,渌渚镇,6.24
2025-06-19T19:55:00,7011AJ7R,山溪叶家,50.18
2025-06-19T19:55:00,7011AJ8R,山溪幕下,65.58
2025-06-19T19:55:00,7011AJ9R,山溪前桐,194.19
2025-06-19T19:55:00,7011AM2G,富春江水库严陵坞,22.87
2025-06-19T20:00:00,70101500,富春江电站(坝上),22.79
2025-06-19T20:00:00,70101501,富春江坝下,7.48
2025-06-19T20:00:00,70101800,窄溪,4.47
2025-06-19T20:00:00,70102300,闸口,4.02
2025-06-19T20:00:00,7010AJ33,渌渚,4.51
2025-06-19T20:00:00,7011AJ4M,新桐乡,4.36
2025-06-19T20:00:00,7011AJ5M,渌渚镇,6.24
2025-06-19T20:00:00,7011AJ7R,山溪叶家,50.18
2025-06-19T20:00:00,7011AJ8R,山溪幕下,65.58
2025-06-19T20:00:00,7011AJ9R,山溪前桐,194.19
2025-06-19T20:00:00,7011AM2G,富春江水库严陵坞,22.87
2025-06-19T20:05:00,70101500,富春江电站(坝上),22.79
2025-06-19T20:05:00,70101501,富春江坝下,7.47
2025-06-19T20:05:00,70101800,窄溪,4.47
2025-06-19T20:05:00,70102300,闸口,4.02
2025-06-19T20:05:00,7010AJ33,渌渚,4.51
2025-06-19T20:05:00,7011AJ4M,新桐乡,4.36
2025-06-19T20:05:00,7011AJ5M,渌渚镇,6.24
2025-06-19T20:05:00,7011AJ7R,山溪叶家,50.18
2025-06-19T20:05:00,7011AJ8R,山溪幕下,65.58
2025-06-19T20:05:00,7011AJ9R,山溪前桐,194.19
2025-06-19T20:05:00,7011AM2G,富春江水库严陵坞,22.87
2025-06-19T20:10:00,70101500,富春江电站(坝上),22.78
2025-06-19T20:10:00,70101501,富春江坝下,7.48
2025-06-19T20:10:00,70101800,窄溪,4.48
2025-06-19T20:10:00,70102300,闸口,4.02
2025-06-19T20:10:00,7010AJ33,渌渚,4.51
2025-06-19T20:10:00,7011AJ4M,新桐乡,4.36
2025-06-19T20:10:00,7011AJ5M,渌渚镇,6.24
2025-06-19T20:10:00,7011AJ7R,山溪叶家,50.18
2025-06-19T20:10:00,7011AJ8R,山溪幕下,65.58
2025-06-19T20:10:00,7011AJ9R,山溪前桐,194.19
2025-06-19T20:10:00,7011AM2G,富春江水库严陵坞,22.87
2025-06-19T20:15:00,70101500,富春江电站(坝上),22.78
2025-06-19T20:15:00,70101501,富春江坝下,7.49
2025-06-19T20:15:00,70101800,窄溪,4.48
2025-06-19T20:15:00,70102300,闸口,4.02
2025-06-19T20:15:00,7010AJ33,渌渚,4.51
2025-06-19T20:15:00,7011AJ4M,新桐乡,4.36
2025-06-19T20:15:00,7011AJ5M,渌渚镇,6.24
2025-06-19T20:15:00,7011AJ7R,山溪叶家,50.17
2025-06-19T20:15:00,7011AJ8R,山溪幕下,65.58
2025-06-19T20:15:00,7011AJ9R,山溪前桐,194.2
2025-06-19T20:15:00,7011AM2G,富春江水库严陵坞,22.86
2025-06-19T20:20:00,70101500,富春江电站(坝上),22.78
2025-06-19T20:20:00,70101501,富春江坝下,7.47
2025-06-19T20:20:00,70101800,窄溪,4.48
2025-06-19T20:20:00,70102300,闸口,4.02
2025-06-19T20:20:00,7010AJ33,渌渚,4.51
2025-06-19T20:20:00,7011AJ4M,新桐乡,4.36
2025-06-19T20:20:00,7011AJ5M,渌渚镇,6.24
2025-06-19T20:20:00,7011AJ7R,山溪叶家,50.17
2025-06-19T20:20:00,7011AJ8R,山溪幕下,65.58
2025-06-19T20:20:00,7011AJ9R,山溪前桐,194.19
2025-06-19T20:20:00,7011AM2G,富春江水库严陵坞,22.86
2025-06-19T20:25:00,70101500,富春江电站(坝上),22.77
2025-06-19T20:25:00,70101501,富春江坝下,7.48
2025-06-19T20:25:00,70101800,窄溪,4.48
2025-06-19T20:25:00,70102300,闸口,4.02
2025-06-19T20:25:00,7010AJ33,渌渚,4.51
2025-06-19T20:25:00,7011AJ4M,新桐乡,4.36
2025-06-19T20:25:00,7011AJ5M,渌渚镇,6.24
2025-06-19T20:25:00,7011AJ7R,山溪叶家,50.17
2025-06-19T20:25:00,7011AJ8R,山溪幕下,65.57
2025-06-19T20:25:00,7011AJ9R,山溪前桐,194.19
2025-06-19T20:25:00,7011AM2G,富春江水库严陵坞,22.86
2025-06-19T20:30:00,70101500,富春江电站(坝上),22.77
2025-06-19T20:30:00,70101501,富春江坝下,7.47
2025-06-19T20:30:00,70101800,窄溪,4.48
2025-06-19T20:30:00,70102300,闸口,4.01
2025-06-19T20:30:00,7010AJ33,渌渚,4.51
2025-06-19T20:30:00,7011AJ4M,新桐乡,4.36
2025-06-19T20:30:00,7011AJ5M,渌渚镇,6.24
2025-06-19T20:30:00,7011AJ7R,山溪叶家,50.18
2025-06-19T20:30:00,7011AJ8R,山溪幕下,65.58
2025-06-19T20:30:00,7011AJ9R,山溪前桐,194.19
2025-06-19T20:30:00,7011AM2G,富春江水库严陵坞,22.85
2025-06-19T20:35:00,70101500,富春江电站(坝上),22.77
2025-06-19T20:35:00,70101501,富春江坝下,7.47
2025-06-19T20:35:00,70101800,窄溪,4.48
2025-06-19T20:35:00,70102300,闸口,4.01
2025-06-19T20:35:00,7010AJ33,渌渚,4.51
2025-06-19T20:35:00,7011AJ4M,新桐乡,4.36
2025-06-19T20:35:00,7011AJ5M,渌渚镇,6.24
2025-06-19T20:35:00,7011AJ7R,山溪叶家,50.17
2025-06-19T20:35:00,7011AJ8R,山溪幕下,65.58
2025-06-19T20:35:00,7011AJ9R,山溪前桐,194.2
2025-06-19T20:35:00,7011AM2G,富春江水库严陵坞,22.85
2025-06-19T20:40:00,70101500,富春江电站(坝上),22.77
2025-06-19T20:40:00,70101501,富春江坝下,7.48
2025-06-19T20:40:00,70101800,窄溪,4.49
2025-06-19T20:40:00,70102300,闸口,4.01
2025-06-19T20:40:00,7010AJ33,渌渚,4.51
2025-06-19T20:40:00,7011AJ4M,新桐乡,4.36
2025-06-19T20:40:00,7011AJ5M,渌渚镇,6.24
2025-06-19T20:40:00,7011AJ7R,山溪叶家,50.17
2025-06-19T20:40:00,7011AJ8R,山溪幕下,65.58
2025-06-19T20:40:00,7011AJ9R,山溪前桐,194.2
2025-06-19T20:40:00,7011AM2G,富春江水库严陵坞,22.85
2025-06-19T20:45:00,70101500,富春江电站(坝上),22.77
2025-06-19T20:45:00,70101501,富春江坝下,7.51
2025-06-19T20:45:00,70101800,窄溪,4.49
2025-06-19T20:45:00,70102300,闸口,4.01
2025-06-19T20:45:00,7010AJ33,渌渚,4.51
2025-06-19T20:45:00,7011AJ4M,新桐乡,4.36
2025-06-19T20:45:00,7011AJ5M,渌渚镇,6.24
2025-06-19T20:45:00,7011AJ7R,山溪叶家,50.18
2025-06-19T20:45:00,7011AJ8R,山溪幕下,65.58
2025-06-19T20:45:00,7011AJ9R,山溪前桐,194.19
2025-06-19T20:45:00,7011AM2G,富春江水库严陵坞,22.85
2025-06-19T20:50:00,70101500,富春江电站(坝上),22.77
2025-06-19T20:50:00,70101501,富春江坝下,7.48
2025-06-19T20:50:00,70101800,窄溪,4.49
2025-06-19T20:50:00,70102300,闸口,4.01
2025-06-19T20:50:00,7010AJ33,渌渚,4.53
2025-06-19T20:50:00,7011AJ4M,新桐乡,4.36
2025-06-19T20:50:00,7011AJ5M,渌渚镇,6.24
2025-06-19T20:50:00,7011AJ7R,山溪叶家,50.18
2025-06-19T20:50:00,7011AJ8R,山溪幕下,65.58
2025-06-19T20:50:00,7011AJ9R,山溪前桐,194.19
2025-06-19T20:50:00,7011AM2G,富春江水库严陵坞,22.85
2025-06-19T20:55:00,70101500,富春江电站(坝上),22.76
2025-06-19T20:55:00,70101501,富春江坝下,7.49
2025-06-19T20:55:00,70101800,窄溪,4.5
2025-06-19T20:55:00,70102300,闸口,4.01
2025-06-19T20:55:00,7010AJ33,渌渚,4.53
2025-06-19T20:55:00,7011AJ4M,新桐乡,4.37
2025-06-19T20:55:00,7011AJ5M,渌渚镇,6.24
2025-06-19T20:55:00,7011AJ7R,山溪叶家,50.17
2025-06-19T20:55:00,7011AJ8R,山溪幕下,65.58
2025-06-19T20:55:00,7011AJ9R,山溪前桐,194.19
2025-06-19T20:55:00,7011AM2G,富春江水库严陵坞,22.85
2025-06-19T21:00:00,70101500,富春江电站(坝上),22.77
2025-06-19T21:00:00,70101501,富春江坝下,7.52
2025-06-19T21:00:00,70101800,窄溪,4.5
2025-06-19T21:00:00,70102300,闸口,4.01
2025-06-19T21:00:00,7010AJ33,渌渚,4.53
2025-06-19T21:00:00,7011AJ4M,新桐乡,4.36
2025-06-19T21:00:00,7011AJ5M,渌渚镇,6.24
2025-06-19T21:00:00,7011AJ7R,山溪叶家,50.17
2025-06-19T21:00:00,7011AJ8R,山溪幕下,65.58
2025-06-19T21:00:00,7011AJ9R,山溪前桐,194.19
2025-06-19T21:00:00,7011AM2G,富春江水库严陵坞,22.85
2025-06-19T21:05:00,70101500,富春江电站(坝上),22.77
2025-06-19T21:05:00,70101501,富春江坝下,7.56
2025-06-19T21:05:00,70101800,窄溪,4.5
2025-06-19T21:05:00,70102300,闸口,4.01
2025-06-19T21:05:00,7010AJ33,渌渚,4.53
2025-06-19T21:05:00,7011AJ4M,新桐乡,4.36
2025-06-19T21:05:00,7011AJ5M,渌渚镇,6.24
2025-06-19T21:05:00,7011AJ7R,山溪叶家,50.17
2025-06-19T21:05:00,7011AJ8R,山溪幕下,65.58
2025-06-19T21:05:00,7011AJ9R,山溪前桐,194.19
2025-06-19T21:05:00,7011AM2G,富春江水库严陵坞,22.85
2025-06-19T21:10:00,70101500,富春江电站(坝上),22.76
2025-06-19T21:10:00,70101501,富春江坝下,7.55
2025-06-19T21:10:00,70101800,窄溪,4.5
2025-06-19T21:10:00,70102300,闸口,4.01
2025-06-19T21:10:00,7010AJ33,渌渚,4.53
2025-06-19T21:10:00,7011AJ4M,新桐乡,4.37
2025-06-19T21:10:00,7011AJ5M,渌渚镇,6.24
2025-06-19T21:10:00,7011AJ7R,山溪叶家,50.18
2025-06-19T21:10:00,7011AJ8R,山溪幕下,65.58
2025-06-19T21:10:00,7011AJ9R,山溪前桐,194.19
2025-06-19T21:10:00,7011AM2G,富春江水库严陵坞,22.85
2025-06-19T21:15:00,70101500,富春江电站(坝上),22.77
2025-06-19T21:15:00,70101501,富春江坝下,7.51
2025-06-19T21:15:00,70101800,窄溪,4.5
2025-06-19T21:15:00,70102300,闸口,4.01
2025-06-19T21:15:00,7010AJ33,渌渚,4.53
2025-06-19T21:15:00,7011AJ4M,新桐乡,4.37
2025-06-19T21:15:00,7011AJ5M,渌渚镇,6.24
2025-06-19T21:15:00,7011AJ7R,山溪叶家,50.17
2025-06-19T21:15:00,7011AJ8R,山溪幕下,65.58
2025-06-19T21:15:00,7011AJ9R,山溪前桐,194.19
2025-06-19T21:15:00,7011AM2G,富春江水库严陵坞,22.85
2025-06-19T21:20:00,70101500,富春江电站(坝上),22.76
2025-06-19T21:20:00,70101501,富春江坝下,7.51
2025-06-19T21:20:00,70101800,窄溪,4.51
2025-06-19T21:20:00,70102300,闸口,4.01
2025-06-19T21:20:00,7010AJ33,渌渚,4.55
2025-06-19T21:20:00,7011AJ4M,新桐乡,4.37
2025-06-19T21:20:00,7011AJ5M,渌渚镇,6.24
2025-06-19T21:20:00,7011AJ7R,山溪叶家,50.17
2025-06-19T21:20:00,7011AJ8R,山溪幕下,65.58
2025-06-19T21:20:00,7011AJ9R,山溪前桐,194.19
2025-06-19T21:20:00,7011AM2G,富春江水库严陵坞,22.85
2025-06-19T21:25:00,70101500,富春江电站(坝上),22.76
2025-06-19T21:25:00,70101501,富春江坝下,7.51
2025-06-19T21:25:00,70101800,窄溪,4.51
2025-06-19T21:25:00,70102300,闸口,4.02
2025-06-19T21:25:00,7010AJ33,渌渚,4.55
2025-06-19T21:25:00,7011AJ4M,新桐乡,4.37
2025-06-19T21:25:00,7011AJ5M,渌渚镇,6.24
2025-06-19T21:25:00,7011AJ7R,山溪叶家,50.17
2025-06-19T21:25:00,7011AJ8R,山溪幕下,65.57
2025-06-19T21:25:00,7011AJ9R,山溪前桐,194.2
2025-06-19T21:25:00,7011AM2G,富春江水库严陵坞,22.84
2025-06-19T21:30:00,70101500,富春江电站(坝上),22.75
2025-06-19T21:30:00,70101501,富春江坝下,7.51
2025-06-19T21:30:00,70101800,窄溪,4.51
2025-06-19T21:30:00,70102300,闸口,4.01
2025-06-19T21:30:00,7010AJ33,渌渚,4.55
2025-06-19T21:30:00,7011AJ4M,新桐乡,4.37
2025-06-19T21:30:00,7011AJ5M,渌渚镇,6.23
2025-06-19T21:30:00,7011AJ7R,山溪叶家,50.17
2025-06-19T21:30:00,7011AJ8R,山溪幕下,65.58
2025-06-19T21:30:00,7011AJ9R,山溪前桐,194.19
2025-06-19T21:30:00,7011AM2G,富春江水库严陵坞,22.84
2025-06-19T21:35:00,70101500,富春江电站(坝上),22.75
2025-06-19T21:35:00,70101501,富春江坝下,7.51
2025-06-19T21:35:00,70101800,窄溪,4.51
2025-06-19T21:35:00,70102300,闸口,4.02
2025-06-19T21:35:00,7010AJ33,渌渚,4.55
2025-06-19T21:35:00,7011AJ4M,新桐乡,4.37
2025-06-19T21:35:00,7011AJ5M,渌渚镇,6.23
2025-06-19T21:35:00,7011AJ7R,山溪叶家,50.17
2025-06-19T21:35:00,7011AJ8R,山溪幕下,65.57
2025-06-19T21:35:00,7011AJ9R,山溪前桐,194.19
2025-06-19T21:35:00,7011AM2G,富春江水库严陵坞,22.83
2025-06-19T21:40:00,70101500,富春江电站(坝上),22.75
2025-06-19T21:40:00,70101501,富春江坝下,7.51
2025-06-19T21:40:00,70101800,窄溪,4.51
2025-06-19T21:40:00,70102300,闸口,4.02
2025-06-19T21:40:00,7010AJ33,渌渚,4.55
2025-06-19T21:40:00,7011AJ4M,新桐乡,4.38
2025-06-19T21:40:00,7011AJ5M,渌渚镇,6.23
2025-06-19T21:40:00,7011AJ7R,山溪叶家,50.17
2025-06-19T21:40:00,7011AJ8R,山溪幕下,65.58
2025-06-19T21:40:00,7011AJ9R,山溪前桐,194.19
2025-06-19T21:40:00,7011AM2G,富春江水库严陵坞,22.83
2025-06-19T21:45:00,70101500,富春江电站(坝上),22.75
2025-06-19T21:45:00,70101501,富春江坝下,7.51
2025-06-19T21:45:00,70101800,窄溪,4.52
2025-06-19T21:45:00,70102300,闸口,4.02
2025-06-19T21:45:00,7010AJ33,渌渚,4.55
2025-06-19T21:45:00,7011AJ4M,新桐乡,4.38
2025-06-19T21:45:00,7011AJ5M,渌渚镇,6.23
2025-06-19T21:45:00,7011AJ7R,山溪叶家,50.17
2025-06-19T21:45:00,7011AJ8R,山溪幕下,65.58
2025-06-19T21:45:00,7011AJ9R,山溪前桐,194.19
2025-06-19T21:45:00,7011AM2G,富春江水库严陵坞,22.83
2025-06-19T21:50:00,70101500,富春江电站(坝上),22.75
2025-06-19T21:50:00,70101501,富春江坝下,7.5
2025-06-19T21:50:00,70101800,窄溪,4.52
2025-06-19T21:50:00,70102300,闸口,4.04
2025-06-19T21:50:00,7010AJ33,渌渚,4.55
2025-06-19T21:50:00,7011AJ4M,新桐乡,4.38
2025-06-19T21:50:00,7011AJ5M,渌渚镇,6.23
2025-06-19T21:50:00,7011AJ7R,山溪叶家,50.18
2025-06-19T21:50:00,7011AJ8R,山溪幕下,65.58
2025-06-19T21:50:00,7011AJ9R,山溪前桐,194.19
2025-06-19T21:50:00,7011AM2G,富春江水库严陵坞,22.83
2025-06-19T21:55:00,70101500,富春江电站(坝上),22.75
2025-06-19T21:55:00,70101501,富春江坝下,7.51
2025-06-19T21:55:00,70101800,窄溪,4.52
2025-06-19T21:55:00,70102300,闸口,4.07
2025-06-19T21:55:00,7010AJ33,渌渚,4.55
2025-06-19T21:55:00,7011AJ4M,新桐乡,4.38
2025-06-19T21:55:00,7011AJ5M,渌渚镇,6.23
2025-06-19T21:55:00,7011AJ7R,山溪叶家,50.17
2025-06-19T21:55:00,7011AJ8R,山溪幕下,65.58
2025-06-19T21:55:00,7011AJ9R,山溪前桐,194.19
2025-06-19T21:55:00,7011AM2G,富春江水库严陵坞,22.83
2025-06-19T22:00:00,70101500,富春江电站(坝上),22.74
2025-06-19T22:00:00,70101501,富春江坝下,7.5
2025-06-19T22:00:00,70101800,窄溪,4.52
2025-06-19T22:00:00,70102300,闸口,4.08
2025-06-19T22:00:00,7010AJ33,渌渚,4.55
2025-06-19T22:00:00,7011AJ4M,新桐乡,4.38
2025-06-19T22:00:00,7011AJ5M,渌渚镇,6.23
2025-06-19T22:00:00,7011AJ7R,山溪叶家,50.17
2025-06-19T22:00:00,7011AJ8R,山溪幕下,65.57
2025-06-19T22:00:00,7011AJ9R,山溪前桐,194.19
2025-06-19T22:00:00,7011AM2G,富春江水库严陵坞,22.83
2025-06-19T22:05:00,70101500,富春江电站(坝上),22.74
2025-06-19T22:05:00,70101501,富春江坝下,7.52
2025-06-19T22:05:00,70101800,窄溪,4.52
2025-06-19T22:05:00,70102300,闸口,4.1
2025-06-19T22:05:00,7010AJ33,渌渚,4.55
2025-06-19T22:05:00,7011AJ4M,新桐乡,4.39
2025-06-19T22:05:00,7011AJ5M,渌渚镇,6.23
2025-06-19T22:05:00,7011AJ7R,山溪叶家,50.18
2025-06-19T22:05:00,7011AJ8R,山溪幕下,65.58
2025-06-19T22:05:00,7011AJ9R,山溪前桐,194.2
2025-06-19T22:05:00,7011AM2G,富春江水库严陵坞,22.83
2025-06-19T22:10:00,70101500,富春江电站(坝上),22.74
2025-06-19T22:10:00,70101501,富春江坝下,7.51
2025-06-19T22:10:00,70101800,窄溪,4.52
2025-06-19T22:10:00,70102300,闸口,4.11
2025-06-19T22:10:00,7010AJ33,渌渚,4.57
2025-06-19T22:10:00,7011AJ4M,新桐乡,4.39
2025-06-19T22:10:00,7011AJ5M,渌渚镇,6.23
2025-06-19T22:10:00,7011AJ7R,山溪叶家,50.18
2025-06-19T22:10:00,7011AJ8R,山溪幕下,65.58
2025-06-19T22:10:00,7011AJ9R,山溪前桐,194.19
2025-06-19T22:10:00,7011AM2G,富春江水库严陵坞,22.82
2025-06-19T22:15:00,70101500,富春江电站(坝上),22.73
2025-06-19T22:15:00,70101501,富春江坝下,7.52
2025-06-19T22:15:00,70101800,窄溪,4.52
2025-06-19T22:15:00,70102300,闸口,4.12
2025-06-19T22:15:00,7010AJ33,渌渚,4.57
2025-06-19T22:15:00,7011AJ4M,新桐乡,4.39
2025-06-19T22:15:00,7011AJ5M,渌渚镇,6.23
2025-06-19T22:15:00,7011AJ7R,山溪叶家,50.18
2025-06-19T22:15:00,7011AJ8R,山溪幕下,65.58
2025-06-19T22:15:00,7011AJ9R,山溪前桐,194.19
2025-06-19T22:15:00,7011AM2G,富春江水库严陵坞,22.82
2025-06-19T22:20:00,70101500,富春江电站(坝上),22.73
2025-06-19T22:20:00,70101501,富春江坝下,7.53
2025-06-19T22:20:00,70101800,窄溪,4.52
2025-06-19T22:20:00,70102300,闸口,4.14
2025-06-19T22:20:00,7010AJ33,渌渚,4.57
2025-06-19T22:20:00,7011AJ4M,新桐乡,4.39
2025-06-19T22:20:00,7011AJ5M,渌渚镇,6.23
2025-06-19T22:20:00,7011AJ7R,山溪叶家,50.18
2025-06-19T22:20:00,7011AJ8R,山溪幕下,65.58
2025-06-19T22:20:00,7011AJ9R,山溪前桐,194.19
2025-06-19T22:20:00,7011AM2G,富春江水库严陵坞,22.82
2025-06-19T22:25:00,70101500,富春江电站(坝上),22.71
2025-06-19T22:25:00,70101501,富春江坝下,7.52
2025-06-19T22:25:00,70101800,窄溪,4.52
2025-06-19T22:25:00,70102300,闸口,4.15
2025-06-19T22:25:00,7010AJ33,渌渚,4.57
2025-06-19T22:25:00,7011AJ4M,新桐乡,4.39
2025-06-19T22:25:00,7011AJ5M,渌渚镇,6.23
2025-06-19T22:25:00,7011AJ7R,山溪叶家,50.18
2025-06-19T22:25:00,7011AJ8R,山溪幕下,65.57
2025-06-19T22:25:00,7011AJ9R,山溪前桐,194.19
2025-06-19T22:25:00,7011AM2G,富春江水库严陵坞,22.81
2025-06-19T22:30:00,70101500,富春江电站(坝上),22.71
2025-06-19T22:30:00,70101501,富春江坝下,7.53
2025-06-19T22:30:00,70101800,窄溪,4.53
2025-06-19T22:30:00,70102300,闸口,4.17
2025-06-19T22:30:00,7010AJ33,渌渚,4.57
2025-06-19T22:30:00,7011AJ4M,新桐乡,4.39
2025-06-19T22:30:00,7011AJ5M,渌渚镇,6.23
2025-06-19T22:30:00,7011AJ7R,山溪叶家,50.18
2025-06-19T22:30:00,7011AJ8R,山溪幕下,65.57
2025-06-19T22:30:00,7011AJ9R,山溪前桐,194.19
2025-06-19T22:30:00,7011AM2G,富春江水库严陵坞,22.81
2025-06-19T22:35:00,70101500,富春江电站(坝上),22.71
2025-06-19T22:35:00,70101501,富春江坝下,7.53
2025-06-19T22:35:00,70101800,窄溪,4.52
2025-06-19T22:35:00,70102300,闸口,4.19
2025-06-19T22:35:00,7010AJ33,渌渚,4.57
2025-06-19T22:35:00,7011AJ4M,新桐乡,4.39
2025-06-19T22:35:00,7011AJ5M,渌渚镇,6.23
2025-06-19T22:35:00,7011AJ7R,山溪叶家,50.18
2025-06-19T22:35:00,7011AJ8R,山溪幕下,65.58
2025-06-19T22:35:00,7011AJ9R,山溪前桐,194.19
2025-06-19T22:35:00,7011AM2G,富春江水库严陵坞,22.8
2025-06-19T22:40:00,70101500,富春江电站(坝上),22.71
2025-06-19T22:40:00,70101501,富春江坝下,7.52
2025-06-19T22:40:00,70101800,窄溪,4.53
2025-06-19T22:40:00,70102300,闸口,4.2
2025-06-19T22:40:00,7010AJ33,渌渚,4.57
2025-06-19T22:40:00,7011AJ4M,新桐乡,4.39
2025-06-19T22:40:00,7011AJ5M,渌渚镇,6.24
2025-06-19T22:40:00,7011AJ7R,山溪叶家,50.18
2025-06-19T22:40:00,7011AJ8R,山溪幕下,65.57
2025-06-19T22:40:00,7011AJ9R,山溪前桐,194.19
2025-06-19T22:40:00,7011AM2G,富春江水库严陵坞,22.8
2025-06-19T22:45:00,70101500,富春江电站(坝上),22.71
2025-06-19T22:45:00,70101501,富春江坝下,7.51
2025-06-19T22:45:00,70101800,窄溪,4.53
2025-06-19T22:45:00,70102300,闸口,4.21
2025-06-19T22:45:00,7010AJ33,渌渚,4.57
2025-06-19T22:45:00,7011AJ4M,新桐乡,4.39
2025-06-19T22:45:00,7011AJ5M,渌渚镇,6.23
2025-06-19T22:45:00,7011AJ7R,山溪叶家,50.18
2025-06-19T22:45:00,7011AJ8R,山溪幕下,65.58
2025-06-19T22:45:00,7011AJ9R,山溪前桐,194.19
2025-06-19T22:45:00,7011AM2G,富春江水库严陵坞,22.79
2025-06-19T22:50:00,70101500,富春江电站(坝上),22.71
2025-06-19T22:50:00,70101501,富春江坝下,7.52
2025-06-19T22:50:00,70101800,窄溪,4.53
2025-06-19T22:50:00,70102300,闸口,4.22
2025-06-19T22:50:00,7010AJ33,渌渚,4.57
2025-06-19T22:50:00,7011AJ4M,新桐乡,4.39
2025-06-19T22:50:00,7011AJ5M,渌渚镇,6.24
2025-06-19T22:50:00,7011AJ7R,山溪叶家,50.18
2025-06-19T22:50:00,7011AJ8R,山溪幕下,65.58
2025-06-19T22:50:00,7011AJ9R,山溪前桐,194.19
2025-06-19T22:50:00,7011AM2G,富春江水库严陵坞,22.79
2025-06-19T22:55:00,70101500,富春江电站(坝上),22.7
2025-06-19T22:55:00,70101501,富春江坝下,7.53
2025-06-19T22:55:00,70101800,窄溪,4.53
2025-06-19T22:55:00,70102300,闸口,4.22
2025-06-19T22:55:00,7010AJ33,渌渚,4.57
2025-06-19T22:55:00,7011AJ4M,新桐乡,4.4
2025-06-19T22:55:00,7011AJ5M,渌渚镇,6.24
2025-06-19T22:55:00,7011AJ7R,山溪叶家,50.18
2025-06-19T22:55:00,7011AJ8R,山溪幕下,65.58
2025-06-19T22:55:00,7011AJ9R,山溪前桐,194.19
2025-06-19T22:55:00,7011AM2G,富春江水库严陵坞,22.79
2025-06-19T23:00:00,70101500,富春江电站(坝上),22.7
2025-06-19T23:00:00,70101501,富春江坝下,7.53
2025-06-19T23:00:00,70101800,窄溪,4.53
2025-06-19T23:00:00,70102300,闸口,4.23
2025-06-19T23:00:00,7010AJ33,渌渚,4.57
2025-06-19T23:00:00,7011AJ4M,新桐乡,4.4
2025-06-19T23:00:00,7011AJ5M,渌渚镇,6.24
2025-06-19T23:00:00,7011AJ7R,山溪叶家,50.17
2025-06-19T23:00:00,7011AJ8R,山溪幕下,65.58
2025-06-19T23:00:00,7011AJ9R,山溪前桐,194.19
2025-06-19T23:00:00,7011AM2G,富春江水库严陵坞,22.79
2025-06-19T23:05:00,70101500,富春江电站(坝上),22.71
2025-06-19T23:05:00,70101501,富春江坝下,7.52
2025-06-19T23:05:00,70101800,窄溪,4.53
2025-06-19T23:05:00,70102300,闸口,4.24
2025-06-19T23:05:00,7010AJ33,渌渚,4.57
2025-06-19T23:05:00,7011AJ4M,新桐乡,4.41
2025-06-19T23:05:00,7011AJ5M,渌渚镇,6.24
2025-06-19T23:05:00,7011AJ7R,山溪叶家,50.17
2025-06-19T23:05:00,7011AJ8R,山溪幕下,65.58
2025-06-19T23:05:00,7011AJ9R,山溪前桐,194.19
2025-06-19T23:05:00,7011AM2G,富春江水库严陵坞,22.79
2025-06-19T23:10:00,70101500,富春江电站(坝上),22.7
2025-06-19T23:10:00,70101501,富春江坝下,7.51
2025-06-19T23:10:00,70101800,窄溪,4.53
2025-06-19T23:10:00,70102300,闸口,4.24
2025-06-19T23:10:00,7010AJ33,渌渚,4.57
2025-06-19T23:10:00,7011AJ4M,新桐乡,4.38
2025-06-19T23:10:00,7011AJ5M,渌渚镇,6.24
2025-06-19T23:10:00,7011AJ7R,山溪叶家,50.18
2025-06-19T23:10:00,7011AJ8R,山溪幕下,65.57
2025-06-19T23:10:00,7011AJ9R,山溪前桐,194.19
2025-06-19T23:10:00,7011AM2G,富春江水库严陵坞,22.78
2025-06-19T23:15:00,70101500,富春江电站(坝上),22.69
2025-06-19T23:15:00,70101501,富春江坝下,7.54
2025-06-19T23:15:00,70101800,窄溪,4.53
2025-06-19T23:15:00,70102300,闸口,4.24
2025-06-19T23:15:00,7010AJ33,渌渚,4.57
2025-06-19T23:15:00,7011AJ4M,新桐乡,4.38
2025-06-19T23:15:00,7011AJ5M,渌渚镇,6.24
2025-06-19T23:15:00,7011AJ7R,山溪叶家,50.17
2025-06-19T23:15:00,7011AJ8R,山溪幕下,65.58
2025-06-19T23:15:00,7011AJ9R,山溪前桐,194.19
2025-06-19T23:15:00,7011AM2G,富春江水库严陵坞,22.78
2025-06-19T23:20:00,70101500,富春江电站(坝上),22.69
2025-06-19T23:20:00,70101501,富春江坝下,7.55
2025-06-19T23:20:00,70101800,窄溪,4.53
2025-06-19T23:20:00,70102300,闸口,4.25
2025-06-19T23:20:00,7010AJ33,渌渚,4.57
2025-06-19T23:20:00,7011AJ4M,新桐乡,4.39
2025-06-19T23:20:00,7011AJ5M,渌渚镇,6.24
2025-06-19T23:20:00,7011AJ7R,山溪叶家,50.18
2025-06-19T23:20:00,7011AJ8R,山溪幕下,65.58
2025-06-19T23:20:00,7011AJ9R,山溪前桐,194.2
2025-06-19T23:20:00,7011AM2G,富春江水库严陵坞,22.78
2025-06-19T23:25:00,70101500,富春江电站(坝上),22.69
2025-06-19T23:25:00,70101501,富春江坝下,7.53
2025-06-19T23:25:00,70101800,窄溪,4.53
2025-06-19T23:25:00,70102300,闸口,4.25
2025-06-19T23:25:00,7010AJ33,渌渚,4.57
2025-06-19T23:25:00,7011AJ4M,新桐乡,4.39
2025-06-19T23:25:00,7011AJ5M,渌渚镇,6.24
2025-06-19T23:25:00,7011AJ7R,山溪叶家,50.18
2025-06-19T23:25:00,7011AJ8R,山溪幕下,65.57
2025-06-19T23:25:00,7011AJ9R,山溪前桐,194.19
2025-06-19T23:25:00,7011AM2G,富春江水库严陵坞,22.78
2025-06-19T23:30:00,70101500,富春江电站(坝上),22.69
2025-06-19T23:30:00,70101501,富春江坝下,7.52
2025-06-19T23:30:00,70101800,窄溪,4.53
2025-06-19T23:30:00,70102300,闸口,4.25
2025-06-19T23:30:00,7010AJ33,渌渚,4.57
2025-06-19T23:30:00,7011AJ4M,新桐乡,4.39
2025-06-19T23:30:00,7011AJ5M,渌渚镇,6.24
2025-06-19T23:30:00,7011AJ7R,山溪叶家,50.18
2025-06-19T23:30:00,7011AJ8R,山溪幕下,65.58
2025-06-19T23:30:00,7011AJ9R,山溪前桐,194.19
2025-06-19T23:30:00,7011AM2G,富春江水库严陵坞,22.78
2025-06-19T23:35:00,70101500,富春江电站(坝上),22.69
2025-06-19T23:35:00,70101501,富春江坝下,7.54
2025-06-19T23:35:00,70101800,窄溪,4.53
2025-06-19T23:35:00,70102300,闸口,4.25
2025-06-19T23:35:00,7010AJ33,渌渚,4.57
2025-06-19T23:35:00,7011AJ4M,新桐乡,4.4
2025-06-19T23:35:00,7011AJ5M,渌渚镇,6.24
2025-06-19T23:35:00,7011AJ7R,山溪叶家,50.17
2025-06-19T23:35:00,7011AJ8R,山溪幕下,65.58
2025-06-19T23:35:00,7011AJ9R,山溪前桐,194.19
2025-06-19T23:35:00,7011AM2G,富春江水库严陵坞,22.77
2025-06-19T23:40:00,70101500,富春江电站(坝上),22.68
2025-06-19T23:40:00,70101501,富春江坝下,7.53
2025-06-19T23:40:00,70101800,窄溪,4.53
2025-06-19T23:40:00,70102300,闸口,4.25
2025-06-19T23:40:00,7010AJ33,渌渚,4.57
2025-06-19T23:40:00,7011AJ4M,新桐乡,4.39
2025-06-19T23:40:00,7011AJ5M,渌渚镇,6.24
2025-06-19T23:40:00,7011AJ7R,山溪叶家,50.17
2025-06-19T23:40:00,7011AJ8R,山溪幕下,65.57
2025-06-19T23:40:00,7011AJ9R,山溪前桐,194.19
2025-06-19T23:40:00,7011AM2G,富春江水库严陵坞,22.77
2025-06-19T23:45:00,70101500,富春江电站(坝上),22.69
2025-06-19T23:45:00,70101501,富春江坝下,7.53
2025-06-19T23:45:00,70101800,窄溪,4.54
2025-06-19T23:45:00,70102300,闸口,4.25
2025-06-19T23:45:00,7010AJ33,渌渚,4.57
2025-06-19T23:45:00,7011AJ4M,新桐乡,4.39
2025-06-19T23:45:00,7011AJ5M,渌渚镇,6.24
2025-06-19T23:45:00,7011AJ7R,山溪叶家,50.17
2025-06-19T23:45:00,7011AJ8R,山溪幕下,65.58
2025-06-19T23:45:00,7011AJ9R,山溪前桐,194.19
2025-06-19T23:45:00,7011AM2G,富春江水库严陵坞,22.77
2025-06-19T23:50:00,70101500,富春江电站(坝上),22.67
2025-06-19T23:50:00,70101501,富春江坝下,7.54
2025-06-19T23:50:00,70101800,窄溪,4.54
2025-06-19T23:50:00,70102300,闸口,4.25
2025-06-19T23:50:00,7010AJ33,渌渚,4.57
2025-06-19T23:50:00,7011AJ4M,新桐乡,4.39
2025-06-19T23:50:00,7011AJ5M,渌渚镇,6.24
2025-06-19T23:50:00,7011AJ7R,山溪叶家,50.17
2025-06-19T23:50:00,7011AJ8R,山溪幕下,65.58
2025-06-19T23:50:00,7011AJ9R,山溪前桐,194.2
2025-06-19T23:50:00,7011AM2G,富春江水库严陵坞,22.76
2025-06-19T23:55:00,70101500,富春江电站(坝上),22.68
2025-06-19T23:55:00,70101501,富春江坝下,7.54
2025-06-19T23:55:00,70101800,窄溪,4.54
2025-06-19T23:55:00,70102300,闸口,4.26
2025-06-19T23:55:00,7010AJ33,渌渚,4.57
2025-06-19T23:55:00,7011AJ4M,新桐乡,4.4
2025-06-19T23:55:00,7011AJ5M,渌渚镇,6.24
2025-06-19T23:55:00,7011AJ7R,山溪叶家,50.17
2025-06-19T23:55:00,7011AJ8R,山溪幕下,65.57
2025-06-19T23:55:00,7011AJ9R,山溪前桐,194.18
2025-06-19T23:55:00,7011AM2G,富春江水库严陵坞,22.76
2025-06-20T00:00:00,70101500,富春江电站(坝上),22.66
2025-06-20T00:00:00,70101501,富春江坝下,7.53
2025-06-20T00:00:00,70101800,窄溪,4.54
2025-06-20T00:00:00,70102300,闸口,4.26
2025-06-20T00:00:00,7010AJ33,渌渚,4.57
2025-06-20T00:00:00,7011AJ4M,新桐乡,4.41
2025-06-20T00:00:00,7011AJ5M,渌渚镇,6.24
2025-06-20T00:00:00,7011AJ7R,山溪叶家,50.17
2025-06-20T00:00:00,7011AJ8R,山溪幕下,65.58
2025-06-20T00:00:00,7011AJ9R,山溪前桐,194.19
2025-06-20T00:00:00,7011AM2G,富春江水库严陵坞,22.76
2025-06-20T00:05:00,70101500,富春江电站(坝上),22.9
2025-06-20T00:05:00,70101501,富春江坝下,7.24
2025-06-20T00:05:00,70101800,窄溪,4.54
2025-06-20T00:05:00,70102300,闸口,4.26
2025-06-20T00:05:00,7010AJ33,渌渚,4.57
2025-06-20T00:05:00,7011AJ4M,新桐乡,4.41
2025-06-20T00:05:00,7011AJ5M,渌渚镇,6.24
2025-06-20T00:05:00,7011AJ7R,山溪叶家,50.17
2025-06-20T00:05:00,7011AJ8R,山溪幕下,65.58
2025-06-20T00:05:00,7011AJ9R,山溪前桐,194.19
2025-06-20T00:05:00,7011AM2G,富春江水库严陵坞,22.75
2025-06-20T00:10:00,70101500,富春江电站(坝上),23.08
2025-06-20T00:10:00,70101501,富春江坝下,6.47
2025-06-20T00:10:00,70101800,窄溪,4.55
2025-06-20T00:10:00,70102300,闸口,4.26
2025-06-20T00:10:00,7010AJ33,渌渚,4.57
2025-06-20T00:10:00,7011AJ4M,新桐乡,4.42
2025-06-20T00:10:00,7011AJ5M,渌渚镇,6.24
2025-06-20T00:10:00,7011AJ7R,山溪叶家,50.17
2025-06-20T00:10:00,7011AJ8R,山溪幕下,65.57
2025-06-20T00:10:00,7011AJ9R,山溪前桐,194.19
2025-06-20T00:10:00,7011AM2G,富春江水库严陵坞,22.94
2025-06-20T00:15:00,70101500,富春江电站(坝上),23.08
2025-06-20T00:15:00,70101501,富春江坝下,6.0
2025-06-20T00:15:00,70101800,窄溪,4.55
2025-06-20T00:15:00,70102300,闸口,4.26
2025-06-20T00:15:00,7010AJ33,渌渚,4.57
2025-06-20T00:15:00,7011AJ4M,新桐乡,4.42
2025-06-20T00:15:00,7011AJ5M,渌渚镇,6.24
2025-06-20T00:15:00,7011AJ7R,山溪叶家,50.18
2025-06-20T00:15:00,7011AJ8R,山溪幕下,65.58
2025-06-20T00:15:00,7011AJ9R,山溪前桐,194.19
2025-06-20T00:15:00,7011AM2G,富春江水库严陵坞,23.09
2025-06-20T00:20:00,70101500,富春江电站(坝上),23.11
2025-06-20T00:20:00,70101501,富春江坝下,5.75
2025-06-20T00:20:00,70101800,窄溪,4.56
2025-06-20T00:20:00,70102300,闸口,4.26
2025-06-20T00:20:00,7010AJ33,渌渚,4.57
2025-06-20T00:20:00,7011AJ4M,新桐乡,4.42
2025-06-20T00:20:00,7011AJ5M,渌渚镇,6.24
2025-06-20T00:20:00,7011AJ7R,山溪叶家,50.17
2025-06-20T00:20:00,7011AJ8R,山溪幕下,65.58
2025-06-20T00:20:00,7011AJ9R,山溪前桐,194.19
2025-06-20T00:20:00,7011AM2G,富春江水库严陵坞,23.17
2025-06-20T00:25:00,70101500,富春江电站(坝上),23.15
2025-06-20T00:25:00,70101501,富春江坝下,5.53
2025-06-20T00:25:00,70101800,窄溪,4.56
2025-06-20T00:25:00,70102300,闸口,4.26
2025-06-20T00:25:00,7010AJ33,渌渚,4.59
2025-06-20T00:25:00,7011AJ4M,新桐乡,4.43
2025-06-20T00:25:00,7011AJ5M,渌渚镇,6.24
2025-06-20T00:25:00,7011AJ7R,山溪叶家,50.17
2025-06-20T00:25:00,7011AJ8R,山溪幕下,65.57
2025-06-20T00:25:00,7011AJ9R,山溪前桐,194.19
2025-06-20T00:25:00,7011AM2G,富春江水库严陵坞,23.19
2025-06-20T00:30:00,70101500,富春江电站(坝上),23.14
2025-06-20T00:30:00,70101501,富春江坝下,5.34
2025-06-20T00:30:00,70101800,窄溪,4.57
2025-06-20T00:30:00,70102300,闸口,4.26
2025-06-20T00:30:00,7010AJ33,渌渚,4.59
2025-06-20T00:30:00,7011AJ4M,新桐乡,4.43
2025-06-20T00:30:00,7011AJ5M,渌渚镇,6.24
2025-06-20T00:30:00,7011AJ7R,山溪叶家,50.18
2025-06-20T00:30:00,7011AJ8R,山溪幕下,65.57
2025-06-20T00:30:00,7011AJ9R,山溪前桐,194.19
2025-06-20T00:30:00,7011AM2G,富春江水库严陵坞,23.21
2025-06-20T00:35:00,70101500,富春江电站(坝上),23.16
2025-06-20T00:35:00,70101501,富春江坝下,5.16
2025-06-20T00:35:00,70101800,窄溪,4.57
2025-06-20T00:35:00,70102300,闸口,4.26
2025-06-20T00:35:00,7010AJ33,渌渚,4.59
2025-06-20T00:35:00,7011AJ4M,新桐乡,4.45
2025-06-20T00:35:00,7011AJ5M,渌渚镇,6.24
2025-06-20T00:35:00,7011AJ7R,山溪叶家,50.18
2025-06-20T00:35:00,7011AJ8R,山溪幕下,65.57
2025-06-20T00:35:00,7011AJ9R,山溪前桐,194.19
2025-06-20T00:35:00,7011AM2G,富春江水库严陵坞,23.2
2025-06-20T00:40:00,70101500,富春江电站(坝上),23.17
2025-06-20T00:40:00,70101501,富春江坝下,5.01
2025-06-20T00:40:00,70101800,窄溪,4.58
2025-06-20T00:40:00,70102300,闸口,4.26
2025-06-20T00:40:00,7010AJ33,渌渚,4.59
2025-06-20T00:40:00,7011AJ4M,新桐乡,4.47
2025-06-20T00:40:00,7011AJ5M,渌渚镇,6.24
2025-06-20T00:40:00,7011AJ7R,山溪叶家,50.17
2025-06-20T00:40:00,7011AJ8R,山溪幕下,65.57
2025-06-20T00:40:00,7011AJ9R,山溪前桐,194.19
2025-06-20T00:40:00,7011AM2G,富春江水库严陵坞,23.22
2025-06-20T00:45:00,70101500,富春江电站(坝上),23.14
2025-06-20T00:45:00,70101501,富春江坝下,4.9
2025-06-20T00:45:00,70101800,窄溪,4.59
2025-06-20T00:45:00,70102300,闸口,4.26
2025-06-20T00:45:00,7010AJ33,渌渚,4.61
2025-06-20T00:45:00,7011AJ4M,新桐乡,4.47
2025-06-20T00:45:00,7011AJ5M,渌渚镇,6.24
2025-06-20T00:45:00,7011AJ7R,山溪叶家,50.17
2025-06-20T00:45:00,7011AJ8R,山溪幕下,65.57
2025-06-20T00:45:00,7011AJ9R,山溪前桐,194.18
2025-06-20T00:45:00,7011AM2G,富春江水库严陵坞,23.22
2025-06-20T00:50:00,70101500,富春江电站(坝上),23.16
2025-06-20T00:50:00,70101501,富春江坝下,4.87
2025-06-20T00:50:00,70101800,窄溪,4.57
2025-06-20T00:50:00,70102300,闸口,4.26
2025-06-20T00:50:00,7010AJ33,渌渚,4.61
2025-06-20T00:50:00,7011AJ4M,新桐乡,4.49
2025-06-20T00:50:00,7011AJ5M,渌渚镇,6.24
2025-06-20T00:50:00,7011AJ7R,山溪叶家,50.18
2025-06-20T00:50:00,7011AJ8R,山溪幕下,65.57
2025-06-20T00:50:00,7011AJ9R,山溪前桐,194.19
2025-06-20T00:50:00,7011AM2G,富春江水库严陵坞,23.22
2025-06-20T00:55:00,70101500,富春江电站(坝上),23.14
2025-06-20T00:55:00,70101501,富春江坝下,4.82
2025-06-20T00:55:00,70101800,窄溪,4.56
2025-06-20T00:55:00,70102300,闸口,4.26
2025-06-20T00:55:00,7010AJ33,渌渚,4.61
2025-06-20T00:55:00,7011AJ4M,新桐乡,4.5
2025-06-20T00:55:00,7011AJ5M,渌渚镇,6.24
2025-06-20T00:55:00,7011AJ7R,山溪叶家,50.17
2025-06-20T00:55:00,7011AJ8R,山溪幕下,65.57
2025-06-20T00:55:00,7011AJ9R,山溪前桐,194.19
2025-06-20T00:55:00,7011AM2G,富春江水库严陵坞,23.18
2025-06-20T01:00:00,70101500,富春江电站(坝上),23.05
2025-06-20T01:00:00,70101501,富春江坝下,4.72
2025-06-20T01:00:00,70101800,窄溪,4.53
2025-06-20T01:00:00,70102300,闸口,4.26
2025-06-20T01:00:00,7010AJ33,渌渚,4.63
2025-06-20T01:00:00,7011AJ4M,新桐乡,4.5
2025-06-20T01:00:00,7011AJ5M,渌渚镇,6.24
2025-06-20T01:00:00,7011AJ7R,山溪叶家,50.17
2025-06-20T01:00:00,7011AJ8R,山溪幕下,65.58
2025-06-20T01:00:00,7011AJ9R,山溪前桐,194.19
2025-06-20T01:00:00,7011AM2G,富春江水库严陵坞,23.12
2025-06-20T01:05:00,70101500,富春江电站(坝上),22.98
2025-06-20T01:05:00,70101501,富春江坝下,4.63
2025-06-20T01:05:00,70101800,窄溪,4.51
2025-06-20T01:05:00,70102300,闸口,4.26
2025-06-20T01:05:00,7010AJ33,渌渚,4.64
2025-06-20T01:05:00,7011AJ4M,新桐乡,4.5
2025-06-20T01:05:00,7011AJ5M,渌渚镇,6.23
2025-06-20T01:05:00,7011AJ7R,山溪叶家,50.18
2025-06-20T01:05:00,7011AJ8R,山溪幕下,65.57
2025-06-20T01:05:00,7011AJ9R,山溪前桐,194.19
2025-06-20T01:05:00,7011AM2G,富春江水库严陵坞,23.08
2025-06-20T01:10:00,70101500,富春江电站(坝上),22.95
2025-06-20T01:10:00,70101501,富春江坝下,4.57
2025-06-20T01:10:00,70101800,窄溪,4.49
2025-06-20T01:10:00,70102300,闸口,4.27
2025-06-20T01:10:00,7010AJ33,渌渚,4.61
2025-06-20T01:10:00,7011AJ4M,新桐乡,4.49
2025-06-20T01:10:00,7011AJ5M,渌渚镇,6.23
2025-06-20T01:10:00,7011AJ7R,山溪叶家,50.17
2025-06-20T01:10:00,7011AJ8R,山溪幕下,65.57
2025-06-20T01:10:00,7011AJ9R,山溪前桐,194.19
2025-06-20T01:10:00,7011AM2G,富春江水库严陵坞,23.05
2025-06-20T01:15:00,70101500,富春江电站(坝上),22.96
2025-06-20T01:15:00,70101501,富春江坝下,4.54
2025-06-20T01:15:00,70101800,窄溪,4.47
2025-06-20T01:15:00,70102300,闸口,4.27
2025-06-20T01:15:00,7010AJ33,渌渚,4.59
2025-06-20T01:15:00,7011AJ4M,新桐乡,4.49
2025-06-20T01:15:00,7011AJ5M,渌渚镇,6.23
2025-06-20T01:15:00,7011AJ7R,山溪叶家,50.17
2025-06-20T01:15:00,7011AJ8R,山溪幕下,65.57
2025-06-20T01:15:00,7011AJ9R,山溪前桐,194.19
2025-06-20T01:15:00,7011AM2G,富春江水库严陵坞,23.03
2025-06-20T01:20:00,70101500,富春江电站(坝上),22.96
2025-06-20T01:20:00,70101501,富春江坝下,4.52
2025-06-20T01:20:00,70101800,窄溪,4.45
2025-06-20T01:20:00,70102300,闸口,4.27
2025-06-20T01:20:00,7010AJ33,渌渚,4.57
2025-06-20T01:20:00,7011AJ4M,新桐乡,4.48
2025-06-20T01:20:00,7011AJ5M,渌渚镇,6.23
2025-06-20T01:20:00,7011AJ7R,山溪叶家,50.17
2025-06-20T01:20:00,7011AJ8R,山溪幕下,65.57
2025-06-20T01:20:00,7011AJ9R,山溪前桐,194.2
2025-06-20T01:20:00,7011AM2G,富春江水库严陵坞,23.0
2025-06-20T01:25:00,70101500,富春江电站(坝上),22.93
2025-06-20T01:25:00,70101501,富春江坝下,4.5
2025-06-20T01:25:00,70101800,窄溪,4.43
2025-06-20T01:25:00,70102300,闸口,4.26
2025-06-20T01:25:00,7010AJ33,渌渚,4.53
2025-06-20T01:25:00,7011AJ4M,新桐乡,4.46
2025-06-20T01:25:00,7011AJ5M,渌渚镇,6.23
2025-06-20T01:25:00,7011AJ7R,山溪叶家,50.17
2025-06-20T01:25:00,7011AJ8R,山溪幕下,65.57
2025-06-20T01:25:00,7011AJ9R,山溪前桐,194.19
2025-06-20T01:25:00,7011AM2G,富春江水库严陵坞,22.99
2025-06-20T01:30:00,70101500,富春江电站(坝上),22.88
2025-06-20T01:30:00,70101501,富春江坝下,4.47
2025-06-20T01:30:00,70101800,窄溪,4.42
2025-06-20T01:30:00,70102300,闸口,4.26
2025-06-20T01:30:00,7010AJ33,渌渚,4.51
2025-06-20T01:30:00,7011AJ4M,新桐乡,4.45
2025-06-20T01:30:00,7011AJ5M,渌渚镇,6.23
2025-06-20T01:30:00,7011AJ7R,山溪叶家,50.18
2025-06-20T01:30:00,7011AJ8R,山溪幕下,65.58
2025-06-20T01:30:00,7011AJ9R,山溪前桐,194.19
2025-06-20T01:30:00,7011AM2G,富春江水库严陵坞,22.96
2025-06-20T01:35:00,70101500,富春江电站(坝上),22.86
2025-06-20T01:35:00,70101501,富春江坝下,4.43
2025-06-20T01:35:00,70101800,窄溪,4.41
2025-06-20T01:35:00,70102300,闸口,4.26
2025-06-20T01:35:00,7010AJ33,渌渚,4.47
2025-06-20T01:35:00,7011AJ4M,新桐乡,4.44
2025-06-20T01:35:00,7011AJ5M,渌渚镇,6.23
2025-06-20T01:35:00,7011AJ7R,山溪叶家,50.18
2025-06-20T01:35:00,7011AJ8R,山溪幕下,65.58
2025-06-20T01:35:00,7011AJ9R,山溪前桐,194.19
2025-06-20T01:35:00,7011AM2G,富春江水库严陵坞,22.94
2025-06-20T01:40:00,70101500,富春江电站(坝上),22.85
2025-06-20T01:40:00,70101501,富春江坝下,4.41
2025-06-20T01:40:00,70101800,窄溪,4.4
2025-06-20T01:40:00,70102300,闸口,4.26
2025-06-20T01:40:00,7010AJ33,渌渚,4.45
2025-06-20T01:40:00,7011AJ4M,新桐乡,4.44
2025-06-20T01:40:00,7011AJ5M,渌渚镇,6.23
2025-06-20T01:40:00,7011AJ7R,山溪叶家,50.18
2025-06-20T01:40:00,7011AJ8R,山溪幕下,65.57
2025-06-20T01:40:00,7011AJ9R,山溪前桐,194.18
2025-06-20T01:40:00,7011AM2G,富春江水库严陵坞,22.9
2025-06-20T01:45:00,70101500,富春江电站(坝上),22.81
2025-06-20T01:45:00,70101501,富春江坝下,4.39
2025-06-20T01:45:00,70101800,窄溪,4.38
2025-06-20T01:45:00,70102300,闸口,4.26
2025-06-20T01:45:00,7010AJ33,渌渚,4.43
2025-06-20T01:45:00,7011AJ4M,新桐乡,4.43
2025-06-20T01:45:00,7011AJ5M,渌渚镇,6.23
2025-06-20T01:45:00,7011AJ7R,山溪叶家,50.18
2025-06-20T01:45:00,7011AJ8R,山溪幕下,65.57
2025-06-20T01:45:00,7011AJ9R,山溪前桐,194.19
2025-06-20T01:45:00,7011AM2G,富春江水库严陵坞,22.88
2025-06-20T01:50:00,70101500,富春江电站(坝上),22.78
2025-06-20T01:50:00,70101501,富春江坝下,4.38
2025-06-20T01:50:00,70101800,窄溪,4.36
2025-06-20T01:50:00,70102300,闸口,4.26
2025-06-20T01:50:00,7010AJ33,渌渚,4.39
2025-06-20T01:50:00,7011AJ4M,新桐乡,4.42
2025-06-20T01:50:00,7011AJ5M,渌渚镇,6.23
2025-06-20T01:50:00,7011AJ7R,山溪叶家,50.18
2025-06-20T01:50:00,7011AJ8R,山溪幕下,65.58
2025-06-20T01:50:00,7011AJ9R,山溪前桐,194.19
2025-06-20T01:50:00,7011AM2G,富春江水库严陵坞,22.87
2025-06-20T01:55:00,70101500,富春江电站(坝上),22.8
2025-06-20T01:55:00,70101501,富春江坝下,4.36
2025-06-20T01:55:00,70101800,窄溪,4.35
2025-06-20T01:55:00,70102300,闸口,4.26
2025-06-20T01:55:00,7010AJ33,渌渚,4.39
2025-06-20T01:55:00,7011AJ4M,新桐乡,4.42
2025-06-20T01:55:00,7011AJ5M,渌渚镇,6.23
2025-06-20T01:55:00,7011AJ7R,山溪叶家,50.17
2025-06-20T01:55:00,7011AJ8R,山溪幕下,65.58
2025-06-20T01:55:00,7011AJ9R,山溪前桐,194.19
2025-06-20T01:55:00,7011AM2G,富春江水库严陵坞,22.86
2025-06-20T02:00:00,70101500,富春江电站(坝上),22.82
2025-06-20T02:00:00,70101501,富春江坝下,4.35
2025-06-20T02:00:00,70101800,窄溪,4.33
2025-06-20T02:00:00,70102300,闸口,4.26
2025-06-20T02:00:00,7010AJ33,渌渚,4.36
2025-06-20T02:00:00,7011AJ4M,新桐乡,4.41
2025-06-20T02:00:00,7011AJ5M,渌渚镇,6.23
2025-06-20T02:00:00,7011AJ7R,山溪叶家,50.18
2025-06-20T02:00:00,7011AJ8R,山溪幕下,65.57
2025-06-20T02:00:00,7011AJ9R,山溪前桐,194.19
2025-06-20T02:00:00,7011AM2G,富春江水库严陵坞,22.87
2025-06-20T02:05:00,70101500,富春江电站(坝上),22.84
2025-06-20T02:05:00,70101501,富春江坝下,4.33
2025-06-20T02:05:00,70101800,窄溪,4.32
2025-06-20T02:05:00,70102300,闸口,4.26
2025-06-20T02:05:00,7010AJ33,渌渚,4.36
2025-06-20T02:05:00,7011AJ4M,新桐乡,4.4
2025-06-20T02:05:00,7011AJ5M,渌渚镇,6.23
2025-06-20T02:05:00,7011AJ7R,山溪叶家,50.17
2025-06-20T02:05:00,7011AJ8R,山溪幕下,65.57
2025-06-20T02:05:00,7011AJ9R,山溪前桐,194.19
2025-06-20T02:05:00,7011AM2G,富春江水库严陵坞,22.89
2025-06-20T02:10:00,70101500,富春江电站(坝上),22.85
2025-06-20T02:10:00,70101501,富春江坝下,4.31
2025-06-20T02:10:00,70101800,窄溪,4.3
2025-06-20T02:10:00,70102300,闸口,4.26
2025-06-20T02:10:00,7010AJ33,渌渚,4.34
2025-06-20T02:10:00,7011AJ4M,新桐乡,4.4
2025-06-20T02:10:00,7011AJ5M,渌渚镇,6.23
2025-06-20T02:10:00,7011AJ7R,山溪叶家,50.18
2025-06-20T02:10:00,7011AJ8R,山溪幕下,65.58
2025-06-20T02:10:00,7011AJ9R,山溪前桐,194.19
2025-06-20T02:10:00,7011AM2G,富春江水库严陵坞,22.9
2025-06-20T02:15:00,70101500,富春江电站(坝上),22.84
2025-06-20T02:15:00,70101501,富春江坝下,4.29
2025-06-20T02:15:00,70101800,窄溪,4.3
2025-06-20T02:15:00,70102300,闸口,4.26
2025-06-20T02:15:00,7010AJ33,渌渚,4.32
2025-06-20T02:15:00,7011AJ4M,新桐乡,4.38
2025-06-20T02:15:00,7011AJ5M,渌渚镇,6.23
2025-06-20T02:15:00,7011AJ7R,山溪叶家,50.17
2025-06-20T02:15:00,7011AJ8R,山溪幕下,65.57
2025-06-20T02:15:00,7011AJ9R,山溪前桐,194.19
2025-06-20T02:15:00,7011AM2G,富春江水库严陵坞,22.91
2025-06-20T02:20:00,70101500,富春江电站(坝上),22.84
2025-06-20T02:20:00,70101501,富春江坝下,4.27
2025-06-20T02:20:00,70101800,窄溪,4.29
2025-06-20T02:20:00,70102300,闸口,4.26
2025-06-20T02:20:00,7010AJ33,渌渚,4.32
2025-06-20T02:20:00,7011AJ4M,新桐乡,4.36
2025-06-20T02:20:00,7011AJ5M,渌渚镇,6.23
2025-06-20T02:20:00,7011AJ7R,山溪叶家,50.17
2025-06-20T02:20:00,7011AJ8R,山溪幕下,65.57
2025-06-20T02:20:00,7011AJ9R,山溪前桐,194.19
2025-06-20T02:20:00,7011AM2G,富春江水库严陵坞,22.92
2025-06-20T02:25:00,70101500,富春江电站(坝上),22.87
2025-06-20T02:25:00,70101501,富春江坝下,4.26
2025-06-20T02:25:00,70101800,窄溪,4.28
2025-06-20T02:25:00,70102300,闸口,4.26
2025-06-20T02:25:00,7010AJ33,渌渚,4.3
2025-06-20T02:25:00,7011AJ4M,新桐乡,4.35
2025-06-20T02:25:00,7011AJ5M,渌渚镇,6.23
2025-06-20T02:25:00,7011AJ7R,山溪叶家,50.17
2025-06-20T02:25:00,7011AJ8R,山溪幕下,65.57
2025-06-20T02:25:00,7011AJ9R,山溪前桐,194.19
2025-06-20T02:25:00,7011AM2G,富春江水库严陵坞,22.92
2025-06-20T02:30:00,70101500,富春江电站(坝上),22.87
2025-06-20T02:30:00,70101501,富春江坝下,4.24
2025-06-20T02:30:00,70101800,窄溪,4.28
2025-06-20T02:30:00,70102300,闸口,4.26
2025-06-20T02:30:00,7010AJ33,渌渚,4.3
2025-06-20T02:30:00,7011AJ4M,新桐乡,4.34
2025-06-20T02:30:00,7011AJ5M,渌渚镇,6.23
2025-06-20T02:30:00,7011AJ7R,山溪叶家,50.17
2025-06-20T02:30:00,7011AJ8R,山溪幕下,65.57
2025-06-20T02:30:00,7011AJ9R,山溪前桐,194.19
2025-06-20T02:30:00,7011AM2G,富春江水库严陵坞,22.92
2025-06-20T02:35:00,70101500,富春江电站(坝上),22.87
2025-06-20T02:35:00,70101501,富春江坝下,4.23
2025-06-20T02:35:00,70101800,窄溪,4.27
2025-06-20T02:35:00,70102300,闸口,4.27
2025-06-20T02:35:00,7010AJ33,渌渚,4.28
2025-06-20T02:35:00,7011AJ4M,新桐乡,4.33
2025-06-20T02:35:00,7011AJ5M,渌渚镇,6.23
2025-06-20T02:35:00,7011AJ7R,山溪叶家,50.17
2025-06-20T02:35:00,7011AJ8R,山溪幕下,65.57
2025-06-20T02:35:00,7011AJ9R,山溪前桐,194.19
2025-06-20T02:35:00,7011AM2G,富春江水库严陵坞,22.93
2025-06-20T02:40:00,70101500,富春江电站(坝上),22.89
2025-06-20T02:40:00,70101501,富春江坝下,4.21
2025-06-20T02:40:00,70101800,窄溪,4.25
2025-06-20T02:40:00,70102300,闸口,4.27
2025-06-20T02:40:00,7010AJ33,渌渚,4.28
2025-06-20T02:40:00,7011AJ4M,新桐乡,4.33
2025-06-20T02:40:00,7011AJ5M,渌渚镇,6.23
2025-06-20T02:40:00,7011AJ7R,山溪叶家,50.17
2025-06-20T02:40:00,7011AJ8R,山溪幕下,65.57
2025-06-20T02:40:00,7011AJ9R,山溪前桐,194.19
2025-06-20T02:40:00,7011AM2G,富春江水库严陵坞,22.94
2025-06-20T02:45:00,70101500,富春江电站(坝上),22.9
2025-06-20T02:45:00,70101501,富春江坝下,4.2
2025-06-20T02:45:00,70101800,窄溪,4.25
2025-06-20T02:45:00,70102300,闸口,4.26
2025-06-20T02:45:00,7010AJ33,渌渚,4.28
2025-06-20T02:45:00,7011AJ4M,新桐乡,4.31
2025-06-20T02:45:00,7011AJ5M,渌渚镇,6.23
2025-06-20T02:45:00,7011AJ7R,山溪叶家,50.17
2025-06-20T02:45:00,7011AJ8R,山溪幕下,65.57
2025-06-20T02:45:00,7011AJ9R,山溪前桐,194.19
2025-06-20T02:45:00,7011AM2G,富春江水库严陵坞,22.95
2025-06-20T02:50:00,70101500,富春江电站(坝上),22.9
2025-06-20T02:50:00,70101501,富春江坝下,4.2
2025-06-20T02:50:00,70101800,窄溪,4.24
2025-06-20T02:50:00,70102300,闸口,4.26
2025-06-20T02:50:00,7010AJ33,渌渚,4.28
2025-06-20T02:50:00,7011AJ4M,新桐乡,4.3
2025-06-20T02:50:00,7011AJ5M,渌渚镇,6.23
2025-06-20T02:50:00,7011AJ7R,山溪叶家,50.17
2025-06-20T02:50:00,7011AJ8R,山溪幕下,65.57
2025-06-20T02:50:00,7011AJ9R,山溪前桐,194.19
2025-06-20T02:50:00,7011AM2G,富春江水库严陵坞,22.94
2025-06-20T02:55:00,70101500,富春江电站(坝上),22.87
2025-06-20T02:55:00,70101501,富春江坝下,4.19
2025-06-20T02:55:00,70101800,窄溪,4.23
2025-06-20T02:55:00,70102300,闸口,4.26
2025-06-20T02:55:00,7010AJ33,渌渚,4.28
2025-06-20T02:55:00,7011AJ4M,新桐乡,4.28
2025-06-20T02:55:00,7011AJ5M,渌渚镇,6.23
2025-06-20T02:55:00,7011AJ7R,山溪叶家,50.17
2025-06-20T02:55:00,7011AJ8R,山溪幕下,65.58
2025-06-20T02:55:00,7011AJ9R,山溪前桐,194.18
2025-06-20T02:55:00,7011AM2G,富春江水库严陵坞,22.94
2025-06-20T03:00:00,70101500,富春江电站(坝上),22.86
2025-06-20T03:00:00,70101501,富春江坝下,4.18
2025-06-20T03:00:00,70101800,窄溪,4.22
2025-06-20T03:00:00,70102300,闸口,4.26
2025-06-20T03:00:00,7010AJ33,渌渚,4.26
2025-06-20T03:00:00,7011AJ4M,新桐乡,4.28
2025-06-20T03:00:00,7011AJ5M,渌渚镇,6.23
2025-06-20T03:00:00,7011AJ7R,山溪叶家,50.17
2025-06-20T03:00:00,7011AJ8R,山溪幕下,65.57
2025-06-20T03:00:00,7011AJ9R,山溪前桐,194.19
2025-06-20T03:00:00,7011AM2G,富春江水库严陵坞,22.94
2025-06-20T03:05:00,70101500,富春江电站(坝上),22.87
2025-06-20T03:05:00,70101501,富春江坝下,4.17
2025-06-20T03:05:00,70101800,窄溪,4.21
2025-06-20T03:05:00,70102300,闸口,4.25
2025-06-20T03:05:00,7010AJ33,渌渚,4.26
2025-06-20T03:05:00,7011AJ4M,新桐乡,4.28
2025-06-20T03:05:00,7011AJ5M,渌渚镇,6.23
2025-06-20T03:05:00,7011AJ7R,山溪叶家,50.17
2025-06-20T03:05:00,7011AJ8R,山溪幕下,65.57
2025-06-20T03:05:00,7011AJ9R,山溪前桐,194.19
2025-06-20T03:05:00,7011AM2G,富春江水库严陵坞,22.94
2025-06-20T03:10:00,70101500,富春江电站(坝上),22.9
2025-06-20T03:10:00,70101501,富春江坝下,4.16
2025-06-20T03:10:00,70101800,窄溪,4.21
2025-06-20T03:10:00,70102300,闸口,4.24
2025-06-20T03:10:00,7010AJ33,渌渚,4.24
2025-06-20T03:10:00,7011AJ4M,新桐乡,4.27
2025-06-20T03:10:00,7011AJ5M,渌渚镇,6.23
2025-06-20T03:10:00,7011AJ7R,山溪叶家,50.17
2025-06-20T03:10:00,7011AJ8R,山溪幕下,65.57
2025-06-20T03:10:00,7011AJ9R,山溪前桐,194.19
2025-06-20T03:10:00,7011AM2G,富春江水库严陵坞,22.94
2025-06-20T03:15:00,70101500,富春江电站(坝上),22.92
2025-06-20T03:15:00,70101501,富春江坝下,4.16
2025-06-20T03:15:00,70101800,窄溪,4.2
2025-06-20T03:15:00,70102300,闸口,4.24
2025-06-20T03:15:00,7010AJ33,渌渚,4.24
2025-06-20T03:15:00,7011AJ4M,新桐乡,4.27
2025-06-20T03:15:00,7011AJ5M,渌渚镇,6.23
2025-06-20T03:15:00,7011AJ7R,山溪叶家,50.17
2025-06-20T03:15:00,7011AJ8R,山溪幕下,65.57
2025-06-20T03:15:00,7011AJ9R,山溪前桐,194.19
2025-06-20T03:15:00,7011AM2G,富春江水库严陵坞,22.96
2025-06-20T03:20:00,70101500,富春江电站(坝上),22.9
2025-06-20T03:20:00,70101501,富春江坝下,4.16
2025-06-20T03:20:00,70101800,窄溪,4.2
2025-06-20T03:20:00,70102300,闸口,4.23
2025-06-20T03:20:00,7010AJ33,渌渚,4.24
2025-06-20T03:20:00,7011AJ4M,新桐乡,4.27
2025-06-20T03:20:00,7011AJ5M,渌渚镇,6.23
2025-06-20T03:20:00,7011AJ7R,山溪叶家,50.17
2025-06-20T03:20:00,7011AJ8R,山溪幕下,65.57
2025-06-20T03:20:00,7011AJ9R,山溪前桐,194.19
2025-06-20T03:20:00,7011AM2G,富春江水库严陵坞,22.96
2025-06-20T03:25:00,70101500,富春江电站(坝上),22.9
2025-06-20T03:25:00,70101501,富春江坝下,4.15
2025-06-20T03:25:00,70101800,窄溪,4.19
2025-06-20T03:25:00,70102300,闸口,4.22
2025-06-20T03:25:00,7010AJ33,渌渚,4.22
2025-06-20T03:25:00,7011AJ4M,新桐乡,4.26
2025-06-20T03:25:00,7011AJ5M,渌渚镇,6.23
2025-06-20T03:25:00,7011AJ7R,山溪叶家,50.17
2025-06-20T03:25:00,7011AJ8R,山溪幕下,65.57
2025-06-20T03:25:00,7011AJ9R,山溪前桐,194.19
2025-06-20T03:25:00,7011AM2G,富春江水库严陵坞,22.96
2025-06-20T03:30:00,70101500,富春江电站(坝上),22.9
2025-06-20T03:30:00,70101501,富春江坝下,4.15
2025-06-20T03:30:00,70101800,窄溪,4.18
2025-06-20T03:30:00,70102300,闸口,4.21
2025-06-20T03:30:00,7010AJ33,渌渚,4.22
2025-06-20T03:30:00,7011AJ4M,新桐乡,4.25
2025-06-20T03:30:00,7011AJ5M,渌渚镇,6.23
2025-06-20T03:30:00,7011AJ7R,山溪叶家,50.17
2025-06-20T03:30:00,7011AJ8R,山溪幕下,65.57
2025-06-20T03:30:00,7011AJ9R,山溪前桐,194.19
2025-06-20T03:30:00,7011AM2G,富春江水库严陵坞,22.96
2025-06-20T03:35:00,70101500,富春江电站(坝上),22.92
2025-06-20T03:35:00,70101501,富春江坝下,4.15
2025-06-20T03:35:00,70101800,窄溪,4.17
2025-06-20T03:35:00,70102300,闸口,4.21
2025-06-20T03:35:00,7010AJ33,渌渚,4.22
2025-06-20T03:35:00,7011AJ4M,新桐乡,4.25
2025-06-20T03:35:00,7011AJ5M,渌渚镇,6.23
2025-06-20T03:35:00,7011AJ7R,山溪叶家,50.17
2025-06-20T03:35:00,7011AJ8R,山溪幕下,65.57
2025-06-20T03:35:00,7011AJ9R,山溪前桐,194.19
2025-06-20T03:35:00,7011AM2G,富春江水库严陵坞,22.96
2025-06-20T03:40:00,70101500,富春江电站(坝上),22.93
2025-06-20T03:40:00,70101501,富春江坝下,4.15
2025-06-20T03:40:00,70101800,窄溪,4.17
2025-06-20T03:40:00,70102300,闸口,4.2
2025-06-20T03:40:00,7010AJ33,渌渚,4.2
2025-06-20T03:40:00,7011AJ4M,新桐乡,4.23
2025-06-20T03:40:00,7011AJ5M,渌渚镇,6.23
2025-06-20T03:40:00,7011AJ7R,山溪叶家,50.17
2025-06-20T03:40:00,7011AJ8R,山溪幕下,65.57
2025-06-20T03:40:00,7011AJ9R,山溪前桐,194.19
2025-06-20T03:40:00,7011AM2G,富春江水库严陵坞,22.98
2025-06-20T03:45:00,70101500,富春江电站(坝上),22.93
2025-06-20T03:45:00,70101501,富春江坝下,4.15
2025-06-20T03:45:00,70101800,窄溪,4.16
2025-06-20T03:45:00,70102300,闸口,4.19
2025-06-20T03:45:00,7010AJ33,渌渚,4.2
2025-06-20T03:45:00,7011AJ4M,新桐乡,4.23
2025-06-20T03:45:00,7011AJ5M,渌渚镇,6.23
2025-06-20T03:45:00,7011AJ7R,山溪叶家,50.17
2025-06-20T03:45:00,7011AJ8R,山溪幕下,65.57
2025-06-20T03:45:00,7011AJ9R,山溪前桐,194.19
2025-06-20T03:45:00,7011AM2G,富春江水库严陵坞,22.99
2025-06-20T03:50:00,70101500,富春江电站(坝上),22.95
2025-06-20T03:50:00,70101501,富春江坝下,4.14
2025-06-20T03:50:00,70101800,窄溪,4.16
2025-06-20T03:50:00,70102300,闸口,4.18
2025-06-20T03:50:00,7010AJ33,渌渚,4.2
2025-06-20T03:50:00,7011AJ4M,新桐乡,4.22
2025-06-20T03:50:00,7011AJ5M,渌渚镇,6.23
2025-06-20T03:50:00,7011AJ7R,山溪叶家,50.17
2025-06-20T03:50:00,7011AJ8R,山溪幕下,65.57
2025-06-20T03:50:00,7011AJ9R,山溪前桐,194.19
2025-06-20T03:50:00,7011AM2G,富春江水库严陵坞,23.01
2025-06-20T03:55:00,70101500,富春江电站(坝上),22.98
2025-06-20T03:55:00,70101501,富春江坝下,4.13
2025-06-20T03:55:00,70101800,窄溪,4.16
2025-06-20T03:55:00,70102300,闸口,4.18
2025-06-20T03:55:00,7010AJ33,渌渚,4.18
2025-06-20T03:55:00,7011AJ4M,新桐乡,4.21
2025-06-20T03:55:00,7011AJ5M,渌渚镇,6.24
2025-06-20T03:55:00,7011AJ7R,山溪叶家,50.17
2025-06-20T03:55:00,7011AJ8R,山溪幕下,65.58
2025-06-20T03:55:00,7011AJ9R,山溪前桐,194.19
2025-06-20T03:55:00,7011AM2G,富春江水库严陵坞,23.02
2025-06-20T04:00:00,70101500,富春江电站(坝上),22.98
2025-06-20T04:00:00,70101501,富春江坝下,4.12
2025-06-20T04:00:00,70101800,窄溪,4.15
2025-06-20T04:00:00,70102300,闸口,4.16
2025-06-20T04:00:00,7010AJ33,渌渚,4.18
2025-06-20T04:00:00,7011AJ4M,新桐乡,4.21
2025-06-20T04:00:00,7011AJ5M,渌渚镇,6.24
2025-06-20T04:00:00,7011AJ7R,山溪叶家,50.17
2025-06-20T04:00:00,7011AJ8R,山溪幕下,65.58
2025-06-20T04:00:00,7011AJ9R,山溪前桐,194.19
2025-06-20T04:00:00,7011AM2G,富春江水库严陵坞,23.03
2025-06-20T04:05:00,70101500,富春江电站(坝上),22.99
2025-06-20T04:05:00,70101501,富春江坝下,4.12
2025-06-20T04:05:00,70101800,窄溪,4.15
2025-06-20T04:05:00,70102300,闸口,4.15
2025-06-20T04:05:00,7010AJ33,渌渚,4.18
2025-06-20T04:05:00,7011AJ4M,新桐乡,4.2
2025-06-20T04:05:00,7011AJ5M,渌渚镇,6.24
2025-06-20T04:05:00,7011AJ7R,山溪叶家,50.17
2025-06-20T04:05:00,7011AJ8R,山溪幕下,65.57
2025-06-20T04:05:00,7011AJ9R,山溪前桐,194.19
2025-06-20T04:05:00,7011AM2G,富春江水库严陵坞,23.04
2025-06-20T04:10:00,70101500,富春江电站(坝上),22.99
2025-06-20T04:10:00,70101501,富春江坝下,4.11
2025-06-20T04:10:00,70101800,窄溪,4.14
2025-06-20T04:10:00,70102300,闸口,4.15
2025-06-20T04:10:00,7010AJ33,渌渚,4.18
2025-06-20T04:10:00,7011AJ4M,新桐乡,4.2
2025-06-20T04:10:00,7011AJ5M,渌渚镇,6.24
2025-06-20T04:10:00,7011AJ7R,山溪叶家,50.17
2025-06-20T04:10:00,7011AJ8R,山溪幕下,65.58
2025-06-20T04:10:00,7011AJ9R,山溪前桐,194.19
2025-06-20T04:10:00,7011AM2G,富春江水库严陵坞,23.06
2025-06-20T04:15:00,70101500,富春江电站(坝上),23.01
2025-06-20T04:15:00,70101501,富春江坝下,4.11
2025-06-20T04:15:00,70101800,窄溪,4.13
2025-06-20T04:15:00,70102300,闸口,4.14
2025-06-20T04:15:00,7010AJ33,渌渚,4.16
2025-06-20T04:15:00,7011AJ4M,新桐乡,4.19
2025-06-20T04:15:00,7011AJ5M,渌渚镇,6.24
2025-06-20T04:15:00,7011AJ7R,山溪叶家,50.17
2025-06-20T04:15:00,7011AJ8R,山溪幕下,65.58
2025-06-20T04:15:00,7011AJ9R,山溪前桐,194.19
2025-06-20T04:15:00,7011AM2G,富春江水库严陵坞,23.07
2025-06-20T04:20:00,70101500,富春江电站(坝上),23.03
2025-06-20T04:20:00,70101501,富春江坝下,4.1
2025-06-20T04:20:00,70101800,窄溪,4.13
2025-06-20T04:20:00,70102300,闸口,4.13
2025-06-20T04:20:00,7010AJ33,渌渚,4.16
2025-06-20T04:20:00,7011AJ4M,新桐乡,4.18
2025-06-20T04:20:00,7011AJ5M,渌渚镇,6.24
2025-06-20T04:20:00,7011AJ7R,山溪叶家,50.17
2025-06-20T04:20:00,7011AJ8R,山溪幕下,65.58
2025-06-20T04:20:00,7011AJ9R,山溪前桐,194.19
2025-06-20T04:20:00,7011AM2G,富春江水库严陵坞,23.08
2025-06-20T04:25:00,70101500,富春江电站(坝上),23.04
2025-06-20T04:25:00,70101501,富春江坝下,4.1
2025-06-20T04:25:00,70101800,窄溪,4.13
2025-06-20T04:25:00,70102300,闸口,4.12
2025-06-20T04:25:00,7010AJ33,渌渚,4.16
2025-06-20T04:25:00,7011AJ4M,新桐乡,4.17
2025-06-20T04:25:00,7011AJ5M,渌渚镇,6.24
2025-06-20T04:25:00,7011AJ7R,山溪叶家,50.17
2025-06-20T04:25:00,7011AJ8R,山溪幕下,65.57
2025-06-20T04:25:00,7011AJ9R,山溪前桐,194.18
2025-06-20T04:25:00,7011AM2G,富春江水库严陵坞,23.08
2025-06-20T04:30:00,70101500,富春江电站(坝上),23.03
2025-06-20T04:30:00,70101501,富春江坝下,4.1
2025-06-20T04:30:00,70101800,窄溪,4.13
2025-06-20T04:30:00,70102300,闸口,4.11
2025-06-20T04:30:00,7010AJ33,渌渚,4.16
2025-06-20T04:30:00,7011AJ4M,新桐乡,4.16
2025-06-20T04:30:00,7011AJ5M,渌渚镇,6.24
2025-06-20T04:30:00,7011AJ7R,山溪叶家,50.17
2025-06-20T04:30:00,7011AJ8R,山溪幕下,65.57
2025-06-20T04:30:00,7011AJ9R,山溪前桐,194.19
2025-06-20T04:30:00,7011AM2G,富春江水库严陵坞,23.09
2025-06-20T04:35:00,70101500,富春江电站(坝上),23.03
2025-06-20T04:35:00,70101501,富春江坝下,4.09
2025-06-20T04:35:00,70101800,窄溪,4.12
2025-06-20T04:35:00,70102300,闸口,4.1
2025-06-20T04:35:00,7010AJ33,渌渚,4.16
2025-06-20T04:35:00,7011AJ4M,新桐乡,4.16
2025-06-20T04:35:00,7011AJ5M,渌渚镇,6.24
2025-06-20T04:35:00,7011AJ7R,山溪叶家,50.17
2025-06-20T04:35:00,7011AJ8R,山溪幕下,65.57
2025-06-20T04:35:00,7011AJ9R,山溪前桐,194.19
2025-06-20T04:35:00,7011AM2G,富春江水库严陵坞,23.09
2025-06-20T04:40:00,70101500,富春江电站(坝上),23.03
2025-06-20T04:40:00,70101501,富春江坝下,4.13
2025-06-20T04:40:00,70101800,窄溪,4.12
2025-06-20T04:40:00,70102300,闸口,4.1
2025-06-20T04:40:00,7010AJ33,渌渚,4.16
2025-06-20T04:40:00,7011AJ4M,新桐乡,4.16
2025-06-20T04:40:00,7011AJ5M,渌渚镇,6.24
2025-06-20T04:40:00,7011AJ7R,山溪叶家,50.17
2025-06-20T04:40:00,7011AJ8R,山溪幕下,65.57
2025-06-20T04:40:00,7011AJ9R,山溪前桐,194.19
2025-06-20T04:40:00,7011AM2G,富春江水库严陵坞,23.09
2025-06-20T04:45:00,70101500,富春江电站(坝上),23.04
2025-06-20T04:45:00,70101501,富春江坝下,4.16
2025-06-20T04:45:00,70101800,窄溪,4.12
2025-06-20T04:45:00,70102300,闸口,4.09
2025-06-20T04:45:00,7010AJ33,渌渚,4.14
2025-06-20T04:45:00,7011AJ4M,新桐乡,4.16
2025-06-20T04:45:00,7011AJ5M,渌渚镇,6.24
2025-06-20T04:45:00,7011AJ7R,山溪叶家,50.17
2025-06-20T04:45:00,7011AJ8R,山溪幕下,65.58
2025-06-20T04:45:00,7011AJ9R,山溪前桐,194.19
2025-06-20T04:45:00,7011AM2G,富春江水库严陵坞,23.09
2025-06-20T04:50:00,70101500,富春江电站(坝上),23.03
2025-06-20T04:50:00,70101501,富春江坝下,4.18
2025-06-20T04:50:00,70101800,窄溪,4.11
2025-06-20T04:50:00,70102300,闸口,4.08
2025-06-20T04:50:00,7010AJ33,渌渚,4.14
2025-06-20T04:50:00,7011AJ4M,新桐乡,4.16
2025-06-20T04:50:00,7011AJ5M,渌渚镇,6.24
2025-06-20T04:50:00,7011AJ7R,山溪叶家,50.17
2025-06-20T04:50:00,7011AJ8R,山溪幕下,65.58
2025-06-20T04:50:00,7011AJ9R,山溪前桐,194.19
2025-06-20T04:50:00,7011AM2G,富春江水库严陵坞,23.09
2025-06-20T04:55:00,70101500,富春江电站(坝上),23.03
2025-06-20T04:55:00,70101501,富春江坝下,4.12
2025-06-20T04:55:00,70101800,窄溪,4.1
2025-06-20T04:55:00,70102300,闸口,4.07
2025-06-20T04:55:00,7010AJ33,渌渚,4.14
2025-06-20T04:55:00,7011AJ4M,新桐乡,4.16
2025-06-20T04:55:00,7011AJ5M,渌渚镇,6.24
2025-06-20T04:55:00,7011AJ7R,山溪叶家,50.17
2025-06-20T04:55:00,7011AJ8R,山溪幕下,65.57
2025-06-20T04:55:00,7011AJ9R,山溪前桐,194.19
2025-06-20T04:55:00,7011AM2G,富春江水库严陵坞,23.1
2025-06-20T05:00:00,70101500,富春江电站(坝上),23.04
2025-06-20T05:00:00,70101501,富春江坝下,4.11
2025-06-20T05:00:00,70101800,窄溪,4.1
2025-06-20T05:00:00,70102300,闸口,4.06
2025-06-20T05:00:00,7010AJ33,渌渚,4.14
2025-06-20T05:00:00,7011AJ4M,新桐乡,4.16
2025-06-20T05:00:00,7011AJ5M,渌渚镇,6.24
2025-06-20T05:00:00,7011AJ7R,山溪叶家,50.17
2025-06-20T05:00:00,7011AJ8R,山溪幕下,65.58
2025-06-20T05:00:00,7011AJ9R,山溪前桐,194.19
2025-06-20T05:00:00,7011AM2G,富春江水库严陵坞,23.1
2025-06-20T05:05:00,70101500,富春江电站(坝上),23.05
2025-06-20T05:05:00,70101501,富春江坝下,4.09
2025-06-20T05:05:00,70101800,窄溪,4.1
2025-06-20T05:05:00,70102300,闸口,4.05
2025-06-20T05:05:00,7010AJ33,渌渚,4.14
2025-06-20T05:05:00,7011AJ4M,新桐乡,4.15
2025-06-20T05:05:00,7011AJ5M,渌渚镇,6.24
2025-06-20T05:05:00,7011AJ7R,山溪叶家,50.17
2025-06-20T05:05:00,7011AJ8R,山溪幕下,65.57
2025-06-20T05:05:00,7011AJ9R,山溪前桐,194.19
2025-06-20T05:05:00,7011AM2G,富春江水库严陵坞,23.1
2025-06-20T05:10:00,70101500,富春江电站(坝上),23.05
2025-06-20T05:10:00,70101501,富春江坝下,4.09
2025-06-20T05:10:00,70101800,窄溪,4.09
2025-06-20T05:10:00,70102300,闸口,4.05
2025-06-20T05:10:00,7010AJ33,渌渚,4.13
2025-06-20T05:10:00,7011AJ4M,新桐乡,4.15
2025-06-20T05:10:00,7011AJ5M,渌渚镇,6.24
2025-06-20T05:10:00,7011AJ7R,山溪叶家,50.17
2025-06-20T05:10:00,7011AJ8R,山溪幕下,65.57
2025-06-20T05:10:00,7011AJ9R,山溪前桐,194.19
2025-06-20T05:10:00,7011AM2G,富春江水库严陵坞,23.1
2025-06-20T05:15:00,70101500,富春江电站(坝上),23.04
2025-06-20T05:15:00,70101501,富春江坝下,4.08
2025-06-20T05:15:00,70101800,窄溪,4.09
2025-06-20T05:15:00,70102300,闸口,4.04
2025-06-20T05:15:00,7010AJ33,渌渚,4.13
2025-06-20T05:15:00,7011AJ4M,新桐乡,4.15
2025-06-20T05:15:00,7011AJ5M,渌渚镇,6.24
2025-06-20T05:15:00,7011AJ7R,山溪叶家,50.17
2025-06-20T05:15:00,7011AJ8R,山溪幕下,65.57
2025-06-20T05:15:00,7011AJ9R,山溪前桐,194.19
2025-06-20T05:15:00,7011AM2G,富春江水库严陵坞,23.1
2025-06-20T05:20:00,70101500,富春江电站(坝上),23.03
2025-06-20T05:20:00,70101501,富春江坝下,4.08
2025-06-20T05:20:00,70101800,窄溪,4.08
2025-06-20T05:20:00,70102300,闸口,4.03
2025-06-20T05:20:00,7010AJ33,渌渚,4.13
2025-06-20T05:20:00,7011AJ4M,新桐乡,4.14
2025-06-20T05:20:00,7011AJ5M,渌渚镇,6.24
2025-06-20T05:20:00,7011AJ7R,山溪叶家,50.17
2025-06-20T05:20:00,7011AJ8R,山溪幕下,65.57
2025-06-20T05:20:00,7011AJ9R,山溪前桐,194.19
2025-06-20T05:20:00,7011AM2G,富春江水库严陵坞,23.1
2025-06-20T05:25:00,70101500,富春江电站(坝上),23.03
2025-06-20T05:25:00,70101501,富春江坝下,4.07
2025-06-20T05:25:00,70101800,窄溪,4.08
2025-06-20T05:25:00,70102300,闸口,4.02
2025-06-20T05:25:00,7010AJ33,渌渚,4.13
2025-06-20T05:25:00,7011AJ4M,新桐乡,4.13
2025-06-20T05:25:00,7011AJ5M,渌渚镇,6.24
2025-06-20T05:25:00,7011AJ7R,山溪叶家,50.17
2025-06-20T05:25:00,7011AJ8R,山溪幕下,65.57
2025-06-20T05:25:00,7011AJ9R,山溪前桐,194.19
2025-06-20T05:25:00,7011AM2G,富春江水库严陵坞,23.09
2025-06-20T05:30:00,70101500,富春江电站(坝上),23.02
2025-06-20T05:30:00,70101501,富春江坝下,4.05
2025-06-20T05:30:00,70101800,窄溪,4.09
2025-06-20T05:30:00,70102300,闸口,4.02
2025-06-20T05:30:00,7010AJ33,渌渚,4.11
2025-06-20T05:30:00,7011AJ4M,新桐乡,4.13
2025-06-20T05:30:00,7011AJ5M,渌渚镇,6.24
2025-06-20T05:30:00,7011AJ7R,山溪叶家,50.17
2025-06-20T05:30:00,7011AJ8R,山溪幕下,65.57
2025-06-20T05:30:00,7011AJ9R,山溪前桐,194.19
2025-06-20T05:30:00,7011AM2G,富春江水库严陵坞,23.09
2025-06-20T05:35:00,70101500,富春江电站(坝上),23.02
2025-06-20T05:35:00,70101501,富春江坝下,4.03
2025-06-20T05:35:00,70101800,窄溪,4.09
2025-06-20T05:35:00,70102300,闸口,4.01
2025-06-20T05:35:00,7010AJ33,渌渚,4.11
2025-06-20T05:35:00,7011AJ4M,新桐乡,4.13
2025-06-20T05:35:00,7011AJ5M,渌渚镇,6.24
2025-06-20T05:35:00,7011AJ7R,山溪叶家,50.17
2025-06-20T05:35:00,7011AJ8R,山溪幕下,65.57
2025-06-20T05:35:00,7011AJ9R,山溪前桐,194.19
2025-06-20T05:35:00,7011AM2G,富春江水库严陵坞,23.08
2025-06-20T05:40:00,70101500,富春江电站(坝上),23.01
2025-06-20T05:40:00,70101501,富春江坝下,4.03
2025-06-20T05:40:00,70101800,窄溪,4.09
2025-06-20T05:40:00,70102300,闸口,4.0
2025-06-20T05:40:00,7010AJ33,渌渚,4.11
2025-06-20T05:40:00,7011AJ4M,新桐乡,4.13
2025-06-20T05:40:00,7011AJ5M,渌渚镇,6.24
2025-06-20T05:40:00,7011AJ7R,山溪叶家,50.17
2025-06-20T05:40:00,7011AJ8R,山溪幕下,65.57
2025-06-20T05:40:00,7011AJ9R,山溪前桐,194.19
2025-06-20T05:40:00,7011AM2G,富春江水库严陵坞,23.08
2025-06-20T05:45:00,70101500,富春江电站(坝上),23.01
2025-06-20T05:45:00,70101501,富春江坝下,4.02
2025-06-20T05:45:00,70101800,窄溪,4.08
2025-06-20T05:45:00,70102300,闸口,3.99
2025-06-20T05:45:00,7010AJ33,渌渚,4.11
2025-06-20T05:45:00,7011AJ4M,新桐乡,4.12
2025-06-20T05:45:00,7011AJ5M,渌渚镇,6.24
2025-06-20T05:45:00,7011AJ7R,山溪叶家,50.17
2025-06-20T05:45:00,7011AJ8R,山溪幕下,65.58
2025-06-20T05:45:00,7011AJ9R,山溪前桐,194.19
2025-06-20T05:45:00,7011AM2G,富春江水库严陵坞,23.08
2025-06-20T05:50:00,70101500,富春江电站(坝上),23.01
2025-06-20T05:50:00,70101501,富春江坝下,4.02
2025-06-20T05:50:00,70101800,窄溪,4.07
2025-06-20T05:50:00,70102300,闸口,3.99
2025-06-20T05:50:00,7010AJ33,渌渚,4.11
2025-06-20T05:50:00,7011AJ4M,新桐乡,4.12
2025-06-20T05:50:00,7011AJ5M,渌渚镇,6.24
2025-06-20T05:50:00,7011AJ7R,山溪叶家,50.17
2025-06-20T05:50:00,7011AJ8R,山溪幕下,65.58
2025-06-20T05:50:00,7011AJ9R,山溪前桐,194.19
2025-06-20T05:50:00,7011AM2G,富春江水库严陵坞,23.08
2025-06-20T05:55:00,70101500,富春江电站(坝上),22.99
2025-06-20T05:55:00,70101501,富春江坝下,4.02
2025-06-20T05:55:00,70101800,窄溪,4.06
2025-06-20T05:55:00,70102300,闸口,3.98
2025-06-20T05:55:00,7010AJ33,渌渚,4.11
2025-06-20T05:55:00,7011AJ4M,新桐乡,4.12
2025-06-20T05:55:00,7011AJ5M,渌渚镇,6.24
2025-06-20T05:55:00,7011AJ7R,山溪叶家,50.17
2025-06-20T05:55:00,7011AJ8R,山溪幕下,65.57
2025-06-20T05:55:00,7011AJ9R,山溪前桐,194.19
2025-06-20T05:55:00,7011AM2G,富春江水库严陵坞,23.07
2025-06-20T06:00:00,70101500,富春江电站(坝上),22.99
2025-06-20T06:00:00,70101501,富春江坝下,4.02
2025-06-20T06:00:00,70101800,窄溪,4.04
2025-06-20T06:00:00,70102300,闸口,3.97
2025-06-20T06:00:00,7010AJ33,渌渚,4.11
2025-06-20T06:00:00,7011AJ4M,新桐乡,4.11
2025-06-20T06:00:00,7011AJ5M,渌渚镇,6.24
2025-06-20T06:00:00,7011AJ7R,山溪叶家,50.17
2025-06-20T06:00:00,7011AJ8R,山溪幕下,65.57
2025-06-20T06:00:00,7011AJ9R,山溪前桐,194.19
2025-06-20T06:00:00,7011AM2G,富春江水库严陵坞,23.06
2025-06-20T06:05:00,70101500,富春江电站(坝上),22.99
2025-06-20T06:05:00,70101501,富春江坝下,4.02
2025-06-20T06:05:00,70101800,窄溪,4.04
2025-06-20T06:05:00,70102300,闸口,3.97
2025-06-20T06:05:00,7010AJ33,渌渚,4.11
2025-06-20T06:05:00,7011AJ4M,新桐乡,4.11
2025-06-20T06:05:00,7011AJ5M,渌渚镇,6.24
2025-06-20T06:05:00,7011AJ7R,山溪叶家,50.17
2025-06-20T06:05:00,7011AJ8R,山溪幕下,65.57
2025-06-20T06:05:00,7011AJ9R,山溪前桐,194.19
2025-06-20T06:05:00,7011AM2G,富春江水库严陵坞,23.06
2025-06-20T06:10:00,70101500,富春江电站(坝上),23.0
2025-06-20T06:10:00,70101501,富春江坝下,4.03
2025-06-20T06:10:00,70101800,窄溪,4.04
2025-06-20T06:10:00,70102300,闸口,3.96
2025-06-20T06:10:00,7010AJ33,渌渚,4.09
2025-06-20T06:10:00,7011AJ4M,新桐乡,4.09
2025-06-20T06:10:00,7011AJ5M,渌渚镇,6.24
2025-06-20T06:10:00,7011AJ7R,山溪叶家,50.17
2025-06-20T06:10:00,7011AJ8R,山溪幕下,65.57
2025-06-20T06:10:00,7011AJ9R,山溪前桐,194.19
2025-06-20T06:10:00,7011AM2G,富春江水库严陵坞,23.06
2025-06-20T06:15:00,70101500,富春江电站(坝上),23.01
2025-06-20T06:15:00,70101501,富春江坝下,4.03
2025-06-20T06:15:00,70101800,窄溪,4.03
2025-06-20T06:15:00,70102300,闸口,3.95
2025-06-20T06:15:00,7010AJ33,渌渚,4.09
2025-06-20T06:15:00,7011AJ4M,新桐乡,4.09
2025-06-20T06:15:00,7011AJ5M,渌渚镇,6.24
2025-06-20T06:15:00,7011AJ7R,山溪叶家,50.17
2025-06-20T06:15:00,7011AJ8R,山溪幕下,65.57
2025-06-20T06:15:00,7011AJ9R,山溪前桐,194.19
2025-06-20T06:15:00,7011AM2G,富春江水库严陵坞,23.06
2025-06-20T06:20:00,70101500,富春江电站(坝上),23.01
2025-06-20T06:20:00,70101501,富春江坝下,4.03
2025-06-20T06:20:00,70101800,窄溪,4.03
2025-06-20T06:20:00,70102300,闸口,3.95
2025-06-20T06:20:00,7010AJ33,渌渚,4.07
2025-06-20T06:20:00,7011AJ4M,新桐乡,4.08
2025-06-20T06:20:00,7011AJ5M,渌渚镇,6.24
2025-06-20T06:20:00,7011AJ7R,山溪叶家,50.17
2025-06-20T06:20:00,7011AJ8R,山溪幕下,65.57
2025-06-20T06:20:00,7011AJ9R,山溪前桐,194.19
2025-06-20T06:20:00,7011AM2G,富春江水库严陵坞,23.07
2025-06-20T06:25:00,70101500,富春江电站(坝上),23.01
2025-06-20T06:25:00,70101501,富春江坝下,4.03
2025-06-20T06:25:00,70101800,窄溪,4.03
2025-06-20T06:25:00,70102300,闸口,3.94
2025-06-20T06:25:00,7010AJ33,渌渚,4.07
2025-06-20T06:25:00,7011AJ4M,新桐乡,4.07
2025-06-20T06:25:00,7011AJ5M,渌渚镇,6.24
2025-06-20T06:25:00,7011AJ7R,山溪叶家,50.17
2025-06-20T06:25:00,7011AJ8R,山溪幕下,65.57
2025-06-20T06:25:00,7011AJ9R,山溪前桐,194.19
2025-06-20T06:25:00,7011AM2G,富春江水库严陵坞,23.08
2025-06-20T06:30:00,70101500,富春江电站(坝上),23.02
2025-06-20T06:30:00,70101501,富春江坝下,4.02
2025-06-20T06:30:00,70101800,窄溪,4.02
2025-06-20T06:30:00,70102300,闸口,3.94
2025-06-20T06:30:00,7010AJ33,渌渚,4.07
2025-06-20T06:30:00,7011AJ4M,新桐乡,4.07
2025-06-20T06:30:00,7011AJ5M,渌渚镇,6.24
2025-06-20T06:30:00,7011AJ7R,山溪叶家,50.17
2025-06-20T06:30:00,7011AJ8R,山溪幕下,65.57
2025-06-20T06:30:00,7011AJ9R,山溪前桐,194.19
2025-06-20T06:30:00,7011AM2G,富春江水库严陵坞,23.08
2025-06-20T06:35:00,70101500,富春江电站(坝上),23.03
2025-06-20T06:35:00,70101501,富春江坝下,4.01
2025-06-20T06:35:00,70101800,窄溪,4.01
2025-06-20T06:35:00,70102300,闸口,3.93
2025-06-20T06:35:00,7010AJ33,渌渚,4.05
2025-06-20T06:35:00,7011AJ4M,新桐乡,4.06
2025-06-20T06:35:00,7011AJ5M,渌渚镇,6.24
2025-06-20T06:35:00,7011AJ7R,山溪叶家,50.17
2025-06-20T06:35:00,7011AJ8R,山溪幕下,65.57
2025-06-20T06:35:00,7011AJ9R,山溪前桐,194.19
2025-06-20T06:35:00,7011AM2G,富春江水库严陵坞,23.09
2025-06-20T06:40:00,70101500,富春江电站(坝上),23.03
2025-06-20T06:40:00,70101501,富春江坝下,4.0
2025-06-20T06:40:00,70101800,窄溪,4.01
2025-06-20T06:40:00,70102300,闸口,3.93
2025-06-20T06:40:00,7010AJ33,渌渚,4.05
2025-06-20T06:40:00,7011AJ4M,新桐乡,4.05
2025-06-20T06:40:00,7011AJ5M,渌渚镇,6.24
2025-06-20T06:40:00,7011AJ7R,山溪叶家,50.17
2025-06-20T06:40:00,7011AJ8R,山溪幕下,65.57
2025-06-20T06:40:00,7011AJ9R,山溪前桐,194.19
2025-06-20T06:40:00,7011AM2G,富春江水库严陵坞,23.09
2025-06-20T06:45:00,70101500,富春江电站(坝上),23.05
2025-06-20T06:45:00,70101501,富春江坝下,4.0
2025-06-20T06:45:00,70101800,窄溪,4.0
2025-06-20T06:45:00,70102300,闸口,3.92
2025-06-20T06:45:00,7010AJ33,渌渚,4.05
2025-06-20T06:45:00,7011AJ4M,新桐乡,4.04
2025-06-20T06:45:00,7011AJ5M,渌渚镇,6.24
2025-06-20T06:45:00,7011AJ7R,山溪叶家,50.16
2025-06-20T06:45:00,7011AJ8R,山溪幕下,65.57
2025-06-20T06:45:00,7011AJ9R,山溪前桐,194.19
2025-06-20T06:45:00,7011AM2G,富春江水库严陵坞,23.1
2025-06-20T06:50:00,70101500,富春江电站(坝上),23.06
2025-06-20T06:50:00,70101501,富春江坝下,4.0
2025-06-20T06:50:00,70101800,窄溪,3.99
2025-06-20T06:50:00,70102300,闸口,3.92
2025-06-20T06:50:00,7010AJ33,渌渚,4.05
2025-06-20T06:50:00,7011AJ4M,新桐乡,4.03
2025-06-20T06:50:00,7011AJ5M,渌渚镇,6.24
2025-06-20T06:50:00,7011AJ7R,山溪叶家,50.16
2025-06-20T06:50:00,7011AJ8R,山溪幕下,65.57
2025-06-20T06:50:00,7011AJ9R,山溪前桐,194.19
2025-06-20T06:50:00,7011AM2G,富春江水库严陵坞,23.12
2025-06-20T06:55:00,70101500,富春江电站(坝上),23.07
2025-06-20T06:55:00,70101501,富春江坝下,3.99
2025-06-20T06:55:00,70101800,窄溪,3.98
2025-06-20T06:55:00,70102300,闸口,3.91
2025-06-20T06:55:00,7010AJ33,渌渚,4.05
2025-06-20T06:55:00,7011AJ4M,新桐乡,4.02
2025-06-20T06:55:00,7011AJ5M,渌渚镇,6.24
2025-06-20T06:55:00,7011AJ7R,山溪叶家,50.17
2025-06-20T06:55:00,7011AJ8R,山溪幕下,65.57
2025-06-20T06:55:00,7011AJ9R,山溪前桐,194.19
2025-06-20T06:55:00,7011AM2G,富春江水库严陵坞,23.13
2025-06-20T07:00:00,70101500,富春江电站(坝上),23.09
2025-06-20T07:00:00,70101501,富春江坝下,3.98
2025-06-20T07:00:00,70101800,窄溪,3.98
2025-06-20T07:00:00,70102300,闸口,3.91
2025-06-20T07:00:00,7010AJ33,渌渚,4.03
2025-06-20T07:00:00,7011AJ4M,新桐乡,4.02
2025-06-20T07:00:00,7011AJ5M,渌渚镇,6.24
2025-06-20T07:00:00,7011AJ7R,山溪叶家,50.17
2025-06-20T07:00:00,7011AJ8R,山溪幕下,65.57
2025-06-20T07:00:00,7011AJ9R,山溪前桐,194.19
2025-06-20T07:00:00,7011AM2G,富春江水库严陵坞,23.14
2025-06-20T07:05:00,70101500,富春江电站(坝上),23.08
2025-06-20T07:05:00,70101501,富春江坝下,3.97
2025-06-20T07:05:00,70101800,窄溪,3.98
2025-06-20T07:05:00,70102300,闸口,3.9
2025-06-20T07:05:00,7010AJ33,渌渚,4.03
2025-06-20T07:05:00,7011AJ4M,新桐乡,4.02
2025-06-20T07:05:00,7011AJ5M,渌渚镇,6.24
2025-06-20T07:05:00,7011AJ7R,山溪叶家,50.17
2025-06-20T07:05:00,7011AJ8R,山溪幕下,65.57
2025-06-20T07:05:00,7011AJ9R,山溪前桐,194.19
2025-06-20T07:05:00,7011AM2G,富春江水库严陵坞,23.14
2025-06-20T07:10:00,70101500,富春江电站(坝上),23.08
2025-06-20T07:10:00,70101501,富春江坝下,3.96
2025-06-20T07:10:00,70101800,窄溪,3.97
2025-06-20T07:10:00,70102300,闸口,3.89
2025-06-20T07:10:00,7010AJ33,渌渚,4.03
2025-06-20T07:10:00,7011AJ4M,新桐乡,4.01
2025-06-20T07:10:00,7011AJ5M,渌渚镇,6.24
2025-06-20T07:10:00,7011AJ7R,山溪叶家,50.17
2025-06-20T07:10:00,7011AJ8R,山溪幕下,65.57
2025-06-20T07:10:00,7011AJ9R,山溪前桐,194.18
2025-06-20T07:10:00,7011AM2G,富春江水库严陵坞,23.14
2025-06-20T07:15:00,70101500,富春江电站(坝上),23.09
2025-06-20T07:15:00,70101501,富春江坝下,3.95
2025-06-20T07:15:00,70101800,窄溪,3.97
2025-06-20T07:15:00,70102300,闸口,3.89
2025-06-20T07:15:00,7010AJ33,渌渚,4.01
2025-06-20T07:15:00,7011AJ4M,新桐乡,4.01
2025-06-20T07:15:00,7011AJ5M,渌渚镇,6.24
2025-06-20T07:15:00,7011AJ7R,山溪叶家,50.17
2025-06-20T07:15:00,7011AJ8R,山溪幕下,65.57
2025-06-20T07:15:00,7011AJ9R,山溪前桐,194.19
2025-06-20T07:15:00,7011AM2G,富春江水库严陵坞,23.15
2025-06-20T07:20:00,70101500,富春江电站(坝上),23.11
2025-06-20T07:20:00,70101501,富春江坝下,3.95
2025-06-20T07:20:00,70101800,窄溪,3.96
2025-06-20T07:20:00,70102300,闸口,3.89
2025-06-20T07:20:00,7010AJ33,渌渚,4.01
2025-06-20T07:20:00,7011AJ4M,新桐乡,4.01
2025-06-20T07:20:00,7011AJ5M,渌渚镇,6.24
2025-06-20T07:20:00,7011AJ7R,山溪叶家,50.17
2025-06-20T07:20:00,7011AJ8R,山溪幕下,65.57
2025-06-20T07:20:00,7011AJ9R,山溪前桐,194.19
2025-06-20T07:20:00,7011AM2G,富春江水库严陵坞,23.15
2025-06-20T07:25:00,70101500,富春江电站(坝上),23.11
2025-06-20T07:25:00,70101501,富春江坝下,3.94
2025-06-20T07:25:00,70101800,窄溪,3.96
2025-06-20T07:25:00,70102300,闸口,3.88
2025-06-20T07:25:00,7010AJ33,渌渚,4.01
2025-06-20T07:25:00,7011AJ4M,新桐乡,4.01
2025-06-20T07:25:00,7011AJ5M,渌渚镇,6.24
2025-06-20T07:25:00,7011AJ7R,山溪叶家,50.17
2025-06-20T07:25:00,7011AJ8R,山溪幕下,65.57
2025-06-20T07:25:00,7011AJ9R,山溪前桐,194.19
2025-06-20T07:25:00,7011AM2G,富春江水库严陵坞,23.17
2025-06-20T07:30:00,70101500,富春江电站(坝上),23.12
2025-06-20T07:30:00,70101501,富春江坝下,3.93
2025-06-20T07:30:00,70101800,窄溪,3.95
2025-06-20T07:30:00,70102300,闸口,3.88
2025-06-20T07:30:00,7010AJ33,渌渚,3.99
2025-06-20T07:30:00,7011AJ4M,新桐乡,4.01
2025-06-20T07:30:00,7011AJ5M,渌渚镇,6.24
2025-06-20T07:30:00,7011AJ7R,山溪叶家,50.17
2025-06-20T07:30:00,7011AJ8R,山溪幕下,65.57
2025-06-20T07:30:00,7011AJ9R,山溪前桐,194.19
2025-06-20T07:30:00,7011AM2G,富春江水库严陵坞,23.17
2025-06-20T07:35:00,70101500,富春江电站(坝上),23.12
2025-06-20T07:35:00,70101501,富春江坝下,3.92
2025-06-20T07:35:00,70101800,窄溪,3.94
2025-06-20T07:35:00,70102300,闸口,3.88
2025-06-20T07:35:00,7010AJ33,渌渚,4.01
2025-06-20T07:35:00,7011AJ4M,新桐乡,4.01
2025-06-20T07:35:00,7011AJ5M,渌渚镇,6.24
2025-06-20T07:35:00,7011AJ7R,山溪叶家,50.17
2025-06-20T07:35:00,7011AJ8R,山溪幕下,65.57
2025-06-20T07:35:00,7011AJ9R,山溪前桐,194.19
2025-06-20T07:35:00,7011AM2G,富春江水库严陵坞,23.17
2025-06-20T07:40:00,70101500,富春江电站(坝上),23.12
2025-06-20T07:40:00,70101501,富春江坝下,3.92
2025-06-20T07:40:00,70101800,窄溪,3.93
2025-06-20T07:40:00,70102300,闸口,3.87
2025-06-20T07:40:00,7010AJ33,渌渚,3.99
2025-06-20T07:40:00,7011AJ4M,新桐乡,4.01
2025-06-20T07:40:00,7011AJ5M,渌渚镇,6.24
2025-06-20T07:40:00,7011AJ7R,山溪叶家,50.17
2025-06-20T07:40:00,7011AJ8R,山溪幕下,65.57
2025-06-20T07:40:00,7011AJ9R,山溪前桐,194.19
2025-06-20T07:40:00,7011AM2G,富春江水库严陵坞,23.17
2025-06-20T07:45:00,70101500,富春江电站(坝上),23.12
2025-06-20T07:45:00,70101501,富春江坝下,3.92
2025-06-20T07:45:00,70101800,窄溪,3.93
2025-06-20T07:45:00,70102300,闸口,3.87
2025-06-20T07:45:00,7010AJ33,渌渚,3.98
2025-06-20T07:45:00,7011AJ4M,新桐乡,4.01
2025-06-20T07:45:00,7011AJ5M,渌渚镇,6.24
2025-06-20T07:45:00,7011AJ7R,山溪叶家,50.17
2025-06-20T07:45:00,7011AJ8R,山溪幕下,65.57
2025-06-20T07:45:00,7011AJ9R,山溪前桐,194.19
2025-06-20T07:45:00,7011AM2G,富春江水库严陵坞,23.17
2025-06-20T07:50:00,70101500,富春江电站(坝上),23.12
2025-06-20T07:50:00,70101501,富春江坝下,3.91
2025-06-20T07:50:00,70101800,窄溪,3.93
2025-06-20T07:50:00,70102300,闸口,3.86
2025-06-20T07:50:00,7010AJ33,渌渚,3.97
2025-06-20T07:50:00,7011AJ4M,新桐乡,4.0
2025-06-20T07:50:00,7011AJ5M,渌渚镇,6.23
2025-06-20T07:50:00,7011AJ7R,山溪叶家,50.17
2025-06-20T07:50:00,7011AJ8R,山溪幕下,65.57
2025-06-20T07:50:00,7011AJ9R,山溪前桐,194.18
2025-06-20T07:50:00,7011AM2G,富春江水库严陵坞,23.17
2025-06-20T07:55:00,70101500,富春江电站(坝上),23.12
2025-06-20T07:55:00,70101501,富春江坝下,3.9
2025-06-20T07:55:00,70101800,窄溪,3.92
2025-06-20T07:55:00,70102300,闸口,3.86
2025-06-20T07:55:00,7010AJ33,渌渚,3.96
2025-06-20T07:55:00,7011AJ4M,新桐乡,3.98
2025-06-20T07:55:00,7011AJ5M,渌渚镇,6.24
2025-06-20T07:55:00,7011AJ7R,山溪叶家,50.17
2025-06-20T07:55:00,7011AJ8R,山溪幕下,65.57
2025-06-20T07:55:00,7011AJ9R,山溪前桐,194.19
2025-06-20T07:55:00,7011AM2G,富春江水库严陵坞,23.17
2025-06-20T08:00:00,70101500,富春江电站(坝上),23.12
2025-06-20T08:00:00,70101501,富春江坝下,3.9
2025-06-20T08:00:00,70101800,窄溪,3.91
2025-06-20T08:00:00,70102300,闸口,3.85
2025-06-20T08:00:00,7010AJ33,渌渚,3.96
2025-06-20T08:00:00,7011AJ4M,新桐乡,3.97
2025-06-20T08:00:00,7011AJ5M,渌渚镇,6.23
2025-06-20T08:00:00,7011AJ7R,山溪叶家,50.17
2025-06-20T08:00:00,7011AJ8R,山溪幕下,65.57
2025-06-20T08:00:00,7011AJ9R,山溪前桐,194.18
2025-06-20T08:00:00,7011AM2G,富春江水库严陵坞,23.18
2025-06-20T08:05:00,70101500,富春江电站(坝上),23.12
2025-06-20T08:05:00,70101501,富春江坝下,3.89
2025-06-20T08:05:00,70101800,窄溪,3.9
2025-06-20T08:05:00,70102300,闸口,3.85
2025-06-20T08:05:00,7010AJ33,渌渚,3.96
2025-06-20T08:05:00,7011AJ4M,新桐乡,3.96
2025-06-20T08:05:00,7011AJ5M,渌渚镇,6.23
2025-06-20T08:05:00,7011AJ7R,山溪叶家,50.17
2025-06-20T08:05:00,7011AJ8R,山溪幕下,65.57
2025-06-20T08:05:00,7011AJ9R,山溪前桐,194.18
2025-06-20T08:05:00,7011AM2G,富春江水库严陵坞,23.18
2025-06-20T08:10:00,70101500,富春江电站(坝上),23.12
2025-06-20T08:10:00,70101501,富春江坝下,3.89
2025-06-20T08:10:00,70101800,窄溪,3.9
2025-06-20T08:10:00,70102300,闸口,3.84
2025-06-20T08:10:00,7010AJ33,渌渚,3.95
2025-06-20T08:10:00,7011AJ4M,新桐乡,3.96
2025-06-20T08:10:00,7011AJ5M,渌渚镇,6.24
2025-06-20T08:10:00,7011AJ7R,山溪叶家,50.17
2025-06-20T08:10:00,7011AJ8R,山溪幕下,65.57
2025-06-20T08:10:00,7011AJ9R,山溪前桐,194.19
2025-06-20T08:10:00,7011AM2G,富春江水库严陵坞,23.18
2025-06-20T08:15:00,70101500,富春江电站(坝上),23.13
2025-06-20T08:15:00,70101501,富春江坝下,3.88
2025-06-20T08:15:00,70101800,窄溪,3.89
2025-06-20T08:15:00,70102300,闸口,3.84
2025-06-20T08:15:00,7010AJ33,渌渚,3.94
2025-06-20T08:15:00,7011AJ4M,新桐乡,3.96
2025-06-20T08:15:00,7011AJ5M,渌渚镇,6.23
2025-06-20T08:15:00,7011AJ7R,山溪叶家,50.17
2025-06-20T08:15:00,7011AJ8R,山溪幕下,65.57
2025-06-20T08:15:00,7011AJ9R,山溪前桐,194.19
2025-06-20T08:15:00,7011AM2G,富春江水库严陵坞,23.19
2025-06-20T08:20:00,70101500,富春江电站(坝上),23.13
2025-06-20T08:20:00,70101501,富春江坝下,3.95
2025-06-20T08:20:00,70101800,窄溪,3.89
2025-06-20T08:20:00,70102300,闸口,3.83
2025-06-20T08:20:00,7010AJ33,渌渚,3.94
2025-06-20T08:20:00,7011AJ4M,新桐乡,3.94
2025-06-20T08:20:00,7011AJ5M,渌渚镇,6.24
2025-06-20T08:20:00,7011AJ7R,山溪叶家,50.17
2025-06-20T08:20:00,7011AJ8R,山溪幕下,65.57
2025-06-20T08:20:00,7011AJ9R,山溪前桐,194.19
2025-06-20T08:20:00,7011AM2G,富春江水库严陵坞,23.19
2025-06-20T08:25:00,70101500,富春江电站(坝上),23.14
2025-06-20T08:25:00,70101501,富春江坝下,3.99
2025-06-20T08:25:00,70101800,窄溪,3.88
2025-06-20T08:25:00,70102300,闸口,3.83
2025-06-20T08:25:00,7010AJ33,渌渚,3.93
2025-06-20T08:25:00,7011AJ4M,新桐乡,3.93
2025-06-20T08:25:00,7011AJ5M,渌渚镇,6.23
2025-06-20T08:25:00,7011AJ7R,山溪叶家,50.17
2025-06-20T08:25:00,7011AJ8R,山溪幕下,65.57
2025-06-20T08:25:00,7011AJ9R,山溪前桐,194.18
2025-06-20T08:25:00,7011AM2G,富春江水库严陵坞,23.19
2025-06-20T08:30:00,70101500,富春江电站(坝上),23.14
2025-06-20T08:30:00,70101501,富春江坝下,3.95
2025-06-20T08:30:00,70101800,窄溪,3.88
2025-06-20T08:30:00,70102300,闸口,3.82
2025-06-20T08:30:00,7010AJ33,渌渚,3.93
2025-06-20T08:30:00,7011AJ4M,新桐乡,3.91
2025-06-20T08:30:00,7011AJ5M,渌渚镇,6.23
2025-06-20T08:30:00,7011AJ7R,山溪叶家,50.17
2025-06-20T08:30:00,7011AJ8R,山溪幕下,65.57
2025-06-20T08:30:00,7011AJ9R,山溪前桐,194.19
2025-06-20T08:30:00,7011AM2G,富春江水库严陵坞,23.2
2025-06-20T08:35:00,70101500,富春江电站(坝上),23.14
2025-06-20T08:35:00,70101501,富春江坝下,3.91
2025-06-20T08:35:00,70101800,窄溪,3.87
2025-06-20T08:35:00,70102300,闸口,3.82
2025-06-20T08:35:00,7010AJ33,渌渚,3.92
2025-06-20T08:35:00,7011AJ4M,新桐乡,3.89
2025-06-20T08:35:00,7011AJ5M,渌渚镇,6.21
2025-06-20T08:35:00,7011AJ7R,山溪叶家,50.17
2025-06-20T08:35:00,7011AJ8R,山溪幕下,65.58
2025-06-20T08:35:00,7011AJ9R,山溪前桐,194.19
2025-06-20T08:35:00,7011AM2G,富春江水库严陵坞,23.2
2025-06-20T08:40:00,70101500,富春江电站(坝上),23.15
2025-06-20T08:40:00,70101501,富春江坝下,3.89
2025-06-20T08:40:00,70101800,窄溪,3.87
2025-06-20T08:40:00,70102300,闸口,3.81
2025-06-20T08:40:00,7010AJ33,渌渚,3.91
2025-06-20T08:40:00,7011AJ4M,新桐乡,3.89
2025-06-20T08:40:00,7011AJ5M,渌渚镇,6.23
2025-06-20T08:40:00,7011AJ7R,山溪叶家,50.17
2025-06-20T08:40:00,7011AJ8R,山溪幕下,65.57
2025-06-20T08:40:00,7011AJ9R,山溪前桐,194.19
2025-06-20T08:40:00,7011AM2G,富春江水库严陵坞,23.21
2025-06-20T08:45:00,70101500,富春江电站(坝上),23.15
2025-06-20T08:45:00,70101501,富春江坝下,3.88
2025-06-20T08:45:00,70101800,窄溪,3.86
2025-06-20T08:45:00,70102300,闸口,3.81
2025-06-20T08:45:00,7010AJ33,渌渚,3.9
2025-06-20T08:45:00,7011AJ4M,新桐乡,3.87
2025-06-20T08:45:00,7011AJ5M,渌渚镇,6.22
2025-06-20T08:45:00,7011AJ7R,山溪叶家,50.17
2025-06-20T08:45:00,7011AJ8R,山溪幕下,65.58
2025-06-20T08:45:00,7011AJ9R,山溪前桐,194.18
2025-06-20T08:45:00,7011AM2G,富春江水库严陵坞,23.21
2025-06-20T08:50:00,70101500,富春江电站(坝上),23.15
2025-06-20T08:50:00,70101501,富春江坝下,3.88
2025-06-20T08:50:00,70101800,窄溪,3.85
2025-06-20T08:50:00,70102300,闸口,3.8
2025-06-20T08:50:00,7010AJ33,渌渚,3.89
2025-06-20T08:50:00,7011AJ4M,新桐乡,3.87
2025-06-20T08:50:00,7011AJ5M,渌渚镇,6.22
2025-06-20T08:50:00,7011AJ7R,山溪叶家,50.17
2025-06-20T08:50:00,7011AJ8R,山溪幕下,65.57
2025-06-20T08:50:00,7011AJ9R,山溪前桐,194.19
2025-06-20T08:50:00,7011AM2G,富春江水库严陵坞,23.21
2025-06-20T08:55:00,70101500,富春江电站(坝上),23.15
2025-06-20T08:55:00,70101501,富春江坝下,3.87
2025-06-20T08:55:00,70101800,窄溪,3.84
2025-06-20T08:55:00,70102300,闸口,3.79
2025-06-20T08:55:00,7010AJ33,渌渚,3.89
2025-06-20T08:55:00,7011AJ4M,新桐乡,3.86
2025-06-20T08:55:00,7011AJ5M,渌渚镇,6.2
2025-06-20T08:55:00,7011AJ7R,山溪叶家,50.17
2025-06-20T08:55:00,7011AJ8R,山溪幕下,65.57
2025-06-20T08:55:00,7011AJ9R,山溪前桐,194.19
2025-06-20T08:55:00,7011AM2G,富春江水库严陵坞,23.21
2025-06-20T09:00:00,70101500,富春江电站(坝上),23.15
2025-06-20T09:00:00,70101501,富春江坝下,3.85
2025-06-20T09:00:00,70101800,窄溪,3.84
2025-06-20T09:00:00,70102300,闸口,3.79
2025-06-20T09:00:00,7010AJ33,渌渚,3.89
2025-06-20T09:00:00,7011AJ4M,新桐乡,3.84
2025-06-20T09:00:00,7011AJ5M,渌渚镇,6.21
2025-06-20T09:00:00,7011AJ7R,山溪叶家,50.17
2025-06-20T09:00:00,7011AJ8R,山溪幕下,65.57
2025-06-20T09:00:00,7011AJ9R,山溪前桐,194.19
2025-06-20T09:00:00,7011AM2G,富春江水库严陵坞,23.21
2025-06-20T09:05:00,70101500,富春江电站(坝上),23.15
2025-06-20T09:05:00,70101501,富春江坝下,3.84
2025-06-20T09:05:00,70101800,窄溪,3.84
2025-06-20T09:05:00,70102300,闸口,3.79
2025-06-20T09:05:00,7010AJ33,渌渚,3.88
2025-06-20T09:05:00,7011AJ4M,新桐乡,3.83
2025-06-20T09:05:00,7011AJ5M,渌渚镇,6.2
2025-06-20T09:05:00,7011AJ7R,山溪叶家,50.17
2025-06-20T09:05:00,7011AJ8R,山溪幕下,65.58
2025-06-20T09:05:00,7011AJ9R,山溪前桐,194.19
2025-06-20T09:05:00,7011AM2G,富春江水库严陵坞,23.21
2025-06-20T09:10:00,70101500,富春江电站(坝上),23.15
2025-06-20T09:10:00,70101501,富春江坝下,3.82
2025-06-20T09:10:00,70101800,窄溪,3.85
2025-06-20T09:10:00,70102300,闸口,3.78
2025-06-20T09:10:00,7010AJ33,渌渚,3.88
2025-06-20T09:10:00,7011AJ4M,新桐乡,3.83
2025-06-20T09:10:00,7011AJ5M,渌渚镇,6.21
2025-06-20T09:10:00,7011AJ7R,山溪叶家,50.17
2025-06-20T09:10:00,7011AJ8R,山溪幕下,65.57
2025-06-20T09:10:00,7011AJ9R,山溪前桐,194.19
2025-06-20T09:10:00,7011AM2G,富春江水库严陵坞,23.21
2025-06-20T09:15:00,70101500,富春江电站(坝上),23.15
2025-06-20T09:15:00,70101501,富春江坝下,3.8
2025-06-20T09:15:00,70101800,窄溪,3.84
2025-06-20T09:15:00,70102300,闸口,3.78
2025-06-20T09:15:00,7010AJ33,渌渚,3.88
2025-06-20T09:15:00,7011AJ4M,新桐乡,3.83
2025-06-20T09:15:00,7011AJ5M,渌渚镇,6.21
2025-06-20T09:15:00,7011AJ7R,山溪叶家,50.17
2025-06-20T09:15:00,7011AJ8R,山溪幕下,65.57
2025-06-20T09:15:00,7011AJ9R,山溪前桐,194.18
2025-06-20T09:15:00,7011AM2G,富春江水库严陵坞,23.21
2025-06-20T09:20:00,70101500,富春江电站(坝上),23.1
2025-06-20T09:20:00,70101501,富春江坝下,3.82
2025-06-20T09:20:00,70101800,窄溪,3.83
2025-06-20T09:20:00,70102300,闸口,3.78
2025-06-20T09:20:00,7010AJ33,渌渚,3.88
2025-06-20T09:20:00,7011AJ4M,新桐乡,3.82
2025-06-20T09:20:00,7011AJ5M,渌渚镇,6.22
2025-06-20T09:20:00,7011AJ7R,山溪叶家,50.17
2025-06-20T09:20:00,7011AJ8R,山溪幕下,65.57
2025-06-20T09:20:00,7011AJ9R,山溪前桐,194.18
2025-06-20T09:20:00,7011AM2G,富春江水库严陵坞,23.21
2025-06-20T09:25:00,70101500,富春江电站(坝上),23.04
2025-06-20T09:25:00,70101501,富春江坝下,4.23
2025-06-20T09:25:00,70101800,窄溪,3.82
2025-06-20T09:25:00,70102300,闸口,3.77
2025-06-20T09:25:00,7010AJ33,渌渚,3.87
2025-06-20T09:25:00,7011AJ4M,新桐乡,3.82
2025-06-20T09:25:00,7011AJ5M,渌渚镇,6.21
2025-06-20T09:25:00,7011AJ7R,山溪叶家,50.17
2025-06-20T09:25:00,7011AJ8R,山溪幕下,65.58
2025-06-20T09:25:00,7011AJ9R,山溪前桐,194.19
2025-06-20T09:25:00,7011AM2G,富春江水库严陵坞,23.16
2025-06-20T09:30:00,70101500,富春江电站(坝上),23.04
2025-06-20T09:30:00,70101501,富春江坝下,4.59
2025-06-20T09:30:00,70101800,窄溪,3.81
2025-06-20T09:30:00,70102300,闸口,3.77
2025-06-20T09:30:00,7010AJ33,渌渚,3.88
2025-06-20T09:30:00,7011AJ4M,新桐乡,3.82
2025-06-20T09:30:00,7011AJ5M,渌渚镇,6.21
2025-06-20T09:30:00,7011AJ7R,山溪叶家,50.17
2025-06-20T09:30:00,7011AJ8R,山溪幕下,65.58
2025-06-20T09:30:00,7011AJ9R,山溪前桐,194.19
2025-06-20T09:30:00,7011AM2G,富春江水库严陵坞,23.1
2025-06-20T09:35:00,70101500,富春江电站(坝上),22.94
2025-06-20T09:35:00,70101501,富春江坝下,4.94
2025-06-20T09:35:00,70101800,窄溪,3.81
2025-06-20T09:35:00,70102300,闸口,3.76
2025-06-20T09:35:00,7010AJ33,渌渚,3.88
2025-06-20T09:35:00,7011AJ4M,新桐乡,3.81
2025-06-20T09:35:00,7011AJ5M,渌渚镇,6.21
2025-06-20T09:35:00,7011AJ7R,山溪叶家,50.17
2025-06-20T09:35:00,7011AJ8R,山溪幕下,65.57
2025-06-20T09:35:00,7011AJ9R,山溪前桐,194.19
2025-06-20T09:35:00,7011AM2G,富春江水库严陵坞,23.1
2025-06-20T09:40:00,70101500,富春江电站(坝上),22.85
2025-06-20T09:40:00,70101501,富春江坝下,5.4
2025-06-20T09:40:00,70101800,窄溪,3.8
2025-06-20T09:40:00,70102300,闸口,3.76
2025-06-20T09:40:00,7010AJ33,渌渚,3.88
2025-06-20T09:40:00,7011AJ4M,新桐乡,3.81
2025-06-20T09:40:00,7011AJ5M,渌渚镇,6.2
2025-06-20T09:40:00,7011AJ7R,山溪叶家,50.17
2025-06-20T09:40:00,7011AJ8R,山溪幕下,65.57
2025-06-20T09:40:00,7011AJ9R,山溪前桐,194.19
2025-06-20T09:40:00,7011AM2G,富春江水库严陵坞,23.04
2025-06-20T09:45:00,70101500,富春江电站(坝上),22.83
2025-06-20T09:45:00,70101501,富春江坝下,5.94
2025-06-20T09:45:00,70101800,窄溪,3.79
2025-06-20T09:45:00,70102300,闸口,3.75
2025-06-20T09:45:00,7010AJ33,渌渚,3.86
2025-06-20T09:45:00,7011AJ4M,新桐乡,3.81
2025-06-20T09:45:00,7011AJ5M,渌渚镇,6.2
2025-06-20T09:45:00,7011AJ7R,山溪叶家,50.17
2025-06-20T09:45:00,7011AJ8R,山溪幕下,65.58
2025-06-20T09:45:00,7011AJ9R,山溪前桐,194.18
2025-06-20T09:45:00,7011AM2G,富春江水库严陵坞,22.94
2025-06-20T09:50:00,70101500,富春江电站(坝上),22.8
2025-06-20T09:50:00,70101501,富春江坝下,6.23
2025-06-20T09:50:00,70101800,窄溪,3.79
2025-06-20T09:50:00,70102300,闸口,3.75
2025-06-20T09:50:00,7010AJ33,渌渚,3.85
2025-06-20T09:50:00,7011AJ4M,新桐乡,3.81
2025-06-20T09:50:00,7011AJ5M,渌渚镇,6.2
2025-06-20T09:50:00,7011AJ7R,山溪叶家,50.17
2025-06-20T09:50:00,7011AJ8R,山溪幕下,65.57
2025-06-20T09:50:00,7011AJ9R,山溪前桐,194.18
2025-06-20T09:50:00,7011AM2G,富春江水库严陵坞,22.89
2025-06-20T09:55:00,70101500,富春江电站(坝上),22.77
2025-06-20T09:55:00,70101501,富春江坝下,6.44
2025-06-20T09:55:00,70101800,窄溪,3.78
2025-06-20T09:55:00,70102300,闸口,3.75
2025-06-20T09:55:00,7010AJ33,渌渚,3.84
2025-06-20T09:55:00,7011AJ4M,新桐乡,3.81
2025-06-20T09:55:00,7011AJ5M,渌渚镇,6.2
2025-06-20T09:55:00,7011AJ7R,山溪叶家,50.17
2025-06-20T09:55:00,7011AJ8R,山溪幕下,65.57
2025-06-20T09:55:00,7011AJ9R,山溪前桐,194.18
2025-06-20T09:55:00,7011AM2G,富春江水库严陵坞,22.86
2025-06-20T10:00:00,70101500,富春江电站(坝上),22.78
2025-06-20T10:00:00,70101501,富春江坝下,6.56
2025-06-20T10:00:00,70101800,窄溪,3.78
2025-06-20T10:00:00,70102300,闸口,3.78
2025-06-20T10:00:00,7010AJ33,渌渚,3.83
2025-06-20T10:00:00,7011AJ4M,新桐乡,3.8
2025-06-20T10:00:00,7011AJ5M,渌渚镇,6.21
2025-06-20T10:00:00,7011AJ7R,山溪叶家,50.17
2025-06-20T10:00:00,7011AJ8R,山溪幕下,65.57
2025-06-20T10:00:00,7011AJ9R,山溪前桐,194.19
2025-06-20T10:00:00,7011AM2G,富春江水库严陵坞,22.85
2025-06-20T10:05:00,70101500,富春江电站(坝上),22.77
2025-06-20T10:05:00,70101501,富春江坝下,6.66
2025-06-20T10:05:00,70101800,窄溪,3.77
2025-06-20T10:05:00,70102300,闸口,3.79
2025-06-20T10:05:00,7010AJ33,渌渚,3.83
2025-06-20T10:05:00,7011AJ4M,新桐乡,3.8
2025-06-20T10:05:00,7011AJ5M,渌渚镇,6.2
2025-06-20T10:05:00,7011AJ7R,山溪叶家,50.16
2025-06-20T10:05:00,7011AJ8R,山溪幕下,65.57
2025-06-20T10:05:00,7011AJ9R,山溪前桐,194.18
2025-06-20T10:05:00,7011AM2G,富春江水库严陵坞,22.84
2025-06-20T10:10:00,70101500,富春江电站(坝上),22.77
2025-06-20T10:10:00,70101501,富春江坝下,6.75
2025-06-20T10:10:00,70101800,窄溪,3.77
2025-06-20T10:10:00,70102300,闸口,3.81
2025-06-20T10:10:00,7010AJ33,渌渚,3.82
2025-06-20T10:10:00,7011AJ4M,新桐乡,3.79
2025-06-20T10:10:00,7011AJ5M,渌渚镇,6.2
2025-06-20T10:10:00,7011AJ7R,山溪叶家,50.17
2025-06-20T10:10:00,7011AJ8R,山溪幕下,65.57
2025-06-20T10:10:00,7011AJ9R,山溪前桐,194.19
2025-06-20T10:10:00,7011AM2G,富春江水库严陵坞,22.86
2025-06-20T10:15:00,70101500,富春江电站(坝上),22.82
2025-06-20T10:15:00,70101501,富春江坝下,6.8
2025-06-20T10:15:00,70101800,窄溪,3.77
2025-06-20T10:15:00,70102300,闸口,3.82
2025-06-20T10:15:00,7010AJ33,渌渚,3.81
2025-06-20T10:15:00,7011AJ4M,新桐乡,3.78
2025-06-20T10:15:00,7011AJ5M,渌渚镇,6.2
2025-06-20T10:15:00,7011AJ7R,山溪叶家,50.17
2025-06-20T10:15:00,7011AJ8R,山溪幕下,65.57
2025-06-20T10:15:00,7011AJ9R,山溪前桐,194.19
2025-06-20T10:15:00,7011AM2G,富春江水库严陵坞,22.87
2025-06-20T10:20:00,70101500,富春江电站(坝上),22.84
2025-06-20T10:20:00,70101501,富春江坝下,6.84
2025-06-20T10:20:00,70101800,窄溪,3.78
2025-06-20T10:20:00,70102300,闸口,3.83
2025-06-20T10:20:00,7010AJ33,渌渚,3.81
2025-06-20T10:20:00,7011AJ4M,新桐乡,3.77
2025-06-20T10:20:00,7011AJ5M,渌渚镇,6.2
2025-06-20T10:20:00,7011AJ7R,山溪叶家,50.17
2025-06-20T10:20:00,7011AJ8R,山溪幕下,65.57
2025-06-20T10:20:00,7011AJ9R,山溪前桐,194.19
2025-06-20T10:20:00,7011AM2G,富春江水库严陵坞,22.9
2025-06-20T10:25:00,70101500,富春江电站(坝上),22.85
2025-06-20T10:25:00,70101501,富春江坝下,6.87
2025-06-20T10:25:00,70101800,窄溪,3.78
2025-06-20T10:25:00,70102300,闸口,3.84
2025-06-20T10:25:00,7010AJ33,渌渚,3.81
2025-06-20T10:25:00,7011AJ4M,新桐乡,3.76
2025-06-20T10:25:00,7011AJ5M,渌渚镇,6.2
2025-06-20T10:25:00,7011AJ7R,山溪叶家,50.17
2025-06-20T10:25:00,7011AJ8R,山溪幕下,65.57
2025-06-20T10:25:00,7011AJ9R,山溪前桐,194.19
2025-06-20T10:25:00,7011AM2G,富春江水库严陵坞,22.92
2025-06-20T10:30:00,70101500,富春江电站(坝上),22.89
2025-06-20T10:30:00,70101501,富春江坝下,6.89
2025-06-20T10:30:00,70101800,窄溪,3.79
2025-06-20T10:30:00,70102300,闸口,3.85
2025-06-20T10:30:00,7010AJ33,渌渚,3.8
2025-06-20T10:30:00,7011AJ4M,新桐乡,3.78
2025-06-20T10:30:00,7011AJ5M,渌渚镇,6.2
2025-06-20T10:30:00,7011AJ7R,山溪叶家,50.17
2025-06-20T10:30:00,7011AJ8R,山溪幕下,65.57
2025-06-20T10:30:00,7011AJ9R,山溪前桐,194.19
2025-06-20T10:30:00,7011AM2G,富春江水库严陵坞,22.96
2025-06-20T10:35:00,70101500,富春江电站(坝上),22.92
2025-06-20T10:35:00,70101501,富春江坝下,6.92
2025-06-20T10:35:00,70101800,窄溪,3.81
2025-06-20T10:35:00,70102300,闸口,3.87
2025-06-20T10:35:00,7010AJ33,渌渚,3.8
2025-06-20T10:35:00,7011AJ4M,新桐乡,3.78
2025-06-20T10:35:00,7011AJ5M,渌渚镇,6.2
2025-06-20T10:35:00,7011AJ7R,山溪叶家,50.17
2025-06-20T10:35:00,7011AJ8R,山溪幕下,65.57
2025-06-20T10:35:00,7011AJ9R,山溪前桐,194.18
2025-06-20T10:35:00,7011AM2G,富春江水库严陵坞,22.99
2025-06-20T10:40:00,70101500,富春江电站(坝上),22.96
2025-06-20T10:40:00,70101501,富春江坝下,6.92
2025-06-20T10:40:00,70101800,窄溪,3.84
2025-06-20T10:40:00,70102300,闸口,3.88
2025-06-20T10:40:00,7010AJ33,渌渚,3.81
2025-06-20T10:40:00,7011AJ4M,新桐乡,3.77
2025-06-20T10:40:00,7011AJ5M,渌渚镇,6.2
2025-06-20T10:40:00,7011AJ7R,山溪叶家,50.17
2025-06-20T10:40:00,7011AJ8R,山溪幕下,65.57
2025-06-20T10:40:00,7011AJ9R,山溪前桐,194.18
2025-06-20T10:40:00,7011AM2G,富春江水库严陵坞,23.01
2025-06-20T10:45:00,70101500,富春江电站(坝上),22.98
2025-06-20T10:45:00,70101501,富春江坝下,6.93
2025-06-20T10:45:00,70101800,窄溪,3.85
2025-06-20T10:45:00,70102300,闸口,3.9
2025-06-20T10:45:00,7010AJ33,渌渚,3.82
2025-06-20T10:45:00,7011AJ4M,新桐乡,3.76
2025-06-20T10:45:00,7011AJ5M,渌渚镇,6.18
2025-06-20T10:45:00,7011AJ7R,山溪叶家,50.17
2025-06-20T10:45:00,7011AJ8R,山溪幕下,65.57
2025-06-20T10:45:00,7011AJ9R,山溪前桐,194.19
2025-06-20T10:45:00,7011AM2G,富春江水库严陵坞,23.03
2025-06-20T10:50:00,70101500,富春江电站(坝上),22.98
2025-06-20T10:50:00,70101501,富春江坝下,6.93
2025-06-20T10:50:00,70101800,窄溪,3.87
2025-06-20T10:50:00,70102300,闸口,3.91
2025-06-20T10:50:00,7010AJ33,渌渚,3.84
2025-06-20T10:50:00,7011AJ4M,新桐乡,3.79
2025-06-20T10:50:00,7011AJ5M,渌渚镇,6.19
2025-06-20T10:50:00,7011AJ7R,山溪叶家,50.17
2025-06-20T10:50:00,7011AJ8R,山溪幕下,65.57
2025-06-20T10:50:00,7011AJ9R,山溪前桐,194.18
2025-06-20T10:50:00,7011AM2G,富春江水库严陵坞,23.05
2025-06-20T10:55:00,70101500,富春江电站(坝上),22.98
2025-06-20T10:55:00,70101501,富春江坝下,6.95
2025-06-20T10:55:00,70101800,窄溪,3.88
2025-06-20T10:55:00,70102300,闸口,3.93
2025-06-20T10:55:00,7010AJ33,渌渚,3.87
2025-06-20T10:55:00,7011AJ4M,新桐乡,3.79
2025-06-20T10:55:00,7011AJ5M,渌渚镇,6.21
2025-06-20T10:55:00,7011AJ7R,山溪叶家,50.17
2025-06-20T10:55:00,7011AJ8R,山溪幕下,65.57
2025-06-20T10:55:00,7011AJ9R,山溪前桐,194.18
2025-06-20T10:55:00,7011AM2G,富春江水库严陵坞,23.07
2025-06-20T11:00:00,70101500,富春江电站(坝上),23.01
2025-06-20T11:00:00,70101501,富春江坝下,6.94
2025-06-20T11:00:00,70101800,窄溪,3.89
2025-06-20T11:00:00,70102300,闸口,3.94
2025-06-20T11:00:00,7010AJ33,渌渚,3.89
2025-06-20T11:00:00,7011AJ4M,新桐乡,3.79
2025-06-20T11:00:00,7011AJ5M,渌渚镇,6.2
2025-06-20T11:00:00,7011AJ7R,山溪叶家,50.17
2025-06-20T11:00:00,7011AJ8R,山溪幕下,65.57
2025-06-20T11:00:00,7011AJ9R,山溪前桐,194.18
2025-06-20T11:00:00,7011AM2G,富春江水库严陵坞,23.08
2025-06-20T11:05:00,70101500,富春江电站(坝上),23.03
2025-06-20T11:05:00,70101501,富春江坝下,6.95
2025-06-20T11:05:00,70101800,窄溪,3.9
2025-06-20T11:05:00,70102300,闸口,3.94
2025-06-20T11:05:00,7010AJ33,渌渚,3.91
2025-06-20T11:05:00,7011AJ4M,新桐乡,3.79
2025-06-20T11:05:00,7011AJ5M,渌渚镇,6.19
2025-06-20T11:05:00,7011AJ7R,山溪叶家,50.17
2025-06-20T11:05:00,7011AJ8R,山溪幕下,65.57
2025-06-20T11:05:00,7011AJ9R,山溪前桐,194.19
2025-06-20T11:05:00,7011AM2G,富春江水库严陵坞,23.09
2025-06-20T11:10:00,70101500,富春江电站(坝上),23.03
2025-06-20T11:10:00,70101501,富春江坝下,6.95
2025-06-20T11:10:00,70101800,窄溪,3.9
2025-06-20T11:10:00,70102300,闸口,3.95
2025-06-20T11:10:00,7010AJ33,渌渚,3.94
2025-06-20T11:10:00,7011AJ4M,新桐乡,3.82
2025-06-20T11:10:00,7011AJ5M,渌渚镇,6.2
2025-06-20T11:10:00,7011AJ7R,山溪叶家,50.17
2025-06-20T11:10:00,7011AJ8R,山溪幕下,65.57
2025-06-20T11:10:00,7011AJ9R,山溪前桐,194.18
2025-06-20T11:10:00,7011AM2G,富春江水库严陵坞,23.09
2025-06-20T11:15:00,70101500,富春江电站(坝上),23.03
2025-06-20T11:15:00,70101501,富春江坝下,6.96
2025-06-20T11:15:00,70101800,窄溪,3.91
2025-06-20T11:15:00,70102300,闸口,3.95
2025-06-20T11:15:00,7010AJ33,渌渚,3.95
2025-06-20T11:15:00,7011AJ4M,新桐乡,3.82
2025-06-20T11:15:00,7011AJ5M,渌渚镇,6.2
2025-06-20T11:15:00,7011AJ7R,山溪叶家,50.17
2025-06-20T11:15:00,7011AJ8R,山溪幕下,65.57
2025-06-20T11:15:00,7011AJ9R,山溪前桐,194.18
2025-06-20T11:15:00,7011AM2G,富春江水库严陵坞,23.11
2025-06-20T11:20:00,70101500,富春江电站(坝上),23.02
2025-06-20T11:20:00,70101501,富春江坝下,6.97
2025-06-20T11:20:00,70101800,窄溪,3.92
2025-06-20T11:20:00,70102300,闸口,3.95
2025-06-20T11:20:00,7010AJ33,渌渚,3.97
2025-06-20T11:20:00,7011AJ4M,新桐乡,3.82
2025-06-20T11:20:00,7011AJ5M,渌渚镇,6.2
2025-06-20T11:20:00,7011AJ7R,山溪叶家,50.17
2025-06-20T11:20:00,7011AJ8R,山溪幕下,65.57
2025-06-20T11:20:00,7011AJ9R,山溪前桐,194.18
2025-06-20T11:20:00,7011AM2G,富春江水库严陵坞,23.09
2025-06-20T11:25:00,70101500,富春江电站(坝上),23.01
2025-06-20T11:25:00,70101501,富春江坝下,6.96
2025-06-20T11:25:00,70101800,窄溪,3.93
2025-06-20T11:25:00,70102300,闸口,3.96
2025-06-20T11:25:00,7010AJ33,渌渚,3.98
2025-06-20T11:25:00,7011AJ4M,新桐乡,3.81
2025-06-20T11:25:00,7011AJ5M,渌渚镇,6.19
2025-06-20T11:25:00,7011AJ7R,山溪叶家,50.16
2025-06-20T11:25:00,7011AJ8R,山溪幕下,65.57
2025-06-20T11:25:00,7011AJ9R,山溪前桐,194.18
2025-06-20T11:25:00,7011AM2G,富春江水库严陵坞,23.08
2025-06-20T11:30:00,70101500,富春江电站(坝上),22.99
2025-06-20T11:30:00,70101501,富春江坝下,6.97
2025-06-20T11:30:00,70101800,窄溪,3.94
2025-06-20T11:30:00,70102300,闸口,3.96
2025-06-20T11:30:00,7010AJ33,渌渚,3.99
2025-06-20T11:30:00,7011AJ4M,新桐乡,3.81
2025-06-20T11:30:00,7011AJ5M,渌渚镇,6.19
2025-06-20T11:30:00,7011AJ7R,山溪叶家,50.16
2025-06-20T11:30:00,7011AJ8R,山溪幕下,65.57
2025-06-20T11:30:00,7011AJ9R,山溪前桐,194.18
2025-06-20T11:30:00,7011AM2G,富春江水库严陵坞,23.08
2025-06-20T11:35:00,70101500,富春江电站(坝上),22.97
2025-06-20T11:35:00,70101501,富春江坝下,6.97
2025-06-20T11:35:00,70101800,窄溪,3.95
2025-06-20T11:35:00,70102300,闸口,3.95
2025-06-20T11:35:00,7010AJ33,渌渚,3.99
2025-06-20T11:35:00,7011AJ4M,新桐乡,3.82
2025-06-20T11:35:00,7011AJ5M,渌渚镇,6.2
2025-06-20T11:35:00,7011AJ7R,山溪叶家,50.17
2025-06-20T11:35:00,7011AJ8R,山溪幕下,65.57
2025-06-20T11:35:00,7011AJ9R,山溪前桐,194.18
2025-06-20T11:35:00,7011AM2G,富春江水库严陵坞,23.05
2025-06-20T11:40:00,70101500,富春江电站(坝上),22.94
2025-06-20T11:40:00,70101501,富春江坝下,6.97
2025-06-20T11:40:00,70101800,窄溪,3.96
2025-06-20T11:40:00,70102300,闸口,3.95
2025-06-20T11:40:00,7010AJ33,渌渚,4.01
2025-06-20T11:40:00,7011AJ4M,新桐乡,3.83
2025-06-20T11:40:00,7011AJ5M,渌渚镇,6.2
2025-06-20T11:40:00,7011AJ7R,山溪叶家,50.17
2025-06-20T11:40:00,7011AJ8R,山溪幕下,65.57
2025-06-20T11:40:00,7011AJ9R,山溪前桐,194.18
2025-06-20T11:40:00,7011AM2G,富春江水库严陵坞,23.03
2025-06-20T11:45:00,70101500,富春江电站(坝上),22.94
2025-06-20T11:45:00,70101501,富春江坝下,6.97
2025-06-20T11:45:00,70101800,窄溪,3.96
2025-06-20T11:45:00,70102300,闸口,3.94
2025-06-20T11:45:00,7010AJ33,渌渚,4.01
2025-06-20T11:45:00,7011AJ4M,新桐乡,3.83
2025-06-20T11:45:00,7011AJ5M,渌渚镇,6.2
2025-06-20T11:45:00,7011AJ7R,山溪叶家,50.17
2025-06-20T11:45:00,7011AJ8R,山溪幕下,65.57
2025-06-20T11:45:00,7011AJ9R,山溪前桐,194.18
2025-06-20T11:45:00,7011AM2G,富春江水库严陵坞,23.02
2025-06-20T11:50:00,70101500,富春江电站(坝上),22.94
2025-06-20T11:50:00,70101501,富春江坝下,6.98
2025-06-20T11:50:00,70101800,窄溪,3.97
2025-06-20T11:50:00,70102300,闸口,3.92
2025-06-20T11:50:00,7010AJ33,渌渚,4.01
2025-06-20T11:50:00,7011AJ4M,新桐乡,3.83
2025-06-20T11:50:00,7011AJ5M,渌渚镇,6.2
2025-06-20T11:50:00,7011AJ7R,山溪叶家,50.17
2025-06-20T11:50:00,7011AJ8R,山溪幕下,65.57
2025-06-20T11:50:00,7011AJ9R,山溪前桐,194.18
2025-06-20T11:50:00,7011AM2G,富春江水库严陵坞,23.01
2025-06-20T11:55:00,70101500,富春江电站(坝上),22.94
2025-06-20T11:55:00,70101501,富春江坝下,7.0
2025-06-20T11:55:00,70101800,窄溪,3.97
2025-06-20T11:55:00,70102300,闸口,3.91
2025-06-20T11:55:00,7010AJ33,渌渚,4.01
2025-06-20T11:55:00,7011AJ4M,新桐乡,3.84
2025-06-20T11:55:00,7011AJ5M,渌渚镇,6.2
2025-06-20T11:55:00,7011AJ7R,山溪叶家,50.16
2025-06-20T11:55:00,7011AJ8R,山溪幕下,65.57
2025-06-20T11:55:00,7011AJ9R,山溪前桐,194.18
2025-06-20T11:55:00,7011AM2G,富春江水库严陵坞,23.01
2025-06-20T12:00:00,70101500,富春江电站(坝上),22.94
2025-06-20T12:00:00,70101501,富春江坝下,7.03
2025-06-20T12:00:00,70101800,窄溪,3.98
2025-06-20T12:00:00,70102300,闸口,3.9
2025-06-20T12:00:00,7010AJ33,渌渚,4.01
2025-06-20T12:00:00,7011AJ4M,新桐乡,3.85
2025-06-20T12:00:00,7011AJ5M,渌渚镇,6.19
2025-06-20T12:00:00,7011AJ7R,山溪叶家,50.16
2025-06-20T12:00:00,7011AJ8R,山溪幕下,65.57
2025-06-20T12:00:00,7011AJ9R,山溪前桐,194.19
2025-06-20T12:00:00,7011AM2G,富春江水库严陵坞,23.01
2025-06-20T12:05:00,70101500,富春江电站(坝上),22.94
2025-06-20T12:05:00,70101501,富春江坝下,7.03
2025-06-20T12:05:00,70101800,窄溪,3.99
2025-06-20T12:05:00,70102300,闸口,3.88
2025-06-20T12:05:00,7010AJ33,渌渚,4.01
2025-06-20T12:05:00,7011AJ4M,新桐乡,3.86
2025-06-20T12:05:00,7011AJ5M,渌渚镇,6.2
2025-06-20T12:05:00,7011AJ7R,山溪叶家,50.16
2025-06-20T12:05:00,7011AJ8R,山溪幕下,65.57
2025-06-20T12:05:00,7011AJ9R,山溪前桐,194.19
2025-06-20T12:05:00,7011AM2G,富春江水库严陵坞,23.01
2025-06-20T12:10:00,70101500,富春江电站(坝上),22.96
2025-06-20T12:10:00,70101501,富春江坝下,7.0
2025-06-20T12:10:00,70101800,窄溪,3.99
2025-06-20T12:10:00,70102300,闸口,3.88
2025-06-20T12:10:00,7010AJ33,渌渚,4.01
2025-06-20T12:10:00,7011AJ4M,新桐乡,3.86
2025-06-20T12:10:00,7011AJ5M,渌渚镇,6.2
2025-06-20T12:10:00,7011AJ7R,山溪叶家,50.16
2025-06-20T12:10:00,7011AJ8R,山溪幕下,65.57
2025-06-20T12:10:00,7011AJ9R,山溪前桐,194.18
2025-06-20T12:10:00,7011AM2G,富春江水库严陵坞,23.02
2025-06-20T12:15:00,70101500,富春江电站(坝上),22.96
2025-06-20T12:15:00,70101501,富春江坝下,7.0
2025-06-20T12:15:00,70101800,窄溪,4.0
2025-06-20T12:15:00,70102300,闸口,3.87
2025-06-20T12:15:00,7010AJ33,渌渚,4.01
2025-06-20T12:15:00,7011AJ4M,新桐乡,3.88
2025-06-20T12:15:00,7011AJ5M,渌渚镇,6.2
2025-06-20T12:15:00,7011AJ7R,山溪叶家,50.16
2025-06-20T12:15:00,7011AJ8R,山溪幕下,65.57
2025-06-20T12:15:00,7011AJ9R,山溪前桐,194.18
2025-06-20T12:15:00,7011AM2G,富春江水库严陵坞,23.03
2025-06-20T12:20:00,70101500,富春江电站(坝上),22.97
2025-06-20T12:20:00,70101501,富春江坝下,6.99
2025-06-20T12:20:00,70101800,窄溪,4.01
2025-06-20T12:20:00,70102300,闸口,3.86
2025-06-20T12:20:00,7010AJ33,渌渚,4.03
2025-06-20T12:20:00,7011AJ4M,新桐乡,3.88
2025-06-20T12:20:00,7011AJ5M,渌渚镇,6.19
2025-06-20T12:20:00,7011AJ7R,山溪叶家,50.16
2025-06-20T12:20:00,7011AJ8R,山溪幕下,65.57
2025-06-20T12:20:00,7011AJ9R,山溪前桐,194.19
2025-06-20T12:20:00,7011AM2G,富春江水库严陵坞,23.03
2025-06-20T12:25:00,70101500,富春江电站(坝上),22.98
2025-06-20T12:25:00,70101501,富春江坝下,7.0
2025-06-20T12:25:00,70101800,窄溪,4.02
2025-06-20T12:25:00,70102300,闸口,3.85
2025-06-20T12:25:00,7010AJ33,渌渚,4.03
2025-06-20T12:25:00,7011AJ4M,新桐乡,3.89
2025-06-20T12:25:00,7011AJ5M,渌渚镇,6.2
2025-06-20T12:25:00,7011AJ7R,山溪叶家,50.16
2025-06-20T12:25:00,7011AJ8R,山溪幕下,65.57
2025-06-20T12:25:00,7011AJ9R,山溪前桐,194.19
2025-06-20T12:25:00,7011AM2G,富春江水库严陵坞,23.05
2025-06-20T12:30:00,70101500,富春江电站(坝上),22.99
2025-06-20T12:30:00,70101501,富春江坝下,7.0
2025-06-20T12:30:00,70101800,窄溪,4.03
2025-06-20T12:30:00,70102300,闸口,3.85
2025-06-20T12:30:00,7010AJ33,渌渚,4.03
2025-06-20T12:30:00,7011AJ4M,新桐乡,3.92
2025-06-20T12:30:00,7011AJ5M,渌渚镇,6.19
2025-06-20T12:30:00,7011AJ7R,山溪叶家,50.16
2025-06-20T12:30:00,7011AJ8R,山溪幕下,65.57
2025-06-20T12:30:00,7011AJ9R,山溪前桐,194.18
2025-06-20T12:30:00,7011AM2G,富春江水库严陵坞,23.05
2025-06-20T12:35:00,70101500,富春江电站(坝上),23.0
2025-06-20T12:35:00,70101501,富春江坝下,6.98
2025-06-20T12:35:00,70101800,窄溪,4.04
2025-06-20T12:35:00,70102300,闸口,3.84
2025-06-20T12:35:00,7010AJ33,渌渚,4.03
2025-06-20T12:35:00,7011AJ4M,新桐乡,3.93
2025-06-20T12:35:00,7011AJ5M,渌渚镇,6.2
2025-06-20T12:35:00,7011AJ7R,山溪叶家,50.16
2025-06-20T12:35:00,7011AJ8R,山溪幕下,65.57
2025-06-20T12:35:00,7011AJ9R,山溪前桐,194.19
2025-06-20T12:35:00,7011AM2G,富春江水库严陵坞,23.06
2025-06-20T12:40:00,70101500,富春江电站(坝上),22.99
2025-06-20T12:40:00,70101501,富春江坝下,6.99
2025-06-20T12:40:00,70101800,窄溪,4.06
2025-06-20T12:40:00,70102300,闸口,3.85
2025-06-20T12:40:00,7010AJ33,渌渚,4.05
2025-06-20T12:40:00,7011AJ4M,新桐乡,3.94
2025-06-20T12:40:00,7011AJ5M,渌渚镇,6.2
2025-06-20T12:40:00,7011AJ7R,山溪叶家,50.16
2025-06-20T12:40:00,7011AJ8R,山溪幕下,65.57
2025-06-20T12:40:00,7011AJ9R,山溪前桐,194.19
2025-06-20T12:40:00,7011AM2G,富春江水库严陵坞,23.06
2025-06-20T12:45:00,70101500,富春江电站(坝上),22.98
2025-06-20T12:45:00,70101501,富春江坝下,6.99
2025-06-20T12:45:00,70101800,窄溪,4.08
2025-06-20T12:45:00,70102300,闸口,3.85
2025-06-20T12:45:00,7010AJ33,渌渚,4.07
2025-06-20T12:45:00,7011AJ4M,新桐乡,3.98
2025-06-20T12:45:00,7011AJ5M,渌渚镇,6.19
2025-06-20T12:45:00,7011AJ7R,山溪叶家,50.16
2025-06-20T12:45:00,7011AJ8R,山溪幕下,65.57
2025-06-20T12:45:00,7011AJ9R,山溪前桐,194.18
2025-06-20T12:45:00,7011AM2G,富春江水库严陵坞,23.06
2025-06-20T12:50:00,70101500,富春江电站(坝上),22.98
2025-06-20T12:50:00,70101501,富春江坝下,6.99
2025-06-20T12:50:00,70101800,窄溪,4.1
2025-06-20T12:50:00,70102300,闸口,3.85
2025-06-20T12:50:00,7010AJ33,渌渚,4.07
2025-06-20T12:50:00,7011AJ4M,新桐乡,3.99
2025-06-20T12:50:00,7011AJ5M,渌渚镇,6.2
2025-06-20T12:50:00,7011AJ7R,山溪叶家,50.16
2025-06-20T12:50:00,7011AJ8R,山溪幕下,65.57
2025-06-20T12:50:00,7011AJ9R,山溪前桐,194.19
2025-06-20T12:50:00,7011AM2G,富春江水库严陵坞,23.06
2025-06-20T12:55:00,70101500,富春江电站(坝上),22.98
2025-06-20T12:55:00,70101501,富春江坝下,6.99
2025-06-20T12:55:00,70101800,窄溪,4.11
2025-06-20T12:55:00,70102300,闸口,3.85
2025-06-20T12:55:00,7010AJ33,渌渚,4.09
2025-06-20T12:55:00,7011AJ4M,新桐乡,4.02
2025-06-20T12:55:00,7011AJ5M,渌渚镇,6.2
2025-06-20T12:55:00,7011AJ7R,山溪叶家,50.16
2025-06-20T12:55:00,7011AJ8R,山溪幕下,65.57
2025-06-20T12:55:00,7011AJ9R,山溪前桐,194.19
2025-06-20T12:55:00,7011AM2G,富春江水库严陵坞,23.06
2025-06-20T13:00:00,70101500,富春江电站(坝上),22.98
2025-06-20T13:00:00,70101501,富春江坝下,6.99
2025-06-20T13:00:00,70101800,窄溪,4.13
2025-06-20T13:00:00,70102300,闸口,3.86
2025-06-20T13:00:00,7010AJ33,渌渚,4.11
2025-06-20T13:00:00,7011AJ4M,新桐乡,4.04
2025-06-20T13:00:00,7011AJ5M,渌渚镇,6.19
2025-06-20T13:00:00,7011AJ7R,山溪叶家,50.16
2025-06-20T13:00:00,7011AJ8R,山溪幕下,65.57
2025-06-20T13:00:00,7011AJ9R,山溪前桐,194.18
2025-06-20T13:00:00,7011AM2G,富春江水库严陵坞,23.05
2025-06-20T13:05:00,70101500,富春江电站(坝上),22.95
2025-06-20T13:05:00,70101501,富春江坝下,6.99
2025-06-20T13:05:00,70101800,窄溪,4.14
2025-06-20T13:05:00,70102300,闸口,3.86
2025-06-20T13:05:00,7010AJ33,渌渚,4.14
2025-06-20T13:05:00,7011AJ4M,新桐乡,4.05
2025-06-20T13:05:00,7011AJ5M,渌渚镇,6.19
2025-06-20T13:05:00,7011AJ7R,山溪叶家,50.16
2025-06-20T13:05:00,7011AJ8R,山溪幕下,65.57
2025-06-20T13:05:00,7011AJ9R,山溪前桐,194.18
2025-06-20T13:05:00,7011AM2G,富春江水库严陵坞,23.05
2025-06-20T13:10:00,70101500,富春江电站(坝上),22.95
2025-06-20T13:10:00,70101501,富春江坝下,6.98
2025-06-20T13:10:00,70101800,窄溪,4.15
2025-06-20T13:10:00,70102300,闸口,3.86
2025-06-20T13:10:00,7010AJ33,渌渚,4.16
2025-06-20T13:10:00,7011AJ4M,新桐乡,4.05
2025-06-20T13:10:00,7011AJ5M,渌渚镇,6.2
2025-06-20T13:10:00,7011AJ7R,山溪叶家,50.16
2025-06-20T13:10:00,7011AJ8R,山溪幕下,65.57
2025-06-20T13:10:00,7011AJ9R,山溪前桐,194.18
2025-06-20T13:10:00,7011AM2G,富春江水库严陵坞,23.03
2025-06-20T13:15:00,70101500,富春江电站(坝上),22.94
2025-06-20T13:15:00,70101501,富春江坝下,6.99
2025-06-20T13:15:00,70101800,窄溪,4.16
2025-06-20T13:15:00,70102300,闸口,3.86
2025-06-20T13:15:00,7010AJ33,渌渚,4.18
2025-06-20T13:15:00,7011AJ4M,新桐乡,4.09
2025-06-20T13:15:00,7011AJ5M,渌渚镇,6.2
2025-06-20T13:15:00,7011AJ7R,山溪叶家,50.16
2025-06-20T13:15:00,7011AJ8R,山溪幕下,65.57
2025-06-20T13:15:00,7011AJ9R,山溪前桐,194.19
2025-06-20T13:15:00,7011AM2G,富春江水库严陵坞,23.01
2025-06-20T13:20:00,70101500,富春江电站(坝上),22.94
2025-06-20T13:20:00,70101501,富春江坝下,7.0
2025-06-20T13:20:00,70101800,窄溪,4.18
2025-06-20T13:20:00,70102300,闸口,3.86
2025-06-20T13:20:00,7010AJ33,渌渚,4.2
2025-06-20T13:20:00,7011AJ4M,新桐乡,4.11
2025-06-20T13:20:00,7011AJ5M,渌渚镇,6.2
2025-06-20T13:20:00,7011AJ7R,山溪叶家,50.16
2025-06-20T13:20:00,7011AJ8R,山溪幕下,65.57
2025-06-20T13:20:00,7011AJ9R,山溪前桐,194.18
2025-06-20T13:20:00,7011AM2G,富春江水库严陵坞,23.01
2025-06-20T13:25:00,70101500,富春江电站(坝上),22.93
2025-06-20T13:25:00,70101501,富春江坝下,7.0
2025-06-20T13:25:00,70101800,窄溪,4.19
2025-06-20T13:25:00,70102300,闸口,3.86
2025-06-20T13:25:00,7010AJ33,渌渚,4.22
2025-06-20T13:25:00,7011AJ4M,新桐乡,4.12
2025-06-20T13:25:00,7011AJ5M,渌渚镇,6.2
2025-06-20T13:25:00,7011AJ7R,山溪叶家,50.16
2025-06-20T13:25:00,7011AJ8R,山溪幕下,65.57
2025-06-20T13:25:00,7011AJ9R,山溪前桐,194.18
2025-06-20T13:25:00,7011AM2G,富春江水库严陵坞,23.0
2025-06-20T13:30:00,70101500,富春江电站(坝上),22.93
2025-06-20T13:30:00,70101501,富春江坝下,7.0
2025-06-20T13:30:00,70101800,窄溪,4.2
2025-06-20T13:30:00,70102300,闸口,3.86
2025-06-20T13:30:00,7010AJ33,渌渚,4.24
2025-06-20T13:30:00,7011AJ4M,新桐乡,4.13
2025-06-20T13:30:00,7011AJ5M,渌渚镇,6.21
2025-06-20T13:30:00,7011AJ7R,山溪叶家,50.15
2025-06-20T13:30:00,7011AJ8R,山溪幕下,65.57
2025-06-20T13:30:00,7011AJ9R,山溪前桐,194.18
2025-06-20T13:30:00,7011AM2G,富春江水库严陵坞,22.99
2025-06-20T13:35:00,70101500,富春江电站(坝上),22.92
2025-06-20T13:35:00,70101501,富春江坝下,7.0
2025-06-20T13:35:00,70101800,窄溪,4.21
2025-06-20T13:35:00,70102300,闸口,3.86
2025-06-20T13:35:00,7010AJ33,渌渚,4.26
2025-06-20T13:35:00,7011AJ4M,新桐乡,4.13
2025-06-20T13:35:00,7011AJ5M,渌渚镇,6.21
2025-06-20T13:35:00,7011AJ7R,山溪叶家,50.15
2025-06-20T13:35:00,7011AJ8R,山溪幕下,65.57
2025-06-20T13:35:00,7011AJ9R,山溪前桐,194.19
2025-06-20T13:35:00,7011AM2G,富春江水库严陵坞,23.0
2025-06-20T13:40:00,70101500,富春江电站(坝上),22.92
2025-06-20T13:40:00,70101501,富春江坝下,6.99
2025-06-20T13:40:00,70101800,窄溪,4.22
2025-06-20T13:40:00,70102300,闸口,3.86
2025-06-20T13:40:00,7010AJ33,渌渚,4.26
2025-06-20T13:40:00,7011AJ4M,新桐乡,4.13
2025-06-20T13:40:00,7011AJ5M,渌渚镇,6.21
2025-06-20T13:40:00,7011AJ7R,山溪叶家,50.15
2025-06-20T13:40:00,7011AJ8R,山溪幕下,65.57
2025-06-20T13:40:00,7011AJ9R,山溪前桐,194.19
2025-06-20T13:40:00,7011AM2G,富春江水库严陵坞,22.99
2025-06-20T13:45:00,70101500,富春江电站(坝上),22.92
2025-06-20T13:45:00,70101501,富春江坝下,6.99
2025-06-20T13:45:00,70101800,窄溪,4.23
2025-06-20T13:45:00,70102300,闸口,3.86
2025-06-20T13:45:00,7010AJ33,渌渚,4.28
2025-06-20T13:45:00,7011AJ4M,新桐乡,4.14
2025-06-20T13:45:00,7011AJ5M,渌渚镇,6.2
2025-06-20T13:45:00,7011AJ7R,山溪叶家,50.15
2025-06-20T13:45:00,7011AJ8R,山溪幕下,65.57
2025-06-20T13:45:00,7011AJ9R,山溪前桐,194.18
2025-06-20T13:45:00,7011AM2G,富春江水库严陵坞,22.99
2025-06-20T13:50:00,70101500,富春江电站(坝上),22.92
2025-06-20T13:50:00,70101501,富春江坝下,7.01
2025-06-20T13:50:00,70101800,窄溪,4.24
2025-06-20T13:50:00,70102300,闸口,3.86
2025-06-20T13:50:00,7010AJ33,渌渚,4.28
2025-06-20T13:50:00,7011AJ4M,新桐乡,4.15
2025-06-20T13:50:00,7011AJ5M,渌渚镇,6.2
2025-06-20T13:50:00,7011AJ7R,山溪叶家,50.15
2025-06-20T13:50:00,7011AJ8R,山溪幕下,65.57
2025-06-20T13:50:00,7011AJ9R,山溪前桐,194.18
2025-06-20T13:50:00,7011AM2G,富春江水库严陵坞,22.99
2025-06-20T13:55:00,70101500,富春江电站(坝上),22.91
2025-06-20T13:55:00,70101501,富春江坝下,7.0
2025-06-20T13:55:00,70101800,窄溪,4.24
2025-06-20T13:55:00,70102300,闸口,3.86
2025-06-20T13:55:00,7010AJ33,渌渚,4.28
2025-06-20T13:55:00,7011AJ4M,新桐乡,4.15
2025-06-20T13:55:00,7011AJ5M,渌渚镇,6.21
2025-06-20T13:55:00,7011AJ7R,山溪叶家,50.15
2025-06-20T13:55:00,7011AJ8R,山溪幕下,65.57
2025-06-20T13:55:00,7011AJ9R,山溪前桐,194.18
2025-06-20T13:55:00,7011AM2G,富春江水库严陵坞,22.99
2025-06-20T14:00:00,70101500,富春江电站(坝上),22.92
2025-06-20T14:00:00,70101501,富春江坝下,6.99
2025-06-20T14:00:00,70101800,窄溪,4.24
2025-06-20T14:00:00,70102300,闸口,3.86
2025-06-20T14:00:00,7010AJ33,渌渚,4.28
2025-06-20T14:00:00,7011AJ4M,新桐乡,4.15
2025-06-20T14:00:00,7011AJ5M,渌渚镇,6.2
2025-06-20T14:00:00,7011AJ7R,山溪叶家,50.16
2025-06-20T14:00:00,7011AJ8R,山溪幕下,65.57
2025-06-20T14:00:00,7011AJ9R,山溪前桐,194.19
2025-06-20T14:00:00,7011AM2G,富春江水库严陵坞,22.99
2025-06-20T14:05:00,70101500,富春江电站(坝上),22.92
2025-06-20T14:05:00,70101501,富春江坝下,7.01
2025-06-20T14:05:00,70101800,窄溪,4.24
2025-06-20T14:05:00,70102300,闸口,3.87
2025-06-20T14:05:00,7010AJ33,渌渚,4.28
2025-06-20T14:05:00,7011AJ4M,新桐乡,4.16
2025-06-20T14:05:00,7011AJ5M,渌渚镇,6.19
2025-06-20T14:05:00,7011AJ7R,山溪叶家,50.15
2025-06-20T14:05:00,7011AJ8R,山溪幕下,65.57
2025-06-20T14:05:00,7011AJ9R,山溪前桐,194.18
2025-06-20T14:05:00,7011AM2G,富春江水库严陵坞,22.99
2025-06-20T14:10:00,70101500,富春江电站(坝上),22.92
2025-06-20T14:10:00,70101501,富春江坝下,7.0
2025-06-20T14:10:00,70101800,窄溪,4.24
2025-06-20T14:10:00,70102300,闸口,3.87
2025-06-20T14:10:00,7010AJ33,渌渚,4.26
2025-06-20T14:10:00,7011AJ4M,新桐乡,4.16
2025-06-20T14:10:00,7011AJ5M,渌渚镇,6.2
2025-06-20T14:10:00,7011AJ7R,山溪叶家,50.15
2025-06-20T14:10:00,7011AJ8R,山溪幕下,65.57
2025-06-20T14:10:00,7011AJ9R,山溪前桐,194.18
2025-06-20T14:10:00,7011AM2G,富春江水库严陵坞,22.99
2025-06-20T14:15:00,70101500,富春江电站(坝上),22.92
2025-06-20T14:15:00,70101501,富春江坝下,6.99
2025-06-20T14:15:00,70101800,窄溪,4.25
2025-06-20T14:15:00,70102300,闸口,3.88
2025-06-20T14:15:00,7010AJ33,渌渚,4.26
2025-06-20T14:15:00,7011AJ4M,新桐乡,4.16
2025-06-20T14:15:00,7011AJ5M,渌渚镇,6.19
2025-06-20T14:15:00,7011AJ7R,山溪叶家,50.15
2025-06-20T14:15:00,7011AJ8R,山溪幕下,65.57
2025-06-20T14:15:00,7011AJ9R,山溪前桐,194.18
2025-06-20T14:15:00,7011AM2G,富春江水库严陵坞,22.99
2025-06-20T14:20:00,70101500,富春江电站(坝上),22.92
2025-06-20T14:20:00,70101501,富春江坝下,7.0
2025-06-20T14:20:00,70101800,窄溪,4.25
2025-06-20T14:20:00,70102300,闸口,3.88
2025-06-20T14:20:00,7010AJ33,渌渚,4.28
2025-06-20T14:20:00,7011AJ4M,新桐乡,4.17
2025-06-20T14:20:00,7011AJ5M,渌渚镇,6.19
2025-06-20T14:20:00,7011AJ7R,山溪叶家,50.15
2025-06-20T14:20:00,7011AJ8R,山溪幕下,65.57
2025-06-20T14:20:00,7011AJ9R,山溪前桐,194.18
2025-06-20T14:20:00,7011AM2G,富春江水库严陵坞,22.99
2025-06-20T14:25:00,70101500,富春江电站(坝上),22.92
2025-06-20T14:25:00,70101501,富春江坝下,7.02
2025-06-20T14:25:00,70101800,窄溪,4.25
2025-06-20T14:25:00,70102300,闸口,3.88
2025-06-20T14:25:00,7010AJ33,渌渚,4.26
2025-06-20T14:25:00,7011AJ4M,新桐乡,4.16
2025-06-20T14:25:00,7011AJ5M,渌渚镇,6.19
2025-06-20T14:25:00,7011AJ7R,山溪叶家,50.15
2025-06-20T14:25:00,7011AJ8R,山溪幕下,65.57
2025-06-20T14:25:00,7011AJ9R,山溪前桐,194.18
2025-06-20T14:25:00,7011AM2G,富春江水库严陵坞,22.99
2025-06-20T14:30:00,70101500,富春江电站(坝上),22.92
2025-06-20T14:30:00,70101501,富春江坝下,6.99
2025-06-20T14:30:00,70101800,窄溪,4.25
2025-06-20T14:30:00,70102300,闸口,3.88
2025-06-20T14:30:00,7010AJ33,渌渚,4.28
2025-06-20T14:30:00,7011AJ4M,新桐乡,4.14
2025-06-20T14:30:00,7011AJ5M,渌渚镇,6.19
2025-06-20T14:30:00,7011AJ7R,山溪叶家,50.15
2025-06-20T14:30:00,7011AJ8R,山溪幕下,65.57
2025-06-20T14:30:00,7011AJ9R,山溪前桐,194.18
2025-06-20T14:30:00,7011AM2G,富春江水库严陵坞,22.99
2025-06-20T14:35:00,70101500,富春江电站(坝上),22.92
2025-06-20T14:35:00,70101501,富春江坝下,7.01
2025-06-20T14:35:00,70101800,窄溪,4.24
2025-06-20T14:35:00,70102300,闸口,3.89
2025-06-20T14:35:00,7010AJ33,渌渚,4.28
2025-06-20T14:35:00,7011AJ4M,新桐乡,4.13
2025-06-20T14:35:00,7011AJ5M,渌渚镇,6.2
2025-06-20T14:35:00,7011AJ7R,山溪叶家,50.15
2025-06-20T14:35:00,7011AJ8R,山溪幕下,65.57
2025-06-20T14:35:00,7011AJ9R,山溪前桐,194.18
2025-06-20T14:35:00,7011AM2G,富春江水库严陵坞,22.99
2025-06-20T14:40:00,70101500,富春江电站(坝上),22.92
2025-06-20T14:40:00,70101501,富春江坝下,7.01
2025-06-20T14:40:00,70101800,窄溪,4.24
2025-06-20T14:40:00,70102300,闸口,3.89
2025-06-20T14:40:00,7010AJ33,渌渚,4.28
2025-06-20T14:40:00,7011AJ4M,新桐乡,4.13
2025-06-20T14:40:00,7011AJ5M,渌渚镇,6.2
2025-06-20T14:40:00,7011AJ7R,山溪叶家,50.15
2025-06-20T14:40:00,7011AJ8R,山溪幕下,65.57
2025-06-20T14:40:00,7011AJ9R,山溪前桐,194.18
2025-06-20T14:40:00,7011AM2G,富春江水库严陵坞,22.99
2025-06-20T14:45:00,70101500,富春江电站(坝上),22.91
2025-06-20T14:45:00,70101501,富春江坝下,7.01
2025-06-20T14:45:00,70101800,窄溪,4.25
2025-06-20T14:45:00,70102300,闸口,3.9
2025-06-20T14:45:00,7010AJ33,渌渚,4.28
2025-06-20T14:45:00,7011AJ4M,新桐乡,4.14
2025-06-20T14:45:00,7011AJ5M,渌渚镇,6.2
2025-06-20T14:45:00,7011AJ7R,山溪叶家,50.15
2025-06-20T14:45:00,7011AJ8R,山溪幕下,65.57
2025-06-20T14:45:00,7011AJ9R,山溪前桐,194.19
2025-06-20T14:45:00,7011AM2G,富春江水库严陵坞,22.98
2025-06-20T14:50:00,70101500,富春江电站(坝上),22.9
2025-06-20T14:50:00,70101501,富春江坝下,7.01
2025-06-20T14:50:00,70101800,窄溪,4.25
2025-06-20T14:50:00,70102300,闸口,3.9
2025-06-20T14:50:00,7010AJ33,渌渚,4.26
2025-06-20T14:50:00,7011AJ4M,新桐乡,4.14
2025-06-20T14:50:00,7011AJ5M,渌渚镇,6.2
2025-06-20T14:50:00,7011AJ7R,山溪叶家,50.15
2025-06-20T14:50:00,7011AJ8R,山溪幕下,65.57
2025-06-20T14:50:00,7011AJ9R,山溪前桐,194.18
2025-06-20T14:50:00,7011AM2G,富春江水库严陵坞,22.98
2025-06-20T14:55:00,70101500,富春江电站(坝上),22.9
2025-06-20T14:55:00,70101501,富春江坝下,7.04
2025-06-20T14:55:00,70101800,窄溪,4.25
2025-06-20T14:55:00,70102300,闸口,3.91
2025-06-20T14:55:00,7010AJ33,渌渚,4.26
2025-06-20T14:55:00,7011AJ4M,新桐乡,4.14
2025-06-20T14:55:00,7011AJ5M,渌渚镇,6.21
2025-06-20T14:55:00,7011AJ7R,山溪叶家,50.15
2025-06-20T14:55:00,7011AJ8R,山溪幕下,65.57
2025-06-20T14:55:00,7011AJ9R,山溪前桐,194.18
2025-06-20T14:55:00,7011AM2G,富春江水库严陵坞,22.98
2025-06-20T15:00:00,70101500,富春江电站(坝上),22.9
2025-06-20T15:00:00,70101501,富春江坝下,7.06
2025-06-20T15:00:00,70101800,窄溪,4.25
2025-06-20T15:00:00,70102300,闸口,3.91
2025-06-20T15:00:00,7010AJ33,渌渚,4.26
2025-06-20T15:00:00,7011AJ4M,新桐乡,4.13
2025-06-20T15:00:00,7011AJ5M,渌渚镇,6.2
2025-06-20T15:00:00,7011AJ7R,山溪叶家,50.15
2025-06-20T15:00:00,7011AJ8R,山溪幕下,65.57
2025-06-20T15:00:00,7011AJ9R,山溪前桐,194.18
2025-06-20T15:00:00,7011AM2G,富春江水库严陵坞,22.97
2025-06-20T15:05:00,70101500,富春江电站(坝上),22.88
2025-06-20T15:05:00,70101501,富春江坝下,7.06
2025-06-20T15:05:00,70101800,窄溪,4.25
2025-06-20T15:05:00,70102300,闸口,3.92
2025-06-20T15:05:00,7010AJ33,渌渚,4.28
2025-06-20T15:05:00,7011AJ4M,新桐乡,4.13
2025-06-20T15:05:00,7011AJ5M,渌渚镇,6.19
2025-06-20T15:05:00,7011AJ7R,山溪叶家,50.15
2025-06-20T15:05:00,7011AJ8R,山溪幕下,65.57
2025-06-20T15:05:00,7011AJ9R,山溪前桐,194.19
2025-06-20T15:05:00,7011AM2G,富春江水库严陵坞,22.97
2025-06-20T15:10:00,70101500,富春江电站(坝上),22.88
2025-06-20T15:10:00,70101501,富春江坝下,7.03
2025-06-20T15:10:00,70101800,窄溪,4.25
2025-06-20T15:10:00,70102300,闸口,3.92
2025-06-20T15:10:00,7010AJ33,渌渚,4.26
2025-06-20T15:10:00,7011AJ4M,新桐乡,4.15
2025-06-20T15:10:00,7011AJ5M,渌渚镇,6.21
2025-06-20T15:10:00,7011AJ7R,山溪叶家,50.15
2025-06-20T15:10:00,7011AJ8R,山溪幕下,65.57
2025-06-20T15:10:00,7011AJ9R,山溪前桐,194.18
2025-06-20T15:10:00,7011AM2G,富春江水库严陵坞,22.95
2025-06-20T15:15:00,70101500,富春江电站(坝上),22.89
2025-06-20T15:15:00,70101501,富春江坝下,7.02
2025-06-20T15:15:00,70101800,窄溪,4.25
2025-06-20T15:15:00,70102300,闸口,3.92
2025-06-20T15:15:00,7010AJ33,渌渚,4.28
2025-06-20T15:15:00,7011AJ4M,新桐乡,4.14
2025-06-20T15:15:00,7011AJ5M,渌渚镇,6.21
2025-06-20T15:15:00,7011AJ7R,山溪叶家,50.15
2025-06-20T15:15:00,7011AJ8R,山溪幕下,65.57
2025-06-20T15:15:00,7011AJ9R,山溪前桐,194.19
2025-06-20T15:15:00,7011AM2G,富春江水库严陵坞,22.95
2025-06-20T15:20:00,70101500,富春江电站(坝上),22.87
2025-06-20T15:20:00,70101501,富春江坝下,7.03
2025-06-20T15:20:00,70101800,窄溪,4.25
2025-06-20T15:20:00,70102300,闸口,3.92
2025-06-20T15:20:00,7010AJ33,渌渚,4.26
2025-06-20T15:20:00,7011AJ4M,新桐乡,4.14
2025-06-20T15:20:00,7011AJ5M,渌渚镇,6.21
2025-06-20T15:20:00,7011AJ7R,山溪叶家,50.15
2025-06-20T15:20:00,7011AJ8R,山溪幕下,65.57
2025-06-20T15:20:00,7011AJ9R,山溪前桐,194.18
2025-06-20T15:20:00,7011AM2G,富春江水库严陵坞,22.95
2025-06-20T15:25:00,70101500,富春江电站(坝上),22.87
2025-06-20T15:25:00,70101501,富春江坝下,7.03
2025-06-20T15:25:00,70101800,窄溪,4.25
2025-06-20T15:25:00,70102300,闸口,3.93
2025-06-20T15:25:00,7010AJ33,渌渚,4.28
2025-06-20T15:25:00,7011AJ4M,新桐乡,4.14
2025-06-20T15:25:00,7011AJ5M,渌渚镇,6.21
2025-06-20T15:25:00,7011AJ7R,山溪叶家,50.15
2025-06-20T15:25:00,7011AJ8R,山溪幕下,65.57
2025-06-20T15:25:00,7011AJ9R,山溪前桐,194.18
2025-06-20T15:25:00,7011AM2G,富春江水库严陵坞,22.94
2025-06-20T15:30:00,70101500,富春江电站(坝上),22.86
2025-06-20T15:30:00,70101501,富春江坝下,7.03
2025-06-20T15:30:00,70101800,窄溪,4.25
2025-06-20T15:30:00,70102300,闸口,3.93
2025-06-20T15:30:00,7010AJ33,渌渚,4.28
2025-06-20T15:30:00,7011AJ4M,新桐乡,4.14
2025-06-20T15:30:00,7011AJ5M,渌渚镇,6.21
2025-06-20T15:30:00,7011AJ7R,山溪叶家,50.15
2025-06-20T15:30:00,7011AJ8R,山溪幕下,65.57
2025-06-20T15:30:00,7011AJ9R,山溪前桐,194.18
2025-06-20T15:30:00,7011AM2G,富春江水库严陵坞,22.94
2025-06-20T15:35:00,70101500,富春江电站(坝上),22.86
2025-06-20T15:35:00,70101501,富春江坝下,7.03
2025-06-20T15:35:00,70101800,窄溪,4.25
2025-06-20T15:35:00,70102300,闸口,3.93
2025-06-20T15:35:00,7010AJ33,渌渚,4.28
2025-06-20T15:35:00,7011AJ4M,新桐乡,4.14
2025-06-20T15:35:00,7011AJ5M,渌渚镇,6.21
2025-06-20T15:35:00,7011AJ7R,山溪叶家,50.15
2025-06-20T15:35:00,7011AJ8R,山溪幕下,65.57
2025-06-20T15:35:00,7011AJ9R,山溪前桐,194.18
2025-06-20T15:35:00,7011AM2G,富春江水库严陵坞,22.93
2025-06-20T15:40:00,70101500,富春江电站(坝上),22.85
2025-06-20T15:40:00,70101501,富春江坝下,7.02
2025-06-20T15:40:00,70101800,窄溪,4.26
2025-06-20T15:40:00,70102300,闸口,3.94
2025-06-20T15:40:00,7010AJ33,渌渚,4.28
2025-06-20T15:40:00,7011AJ4M,新桐乡,4.14
2025-06-20T15:40:00,7011AJ5M,渌渚镇,6.21
2025-06-20T15:40:00,7011AJ7R,山溪叶家,50.15
2025-06-20T15:40:00,7011AJ8R,山溪幕下,65.57
2025-06-20T15:40:00,7011AJ9R,山溪前桐,194.19
2025-06-20T15:40:00,7011AM2G,富春江水库严陵坞,22.93
2025-06-20T15:45:00,70101500,富春江电站(坝上),22.85
2025-06-20T15:45:00,70101501,富春江坝下,7.04
2025-06-20T15:45:00,70101800,窄溪,4.26
2025-06-20T15:45:00,70102300,闸口,3.94
2025-06-20T15:45:00,7010AJ33,渌渚,4.28
2025-06-20T15:45:00,7011AJ4M,新桐乡,4.14
2025-06-20T15:45:00,7011AJ5M,渌渚镇,6.21
2025-06-20T15:45:00,7011AJ7R,山溪叶家,50.15
2025-06-20T15:45:00,7011AJ8R,山溪幕下,65.57
2025-06-20T15:45:00,7011AJ9R,山溪前桐,194.18
2025-06-20T15:45:00,7011AM2G,富春江水库严陵坞,22.92
2025-06-20T15:50:00,70101500,富春江电站(坝上),22.84
2025-06-20T15:50:00,70101501,富春江坝下,7.03
2025-06-20T15:50:00,70101800,窄溪,4.26
2025-06-20T15:50:00,70102300,闸口,3.94
2025-06-20T15:50:00,7010AJ33,渌渚,4.28
2025-06-20T15:50:00,7011AJ4M,新桐乡,4.15
2025-06-20T15:50:00,7011AJ5M,渌渚镇,6.21
2025-06-20T15:50:00,7011AJ7R,山溪叶家,50.15
2025-06-20T15:50:00,7011AJ8R,山溪幕下,65.57
2025-06-20T15:50:00,7011AJ9R,山溪前桐,194.19
2025-06-20T15:50:00,7011AM2G,富春江水库严陵坞,22.92
2025-06-20T15:55:00,70101500,富春江电站(坝上),22.85
2025-06-20T15:55:00,70101501,富春江坝下,7.03
2025-06-20T15:55:00,70101800,窄溪,4.26
2025-06-20T15:55:00,70102300,闸口,3.94
2025-06-20T15:55:00,7010AJ33,渌渚,4.3
2025-06-20T15:55:00,7011AJ4M,新桐乡,4.15
2025-06-20T15:55:00,7011AJ5M,渌渚镇,6.21
2025-06-20T15:55:00,7011AJ7R,山溪叶家,50.15
2025-06-20T15:55:00,7011AJ8R,山溪幕下,65.57
2025-06-20T15:55:00,7011AJ9R,山溪前桐,194.18
2025-06-20T15:55:00,7011AM2G,富春江水库严陵坞,22.92
2025-06-20T16:00:00,70101500,富春江电站(坝上),22.85
2025-06-20T16:00:00,70101501,富春江坝下,7.03
2025-06-20T16:00:00,70101800,窄溪,4.26
2025-06-20T16:00:00,70102300,闸口,3.94
2025-06-20T16:00:00,7010AJ33,渌渚,4.3
2025-06-20T16:00:00,7011AJ4M,新桐乡,4.16
2025-06-20T16:00:00,7011AJ5M,渌渚镇,6.21
2025-06-20T16:00:00,7011AJ7R,山溪叶家,50.15
2025-06-20T16:00:00,7011AJ8R,山溪幕下,65.57
2025-06-20T16:00:00,7011AJ9R,山溪前桐,194.19
2025-06-20T16:00:00,7011AM2G,富春江水库严陵坞,22.92
2025-06-20T16:05:00,70101500,富春江电站(坝上),22.84
2025-06-20T16:05:00,70101501,富春江坝下,7.03
2025-06-20T16:05:00,70101800,窄溪,4.26
2025-06-20T16:05:00,70102300,闸口,3.94
2025-06-20T16:05:00,7010AJ33,渌渚,4.3
2025-06-20T16:05:00,7011AJ4M,新桐乡,4.16
2025-06-20T16:05:00,7011AJ5M,渌渚镇,6.21
2025-06-20T16:05:00,7011AJ7R,山溪叶家,50.13
2025-06-20T16:05:00,7011AJ8R,山溪幕下,65.57
2025-06-20T16:05:00,7011AJ9R,山溪前桐,194.19
2025-06-20T16:05:00,7011AM2G,富春江水库严陵坞,22.92
2025-06-20T16:10:00,70101500,富春江电站(坝上),22.85
2025-06-20T16:10:00,70101501,富春江坝下,7.03
2025-06-20T16:10:00,70101800,窄溪,4.26
2025-06-20T16:10:00,70102300,闸口,3.94
2025-06-20T16:10:00,7010AJ33,渌渚,4.3
2025-06-20T16:10:00,7011AJ4M,新桐乡,4.16
2025-06-20T16:10:00,7011AJ5M,渌渚镇,6.21
2025-06-20T16:10:00,7011AJ7R,山溪叶家,50.15
2025-06-20T16:10:00,7011AJ8R,山溪幕下,65.57
2025-06-20T16:10:00,7011AJ9R,山溪前桐,194.18
2025-06-20T16:10:00,7011AM2G,富春江水库严陵坞,22.92
2025-06-20T16:15:00,70101500,富春江电站(坝上),22.82
2025-06-20T16:15:00,70101501,富春江坝下,7.04
2025-06-20T16:15:00,70101800,窄溪,4.26
2025-06-20T16:15:00,70102300,闸口,3.94
2025-06-20T16:15:00,7010AJ33,渌渚,4.3
2025-06-20T16:15:00,7011AJ4M,新桐乡,4.16
2025-06-20T16:15:00,7011AJ5M,渌渚镇,6.21
2025-06-20T16:15:00,7011AJ7R,山溪叶家,50.15
2025-06-20T16:15:00,7011AJ8R,山溪幕下,65.57
2025-06-20T16:15:00,7011AJ9R,山溪前桐,194.18
2025-06-20T16:15:00,7011AM2G,富春江水库严陵坞,22.92
2025-06-20T16:20:00,70101500,富春江电站(坝上),22.82
2025-06-20T16:20:00,70101501,富春江坝下,7.05
2025-06-20T16:20:00,70101800,窄溪,4.26
2025-06-20T16:20:00,70102300,闸口,3.94
2025-06-20T16:20:00,7010AJ33,渌渚,4.3
2025-06-20T16:20:00,7011AJ4M,新桐乡,4.16
2025-06-20T16:20:00,7011AJ5M,渌渚镇,6.21
2025-06-20T16:20:00,7011AJ7R,山溪叶家,50.15
2025-06-20T16:20:00,7011AJ8R,山溪幕下,65.57
2025-06-20T16:20:00,7011AJ9R,山溪前桐,194.18
2025-06-20T16:20:00,7011AM2G,富春江水库严陵坞,22.9
2025-06-20T16:25:00,70101500,富春江电站(坝上),22.82
2025-06-20T16:25:00,70101501,富春江坝下,7.02
2025-06-20T16:25:00,70101800,窄溪,4.27
2025-06-20T16:25:00,70102300,闸口,3.94
2025-06-20T16:25:00,7010AJ33,渌渚,4.3
2025-06-20T16:25:00,7011AJ4M,新桐乡,4.16
2025-06-20T16:25:00,7011AJ5M,渌渚镇,6.21
2025-06-20T16:25:00,7011AJ7R,山溪叶家,50.15
2025-06-20T16:25:00,7011AJ8R,山溪幕下,65.57
2025-06-20T16:25:00,7011AJ9R,山溪前桐,194.18
2025-06-20T16:25:00,7011AM2G,富春江水库严陵坞,22.89
2025-06-20T16:30:00,70101500,富春江电站(坝上),22.82
2025-06-20T16:30:00,70101501,富春江坝下,7.04
2025-06-20T16:30:00,70101800,窄溪,4.27
2025-06-20T16:30:00,70102300,闸口,3.94
2025-06-20T16:30:00,7010AJ33,渌渚,4.3
2025-06-20T16:30:00,7011AJ4M,新桐乡,4.16
2025-06-20T16:30:00,7011AJ5M,渌渚镇,6.21
2025-06-20T16:30:00,7011AJ7R,山溪叶家,50.15
2025-06-20T16:30:00,7011AJ8R,山溪幕下,65.57
2025-06-20T16:30:00,7011AJ9R,山溪前桐,194.18
2025-06-20T16:30:00,7011AM2G,富春江水库严陵坞,22.89
2025-06-20T16:35:00,70101500,富春江电站(坝上),22.82
2025-06-20T16:35:00,70101501,富春江坝下,7.03
2025-06-20T16:35:00,70101800,窄溪,4.27
2025-06-20T16:35:00,70102300,闸口,3.94
2025-06-20T16:35:00,7010AJ33,渌渚,4.3
2025-06-20T16:35:00,7011AJ4M,新桐乡,4.17
2025-06-20T16:35:00,7011AJ5M,渌渚镇,6.21
2025-06-20T16:35:00,7011AJ7R,山溪叶家,50.15
2025-06-20T16:35:00,7011AJ8R,山溪幕下,65.57
2025-06-20T16:35:00,7011AJ9R,山溪前桐,194.18
2025-06-20T16:35:00,7011AM2G,富春江水库严陵坞,22.89
2025-06-20T16:40:00,70101500,富春江电站(坝上),22.82
2025-06-20T16:40:00,70101501,富春江坝下,7.05
2025-06-20T16:40:00,70101800,窄溪,4.27
2025-06-20T16:40:00,70102300,闸口,3.94
2025-06-20T16:40:00,7010AJ33,渌渚,4.3
2025-06-20T16:40:00,7011AJ4M,新桐乡,4.16
2025-06-20T16:40:00,7011AJ5M,渌渚镇,6.21
2025-06-20T16:40:00,7011AJ7R,山溪叶家,50.15
2025-06-20T16:40:00,7011AJ8R,山溪幕下,65.57
2025-06-20T16:40:00,7011AJ9R,山溪前桐,194.18
2025-06-20T16:40:00,7011AM2G,富春江水库严陵坞,22.89
2025-06-20T16:45:00,70101500,富春江电站(坝上),22.82
2025-06-20T16:45:00,70101501,富春江坝下,7.04
2025-06-20T16:45:00,70101800,窄溪,4.27
2025-06-20T16:45:00,70102300,闸口,3.94
2025-06-20T16:45:00,7010AJ33,渌渚,4.3
2025-06-20T16:45:00,7011AJ4M,新桐乡,4.17
2025-06-20T16:45:00,7011AJ5M,渌渚镇,6.21
2025-06-20T16:45:00,7011AJ7R,山溪叶家,50.15
2025-06-20T16:45:00,7011AJ8R,山溪幕下,65.57
2025-06-20T16:45:00,7011AJ9R,山溪前桐,194.19
2025-06-20T16:45:00,7011AM2G,富春江水库严陵坞,22.89
2025-06-20T16:50:00,70101500,富春江电站(坝上),22.81
2025-06-20T16:50:00,70101501,富春江坝下,7.03
2025-06-20T16:50:00,70101800,窄溪,4.27
2025-06-20T16:50:00,70102300,闸口,3.93
2025-06-20T16:50:00,7010AJ33,渌渚,4.3
2025-06-20T16:50:00,7011AJ4M,新桐乡,4.16
2025-06-20T16:50:00,7011AJ5M,渌渚镇,6.21
2025-06-20T16:50:00,7011AJ7R,山溪叶家,50.15
2025-06-20T16:50:00,7011AJ8R,山溪幕下,65.57
2025-06-20T16:50:00,7011AJ9R,山溪前桐,194.18
2025-06-20T16:50:00,7011AM2G,富春江水库严陵坞,22.89
2025-06-20T16:55:00,70101500,富春江电站(坝上),22.81
2025-06-20T16:55:00,70101501,富春江坝下,7.03
2025-06-20T16:55:00,70101800,窄溪,4.27
2025-06-20T16:55:00,70102300,闸口,3.94
2025-06-20T16:55:00,7010AJ33,渌渚,4.3
2025-06-20T16:55:00,7011AJ4M,新桐乡,4.16
2025-06-20T16:55:00,7011AJ5M,渌渚镇,6.21
2025-06-20T16:55:00,7011AJ7R,山溪叶家,50.15
2025-06-20T16:55:00,7011AJ8R,山溪幕下,65.57
2025-06-20T16:55:00,7011AJ9R,山溪前桐,194.18
2025-06-20T16:55:00,7011AM2G,富春江水库严陵坞,22.89
2025-06-20T17:00:00,70101500,富春江电站(坝上),22.81
2025-06-20T17:00:00,70101501,富春江坝下,7.03
2025-06-20T17:00:00,70101800,窄溪,4.27
2025-06-20T17:00:00,70102300,闸口,3.94
2025-06-20T17:00:00,7010AJ33,渌渚,4.3
2025-06-20T17:00:00,7011AJ4M,新桐乡,4.16
2025-06-20T17:00:00,7011AJ5M,渌渚镇,6.21
2025-06-20T17:00:00,7011AJ7R,山溪叶家,50.15
2025-06-20T17:00:00,7011AJ8R,山溪幕下,65.57
2025-06-20T17:00:00,7011AJ9R,山溪前桐,194.18
2025-06-20T17:00:00,7011AM2G,富春江水库严陵坞,22.87
2025-06-20T17:05:00,70101500,富春江电站(坝上),22.82
2025-06-20T17:05:00,70101501,富春江坝下,7.04
2025-06-20T17:05:00,70101800,窄溪,4.27
2025-06-20T17:05:00,70102300,闸口,3.94
2025-06-20T17:05:00,7010AJ33,渌渚,4.3
2025-06-20T17:05:00,7011AJ4M,新桐乡,4.16
2025-06-20T17:05:00,7011AJ5M,渌渚镇,6.21
2025-06-20T17:05:00,7011AJ7R,山溪叶家,50.14
2025-06-20T17:05:00,7011AJ8R,山溪幕下,65.57
2025-06-20T17:05:00,7011AJ9R,山溪前桐,194.19
2025-06-20T17:05:00,7011AM2G,富春江水库严陵坞,22.89
2025-06-20T17:10:00,70101500,富春江电站(坝上),22.82
2025-06-20T17:10:00,70101501,富春江坝下,7.05
2025-06-20T17:10:00,70101800,窄溪,4.28
2025-06-20T17:10:00,70102300,闸口,3.93
2025-06-20T17:10:00,7010AJ33,渌渚,4.3
2025-06-20T17:10:00,7011AJ4M,新桐乡,4.17
2025-06-20T17:10:00,7011AJ5M,渌渚镇,6.21
2025-06-20T17:10:00,7011AJ7R,山溪叶家,50.15
2025-06-20T17:10:00,7011AJ8R,山溪幕下,65.57
2025-06-20T17:10:00,7011AJ9R,山溪前桐,194.18
2025-06-20T17:10:00,7011AM2G,富春江水库严陵坞,22.88
2025-06-20T17:15:00,70101500,富春江电站(坝上),22.81
2025-06-20T17:15:00,70101501,富春江坝下,7.03
2025-06-20T17:15:00,70101800,窄溪,4.28
2025-06-20T17:15:00,70102300,闸口,3.93
2025-06-20T17:15:00,7010AJ33,渌渚,4.3
2025-06-20T17:15:00,7011AJ4M,新桐乡,4.17
2025-06-20T17:15:00,7011AJ5M,渌渚镇,6.21
2025-06-20T17:15:00,7011AJ7R,山溪叶家,50.15
2025-06-20T17:15:00,7011AJ8R,山溪幕下,65.57
2025-06-20T17:15:00,7011AJ9R,山溪前桐,194.18
2025-06-20T17:15:00,7011AM2G,富春江水库严陵坞,22.89
2025-06-20T17:20:00,70101500,富春江电站(坝上),22.82
2025-06-20T17:20:00,70101501,富春江坝下,7.05
2025-06-20T17:20:00,70101800,窄溪,4.28
2025-06-20T17:20:00,70102300,闸口,3.93
2025-06-20T17:20:00,7010AJ33,渌渚,4.3
2025-06-20T17:20:00,7011AJ4M,新桐乡,4.17
2025-06-20T17:20:00,7011AJ5M,渌渚镇,6.21
2025-06-20T17:20:00,7011AJ7R,山溪叶家,50.15
2025-06-20T17:20:00,7011AJ8R,山溪幕下,65.57
2025-06-20T17:20:00,7011AJ9R,山溪前桐,194.19
2025-06-20T17:20:00,7011AM2G,富春江水库严陵坞,22.88
2025-06-20T17:25:00,70101500,富春江电站(坝上),22.8
2025-06-20T17:25:00,70101501,富春江坝下,7.04
2025-06-20T17:25:00,70101800,窄溪,4.28
2025-06-20T17:25:00,70102300,闸口,3.93
2025-06-20T17:25:00,7010AJ33,渌渚,4.3
2025-06-20T17:25:00,7011AJ4M,新桐乡,4.17
2025-06-20T17:25:00,7011AJ5M,渌渚镇,6.21
2025-06-20T17:25:00,7011AJ7R,山溪叶家,50.15
2025-06-20T17:25:00,7011AJ8R,山溪幕下,65.57
2025-06-20T17:25:00,7011AJ9R,山溪前桐,194.18
2025-06-20T17:25:00,7011AM2G,富春江水库严陵坞,22.88
2025-06-20T17:30:00,70101500,富春江电站(坝上),22.8
2025-06-20T17:30:00,70101501,富春江坝下,7.04
2025-06-20T17:30:00,70101800,窄溪,4.28
2025-06-20T17:30:00,70102300,闸口,3.93
2025-06-20T17:30:00,7010AJ33,渌渚,4.3
2025-06-20T17:30:00,7011AJ4M,新桐乡,4.16
2025-06-20T17:30:00,7011AJ5M,渌渚镇,6.21
2025-06-20T17:30:00,7011AJ7R,山溪叶家,50.15
2025-06-20T17:30:00,7011AJ8R,山溪幕下,65.57
2025-06-20T17:30:00,7011AJ9R,山溪前桐,194.18
2025-06-20T17:30:00,7011AM2G,富春江水库严陵坞,22.88
2025-06-20T17:35:00,70101500,富春江电站(坝上),22.8
2025-06-20T17:35:00,70101501,富春江坝下,7.05
2025-06-20T17:35:00,70101800,窄溪,4.28
2025-06-20T17:35:00,70102300,闸口,3.93
2025-06-20T17:35:00,7010AJ33,渌渚,4.32
2025-06-20T17:35:00,7011AJ4M,新桐乡,4.16
2025-06-20T17:35:00,7011AJ5M,渌渚镇,6.21
2025-06-20T17:35:00,7011AJ7R,山溪叶家,50.15
2025-06-20T17:35:00,7011AJ8R,山溪幕下,65.57
2025-06-20T17:35:00,7011AJ9R,山溪前桐,194.18
2025-06-20T17:35:00,7011AM2G,富春江水库严陵坞,22.88
2025-06-20T17:40:00,70101500,富春江电站(坝上),22.8
2025-06-20T17:40:00,70101501,富春江坝下,7.04
2025-06-20T17:40:00,70101800,窄溪,4.28
2025-06-20T17:40:00,70102300,闸口,3.93
2025-06-20T17:40:00,7010AJ33,渌渚,4.32
2025-06-20T17:40:00,7011AJ4M,新桐乡,4.17
2025-06-20T17:40:00,7011AJ5M,渌渚镇,6.21
2025-06-20T17:40:00,7011AJ7R,山溪叶家,50.15
2025-06-20T17:40:00,7011AJ8R,山溪幕下,65.57
2025-06-20T17:40:00,7011AJ9R,山溪前桐,194.19
2025-06-20T17:40:00,7011AM2G,富春江水库严陵坞,22.88
2025-06-20T17:45:00,70101500,富春江电站(坝上),22.8
2025-06-20T17:45:00,70101501,富春江坝下,7.04
2025-06-20T17:45:00,70101800,窄溪,4.28
2025-06-20T17:45:00,70102300,闸口,3.93
2025-06-20T17:45:00,7010AJ33,渌渚,4.32
2025-06-20T17:45:00,7011AJ4M,新桐乡,4.18
2025-06-20T17:45:00,7011AJ5M,渌渚镇,6.21
2025-06-20T17:45:00,7011AJ7R,山溪叶家,50.15
2025-06-20T17:45:00,7011AJ8R,山溪幕下,65.57
2025-06-20T17:45:00,7011AJ9R,山溪前桐,194.19
2025-06-20T17:45:00,7011AM2G,富春江水库严陵坞,22.87
2025-06-20T17:50:00,70101500,富春江电站(坝上),22.81
2025-06-20T17:50:00,70101501,富春江坝下,7.05
2025-06-20T17:50:00,70101800,窄溪,4.28
2025-06-20T17:50:00,70102300,闸口,3.93
2025-06-20T17:50:00,7010AJ33,渌渚,4.32
2025-06-20T17:50:00,7011AJ4M,新桐乡,4.18
2025-06-20T17:50:00,7011AJ5M,渌渚镇,6.21
2025-06-20T17:50:00,7011AJ7R,山溪叶家,50.15
2025-06-20T17:50:00,7011AJ8R,山溪幕下,65.57
2025-06-20T17:50:00,7011AJ9R,山溪前桐,194.18
2025-06-20T17:50:00,7011AM2G,富春江水库严陵坞,22.87
2025-06-20T17:55:00,70101500,富春江电站(坝上),22.8
2025-06-20T17:55:00,70101501,富春江坝下,7.05
2025-06-20T17:55:00,70101800,窄溪,4.29
2025-06-20T17:55:00,70102300,闸口,3.93
2025-06-20T17:55:00,7010AJ33,渌渚,4.32
2025-06-20T17:55:00,7011AJ4M,新桐乡,4.18
2025-06-20T17:55:00,7011AJ5M,渌渚镇,6.21
2025-06-20T17:55:00,7011AJ7R,山溪叶家,50.15
2025-06-20T17:55:00,7011AJ8R,山溪幕下,65.57
2025-06-20T17:55:00,7011AJ9R,山溪前桐,194.18
2025-06-20T17:55:00,7011AM2G,富春江水库严陵坞,22.87
2025-06-20T18:00:00,70101500,富春江电站(坝上),22.8
2025-06-20T18:00:00,70101501,富春江坝下,7.04
2025-06-20T18:00:00,70101800,窄溪,4.29
2025-06-20T18:00:00,70102300,闸口,3.93
2025-06-20T18:00:00,7010AJ33,渌渚,4.32
2025-06-20T18:00:00,7011AJ4M,新桐乡,4.18
2025-06-20T18:00:00,7011AJ5M,渌渚镇,6.21
2025-06-20T18:00:00,7011AJ7R,山溪叶家,50.15
2025-06-20T18:00:00,7011AJ8R,山溪幕下,65.57
2025-06-20T18:00:00,7011AJ9R,山溪前桐,194.18
2025-06-20T18:00:00,7011AM2G,富春江水库严陵坞,22.87
2025-06-20T18:05:00,70101500,富春江电站(坝上),22.79
2025-06-20T18:05:00,70101501,富春江坝下,7.04
2025-06-20T18:05:00,70101800,窄溪,4.29
2025-06-20T18:05:00,70102300,闸口,3.92
2025-06-20T18:05:00,7010AJ33,渌渚,4.32
2025-06-20T18:05:00,7011AJ4M,新桐乡,4.18
2025-06-20T18:05:00,7011AJ5M,渌渚镇,6.21
2025-06-20T18:05:00,7011AJ7R,山溪叶家,50.15
2025-06-20T18:05:00,7011AJ8R,山溪幕下,65.57
2025-06-20T18:05:00,7011AJ9R,山溪前桐,194.19
2025-06-20T18:05:00,7011AM2G,富春江水库严陵坞,22.87
2025-06-20T18:10:00,70101500,富春江电站(坝上),22.78
2025-06-20T18:10:00,70101501,富春江坝下,7.04
2025-06-20T18:10:00,70101800,窄溪,4.29
2025-06-20T18:10:00,70102300,闸口,3.92
2025-06-20T18:10:00,7010AJ33,渌渚,4.32
2025-06-20T18:10:00,7011AJ4M,新桐乡,4.18
2025-06-20T18:10:00,7011AJ5M,渌渚镇,6.22
2025-06-20T18:10:00,7011AJ7R,山溪叶家,50.15
2025-06-20T18:10:00,7011AJ8R,山溪幕下,65.57
2025-06-20T18:10:00,7011AJ9R,山溪前桐,194.19
2025-06-20T18:10:00,7011AM2G,富春江水库严陵坞,22.86
2025-06-20T18:15:00,70101500,富春江电站(坝上),22.79
2025-06-20T18:15:00,70101501,富春江坝下,7.08
2025-06-20T18:15:00,70101800,窄溪,4.29
2025-06-20T18:15:00,70102300,闸口,3.92
2025-06-20T18:15:00,7010AJ33,渌渚,4.32
2025-06-20T18:15:00,7011AJ4M,新桐乡,4.18
2025-06-20T18:15:00,7011AJ5M,渌渚镇,6.22
2025-06-20T18:15:00,7011AJ7R,山溪叶家,50.15
2025-06-20T18:15:00,7011AJ8R,山溪幕下,65.57
2025-06-20T18:15:00,7011AJ9R,山溪前桐,194.18
2025-06-20T18:15:00,7011AM2G,富春江水库严陵坞,22.86
2025-06-20T18:20:00,70101500,富春江电站(坝上),22.78
2025-06-20T18:20:00,70101501,富春江坝下,7.1
2025-06-20T18:20:00,70101800,窄溪,4.29
2025-06-20T18:20:00,70102300,闸口,3.92
2025-06-20T18:20:00,7010AJ33,渌渚,4.32
2025-06-20T18:20:00,7011AJ4M,新桐乡,4.19
2025-06-20T18:20:00,7011AJ5M,渌渚镇,6.22
2025-06-20T18:20:00,7011AJ7R,山溪叶家,50.15
2025-06-20T18:20:00,7011AJ8R,山溪幕下,65.57
2025-06-20T18:20:00,7011AJ9R,山溪前桐,194.18
2025-06-20T18:20:00,7011AM2G,富春江水库严陵坞,22.86
2025-06-20T18:25:00,70101500,富春江电站(坝上),22.78
2025-06-20T18:25:00,70101501,富春江坝下,7.09
2025-06-20T18:25:00,70101800,窄溪,4.29
2025-06-20T18:25:00,70102300,闸口,3.92
2025-06-20T18:25:00,7010AJ33,渌渚,4.32
2025-06-20T18:25:00,7011AJ4M,新桐乡,4.19
2025-06-20T18:25:00,7011AJ5M,渌渚镇,6.22
2025-06-20T18:25:00,7011AJ7R,山溪叶家,50.15
2025-06-20T18:25:00,7011AJ8R,山溪幕下,65.57
2025-06-20T18:25:00,7011AJ9R,山溪前桐,194.18
2025-06-20T18:25:00,7011AM2G,富春江水库严陵坞,22.85
2025-06-20T18:30:00,70101500,富春江电站(坝上),22.77
2025-06-20T18:30:00,70101501,富春江坝下,7.06
2025-06-20T18:30:00,70101800,窄溪,4.29
2025-06-20T18:30:00,70102300,闸口,3.92
2025-06-20T18:30:00,7010AJ33,渌渚,4.32
2025-06-20T18:30:00,7011AJ4M,新桐乡,4.19
2025-06-20T18:30:00,7011AJ5M,渌渚镇,6.21
2025-06-20T18:30:00,7011AJ7R,山溪叶家,50.15
2025-06-20T18:30:00,7011AJ8R,山溪幕下,65.57
2025-06-20T18:30:00,7011AJ9R,山溪前桐,194.18
2025-06-20T18:30:00,7011AM2G,富春江水库严陵坞,22.85
2025-06-20T18:35:00,70101500,富春江电站(坝上),22.77
2025-06-20T18:35:00,70101501,富春江坝下,7.06
2025-06-20T18:35:00,70101800,窄溪,4.29
2025-06-20T18:35:00,70102300,闸口,3.92
2025-06-20T18:35:00,7010AJ33,渌渚,4.32
2025-06-20T18:35:00,7011AJ4M,新桐乡,4.19
2025-06-20T18:35:00,7011AJ5M,渌渚镇,6.22
2025-06-20T18:35:00,7011AJ7R,山溪叶家,50.15
2025-06-20T18:35:00,7011AJ8R,山溪幕下,65.57
2025-06-20T18:35:00,7011AJ9R,山溪前桐,194.19
2025-06-20T18:35:00,7011AM2G,富春江水库严陵坞,22.85
2025-06-20T18:40:00,70101500,富春江电站(坝上),22.77
2025-06-20T18:40:00,70101501,富春江坝下,7.03
2025-06-20T18:40:00,70101800,窄溪,4.29
2025-06-20T18:40:00,70102300,闸口,3.92
2025-06-20T18:40:00,7010AJ33,渌渚,4.32
2025-06-20T18:40:00,7011AJ4M,新桐乡,4.19
2025-06-20T18:40:00,7011AJ5M,渌渚镇,6.22
2025-06-20T18:40:00,7011AJ7R,山溪叶家,50.15
2025-06-20T18:40:00,7011AJ8R,山溪幕下,65.57
2025-06-20T18:40:00,7011AJ9R,山溪前桐,194.19
2025-06-20T18:40:00,7011AM2G,富春江水库严陵坞,22.85
2025-06-20T18:45:00,70101500,富春江电站(坝上),22.77
2025-06-20T18:45:00,70101501,富春江坝下,7.04
2025-06-20T18:45:00,70101800,窄溪,4.29
2025-06-20T18:45:00,70102300,闸口,3.92
2025-06-20T18:45:00,7010AJ33,渌渚,4.32
2025-06-20T18:45:00,7011AJ4M,新桐乡,4.2
2025-06-20T18:45:00,7011AJ5M,渌渚镇,6.22
2025-06-20T18:45:00,7011AJ7R,山溪叶家,50.15
2025-06-20T18:45:00,7011AJ8R,山溪幕下,65.57
2025-06-20T18:45:00,7011AJ9R,山溪前桐,194.18
2025-06-20T18:45:00,7011AM2G,富春江水库严陵坞,22.85
2025-06-20T18:50:00,70101500,富春江电站(坝上),22.77
2025-06-20T18:50:00,70101501,富春江坝下,7.05
2025-06-20T18:50:00,70101800,窄溪,4.3
2025-06-20T18:50:00,70102300,闸口,3.92
2025-06-20T18:50:00,7010AJ33,渌渚,4.32
2025-06-20T18:50:00,7011AJ4M,新桐乡,4.2
2025-06-20T18:50:00,7011AJ5M,渌渚镇,6.22
2025-06-20T18:50:00,7011AJ7R,山溪叶家,50.15
2025-06-20T18:50:00,7011AJ8R,山溪幕下,65.57
2025-06-20T18:50:00,7011AJ9R,山溪前桐,194.18
2025-06-20T18:50:00,7011AM2G,富春江水库严陵坞,22.85
2025-06-20T18:55:00,70101500,富春江电站(坝上),22.77
2025-06-20T18:55:00,70101501,富春江坝下,7.04
2025-06-20T18:55:00,70101800,窄溪,4.29
2025-06-20T18:55:00,70102300,闸口,3.92
2025-06-20T18:55:00,7010AJ33,渌渚,4.32
2025-06-20T18:55:00,7011AJ4M,新桐乡,4.19
2025-06-20T18:55:00,7011AJ5M,渌渚镇,6.21
2025-06-20T18:55:00,7011AJ7R,山溪叶家,50.15
2025-06-20T18:55:00,7011AJ8R,山溪幕下,65.57
2025-06-20T18:55:00,7011AJ9R,山溪前桐,194.19
2025-06-20T18:55:00,7011AM2G,富春江水库严陵坞,22.84
2025-06-20T19:00:00,70101500,富春江电站(坝上),22.76
2025-06-20T19:00:00,70101501,富春江坝下,7.03
2025-06-20T19:00:00,70101800,窄溪,4.3
2025-06-20T19:00:00,70102300,闸口,3.92
2025-06-20T19:00:00,7010AJ33,渌渚,4.32
2025-06-20T19:00:00,7011AJ4M,新桐乡,4.19
2025-06-20T19:00:00,7011AJ5M,渌渚镇,6.22
2025-06-20T19:00:00,7011AJ7R,山溪叶家,50.15
2025-06-20T19:00:00,7011AJ8R,山溪幕下,65.57
2025-06-20T19:00:00,7011AJ9R,山溪前桐,194.19
2025-06-20T19:00:00,7011AM2G,富春江水库严陵坞,22.84
2025-06-20T19:05:00,70101500,富春江电站(坝上),22.76
2025-06-20T19:05:00,70101501,富春江坝下,7.04
2025-06-20T19:05:00,70101800,窄溪,4.3
2025-06-20T19:05:00,70102300,闸口,3.92
2025-06-20T19:05:00,7010AJ33,渌渚,4.32
2025-06-20T19:05:00,7011AJ4M,新桐乡,4.19
2025-06-20T19:05:00,7011AJ5M,渌渚镇,6.22
2025-06-20T19:05:00,7011AJ7R,山溪叶家,50.15
2025-06-20T19:05:00,7011AJ8R,山溪幕下,65.57
2025-06-20T19:05:00,7011AJ9R,山溪前桐,194.18
2025-06-20T19:05:00,7011AM2G,富春江水库严陵坞,22.84
2025-06-20T19:10:00,70101500,富春江电站(坝上),22.76
2025-06-20T19:10:00,70101501,富春江坝下,7.04
2025-06-20T19:10:00,70101800,窄溪,4.3
2025-06-20T19:10:00,70102300,闸口,3.92
2025-06-20T19:10:00,7010AJ33,渌渚,4.34
2025-06-20T19:10:00,7011AJ4M,新桐乡,4.2
2025-06-20T19:10:00,7011AJ5M,渌渚镇,6.22
2025-06-20T19:10:00,7011AJ7R,山溪叶家,50.15
2025-06-20T19:10:00,7011AJ8R,山溪幕下,65.57
2025-06-20T19:10:00,7011AJ9R,山溪前桐,194.18
2025-06-20T19:10:00,7011AM2G,富春江水库严陵坞,22.84
2025-06-20T19:15:00,70101500,富春江电站(坝上),22.76
2025-06-20T19:15:00,70101501,富春江坝下,7.02
2025-06-20T19:15:00,70101800,窄溪,4.3
2025-06-20T19:15:00,70102300,闸口,3.92
2025-06-20T19:15:00,7010AJ33,渌渚,4.34
2025-06-20T19:15:00,7011AJ4M,新桐乡,4.2
2025-06-20T19:15:00,7011AJ5M,渌渚镇,6.22
2025-06-20T19:15:00,7011AJ7R,山溪叶家,50.15
2025-06-20T19:15:00,7011AJ8R,山溪幕下,65.57
2025-06-20T19:15:00,7011AJ9R,山溪前桐,194.18
2025-06-20T19:15:00,7011AM2G,富春江水库严陵坞,22.83
2025-06-20T19:20:00,70101500,富春江电站(坝上),22.76
2025-06-20T19:20:00,70101501,富春江坝下,7.04
2025-06-20T19:20:00,70101800,窄溪,4.3
2025-06-20T19:20:00,70102300,闸口,3.92
2025-06-20T19:20:00,7010AJ33,渌渚,4.34
2025-06-20T19:20:00,7011AJ4M,新桐乡,4.2
2025-06-20T19:20:00,7011AJ5M,渌渚镇,6.22
2025-06-20T19:20:00,7011AJ7R,山溪叶家,50.15
2025-06-20T19:20:00,7011AJ8R,山溪幕下,65.57
2025-06-20T19:20:00,7011AJ9R,山溪前桐,194.19
2025-06-20T19:20:00,7011AM2G,富春江水库严陵坞,22.83
2025-06-20T19:25:00,70101500,富春江电站(坝上),22.76
2025-06-20T19:25:00,70101501,富春江坝下,7.03
2025-06-20T19:25:00,70101800,窄溪,4.3
2025-06-20T19:25:00,70102300,闸口,3.92
2025-06-20T19:25:00,7010AJ33,渌渚,4.34
2025-06-20T19:25:00,7011AJ4M,新桐乡,4.2
2025-06-20T19:25:00,7011AJ5M,渌渚镇,6.22
2025-06-20T19:25:00,7011AJ7R,山溪叶家,50.15
2025-06-20T19:25:00,7011AJ8R,山溪幕下,65.57
2025-06-20T19:25:00,7011AJ9R,山溪前桐,194.18
2025-06-20T19:25:00,7011AM2G,富春江水库严陵坞,22.83
2025-06-20T19:30:00,70101500,富春江电站(坝上),22.74
2025-06-20T19:30:00,70101501,富春江坝下,7.05
2025-06-20T19:30:00,70101800,窄溪,4.3
2025-06-20T19:30:00,70102300,闸口,3.92
2025-06-20T19:30:00,7010AJ33,渌渚,4.34
2025-06-20T19:30:00,7011AJ4M,新桐乡,4.2
2025-06-20T19:30:00,7011AJ5M,渌渚镇,6.22
2025-06-20T19:30:00,7011AJ7R,山溪叶家,50.15
2025-06-20T19:30:00,7011AJ8R,山溪幕下,65.57
2025-06-20T19:30:00,7011AJ9R,山溪前桐,194.19
2025-06-20T19:30:00,7011AM2G,富春江水库严陵坞,22.83
2025-06-20T19:35:00,70101500,富春江电站(坝上),22.74
2025-06-20T19:35:00,70101501,富春江坝下,7.03
2025-06-20T19:35:00,70101800,窄溪,4.3
2025-06-20T19:35:00,70102300,闸口,3.92
2025-06-20T19:35:00,7010AJ33,渌渚,4.34
2025-06-20T19:35:00,7011AJ4M,新桐乡,4.21
2025-06-20T19:35:00,7011AJ5M,渌渚镇,6.22
2025-06-20T19:35:00,7011AJ7R,山溪叶家,50.15
2025-06-20T19:35:00,7011AJ8R,山溪幕下,65.57
2025-06-20T19:35:00,7011AJ9R,山溪前桐,194.18
2025-06-20T19:35:00,7011AM2G,富春江水库严陵坞,22.82
2025-06-20T19:40:00,70101500,富春江电站(坝上),22.74
2025-06-20T19:40:00,70101501,富春江坝下,7.04
2025-06-20T19:40:00,70101800,窄溪,4.3
2025-06-20T19:40:00,70102300,闸口,3.92
2025-06-20T19:40:00,7010AJ33,渌渚,4.34
2025-06-20T19:40:00,7011AJ4M,新桐乡,4.21
2025-06-20T19:40:00,7011AJ5M,渌渚镇,6.21
2025-06-20T19:40:00,7011AJ7R,山溪叶家,50.15
2025-06-20T19:40:00,7011AJ8R,山溪幕下,65.57
2025-06-20T19:40:00,7011AJ9R,山溪前桐,194.18
2025-06-20T19:40:00,7011AM2G,富春江水库严陵坞,22.82
2025-06-20T19:45:00,70101500,富春江电站(坝上),22.74
2025-06-20T19:45:00,70101501,富春江坝下,7.04
2025-06-20T19:45:00,70101800,窄溪,4.3
2025-06-20T19:45:00,70102300,闸口,3.92
2025-06-20T19:45:00,7010AJ33,渌渚,4.34
2025-06-20T19:45:00,7011AJ4M,新桐乡,4.2
2025-06-20T19:45:00,7011AJ5M,渌渚镇,6.21
2025-06-20T19:45:00,7011AJ7R,山溪叶家,50.15
2025-06-20T19:45:00,7011AJ8R,山溪幕下,65.57
2025-06-20T19:45:00,7011AJ9R,山溪前桐,194.18
2025-06-20T19:45:00,7011AM2G,富春江水库严陵坞,22.81
2025-06-20T19:50:00,70101500,富春江电站(坝上),22.74
2025-06-20T19:50:00,70101501,富春江坝下,7.03
2025-06-20T19:50:00,70101800,窄溪,4.3
2025-06-20T19:50:00,70102300,闸口,3.92
2025-06-20T19:50:00,7010AJ33,渌渚,4.34
2025-06-20T19:50:00,7011AJ4M,新桐乡,4.19
2025-06-20T19:50:00,7011AJ5M,渌渚镇,6.21
2025-06-20T19:50:00,7011AJ7R,山溪叶家,50.15
2025-06-20T19:50:00,7011AJ8R,山溪幕下,65.57
2025-06-20T19:50:00,7011AJ9R,山溪前桐,194.19
2025-06-20T19:50:00,7011AM2G,富春江水库严陵坞,22.81
2025-06-20T19:55:00,70101500,富春江电站(坝上),22.74
2025-06-20T19:55:00,70101501,富春江坝下,7.03
2025-06-20T19:55:00,70101800,窄溪,4.3
2025-06-20T19:55:00,70102300,闸口,3.92
2025-06-20T19:55:00,7010AJ33,渌渚,4.34
2025-06-20T19:55:00,7011AJ4M,新桐乡,4.19
2025-06-20T19:55:00,7011AJ5M,渌渚镇,6.21
2025-06-20T19:55:00,7011AJ7R,山溪叶家,50.15
2025-06-20T19:55:00,7011AJ8R,山溪幕下,65.57
2025-06-20T19:55:00,7011AJ9R,山溪前桐,194.19
2025-06-20T19:55:00,7011AM2G,富春江水库严陵坞,22.81
2025-06-20T20:00:00,70101500,富春江电站(坝上),22.74
2025-06-20T20:00:00,70101501,富春江坝下,7.03
2025-06-20T20:00:00,70101800,窄溪,4.3
2025-06-20T20:00:00,70102300,闸口,3.92
2025-06-20T20:00:00,7010AJ33,渌渚,4.34
2025-06-20T20:00:00,7011AJ4M,新桐乡,4.2
2025-06-20T20:00:00,7011AJ5M,渌渚镇,6.21
2025-06-20T20:00:00,7011AJ7R,山溪叶家,50.15
2025-06-20T20:00:00,7011AJ8R,山溪幕下,65.57
2025-06-20T20:00:00,7011AJ9R,山溪前桐,194.19
2025-06-20T20:00:00,7011AM2G,富春江水库严陵坞,22.81
2025-06-20T20:05:00,70101500,富春江电站(坝上),22.74
2025-06-20T20:05:00,70101501,富春江坝下,7.03
2025-06-20T20:05:00,70101800,窄溪,4.3
2025-06-20T20:05:00,70102300,闸口,3.92
2025-06-20T20:05:00,7010AJ33,渌渚,4.34
2025-06-20T20:05:00,7011AJ4M,新桐乡,4.2
2025-06-20T20:05:00,7011AJ5M,渌渚镇,6.21
2025-06-20T20:05:00,7011AJ7R,山溪叶家,50.15
2025-06-20T20:05:00,7011AJ8R,山溪幕下,65.57
2025-06-20T20:05:00,7011AJ9R,山溪前桐,194.18
2025-06-20T20:05:00,7011AM2G,富春江水库严陵坞,22.81
2025-06-20T20:10:00,70101500,富春江电站(坝上),22.74
2025-06-20T20:10:00,70101501,富春江坝下,7.05
2025-06-20T20:10:00,70101800,窄溪,4.3
2025-06-20T20:10:00,70102300,闸口,3.92
2025-06-20T20:10:00,7010AJ33,渌渚,4.34
2025-06-20T20:10:00,7011AJ4M,新桐乡,4.2
2025-06-20T20:10:00,7011AJ5M,渌渚镇,6.21
2025-06-20T20:10:00,7011AJ7R,山溪叶家,50.15
2025-06-20T20:10:00,7011AJ8R,山溪幕下,65.57
2025-06-20T20:10:00,7011AJ9R,山溪前桐,194.18
2025-06-20T20:10:00,7011AM2G,富春江水库严陵坞,22.81
2025-06-20T20:15:00,70101500,富春江电站(坝上),22.74
2025-06-20T20:15:00,70101501,富春江坝下,7.03
2025-06-20T20:15:00,70101800,窄溪,4.3
2025-06-20T20:15:00,70102300,闸口,3.92
2025-06-20T20:15:00,7010AJ33,渌渚,4.34
2025-06-20T20:15:00,7011AJ4M,新桐乡,4.2
2025-06-20T20:15:00,7011AJ5M,渌渚镇,6.21
2025-06-20T20:15:00,7011AJ7R,山溪叶家,50.15
2025-06-20T20:15:00,7011AJ8R,山溪幕下,65.57
2025-06-20T20:15:00,7011AJ9R,山溪前桐,194.18
2025-06-20T20:15:00,7011AM2G,富春江水库严陵坞,22.81
2025-06-20T20:20:00,70101500,富春江电站(坝上),22.74
2025-06-20T20:20:00,70101501,富春江坝下,7.03
2025-06-20T20:20:00,70101800,窄溪,4.3
2025-06-20T20:20:00,70102300,闸口,3.92
2025-06-20T20:20:00,7010AJ33,渌渚,4.34
2025-06-20T20:20:00,7011AJ4M,新桐乡,4.2
2025-06-20T20:20:00,7011AJ5M,渌渚镇,6.21
2025-06-20T20:20:00,7011AJ7R,山溪叶家,50.15
2025-06-20T20:20:00,7011AJ8R,山溪幕下,65.57
2025-06-20T20:20:00,7011AJ9R,山溪前桐,194.18
2025-06-20T20:20:00,7011AM2G,富春江水库严陵坞,22.81
2025-06-20T20:25:00,70101500,富春江电站(坝上),22.74
2025-06-20T20:25:00,70101501,富春江坝下,7.04
2025-06-20T20:25:00,70101800,窄溪,4.3
2025-06-20T20:25:00,70102300,闸口,3.92
2025-06-20T20:25:00,7010AJ33,渌渚,4.34
2025-06-20T20:25:00,7011AJ4M,新桐乡,4.2
2025-06-20T20:25:00,7011AJ5M,渌渚镇,6.21
2025-06-20T20:25:00,7011AJ7R,山溪叶家,50.15
2025-06-20T20:25:00,7011AJ8R,山溪幕下,65.56
2025-06-20T20:25:00,7011AJ9R,山溪前桐,194.19
2025-06-20T20:25:00,7011AM2G,富春江水库严陵坞,22.81
2025-06-20T20:30:00,70101500,富春江电站(坝上),22.74
2025-06-20T20:30:00,70101501,富春江坝下,7.04
2025-06-20T20:30:00,70101800,窄溪,4.3
2025-06-20T20:30:00,70102300,闸口,3.92
2025-06-20T20:30:00,7010AJ33,渌渚,4.34
2025-06-20T20:30:00,7011AJ4M,新桐乡,4.19
2025-06-20T20:30:00,7011AJ5M,渌渚镇,6.21
2025-06-20T20:30:00,7011AJ7R,山溪叶家,50.15
2025-06-20T20:30:00,7011AJ8R,山溪幕下,65.57
2025-06-20T20:30:00,7011AJ9R,山溪前桐,194.18
2025-06-20T20:30:00,7011AM2G,富春江水库严陵坞,22.81
2025-06-20T20:35:00,70101500,富春江电站(坝上),22.73
2025-06-20T20:35:00,70101501,富春江坝下,7.03
2025-06-20T20:35:00,70101800,窄溪,4.3
2025-06-20T20:35:00,70102300,闸口,3.92
2025-06-20T20:35:00,7010AJ33,渌渚,4.34
2025-06-20T20:35:00,7011AJ4M,新桐乡,4.2
2025-06-20T20:35:00,7011AJ5M,渌渚镇,6.21
2025-06-20T20:35:00,7011AJ7R,山溪叶家,50.15
2025-06-20T20:35:00,7011AJ8R,山溪幕下,65.57
2025-06-20T20:35:00,7011AJ9R,山溪前桐,194.18
2025-06-20T20:35:00,7011AM2G,富春江水库严陵坞,22.81
2025-06-20T20:40:00,70101500,富春江电站(坝上),22.74
2025-06-20T20:40:00,70101501,富春江坝下,7.03
2025-06-20T20:40:00,70101800,窄溪,4.3
2025-06-20T20:40:00,70102300,闸口,3.92
2025-06-20T20:40:00,7010AJ33,渌渚,4.34
2025-06-20T20:40:00,7011AJ4M,新桐乡,4.19
2025-06-20T20:40:00,7011AJ5M,渌渚镇,6.21
2025-06-20T20:40:00,7011AJ7R,山溪叶家,50.15
2025-06-20T20:40:00,7011AJ8R,山溪幕下,65.57
2025-06-20T20:40:00,7011AJ9R,山溪前桐,194.18
2025-06-20T20:40:00,7011AM2G,富春江水库严陵坞,22.81
2025-06-20T20:45:00,70101500,富春江电站(坝上),22.72
2025-06-20T20:45:00,70101501,富春江坝下,7.05
2025-06-20T20:45:00,70101800,窄溪,4.3
2025-06-20T20:45:00,70102300,闸口,3.92
2025-06-20T20:45:00,7010AJ33,渌渚,4.34
2025-06-20T20:45:00,7011AJ4M,新桐乡,4.19
2025-06-20T20:45:00,7011AJ5M,渌渚镇,6.21
2025-06-20T20:45:00,7011AJ7R,山溪叶家,50.15
2025-06-20T20:45:00,7011AJ8R,山溪幕下,65.57
2025-06-20T20:45:00,7011AJ9R,山溪前桐,194.19
2025-06-20T20:45:00,7011AM2G,富春江水库严陵坞,22.8
2025-06-20T20:50:00,70101500,富春江电站(坝上),22.73
2025-06-20T20:50:00,70101501,富春江坝下,7.04
2025-06-20T20:50:00,70101800,窄溪,4.3
2025-06-20T20:50:00,70102300,闸口,3.92
2025-06-20T20:50:00,7010AJ33,渌渚,4.34
2025-06-20T20:50:00,7011AJ4M,新桐乡,4.19
2025-06-20T20:50:00,7011AJ5M,渌渚镇,6.21
2025-06-20T20:50:00,7011AJ7R,山溪叶家,50.15
2025-06-20T20:50:00,7011AJ8R,山溪幕下,65.57
2025-06-20T20:50:00,7011AJ9R,山溪前桐,194.18
2025-06-20T20:50:00,7011AM2G,富春江水库严陵坞,22.8
2025-06-20T20:55:00,70101500,富春江电站(坝上),22.72
2025-06-20T20:55:00,70101501,富春江坝下,7.05
2025-06-20T20:55:00,70101800,窄溪,4.3
2025-06-20T20:55:00,70102300,闸口,3.92
2025-06-20T20:55:00,7010AJ33,渌渚,4.34
2025-06-20T20:55:00,7011AJ4M,新桐乡,4.2
2025-06-20T20:55:00,7011AJ5M,渌渚镇,6.21
2025-06-20T20:55:00,7011AJ7R,山溪叶家,50.15
2025-06-20T20:55:00,7011AJ8R,山溪幕下,65.57
2025-06-20T20:55:00,7011AJ9R,山溪前桐,194.19
2025-06-20T20:55:00,7011AM2G,富春江水库严陵坞,22.8
2025-06-20T21:00:00,70101500,富春江电站(坝上),22.72
2025-06-20T21:00:00,70101501,富春江坝下,7.03
2025-06-20T21:00:00,70101800,窄溪,4.3
2025-06-20T21:00:00,70102300,闸口,3.92
2025-06-20T21:00:00,7010AJ33,渌渚,4.34
2025-06-20T21:00:00,7011AJ4M,新桐乡,4.2
2025-06-20T21:00:00,7011AJ5M,渌渚镇,6.21
2025-06-20T21:00:00,7011AJ7R,山溪叶家,50.15
2025-06-20T21:00:00,7011AJ8R,山溪幕下,65.57
2025-06-20T21:00:00,7011AJ9R,山溪前桐,194.18
2025-06-20T21:00:00,7011AM2G,富春江水库严陵坞,22.8
2025-06-20T21:05:00,70101500,富春江电站(坝上),22.81
2025-06-20T21:05:00,70101501,富春江坝下,6.91
2025-06-20T21:05:00,70101800,窄溪,4.3
2025-06-20T21:05:00,70102300,闸口,3.92
2025-06-20T21:05:00,7010AJ33,渌渚,4.34
2025-06-20T21:05:00,7011AJ4M,新桐乡,4.21
2025-06-20T21:05:00,7011AJ5M,渌渚镇,6.21
2025-06-20T21:05:00,7011AJ7R,山溪叶家,50.15
2025-06-20T21:05:00,7011AJ8R,山溪幕下,65.57
2025-06-20T21:05:00,7011AJ9R,山溪前桐,194.18
2025-06-20T21:05:00,7011AM2G,富春江水库严陵坞,22.8
2025-06-20T21:10:00,70101500,富春江电站(坝上),22.78
2025-06-20T21:10:00,70101501,富春江坝下,6.8
2025-06-20T21:10:00,70101800,窄溪,4.3
2025-06-20T21:10:00,70102300,闸口,3.92
2025-06-20T21:10:00,7010AJ33,渌渚,4.32
2025-06-20T21:10:00,7011AJ4M,新桐乡,4.21
2025-06-20T21:10:00,7011AJ5M,渌渚镇,6.21
2025-06-20T21:10:00,7011AJ7R,山溪叶家,50.15
2025-06-20T21:10:00,7011AJ8R,山溪幕下,65.57
2025-06-20T21:10:00,7011AJ9R,山溪前桐,194.18
2025-06-20T21:10:00,7011AM2G,富春江水库严陵坞,22.85
2025-06-20T21:15:00,70101500,富春江电站(坝上),22.8
2025-06-20T21:15:00,70101501,富春江坝下,6.73
2025-06-20T21:15:00,70101800,窄溪,4.3
2025-06-20T21:15:00,70102300,闸口,3.92
2025-06-20T21:15:00,7010AJ33,渌渚,4.34
2025-06-20T21:15:00,7011AJ4M,新桐乡,4.2
2025-06-20T21:15:00,7011AJ5M,渌渚镇,6.21
2025-06-20T21:15:00,7011AJ7R,山溪叶家,50.15
2025-06-20T21:15:00,7011AJ8R,山溪幕下,65.56
2025-06-20T21:15:00,7011AJ9R,山溪前桐,194.18
2025-06-20T21:15:00,7011AM2G,富春江水库严陵坞,22.85
2025-06-20T21:20:00,70101500,富春江电站(坝上),22.8
2025-06-20T21:20:00,70101501,富春江坝下,6.7
2025-06-20T21:20:00,70101800,窄溪,4.3
2025-06-20T21:20:00,70102300,闸口,3.92
2025-06-20T21:20:00,7010AJ33,渌渚,4.32
2025-06-20T21:20:00,7011AJ4M,新桐乡,4.21
2025-06-20T21:20:00,7011AJ5M,渌渚镇,6.21
2025-06-20T21:20:00,7011AJ7R,山溪叶家,50.15
2025-06-20T21:20:00,7011AJ8R,山溪幕下,65.57
2025-06-20T21:20:00,7011AJ9R,山溪前桐,194.19
2025-06-20T21:20:00,7011AM2G,富春江水库严陵坞,22.87
2025-06-20T21:25:00,70101500,富春江电站(坝上),22.8
2025-06-20T21:25:00,70101501,富春江坝下,6.7
2025-06-20T21:25:00,70101800,窄溪,4.3
2025-06-20T21:25:00,70102300,闸口,3.92
2025-06-20T21:25:00,7010AJ33,渌渚,4.34
2025-06-20T21:25:00,7011AJ4M,新桐乡,4.21
2025-06-20T21:25:00,7011AJ5M,渌渚镇,6.21
2025-06-20T21:25:00,7011AJ7R,山溪叶家,50.15
2025-06-20T21:25:00,7011AJ8R,山溪幕下,65.57
2025-06-20T21:25:00,7011AJ9R,山溪前桐,194.18
2025-06-20T21:25:00,7011AM2G,富春江水库严陵坞,22.87
2025-06-20T21:30:00,70101500,富春江电站(坝上),22.8
2025-06-20T21:30:00,70101501,富春江坝下,6.7
2025-06-20T21:30:00,70101800,窄溪,4.3
2025-06-20T21:30:00,70102300,闸口,3.92
2025-06-20T21:30:00,7010AJ33,渌渚,4.34
2025-06-20T21:30:00,7011AJ4M,新桐乡,4.21
2025-06-20T21:30:00,7011AJ5M,渌渚镇,6.21
2025-06-20T21:30:00,7011AJ7R,山溪叶家,50.15
2025-06-20T21:30:00,7011AJ8R,山溪幕下,65.57
2025-06-20T21:30:00,7011AJ9R,山溪前桐,194.18
2025-06-20T21:30:00,7011AM2G,富春江水库严陵坞,22.87
2025-06-20T21:35:00,70101500,富春江电站(坝上),22.8
2025-06-20T21:35:00,70101501,富春江坝下,6.67
2025-06-20T21:35:00,70101800,窄溪,4.3
2025-06-20T21:35:00,70102300,闸口,3.92
2025-06-20T21:35:00,7010AJ33,渌渚,4.34
2025-06-20T21:35:00,7011AJ4M,新桐乡,4.21
2025-06-20T21:35:00,7011AJ5M,渌渚镇,6.21
2025-06-20T21:35:00,7011AJ7R,山溪叶家,50.15
2025-06-20T21:35:00,7011AJ8R,山溪幕下,65.56
2025-06-20T21:35:00,7011AJ9R,山溪前桐,194.18
2025-06-20T21:35:00,7011AM2G,富春江水库严陵坞,22.86
2025-06-20T21:40:00,70101500,富春江电站(坝上),22.8
2025-06-20T21:40:00,70101501,富春江坝下,6.64
2025-06-20T21:40:00,70101800,窄溪,4.3
2025-06-20T21:40:00,70102300,闸口,3.92
2025-06-20T21:40:00,7010AJ33,渌渚,4.34
2025-06-20T21:40:00,7011AJ4M,新桐乡,4.21
2025-06-20T21:40:00,7011AJ5M,渌渚镇,6.21
2025-06-20T21:40:00,7011AJ7R,山溪叶家,50.15
2025-06-20T21:40:00,7011AJ8R,山溪幕下,65.57
2025-06-20T21:40:00,7011AJ9R,山溪前桐,194.18
2025-06-20T21:40:00,7011AM2G,富春江水库严陵坞,22.87
2025-06-20T21:45:00,70101500,富春江电站(坝上),22.78
2025-06-20T21:45:00,70101501,富春江坝下,6.63
2025-06-20T21:45:00,70101800,窄溪,4.3
2025-06-20T21:45:00,70102300,闸口,3.92
2025-06-20T21:45:00,7010AJ33,渌渚,4.34
2025-06-20T21:45:00,7011AJ4M,新桐乡,4.21
2025-06-20T21:45:00,7011AJ5M,渌渚镇,6.21
2025-06-20T21:45:00,7011AJ7R,山溪叶家,50.15
2025-06-20T21:45:00,7011AJ8R,山溪幕下,65.57
2025-06-20T21:45:00,7011AJ9R,山溪前桐,194.18
2025-06-20T21:45:00,7011AM2G,富春江水库严陵坞,22.86
2025-06-20T21:50:00,70101500,富春江电站(坝上),22.8
2025-06-20T21:50:00,70101501,富春江坝下,6.63
2025-06-20T21:50:00,70101800,窄溪,4.3
2025-06-20T21:50:00,70102300,闸口,3.92
2025-06-20T21:50:00,7010AJ33,渌渚,4.34
2025-06-20T21:50:00,7011AJ4M,新桐乡,4.21
2025-06-20T21:50:00,7011AJ5M,渌渚镇,6.21
2025-06-20T21:50:00,7011AJ7R,山溪叶家,50.15
2025-06-20T21:50:00,7011AJ8R,山溪幕下,65.57
2025-06-20T21:50:00,7011AJ9R,山溪前桐,194.18
2025-06-20T21:50:00,7011AM2G,富春江水库严陵坞,22.85
2025-06-20T21:55:00,70101500,富春江电站(坝上),22.77
2025-06-20T21:55:00,70101501,富春江坝下,6.6
2025-06-20T21:55:00,70101800,窄溪,4.29
2025-06-20T21:55:00,70102300,闸口,3.92
2025-06-20T21:55:00,7010AJ33,渌渚,4.34
2025-06-20T21:55:00,7011AJ4M,新桐乡,4.2
2025-06-20T21:55:00,7011AJ5M,渌渚镇,6.21
2025-06-20T21:55:00,7011AJ7R,山溪叶家,50.15
2025-06-20T21:55:00,7011AJ8R,山溪幕下,65.57
2025-06-20T21:55:00,7011AJ9R,山溪前桐,194.18
2025-06-20T21:55:00,7011AM2G,富春江水库严陵坞,22.85
2025-06-20T22:00:00,70101500,富春江电站(坝上),22.76
2025-06-20T22:00:00,70101501,富春江坝下,6.59
2025-06-20T22:00:00,70101800,窄溪,4.29
2025-06-20T22:00:00,70102300,闸口,3.92
2025-06-20T22:00:00,7010AJ33,渌渚,4.34
2025-06-20T22:00:00,7011AJ4M,新桐乡,4.2
2025-06-20T22:00:00,7011AJ5M,渌渚镇,6.2
2025-06-20T22:00:00,7011AJ7R,山溪叶家,50.15
2025-06-20T22:00:00,7011AJ8R,山溪幕下,65.57
2025-06-20T22:00:00,7011AJ9R,山溪前桐,194.18
2025-06-20T22:00:00,7011AM2G,富春江水库严陵坞,22.83
2025-06-20T22:05:00,70101500,富春江电站(坝上),22.74
2025-06-20T22:05:00,70101501,富春江坝下,6.6
2025-06-20T22:05:00,70101800,窄溪,4.28
2025-06-20T22:05:00,70102300,闸口,3.92
2025-06-20T22:05:00,7010AJ33,渌渚,4.34
2025-06-20T22:05:00,7011AJ4M,新桐乡,4.2
2025-06-20T22:05:00,7011AJ5M,渌渚镇,6.21
2025-06-20T22:05:00,7011AJ7R,山溪叶家,50.15
2025-06-20T22:05:00,7011AJ8R,山溪幕下,65.56
2025-06-20T22:05:00,7011AJ9R,山溪前桐,194.18
2025-06-20T22:05:00,7011AM2G,富春江水库严陵坞,22.83
2025-06-20T22:10:00,70101500,富春江电站(坝上),22.76
2025-06-20T22:10:00,70101501,富春江坝下,6.58
2025-06-20T22:10:00,70101800,窄溪,4.28
2025-06-20T22:10:00,70102300,闸口,3.92
2025-06-20T22:10:00,7010AJ33,渌渚,4.32
2025-06-20T22:10:00,7011AJ4M,新桐乡,4.2
2025-06-20T22:10:00,7011AJ5M,渌渚镇,6.2
2025-06-20T22:10:00,7011AJ7R,山溪叶家,50.15
2025-06-20T22:10:00,7011AJ8R,山溪幕下,65.57
2025-06-20T22:10:00,7011AJ9R,山溪前桐,194.18
2025-06-20T22:10:00,7011AM2G,富春江水库严陵坞,22.82
2025-06-20T22:15:00,70101500,富春江电站(坝上),22.76
2025-06-20T22:15:00,70101501,富春江坝下,6.57
2025-06-20T22:15:00,70101800,窄溪,4.28
2025-06-20T22:15:00,70102300,闸口,3.92
2025-06-20T22:15:00,7010AJ33,渌渚,4.32
2025-06-20T22:15:00,7011AJ4M,新桐乡,4.21
2025-06-20T22:15:00,7011AJ5M,渌渚镇,6.2
2025-06-20T22:15:00,7011AJ7R,山溪叶家,50.15
2025-06-20T22:15:00,7011AJ8R,山溪幕下,65.57
2025-06-20T22:15:00,7011AJ9R,山溪前桐,194.18
2025-06-20T22:15:00,7011AM2G,富春江水库严陵坞,22.82
2025-06-20T22:20:00,70101500,富春江电站(坝上),22.76
2025-06-20T22:20:00,70101501,富春江坝下,6.57
2025-06-20T22:20:00,70101800,窄溪,4.28
2025-06-20T22:20:00,70102300,闸口,3.92
2025-06-20T22:20:00,7010AJ33,渌渚,4.32
2025-06-20T22:20:00,7011AJ4M,新桐乡,4.2
2025-06-20T22:20:00,7011AJ5M,渌渚镇,6.2
2025-06-20T22:20:00,7011AJ7R,山溪叶家,50.15
2025-06-20T22:20:00,7011AJ8R,山溪幕下,65.57
2025-06-20T22:20:00,7011AJ9R,山溪前桐,194.18
2025-06-20T22:20:00,7011AM2G,富春江水库严陵坞,22.82
2025-06-20T22:25:00,70101500,富春江电站(坝上),22.75
2025-06-20T22:25:00,70101501,富春江坝下,6.57
2025-06-20T22:25:00,70101800,窄溪,4.27
2025-06-20T22:25:00,70102300,闸口,3.92
2025-06-20T22:25:00,7010AJ33,渌渚,4.3
2025-06-20T22:25:00,7011AJ4M,新桐乡,4.2
2025-06-20T22:25:00,7011AJ5M,渌渚镇,6.21
2025-06-20T22:25:00,7011AJ7R,山溪叶家,50.15
2025-06-20T22:25:00,7011AJ8R,山溪幕下,65.56
2025-06-20T22:25:00,7011AJ9R,山溪前桐,194.18
2025-06-20T22:25:00,7011AM2G,富春江水库严陵坞,22.82
2025-06-20T22:30:00,70101500,富春江电站(坝上),22.73
2025-06-20T22:30:00,70101501,富春江坝下,6.58
2025-06-20T22:30:00,70101800,窄溪,4.27
2025-06-20T22:30:00,70102300,闸口,3.92
2025-06-20T22:30:00,7010AJ33,渌渚,4.3
2025-06-20T22:30:00,7011AJ4M,新桐乡,4.2
2025-06-20T22:30:00,7011AJ5M,渌渚镇,6.2
2025-06-20T22:30:00,7011AJ7R,山溪叶家,50.15
2025-06-20T22:30:00,7011AJ8R,山溪幕下,65.57
2025-06-20T22:30:00,7011AJ9R,山溪前桐,194.18
2025-06-20T22:30:00,7011AM2G,富春江水库严陵坞,22.81
2025-06-20T22:35:00,70101500,富春江电站(坝上),22.8
2025-06-20T22:35:00,70101501,富春江坝下,6.39
2025-06-20T22:35:00,70101800,窄溪,4.26
2025-06-20T22:35:00,70102300,闸口,3.92
2025-06-20T22:35:00,7010AJ33,渌渚,4.3
2025-06-20T22:35:00,7011AJ4M,新桐乡,4.2
2025-06-20T22:35:00,7011AJ5M,渌渚镇,6.2
2025-06-20T22:35:00,7011AJ7R,山溪叶家,50.15
2025-06-20T22:35:00,7011AJ8R,山溪幕下,65.57
2025-06-20T22:35:00,7011AJ9R,山溪前桐,194.18
2025-06-20T22:35:00,7011AM2G,富春江水库严陵坞,22.81
2025-06-20T22:40:00,70101500,富春江电站(坝上),22.78
2025-06-20T22:40:00,70101501,富春江坝下,6.31
2025-06-20T22:40:00,70101800,窄溪,4.26
2025-06-20T22:40:00,70102300,闸口,3.92
2025-06-20T22:40:00,7010AJ33,渌渚,4.3
2025-06-20T22:40:00,7011AJ4M,新桐乡,4.19
2025-06-20T22:40:00,7011AJ5M,渌渚镇,6.2
2025-06-20T22:40:00,7011AJ7R,山溪叶家,50.15
2025-06-20T22:40:00,7011AJ8R,山溪幕下,65.56
2025-06-20T22:40:00,7011AJ9R,山溪前桐,194.18
2025-06-20T22:40:00,7011AM2G,富春江水库严陵坞,22.87
2025-06-20T22:45:00,70101500,富春江电站(坝上),22.83
2025-06-20T22:45:00,70101501,富春江坝下,6.23
2025-06-20T22:45:00,70101800,窄溪,4.25
2025-06-20T22:45:00,70102300,闸口,3.92
2025-06-20T22:45:00,7010AJ33,渌渚,4.3
2025-06-20T22:45:00,7011AJ4M,新桐乡,4.19
2025-06-20T22:45:00,7011AJ5M,渌渚镇,6.2
2025-06-20T22:45:00,7011AJ7R,山溪叶家,50.15
2025-06-20T22:45:00,7011AJ8R,山溪幕下,65.57
2025-06-20T22:45:00,7011AJ9R,山溪前桐,194.18
2025-06-20T22:45:00,7011AM2G,富春江水库严陵坞,22.86
2025-06-20T22:50:00,70101500,富春江电站(坝上),22.92
2025-06-20T22:50:00,70101501,富春江坝下,6.01
2025-06-20T22:50:00,70101800,窄溪,4.25
2025-06-20T22:50:00,70102300,闸口,3.92
2025-06-20T22:50:00,7010AJ33,渌渚,4.28
2025-06-20T22:50:00,7011AJ4M,新桐乡,4.18
2025-06-20T22:50:00,7011AJ5M,渌渚镇,6.2
2025-06-20T22:50:00,7011AJ7R,山溪叶家,50.15
2025-06-20T22:50:00,7011AJ8R,山溪幕下,65.57
2025-06-20T22:50:00,7011AJ9R,山溪前桐,194.18
2025-06-20T22:50:00,7011AM2G,富春江水库严陵坞,22.87
2025-06-20T22:55:00,70101500,富春江电站(坝上),22.92
2025-06-20T22:55:00,70101501,富春江坝下,5.71
2025-06-20T22:55:00,70101800,窄溪,4.25
2025-06-20T22:55:00,70102300,闸口,3.92
2025-06-20T22:55:00,7010AJ33,渌渚,4.28
2025-06-20T22:55:00,7011AJ4M,新桐乡,4.18
2025-06-20T22:55:00,7011AJ5M,渌渚镇,6.2
2025-06-20T22:55:00,7011AJ7R,山溪叶家,50.15
2025-06-20T22:55:00,7011AJ8R,山溪幕下,65.56
2025-06-20T22:55:00,7011AJ9R,山溪前桐,194.18
2025-06-20T22:55:00,7011AM2G,富春江水库严陵坞,22.94
2025-06-20T23:00:00,70101500,富春江电站(坝上),22.94
2025-06-20T23:00:00,70101501,富春江坝下,5.53
2025-06-20T23:00:00,70101800,窄溪,4.24
2025-06-20T23:00:00,70102300,闸口,3.93
2025-06-20T23:00:00,7010AJ33,渌渚,4.28
2025-06-20T23:00:00,7011AJ4M,新桐乡,4.18
2025-06-20T23:00:00,7011AJ5M,渌渚镇,6.2
2025-06-20T23:00:00,7011AJ7R,山溪叶家,50.15
2025-06-20T23:00:00,7011AJ8R,山溪幕下,65.57
2025-06-20T23:00:00,7011AJ9R,山溪前桐,194.18
2025-06-20T23:00:00,7011AM2G,富春江水库严陵坞,22.97
2025-06-20T23:05:00,70101500,富春江电站(坝上),22.96
2025-06-20T23:05:00,70101501,富春江坝下,5.42
2025-06-20T23:05:00,70101800,窄溪,4.24
2025-06-20T23:05:00,70102300,闸口,3.96
2025-06-20T23:05:00,7010AJ33,渌渚,4.28
2025-06-20T23:05:00,7011AJ4M,新桐乡,4.18
2025-06-20T23:05:00,7011AJ5M,渌渚镇,6.2
2025-06-20T23:05:00,7011AJ7R,山溪叶家,50.15
2025-06-20T23:05:00,7011AJ8R,山溪幕下,65.57
2025-06-20T23:05:00,7011AJ9R,山溪前桐,194.18
2025-06-20T23:05:00,7011AM2G,富春江水库严陵坞,23.01
2025-06-20T23:10:00,70101500,富春江电站(坝上),22.97
2025-06-20T23:10:00,70101501,富春江坝下,5.32
2025-06-20T23:10:00,70101800,窄溪,4.24
2025-06-20T23:10:00,70102300,闸口,3.97
2025-06-20T23:10:00,7010AJ33,渌渚,4.26
2025-06-20T23:10:00,7011AJ4M,新桐乡,4.18
2025-06-20T23:10:00,7011AJ5M,渌渚镇,6.2
2025-06-20T23:10:00,7011AJ7R,山溪叶家,50.15
2025-06-20T23:10:00,7011AJ8R,山溪幕下,65.57
2025-06-20T23:10:00,7011AJ9R,山溪前桐,194.18
2025-06-20T23:10:00,7011AM2G,富春江水库严陵坞,23.01
2025-06-20T23:15:00,70101500,富春江电站(坝上),22.95
2025-06-20T23:15:00,70101501,富春江坝下,5.23
2025-06-20T23:15:00,70101800,窄溪,4.24
2025-06-20T23:15:00,70102300,闸口,3.99
2025-06-20T23:15:00,7010AJ33,渌渚,4.26
2025-06-20T23:15:00,7011AJ4M,新桐乡,4.17
2025-06-20T23:15:00,7011AJ5M,渌渚镇,6.2
2025-06-20T23:15:00,7011AJ7R,山溪叶家,50.15
2025-06-20T23:15:00,7011AJ8R,山溪幕下,65.57
2025-06-20T23:15:00,7011AJ9R,山溪前桐,194.18
2025-06-20T23:15:00,7011AM2G,富春江水库严陵坞,23.03
2025-06-20T23:20:00,70101500,富春江电站(坝上),22.98
2025-06-20T23:20:00,70101501,富春江坝下,5.17
2025-06-20T23:20:00,70101800,窄溪,4.23
2025-06-20T23:20:00,70102300,闸口,4.0
2025-06-20T23:20:00,7010AJ33,渌渚,4.26
2025-06-20T23:20:00,7011AJ4M,新桐乡,4.18
2025-06-20T23:20:00,7011AJ5M,渌渚镇,6.2
2025-06-20T23:20:00,7011AJ7R,山溪叶家,50.15
2025-06-20T23:20:00,7011AJ8R,山溪幕下,65.57
2025-06-20T23:20:00,7011AJ9R,山溪前桐,194.19
2025-06-20T23:20:00,7011AM2G,富春江水库严陵坞,23.01
2025-06-20T23:25:00,70101500,富春江电站(坝上),22.95
2025-06-20T23:25:00,70101501,富春江坝下,5.12
2025-06-20T23:25:00,70101800,窄溪,4.22
2025-06-20T23:25:00,70102300,闸口,4.01
2025-06-20T23:25:00,7010AJ33,渌渚,4.26
2025-06-20T23:25:00,7011AJ4M,新桐乡,4.18
2025-06-20T23:25:00,7011AJ5M,渌渚镇,6.2
2025-06-20T23:25:00,7011AJ7R,山溪叶家,50.15
2025-06-20T23:25:00,7011AJ8R,山溪幕下,65.57
2025-06-20T23:25:00,7011AJ9R,山溪前桐,194.18
2025-06-20T23:25:00,7011AM2G,富春江水库严陵坞,23.03
2025-06-20T23:30:00,70101500,富春江电站(坝上),22.95
2025-06-20T23:30:00,70101501,富春江坝下,5.07
2025-06-20T23:30:00,70101800,窄溪,4.21
2025-06-20T23:30:00,70102300,闸口,4.02
2025-06-20T23:30:00,7010AJ33,渌渚,4.26
2025-06-20T23:30:00,7011AJ4M,新桐乡,4.18
2025-06-20T23:30:00,7011AJ5M,渌渚镇,6.2
2025-06-20T23:30:00,7011AJ7R,山溪叶家,50.15
2025-06-20T23:30:00,7011AJ8R,山溪幕下,65.57
2025-06-20T23:30:00,7011AJ9R,山溪前桐,194.18
2025-06-20T23:30:00,7011AM2G,富春江水库严陵坞,23.01
2025-06-20T23:35:00,70101500,富春江电站(坝上),22.95
2025-06-20T23:35:00,70101501,富春江坝下,5.03
2025-06-20T23:35:00,70101800,窄溪,4.2
2025-06-20T23:35:00,70102300,闸口,4.03
2025-06-20T23:35:00,7010AJ33,渌渚,4.26
2025-06-20T23:35:00,7011AJ4M,新桐乡,4.17
2025-06-20T23:35:00,7011AJ5M,渌渚镇,6.2
2025-06-20T23:35:00,7011AJ7R,山溪叶家,50.15
2025-06-20T23:35:00,7011AJ8R,山溪幕下,65.57
2025-06-20T23:35:00,7011AJ9R,山溪前桐,194.18
2025-06-20T23:35:00,7011AM2G,富春江水库严陵坞,23.01
2025-06-20T23:40:00,70101500,富春江电站(坝上),22.94
2025-06-20T23:40:00,70101501,富春江坝下,5.0
2025-06-20T23:40:00,70101800,窄溪,4.19
2025-06-20T23:40:00,70102300,闸口,4.05
2025-06-20T23:40:00,7010AJ33,渌渚,4.26
2025-06-20T23:40:00,7011AJ4M,新桐乡,4.16
2025-06-20T23:40:00,7011AJ5M,渌渚镇,6.2
2025-06-20T23:40:00,7011AJ7R,山溪叶家,50.15
2025-06-20T23:40:00,7011AJ8R,山溪幕下,65.57
2025-06-20T23:40:00,7011AJ9R,山溪前桐,194.19
2025-06-20T23:40:00,7011AM2G,富春江水库严陵坞,23.0
2025-06-20T23:45:00,70101500,富春江电站(坝上),22.92
2025-06-20T23:45:00,70101501,富春江坝下,4.97
2025-06-20T23:45:00,70101800,窄溪,4.17
2025-06-20T23:45:00,70102300,闸口,4.06
2025-06-20T23:45:00,7010AJ33,渌渚,4.24
2025-06-20T23:45:00,7011AJ4M,新桐乡,4.16
2025-06-20T23:45:00,7011AJ5M,渌渚镇,6.21
2025-06-20T23:45:00,7011AJ7R,山溪叶家,50.15
2025-06-20T23:45:00,7011AJ8R,山溪幕下,65.56
2025-06-20T23:45:00,7011AJ9R,山溪前桐,194.18
2025-06-20T23:45:00,7011AM2G,富春江水库严陵坞,22.98
2025-06-20T23:50:00,70101500,富春江电站(坝上),22.9
2025-06-20T23:50:00,70101501,富春江坝下,4.94
2025-06-20T23:50:00,70101800,窄溪,4.16
2025-06-20T23:50:00,70102300,闸口,4.08
2025-06-20T23:50:00,7010AJ33,渌渚,4.24
2025-06-20T23:50:00,7011AJ4M,新桐乡,4.16
2025-06-20T23:50:00,7011AJ5M,渌渚镇,6.21
2025-06-20T23:50:00,7011AJ7R,山溪叶家,50.15
2025-06-20T23:50:00,7011AJ8R,山溪幕下,65.57
2025-06-20T23:50:00,7011AJ9R,山溪前桐,194.18
2025-06-20T23:50:00,7011AM2G,富春江水库严陵坞,22.97
2025-06-20T23:55:00,70101500,富春江电站(坝上),22.89
2025-06-20T23:55:00,70101501,富春江坝下,4.92
2025-06-20T23:55:00,70101800,窄溪,4.14
2025-06-20T23:55:00,70102300,闸口,4.09
2025-06-20T23:55:00,7010AJ33,渌渚,4.22
2025-06-20T23:55:00,7011AJ4M,新桐乡,4.14
2025-06-20T23:55:00,7011AJ5M,渌渚镇,6.21
2025-06-20T23:55:00,7011AJ7R,山溪叶家,50.15
2025-06-20T23:55:00,7011AJ8R,山溪幕下,65.56
2025-06-20T23:55:00,7011AJ9R,山溪前桐,194.18
2025-06-20T23:55:00,7011AM2G,富春江水库严陵坞,22.96
