时间,水位mH2O 4°C,温度℃
2026/03/14 11:53:49,2.0367,14.17
2026/03/14 11:58:50,2.0895,13.46
2026/03/14 12:03:51,2.0990,13.45
2026/03/14 12:08:52,2.1072,13.43
2026/03/14 12:13:52,2.1024,13.43
2026/03/14 12:18:53,2.0967,13.41
2026/03/14 12:23:54,2.0873,13.43
2026/03/14 12:28:55,2.0780,13.50
2026/03/14 12:33:55,2.0708,13.54
2026/03/14 12:38:56,2.0721,13.54
2026/03/14 12:43:57,2.0808,13.55
2026/03/14 12:48:58,2.0832,13.51
2026/03/14 12:53:58,2.0889,13.52
2026/03/14 12:58:59,2.0819,13.52
2026/03/14 13:03:59,2.0792,13.54
2026/03/14 13:09:00,2.0753,13.59
2026/03/14 13:14:01,2.0734,13.66
2026/03/14 13:19:02,2.0701,13.70
2026/03/14 13:24:02,2.0710,13.71
2026/03/14 13:29:03,2.0701,13.68
2026/03/14 13:34:04,2.0702,13.63
2026/03/14 13:39:04,2.0692,13.71
2026/03/14 13:44:05,2.0722,13.71
2026/03/14 13:49:06,2.0741,13.66
2026/03/14 13:54:06,2.0666,13.70
2026/03/14 13:59:07,2.0647,13.76
2026/03/14 14:04:08,2.0669,13.77
2026/03/14 14:09:08,2.0633,13.77
2026/03/14 14:14:09,2.0590,13.77
2026/03/14 14:19:10,2.0579,13.71
2026/03/14 14:24:10,2.0617,13.71
2026/03/14 14:29:11,2.0632,13.74
2026/03/14 14:34:12,2.0557,13.72
2026/03/14 14:39:12,2.0539,13.68
2026/03/14 14:44:13,2.0601,13.74
2026/03/14 14:49:14,2.0596,13.80
2026/03/14 14:54:14,2.0603,13.79
2026/03/14 14:59:15,2.0499,13.73
2026/03/14 15:04:16,2.0663,13.70
2026/03/14 15:09:17,2.0805,13.73
2026/03/14 15:14:17,2.0755,13.75
2026/03/14 15:19:18,2.0695,13.81
2026/03/14 15:24:19,2.0613,13.88
2026/03/14 15:29:20,2.0663,13.91
2026/03/14 15:34:20,2.0511,14.00
2026/03/14 15:39:21,2.0443,13.98
2026/03/14 15:44:22,2.0522,13.96
2026/03/14 15:49:23,2.0551,14.03
2026/03/14 15:54:23,2.0625,14.09
2026/03/14 15:59:24,2.0588,14.08
2026/03/14 16:04:25,2.0504,14.11
2026/03/14 16:09:26,2.0541,14.15
2026/03/14 16:14:26,2.0531,14.28
2026/03/14 16:19:27,2.0514,14.48
2026/03/14 16:24:28,2.0510,14.33
2026/03/14 16:29:29,2.0501,14.23
2026/03/14 16:34:29,2.0490,14.16
2026/03/14 16:39:30,2.0457,14.13
2026/03/14 16:44:31,2.0482,14.14
2026/03/14 16:49:32,2.0441,14.18
2026/03/14 16:54:32,2.0513,14.23
2026/03/14 16:59:33,2.0448,14.39
2026/03/14 17:04:34,2.0428,14.78
2026/03/14 17:09:35,2.0399,14.59
2026/03/14 17:14:35,2.0403,14.59
2026/03/14 17:19:36,2.0357,14.41
2026/03/14 17:24:37,2.0405,14.33
2026/03/14 17:29:38,2.0354,14.32
2026/03/14 17:34:38,2.0442,14.36
2026/03/14 17:39:39,2.0406,14.35
2026/03/14 17:44:40,2.0305,14.38
2026/03/14 17:49:40,2.0343,14.28
2026/03/14 17:54:41,2.0433,14.23
2026/03/14 17:59:42,2.0533,14.21
2026/03/14 18:04:42,2.0533,14.11
2026/03/14 18:09:43,2.0588,14.07
2026/03/14 18:14:44,2.0657,14.12
2026/03/14 18:19:45,2.0695,14.07
2026/03/14 18:24:45,2.0652,14.01
2026/03/14 18:29:46,2.0663,14.03
2026/03/14 18:34:47,2.0688,14.00
2026/03/14 18:39:48,2.0747,13.93
2026/03/14 18:44:48,2.0731,14.11
2026/03/14 18:49:49,2.0756,14.01
2026/03/14 18:54:50,2.0790,14.04
2026/03/14 18:59:51,2.0822,14.02
2026/03/14 19:04:51,2.0811,14.02
2026/03/14 19:09:52,2.0848,14.05
2026/03/14 19:14:53,2.0897,14.07
2026/03/14 19:19:54,2.0883,14.05
2026/03/14 19:24:54,2.0824,14.07
2026/03/14 19:29:55,2.0869,14.10
2026/03/14 19:34:56,2.0898,14.11
2026/03/14 19:39:57,2.0922,14.11
2026/03/14 19:44:57,2.0947,14.11
2026/03/14 19:49:58,2.0950,14.12
2026/03/14 19:54:59,2.0949,14.11
2026/03/14 19:59:59,2.0993,14.09
2026/03/14 20:05:00,2.0989,14.09
2026/03/14 20:10:01,2.0954,14.08
2026/03/14 20:15:01,2.0949,14.09
2026/03/14 20:20:02,2.0979,14.08
2026/03/14 20:25:03,2.1012,14.06
2026/03/14 20:30:04,2.1039,14.05
2026/03/14 20:35:04,2.1022,14.04
2026/03/14 20:40:05,2.1035,14.00
2026/03/14 20:45:06,2.1047,14.00
2026/03/14 20:50:06,2.1002,14.01
2026/03/14 20:55:07,2.0987,13.98
2026/03/14 21:00:08,2.1057,13.96
2026/03/14 21:05:08,2.1194,13.95
2026/03/14 21:10:09,2.1123,13.96
2026/03/14 21:15:10,2.1160,13.95
2026/03/14 21:20:10,2.1130,13.94
2026/03/14 21:25:11,2.1125,13.92
2026/03/14 21:30:12,2.1010,13.90
2026/03/14 21:35:12,2.0994,13.91
2026/03/14 21:40:13,2.1004,13.91
2026/03/14 21:45:14,2.1090,13.89
2026/03/14 21:50:15,2.1095,13.88
2026/03/14 21:55:15,2.1116,13.90
2026/03/14 22:00:16,2.1078,13.89
2026/03/14 22:05:17,2.1089,13.90
2026/03/14 22:10:18,2.1090,13.87
2026/03/14 22:15:18,2.1056,13.85
2026/03/14 22:20:19,2.1004,13.85
2026/03/14 22:25:20,2.1061,13.85
2026/03/14 22:30:21,2.1052,13.84
2026/03/14 22:35:22,2.1046,13.84
2026/03/14 22:40:23,2.1070,13.84
2026/03/14 22:45:23,2.1078,13.84
2026/03/14 22:50:24,2.1084,13.80
2026/03/14 22:55:25,2.1075,13.81
2026/03/14 23:00:25,2.1018,13.81
2026/03/14 23:05:26,2.1015,13.79
2026/03/14 23:10:27,2.1061,13.79
2026/03/14 23:15:28,2.1021,13.78
2026/03/14 23:20:28,2.0950,13.79
2026/03/14 23:25:29,2.0997,13.76
2026/03/14 23:30:30,2.1039,13.77
2026/03/14 23:35:31,2.1041,13.77
2026/03/14 23:40:31,2.0981,13.77
2026/03/14 23:45:32,2.0992,13.76
2026/03/14 23:50:33,2.1007,13.75
2026/03/14 23:55:34,2.1003,13.75
2026/03/15 00:00:34,2.0989,13.75
2026/03/15 00:05:35,2.0888,13.75
2026/03/15 00:10:36,2.0889,13.74
2026/03/15 00:15:37,2.0909,13.74
2026/03/15 00:20:38,2.0953,13.73
2026/03/15 00:25:38,2.0891,13.73
2026/03/15 00:30:39,2.0827,13.73
2026/03/15 00:35:40,2.0730,13.73
2026/03/15 00:40:41,2.0637,13.71
2026/03/15 00:45:41,2.0567,13.73
2026/03/15 00:50:42,2.0530,13.72
2026/03/15 00:55:43,2.0523,13.71
2026/03/15 01:00:44,2.0587,13.71
2026/03/15 01:05:44,2.0550,13.70
2026/03/15 01:10:45,2.0545,13.71
2026/03/15 01:15:46,2.0485,13.71
2026/03/15 01:20:47,2.0480,13.70
2026/03/15 01:25:47,2.0410,13.70
2026/03/15 01:30:48,2.0347,13.69
2026/03/15 01:35:49,2.0329,13.69
2026/03/15 01:40:50,2.0398,13.67
2026/03/15 01:45:50,2.0417,13.61
2026/03/15 01:50:51,2.0412,13.60
2026/03/15 01:55:51,2.0422,13.60
2026/03/15 02:00:52,2.0445,13.62
2026/03/15 02:05:53,2.0436,13.63
2026/03/15 02:10:54,2.0406,13.64
2026/03/15 02:15:54,2.0382,13.60
2026/03/15 02:20:55,2.0426,13.58
2026/03/15 02:25:56,2.0459,13.58
2026/03/15 02:30:56,2.0415,13.58
2026/03/15 02:35:57,2.0395,13.57
2026/03/15 02:40:58,2.0428,13.58
2026/03/15 02:45:58,2.0499,13.57
2026/03/15 02:50:59,2.0520,13.55
2026/03/15 02:56:00,2.0478,13.56
2026/03/15 03:01:01,2.0524,13.55
2026/03/15 03:06:01,2.0588,13.55
2026/03/15 03:11:02,2.0557,13.55
2026/03/15 03:16:03,2.0542,13.56
2026/03/15 03:21:03,2.0568,13.55
2026/03/15 03:26:04,2.0608,13.52
2026/03/15 03:31:05,2.0711,13.52
2026/03/15 03:36:05,2.0690,13.56
2026/03/15 03:41:06,2.0654,13.56
2026/03/15 03:46:07,2.0663,13.57
2026/03/15 03:51:08,2.0679,13.56
2026/03/15 03:56:08,2.0706,13.55
2026/03/15 04:01:09,2.0693,13.56
2026/03/15 04:06:09,2.0676,13.57
2026/03/15 04:11:10,2.0731,13.59
2026/03/15 04:16:11,2.0763,13.57
2026/03/15 04:21:12,2.0758,13.57
2026/03/15 04:26:12,2.0788,13.57
2026/03/15 04:31:13,2.0932,13.56
2026/03/15 04:36:14,2.1001,13.55
2026/03/15 04:41:14,2.0951,13.57
2026/03/15 04:46:15,2.0871,13.56
2026/03/15 04:51:16,2.0916,13.50
2026/03/15 04:56:16,2.0870,13.47
2026/03/15 05:01:17,2.0795,13.45
2026/03/15 05:06:18,2.0800,13.45
2026/03/15 05:11:19,2.0938,13.45
2026/03/15 05:16:19,2.0940,13.46
2026/03/15 05:21:20,2.0937,13.48
2026/03/15 05:26:20,2.0932,13.50
2026/03/15 05:31:21,2.0850,13.49
2026/03/15 05:36:22,2.0921,13.49
2026/03/15 05:41:23,2.0846,13.50
2026/03/15 05:46:23,2.0874,13.50
2026/03/15 05:51:24,2.0944,13.51
2026/03/15 05:56:24,2.0971,13.51
2026/03/15 06:01:25,2.0936,13.51
2026/03/15 06:06:26,2.0927,13.52
2026/03/15 06:11:27,2.0946,13.51
2026/03/15 06:16:27,2.1011,13.50
2026/03/15 06:21:28,2.0915,13.50
2026/03/15 06:26:29,2.0889,13.50
2026/03/15 06:31:29,2.0976,13.50
2026/03/15 06:36:30,2.1007,13.50
2026/03/15 06:41:31,2.0982,13.50
2026/03/15 06:46:31,2.0932,13.50
2026/03/15 06:51:32,2.0968,13.49
2026/03/15 06:56:33,2.0999,13.48
2026/03/15 07:01:34,2.1058,13.49
2026/03/15 07:06:35,2.1005,13.48
2026/03/15 07:11:35,2.1039,13.47
2026/03/15 07:16:36,2.1037,13.48
2026/03/15 07:21:37,2.1041,13.45
2026/03/15 07:26:38,2.0932,13.42
2026/03/15 07:31:39,2.0959,13.42
2026/03/15 07:36:39,2.1002,13.43
2026/03/15 07:41:40,2.1202,13.45
2026/03/15 07:46:41,2.1240,13.45
2026/03/15 07:51:42,2.1244,13.46
2026/03/15 07:56:43,2.1064,13.48
2026/03/15 08:01:44,2.1100,13.49
2026/03/15 08:06:44,2.0946,13.50
2026/03/15 08:11:45,2.0930,13.50
2026/03/15 08:16:46,2.0881,13.51
2026/03/15 08:21:47,2.1048,13.51
2026/03/15 08:26:47,2.1028,13.53
2026/03/15 08:31:48,2.0995,13.55
2026/03/15 08:36:49,2.0955,13.56
2026/03/15 08:41:50,2.0959,13.56
2026/03/15 08:46:50,2.0895,13.57
2026/03/15 08:51:51,2.0851,13.58
2026/03/15 08:56:52,2.0719,13.58
2026/03/15 09:01:53,2.0771,13.59
2026/03/15 09:06:54,2.0777,13.59
2026/03/15 09:11:55,2.0825,13.59
2026/03/15 09:16:55,2.0813,13.60
2026/03/15 09:21:56,2.0906,13.61
2026/03/15 09:26:57,2.0823,13.60
2026/03/15 09:31:58,2.0800,13.61
2026/03/15 09:36:58,2.0699,13.62
2026/03/15 09:41:59,2.0742,13.63
2026/03/15 09:47:00,2.0733,13.63
2026/03/15 09:52:00,2.0730,13.64
2026/03/15 09:57:01,2.0646,13.65
2026/03/15 10:02:02,2.0675,13.64
2026/03/15 10:07:02,2.0666,13.66
2026/03/15 10:12:03,2.0652,13.66
2026/03/15 10:17:04,2.0614,13.71
2026/03/15 10:22:05,2.0591,13.77
2026/03/15 10:27:05,2.0624,13.79
2026/03/15 10:32:06,2.0609,13.81
2026/03/15 10:37:07,2.0525,13.84
2026/03/15 10:42:07,2.0500,13.84
2026/03/15 10:47:08,2.0702,13.86
2026/03/15 10:52:09,2.0792,13.89
2026/03/15 10:57:10,2.0731,13.88
2026/03/15 11:02:10,2.0638,13.92
2026/03/15 11:07:11,2.0612,13.96
2026/03/15 11:12:12,2.0537,13.99
2026/03/15 11:17:12,2.0467,14.08
2026/03/15 11:22:13,2.0432,14.10
2026/03/15 11:27:14,2.0585,14.13
2026/03/15 11:32:14,2.0527,14.16
2026/03/15 11:37:15,2.0517,14.20
2026/03/15 11:42:16,2.0526,14.25
2026/03/15 11:47:16,2.0565,14.27
2026/03/15 11:52:17,2.0542,14.31
2026/03/15 11:57:17,2.0533,14.37
2026/03/15 12:02:18,2.0452,14.39
2026/03/15 12:07:19,2.0482,14.44
2026/03/15 12:12:20,2.0456,14.55
2026/03/15 12:17:20,2.0425,14.61
2026/03/15 12:22:21,2.0442,14.66
2026/03/15 12:27:22,2.0473,14.45
2026/03/15 12:32:23,2.0445,14.68
2026/03/15 12:37:23,2.0463,14.73
2026/03/15 12:42:24,2.0430,14.71
2026/03/15 12:47:24,2.0406,14.38
2026/03/15 12:52:25,2.0419,14.18
2026/03/15 12:57:26,2.0427,14.17
2026/03/15 13:02:27,2.0394,14.18
2026/03/15 13:07:27,2.0352,14.09
2026/03/15 13:12:28,2.0347,14.07
2026/03/15 13:17:29,2.0351,14.07
2026/03/15 13:22:30,2.0372,14.06
2026/03/15 13:27:30,2.0329,14.05
2026/03/15 13:32:31,2.0323,14.05
2026/03/15 13:37:31,2.0322,14.03
2026/03/15 13:42:32,2.0303,14.00
2026/03/15 13:47:33,2.0280,14.00
2026/03/15 13:52:34,2.0358,14.37
2026/03/15 13:57:34,2.0523,14.12
2026/03/15 14:02:35,2.0534,14.00
2026/03/15 14:07:36,2.0493,14.04
2026/03/15 14:12:37,2.0377,14.07
2026/03/15 14:17:37,2.0419,14.07
2026/03/15 14:22:38,2.0273,14.34
2026/03/15 14:27:39,2.0264,14.62
2026/03/15 14:32:39,2.0295,14.95
2026/03/15 14:37:40,2.0378,15.00
2026/03/15 14:42:41,2.0396,14.96
2026/03/15 14:47:41,2.0405,14.96
2026/03/15 14:52:42,2.0352,14.98
2026/03/15 14:57:43,2.0347,15.02
2026/03/15 15:02:43,2.0311,15.02
2026/03/15 15:07:44,2.0257,14.93
2026/03/15 15:12:45,2.0244,15.11
2026/03/15 15:17:45,2.0284,15.13
2026/03/15 15:22:46,2.0323,15.10
2026/03/15 15:27:47,2.0312,15.08
2026/03/15 15:32:47,2.0301,15.08
2026/03/15 15:37:48,2.0317,15.05
2026/03/15 15:42:49,2.0295,15.07
2026/03/15 15:47:49,2.0313,15.06
2026/03/15 15:52:50,2.0254,15.01
2026/03/15 15:57:51,2.0278,15.06
2026/03/15 16:02:51,2.0288,14.72
2026/03/15 16:07:52,2.0265,14.59
2026/03/15 16:12:53,2.0252,14.54
2026/03/15 16:17:53,2.0239,14.52
2026/03/15 16:22:54,2.0304,14.52
2026/03/15 16:27:55,2.0291,14.53
2026/03/15 16:32:55,2.0234,14.57
2026/03/15 16:37:56,2.0349,14.59
2026/03/15 16:42:57,2.0405,14.63
2026/03/15 16:47:57,2.0467,14.72
2026/03/15 16:52:58,2.0286,14.79
2026/03/15 16:57:59,2.0241,14.81
2026/03/15 17:02:59,2.0223,14.85
2026/03/15 17:08:00,2.0243,14.85
2026/03/15 17:13:01,2.0214,14.88
2026/03/15 17:18:01,2.0259,14.89
2026/03/15 17:23:02,2.0336,14.70
2026/03/15 17:28:02,2.0281,14.58
2026/03/15 17:33:03,2.0210,14.52
2026/03/15 17:38:04,2.0222,14.45
2026/03/15 17:43:04,2.0384,14.40
2026/03/15 17:48:05,2.0481,14.46
2026/03/15 17:53:06,2.0451,14.57
2026/03/15 17:58:06,2.0448,14.67
2026/03/15 18:03:07,2.0499,14.51
2026/03/15 18:08:08,2.0538,14.29
2026/03/15 18:13:08,2.0503,14.20
2026/03/15 18:18:09,2.0502,14.23
2026/03/15 18:23:10,2.0457,14.21
2026/03/15 18:28:10,2.0537,14.20
2026/03/15 18:33:11,2.0498,14.19
2026/03/15 18:38:12,2.0491,14.15
2026/03/15 18:43:13,2.0578,14.12
2026/03/15 18:48:13,2.0700,14.16
2026/03/15 18:53:14,2.0669,14.13
2026/03/15 18:58:15,2.0575,14.21
2026/03/15 19:03:15,2.0533,14.20
2026/03/15 19:08:16,2.0494,14.09
2026/03/15 19:13:17,2.0535,14.08
2026/03/15 19:18:17,2.0537,14.08
2026/03/15 19:23:18,2.0547,14.07
2026/03/15 19:28:19,2.0569,14.07
2026/03/15 19:33:20,2.0565,14.07
2026/03/15 19:38:20,2.0510,14.08
2026/03/15 19:43:21,2.0507,14.08
2026/03/15 19:48:22,2.0558,14.07
2026/03/15 19:53:23,2.0600,14.08
2026/03/15 19:58:23,2.0598,14.07
2026/03/15 20:03:24,2.0515,14.07
2026/03/15 20:08:25,2.0533,14.07
2026/03/15 20:13:26,2.0500,14.06
2026/03/15 20:18:26,2.0501,14.07
2026/03/15 20:23:27,2.0494,14.09
2026/03/15 20:28:28,2.0499,14.08
2026/03/15 20:33:28,2.0503,14.07
2026/03/15 20:38:29,2.0477,14.05
2026/03/15 20:43:30,2.0459,14.04
2026/03/15 20:48:30,2.0489,14.02
2026/03/15 20:53:31,2.0518,14.01
2026/03/15 20:58:32,2.0487,14.00
2026/03/15 21:03:33,2.0473,14.00
2026/03/15 21:08:33,2.0464,14.00
2026/03/15 21:13:34,2.0502,13.99
2026/03/15 21:18:35,2.0488,13.98
2026/03/15 21:23:36,2.0489,13.98
2026/03/15 21:28:36,2.0567,13.96
2026/03/15 21:33:37,2.0585,13.98
2026/03/15 21:38:38,2.0478,13.97
2026/03/15 21:43:38,2.0463,13.95
2026/03/15 21:48:39,2.0402,13.94
2026/03/15 21:53:40,2.0466,13.94
2026/03/15 21:58:40,2.0475,13.95
2026/03/15 22:03:41,2.0482,13.94
2026/03/15 22:08:42,2.0497,13.95
2026/03/15 22:13:43,2.0503,13.94
2026/03/15 22:18:43,2.0480,13.93
2026/03/15 22:23:44,2.0484,13.94
2026/03/15 22:28:44,2.0469,13.93
2026/03/15 22:33:45,2.0496,13.95
2026/03/15 22:38:46,2.0494,13.95
2026/03/15 22:43:47,2.0500,13.94
2026/03/15 22:48:47,2.0503,13.93
2026/03/15 22:53:48,2.0570,13.91
2026/03/15 22:58:49,2.0519,13.92
2026/03/15 23:03:49,2.0511,13.93
2026/03/15 23:08:50,2.0489,13.92
2026/03/15 23:13:51,2.0489,13.92
2026/03/15 23:18:51,2.0469,13.91
2026/03/15 23:23:52,2.0490,13.91
2026/03/15 23:28:53,2.0607,13.90
2026/03/15 23:33:54,2.0638,13.90
2026/03/15 23:38:54,2.0569,13.91
2026/03/15 23:43:55,2.0535,13.90
2026/03/15 23:48:55,2.0544,13.89
2026/03/15 23:53:56,2.0536,13.89
2026/03/15 23:58:57,2.0554,13.89
2026/03/16 00:03:58,2.0555,13.88
2026/03/16 00:08:58,2.0524,13.89
2026/03/16 00:13:59,2.0491,13.88
2026/03/16 00:19:00,2.0439,13.88
2026/03/16 00:24:01,2.0393,13.88
2026/03/16 00:29:01,2.0384,13.88
2026/03/16 00:34:02,2.0375,13.88
2026/03/16 00:39:03,2.0319,13.88
2026/03/16 00:44:04,2.0302,13.88
2026/03/16 00:49:04,2.0281,13.88
2026/03/16 00:54:05,2.0205,13.88
2026/03/16 00:59:06,2.0226,13.88
2026/03/16 01:04:07,2.0231,13.88
2026/03/16 01:09:07,2.0205,13.88
2026/03/16 01:14:08,2.0178,13.87
2026/03/16 01:19:08,2.0173,13.86
2026/03/16 01:24:09,2.0156,13.86
2026/03/16 01:29:10,2.0183,13.85
2026/03/16 01:34:11,2.0200,13.85
2026/03/16 01:39:11,2.0195,13.85
2026/03/16 01:44:12,2.0153,13.86
2026/03/16 01:49:13,2.0183,13.85
2026/03/16 01:54:13,2.0227,13.85
2026/03/16 01:59:14,2.0232,13.86
2026/03/16 02:04:15,2.0194,13.86
2026/03/16 02:09:15,2.0349,13.86
2026/03/16 02:14:16,2.0403,13.86
2026/03/16 02:19:17,2.0435,13.86
2026/03/16 02:24:18,2.0309,13.84
2026/03/16 02:29:18,2.0339,13.84
2026/03/16 02:34:19,2.0272,13.84
2026/03/16 02:39:20,2.0261,13.83
2026/03/16 02:44:20,2.0235,13.84
2026/03/16 02:49:21,2.0361,13.84
2026/03/16 02:54:22,2.0377,13.83
2026/03/16 02:59:22,2.0391,13.84
2026/03/16 03:04:23,2.0317,13.84
2026/03/16 03:09:24,2.0369,13.84
2026/03/16 03:14:25,2.0343,13.83
2026/03/16 03:19:25,2.0349,13.83
2026/03/16 03:24:26,2.0273,13.84
2026/03/16 03:29:27,2.0336,13.83
2026/03/16 03:34:27,2.0372,13.84
2026/03/16 03:39:28,2.0393,13.83
2026/03/16 03:44:29,2.0320,13.83
2026/03/16 03:49:29,2.0321,13.84
2026/03/16 03:54:30,2.0314,13.83
2026/03/16 03:59:31,2.0336,13.82
2026/03/16 04:04:31,2.0329,13.81
2026/03/16 04:09:32,2.0320,13.81
2026/03/16 04:14:33,2.0408,13.80
2026/03/16 04:19:33,2.0564,13.79
2026/03/16 04:24:34,2.0482,13.80
2026/03/16 04:29:35,2.0370,13.80
2026/03/16 04:34:36,2.0415,13.79
2026/03/16 04:39:36,2.0440,13.79
2026/03/16 04:44:37,2.0277,13.79
2026/03/16 04:49:38,2.0251,13.75
2026/03/16 04:54:38,2.0268,13.75
2026/03/16 04:59:39,2.0369,13.76
2026/03/16 05:04:40,2.0271,13.77
2026/03/16 05:09:40,2.0263,13.76
2026/03/16 05:14:41,2.0252,13.77
2026/03/16 05:19:42,2.0371,13.77
2026/03/16 05:24:42,2.0288,13.76
2026/03/16 05:29:43,2.0242,13.76
2026/03/16 05:34:44,2.0191,13.74
2026/03/16 05:39:44,2.0304,13.74
2026/03/16 05:44:45,2.0283,13.71
2026/03/16 05:49:45,2.0236,13.70
2026/03/16 05:54:46,2.0182,13.70
2026/03/16 05:59:47,2.0287,13.72
2026/03/16 06:04:48,2.0294,13.71
2026/03/16 06:09:48,2.0312,13.70
2026/03/16 06:14:49,2.0254,13.70
2026/03/16 06:19:50,2.0276,13.71
2026/03/16 06:24:50,2.0338,13.72
2026/03/16 06:29:51,2.0304,13.73
2026/03/16 06:34:52,2.0168,13.73
2026/03/16 06:39:53,2.0155,13.72
2026/03/16 06:44:53,2.0279,13.73
2026/03/16 06:49:54,2.0271,13.72
2026/03/16 06:54:55,2.0192,13.70
2026/03/16 06:59:55,2.0270,13.71
2026/03/16 07:04:56,2.0402,13.72
2026/03/16 07:09:57,2.0409,13.73
2026/03/16 07:14:58,2.0244,13.75
2026/03/16 07:19:58,2.0187,13.77
2026/03/16 07:24:59,2.0255,13.77
2026/03/16 07:30:00,2.0219,13.72
2026/03/16 07:35:01,2.0208,13.72
2026/03/16 07:40:01,2.0168,13.72
2026/03/16 07:45:02,2.0191,13.73
2026/03/16 07:50:03,2.0235,13.74
2026/03/16 07:55:04,2.0142,13.75
2026/03/16 08:00:04,2.0067,13.73
2026/03/16 08:05:05,2.0121,13.72
2026/03/16 08:10:06,2.0073,13.73
2026/03/16 08:15:07,2.0101,13.74
2026/03/16 08:20:07,2.0109,13.75
2026/03/16 08:25:08,2.0149,13.77
2026/03/16 08:30:09,2.0150,13.77
2026/03/16 08:35:10,2.0066,13.77
2026/03/16 08:40:10,2.0028,13.78
2026/03/16 08:45:11,2.0041,13.79
2026/03/16 08:50:12,2.0037,13.78
2026/03/16 08:55:13,1.9995,13.79
2026/03/16 09:00:13,1.9984,13.76
2026/03/16 09:05:14,1.9986,13.76
2026/03/16 09:10:15,1.9930,13.76
2026/03/16 09:15:15,1.9977,13.77
2026/03/16 09:20:16,1.9894,13.77
2026/03/16 09:25:17,1.9977,13.82
2026/03/16 09:30:17,2.0070,13.84
2026/03/16 09:35:18,2.0007,13.85
2026/03/16 09:40:19,1.9926,13.88
2026/03/16 09:45:20,1.9903,13.90
2026/03/16 09:50:20,1.9824,13.90
2026/03/16 09:55:21,1.9763,13.92
2026/03/16 10:00:22,1.9697,13.93
2026/03/16 10:05:23,1.9798,13.93
2026/03/16 10:10:23,1.9797,13.94
2026/03/16 10:15:24,1.9912,13.95
2026/03/16 10:20:24,1.9886,13.94
2026/03/16 10:25:25,1.9757,13.95
2026/03/16 10:30:26,1.9673,13.98
2026/03/16 10:35:27,1.9657,14.00
2026/03/16 10:40:27,1.9673,14.05
2026/03/16 10:45:28,1.9629,14.08
2026/03/16 10:50:29,1.9604,14.08
2026/03/16 10:55:29,1.9621,14.13
2026/03/16 11:00:30,1.9644,14.16
2026/03/16 11:05:31,1.9642,14.14
2026/03/16 11:10:31,1.9643,14.10
2026/03/16 11:15:32,1.9731,14.08
2026/03/16 11:20:33,1.9807,14.08
2026/03/16 11:25:34,1.9790,14.02
2026/03/16 11:30:34,1.9637,13.99
2026/03/16 11:35:35,1.9592,14.00
2026/03/16 11:40:36,1.9509,14.00
2026/03/16 11:45:36,1.9502,14.03
2026/03/16 11:50:37,1.9554,14.07
2026/03/16 11:55:38,1.9576,14.03
2026/03/16 12:00:39,1.9600,14.06
2026/03/16 12:05:39,1.9573,14.04
2026/03/16 12:10:40,1.9519,14.03
2026/03/16 12:15:41,1.9488,14.06
2026/03/16 12:20:41,1.9435,14.06
2026/03/16 12:25:42,1.9445,14.07
2026/03/16 12:30:43,1.9456,14.05
2026/03/16 12:35:44,1.9540,14.00
2026/03/16 12:40:44,1.9536,14.03
2026/03/16 12:45:45,1.9544,14.01
2026/03/16 12:50:46,1.9548,14.01
2026/03/16 12:55:47,1.9518,14.00
2026/03/16 13:00:47,1.9458,14.00
2026/03/16 13:05:48,1.9445,14.00
2026/03/16 13:10:49,1.9435,14.00
2026/03/16 13:15:49,1.9455,14.00
2026/03/16 13:20:50,1.9480,14.00
2026/03/16 13:25:51,1.9431,14.01
2026/03/16 13:30:51,1.9497,14.00
2026/03/16 13:35:52,1.9601,14.00
2026/03/16 13:40:53,1.9670,14.02
2026/03/16 13:45:54,1.9568,14.00
2026/03/16 13:50:54,1.9486,14.00
2026/03/16 13:55:55,1.9431,14.02
2026/03/16 14:00:55,1.9363,14.04
2026/03/16 14:05:56,1.9293,14.06
2026/03/16 14:10:57,1.9326,14.24
2026/03/16 14:15:58,1.9414,14.41
2026/03/16 14:20:58,1.9530,14.41
2026/03/16 14:25:59,1.9469,14.40
2026/03/16 14:31:00,1.9428,14.41
2026/03/16 14:36:01,1.9409,14.45
2026/03/16 14:41:01,1.9392,14.52
2026/03/16 14:46:02,1.9295,14.47
2026/03/16 14:51:02,1.9251,14.38
2026/03/16 14:56:03,1.9359,14.58
2026/03/16 15:01:04,1.9384,14.59
2026/03/16 15:06:04,1.9363,14.60
2026/03/16 15:11:05,1.9360,14.59
2026/03/16 15:16:06,1.9393,14.34
2026/03/16 15:21:06,1.9460,14.37
2026/03/16 15:26:07,1.9420,14.48
2026/03/16 15:31:08,1.9391,14.55
2026/03/16 15:36:09,1.9354,14.45
2026/03/16 15:41:09,1.9388,14.57
2026/03/16 15:46:10,1.9334,14.59
2026/03/16 15:51:10,1.9318,14.45
2026/03/16 15:56:11,1.9294,14.32
2026/03/16 16:01:12,1.9407,14.36
2026/03/16 16:06:13,1.9384,14.47
2026/03/16 16:11:13,1.9337,14.40
2026/03/16 16:16:14,1.9348,14.29
2026/03/16 16:21:14,1.9362,14.40
2026/03/16 16:26:15,1.9317,14.34
2026/03/16 16:31:16,1.9373,14.27
2026/03/16 16:36:17,1.9466,14.26
2026/03/16 16:41:17,1.9556,14.30
2026/03/16 16:46:18,1.9449,14.38
2026/03/16 16:51:19,1.9416,14.40
2026/03/16 16:56:19,1.9346,14.47
2026/03/16 17:01:20,1.9363,14.53
2026/03/16 17:06:21,1.9373,14.61
2026/03/16 17:11:21,1.9439,14.59
2026/03/16 17:16:22,1.9437,14.57
2026/03/16 17:21:23,1.9466,14.55
2026/03/16 17:26:24,1.9565,14.51
2026/03/16 17:31:24,1.9676,14.50
2026/03/16 17:36:25,1.9726,14.50
2026/03/16 17:41:26,1.9732,14.46
2026/03/16 17:46:27,1.9673,14.44
2026/03/16 17:51:27,1.9767,14.49
2026/03/16 17:56:28,1.9761,14.47
2026/03/16 18:01:29,1.9773,14.27
2026/03/16 18:06:29,1.9764,14.22
2026/03/16 18:11:30,1.9879,14.18
2026/03/16 18:16:31,1.9881,14.16
2026/03/16 18:21:31,1.9881,14.14
2026/03/16 18:26:32,1.9911,14.16
2026/03/16 18:31:33,1.9966,14.17
2026/03/16 18:36:34,1.9993,14.17
2026/03/16 18:41:34,2.0051,14.18
2026/03/16 18:46:35,2.0012,14.20
2026/03/16 18:51:36,2.0054,14.16
2026/03/16 18:56:37,2.0050,14.16
2026/03/16 19:01:37,2.0144,14.16
2026/03/16 19:06:38,2.0193,14.16
2026/03/16 19:11:39,2.0202,14.16
2026/03/16 19:16:40,2.0199,14.16
2026/03/16 19:21:40,2.0199,14.14
2026/03/16 19:26:41,2.0306,14.13
2026/03/16 19:31:42,2.0286,14.15
2026/03/16 19:36:43,2.0277,14.13
2026/03/16 19:41:43,2.0281,14.14
2026/03/16 19:46:44,2.0273,14.15
2026/03/16 19:51:45,2.0229,14.16
2026/03/16 19:56:46,2.0224,14.13
2026/03/16 20:01:46,2.0195,14.11
2026/03/16 20:06:47,2.0228,14.10
2026/03/16 20:11:48,2.0235,14.11
2026/03/16 20:16:49,2.0217,14.11
2026/03/16 20:21:49,2.0127,14.12
2026/03/16 20:26:50,2.0203,14.10
2026/03/16 20:31:51,2.0230,14.11
2026/03/16 20:36:51,2.0229,14.09
2026/03/16 20:41:52,2.0211,14.09
2026/03/16 20:46:53,2.0213,14.09
2026/03/16 20:51:54,2.0221,14.09
2026/03/16 20:56:54,2.0227,14.09
2026/03/16 21:01:55,2.0158,14.08
2026/03/16 21:06:56,2.0175,14.08
2026/03/16 21:11:57,2.0213,14.07
2026/03/16 21:16:57,2.0187,14.07
2026/03/16 21:21:58,2.0160,14.07
2026/03/16 21:26:59,2.0175,14.07
2026/03/16 21:31:59,2.0156,14.08
2026/03/16 21:37:00,2.0152,14.06
2026/03/16 21:42:01,2.0170,14.07
2026/03/16 21:47:02,2.0070,14.06
2026/03/16 21:52:02,2.0092,14.07
2026/03/16 21:57:03,2.0111,14.06
2026/03/16 22:02:04,2.0144,14.06
2026/03/16 22:07:05,2.0065,14.05
2026/03/16 22:12:05,2.0061,14.05
2026/03/16 22:17:06,1.9981,14.04
2026/03/16 22:22:07,2.0056,14.04
2026/03/16 22:27:07,1.9992,14.04
2026/03/16 22:32:08,2.0004,14.04
2026/03/16 22:37:09,2.0008,14.04
2026/03/16 22:42:09,2.0124,14.03
2026/03/16 22:47:10,2.0112,14.03
2026/03/16 22:52:11,2.0134,14.03
2026/03/16 22:57:11,2.0007,14.03
2026/03/16 23:02:12,1.9982,14.03
2026/03/16 23:07:13,1.9912,14.02
2026/03/16 23:12:13,1.9883,14.02
2026/03/16 23:17:14,1.9887,14.02
2026/03/16 23:22:15,1.9964,14.01
2026/03/16 23:27:15,1.9946,14.01
2026/03/16 23:32:16,1.9979,14.02
2026/03/16 23:37:17,1.9965,14.02
2026/03/16 23:42:17,1.9970,14.01
2026/03/16 23:47:18,1.9942,14.02
2026/03/16 23:52:19,1.9944,14.01
2026/03/16 23:57:19,1.9891,14.01
2026/03/17 00:02:20,1.9865,14.01
2026/03/17 00:07:21,1.9846,14.01
2026/03/17 00:12:21,1.9824,14.01
2026/03/17 00:17:22,1.9801,14.01
2026/03/17 00:22:23,1.9752,14.01
2026/03/17 00:27:24,1.9710,14.01
2026/03/17 00:32:24,1.9676,14.00
2026/03/17 00:37:25,1.9596,14.00
2026/03/17 00:42:26,1.9572,14.00
2026/03/17 00:47:27,1.9512,13.99
2026/03/17 00:52:27,1.9545,13.99
2026/03/17 00:57:28,1.9483,13.99
2026/03/17 01:02:28,1.9462,13.99
2026/03/17 01:07:29,1.9430,13.98
2026/03/17 01:12:30,1.9467,13.99
2026/03/17 01:17:31,1.9429,13.99
2026/03/17 01:22:31,1.9437,13.98
2026/03/17 01:27:32,1.9309,13.99
2026/03/17 01:32:33,1.9406,13.98
2026/03/17 01:37:33,1.9427,13.97
2026/03/17 01:42:34,1.9414,13.96
2026/03/17 01:47:35,1.9441,13.97
2026/03/17 01:52:36,1.9434,13.97
2026/03/17 01:57:36,1.9444,13.96
2026/03/17 02:02:37,1.9484,13.98
2026/03/17 02:07:38,1.9545,13.98
2026/03/17 02:12:38,1.9641,13.97
2026/03/17 02:17:39,1.9532,13.97
2026/03/17 02:22:40,1.9546,13.96
2026/03/17 02:27:41,1.9487,13.96
2026/03/17 02:32:41,1.9468,13.97
2026/03/17 02:37:42,1.9395,13.99
2026/03/17 02:42:43,1.9477,13.98
2026/03/17 02:47:44,1.9551,13.98
2026/03/17 02:52:44,1.9554,13.98
2026/03/17 02:57:45,1.9569,13.98
2026/03/17 03:02:46,1.9625,13.96
2026/03/17 03:07:46,1.9562,13.96
2026/03/17 03:12:47,1.9535,13.96
2026/03/17 03:17:48,1.9508,13.96
2026/03/17 03:22:48,1.9530,13.97
2026/03/17 03:27:49,1.9571,13.95
2026/03/17 03:32:50,1.9582,13.95
2026/03/17 03:37:51,1.9594,13.95
2026/03/17 03:42:51,1.9609,13.95
2026/03/17 03:47:52,1.9648,13.95
2026/03/17 03:52:53,1.9678,13.95
2026/03/17 03:57:54,1.9626,13.95
2026/03/17 04:02:54,1.9669,13.95
2026/03/17 04:07:55,1.9708,13.96
2026/03/17 04:12:55,1.9688,13.96
2026/03/17 04:17:56,1.9662,13.96
2026/03/17 04:22:57,1.9652,13.96
2026/03/17 04:27:58,1.9626,13.96
2026/03/17 04:32:58,1.9704,13.97
2026/03/17 04:37:59,1.9711,13.95
2026/03/17 04:43:00,1.9680,13.96
2026/03/17 04:48:01,1.9699,13.96
2026/03/17 04:53:01,1.9716,13.97
2026/03/17 04:58:02,1.9764,13.98
2026/03/17 05:03:03,1.9676,13.97
2026/03/17 05:08:03,1.9718,13.98
2026/03/17 05:13:04,1.9998,13.98
2026/03/17 05:18:05,2.0069,13.98
2026/03/17 05:23:05,1.9950,13.96
2026/03/17 05:28:06,1.9932,13.97
2026/03/17 05:33:07,1.9850,13.97
2026/03/17 05:38:08,1.9764,13.97
2026/03/17 05:43:08,1.9711,13.97
2026/03/17 05:48:09,1.9791,13.96
2026/03/17 05:53:10,1.9851,13.95
2026/03/17 05:58:11,1.9882,13.95
2026/03/17 06:03:11,1.9860,13.95
2026/03/17 06:08:12,1.9852,13.95
2026/03/17 06:13:13,1.9847,13.96
2026/03/17 06:18:14,1.9823,13.95
2026/03/17 06:23:14,1.9792,13.95
2026/03/17 06:28:15,1.9773,13.95
2026/03/17 06:33:16,1.9810,13.95
2026/03/17 06:38:17,1.9855,13.94
2026/03/17 06:43:17,1.9804,13.94
2026/03/17 06:48:18,1.9793,13.95
2026/03/17 06:53:19,1.9823,13.95
2026/03/17 06:58:19,1.9856,13.94
2026/03/17 07:03:20,1.9827,13.94
2026/03/17 07:08:21,1.9757,13.93
2026/03/17 07:13:21,1.9790,13.91
2026/03/17 07:18:22,1.9782,13.90
2026/03/17 07:23:23,1.9832,13.91
2026/03/17 07:28:24,1.9741,13.92
2026/03/17 07:33:24,1.9729,13.91
2026/03/17 07:38:25,1.9774,13.92
2026/03/17 07:43:26,1.9821,13.92
2026/03/17 07:48:27,1.9831,13.93
2026/03/17 07:53:27,1.9935,13.95
2026/03/17 07:58:28,1.9868,13.94
2026/03/17 08:03:28,1.9780,13.95
2026/03/17 08:08:29,1.9717,13.95
2026/03/17 08:13:30,1.9610,14.00
2026/03/17 08:18:31,1.9572,14.00
2026/03/17 08:23:31,1.9724,13.99
2026/03/17 08:28:32,1.9884,13.98
2026/03/17 08:33:33,1.9944,13.99
2026/03/17 08:38:34,1.9883,13.99
2026/03/17 08:43:34,1.9795,14.00
2026/03/17 08:48:35,1.9787,14.01
2026/03/17 08:53:36,1.9764,14.01
2026/03/17 08:58:37,1.9879,14.02
2026/03/17 09:03:37,1.9795,14.03
2026/03/17 09:08:38,1.9867,14.03
2026/03/17 09:13:39,1.9858,14.03
2026/03/17 09:18:40,1.9802,14.04
2026/03/17 09:23:40,1.9814,14.04
2026/03/17 09:28:41,1.9848,14.03
2026/03/17 09:33:41,1.9803,14.04
2026/03/17 09:38:42,1.9813,14.04
2026/03/17 09:43:43,1.9771,14.04
2026/03/17 09:48:44,1.9818,14.04
2026/03/17 09:53:44,1.9804,14.05
2026/03/17 09:58:45,1.9844,14.05
2026/03/17 10:03:46,1.9774,14.05
2026/03/17 10:08:46,1.9772,14.06
2026/03/17 10:13:47,1.9748,14.06
2026/03/17 10:18:48,1.9698,14.08
2026/03/17 10:23:48,1.9713,14.08
2026/03/17 10:28:49,1.9759,14.09
2026/03/17 10:33:50,1.9821,14.09
2026/03/17 10:38:51,1.9860,14.09
2026/03/17 10:43:51,1.9713,14.11
2026/03/17 10:48:52,1.9704,14.11
2026/03/17 10:53:53,1.9672,14.11
2026/03/17 10:58:54,1.9657,14.13
2026/03/17 11:03:54,1.9621,14.13
2026/03/17 11:08:55,1.9639,14.14
2026/03/17 11:13:55,1.9688,14.14
2026/03/17 11:18:56,1.9626,14.14
2026/03/17 11:23:57,1.9628,14.16
2026/03/17 11:28:58,1.9644,14.16
2026/03/17 11:33:58,1.9658,14.17
2026/03/17 11:38:59,1.9675,14.17
2026/03/17 11:43:59,1.9610,14.18
2026/03/17 11:49:00,1.9651,14.19
2026/03/17 11:54:01,1.9644,14.19
2026/03/17 11:59:01,1.9644,14.20
2026/03/17 12:04:02,1.9646,14.20
2026/03/17 12:09:03,1.9796,14.20
2026/03/17 12:14:03,1.9613,14.22
2026/03/17 12:19:04,1.9562,14.22
2026/03/17 12:24:05,1.9538,14.23
2026/03/17 12:29:06,1.9604,14.23
2026/03/17 12:34:06,1.9603,14.23
2026/03/17 12:39:07,1.9552,14.26
2026/03/17 12:44:07,1.9380,14.26
2026/03/17 12:49:08,1.9417,14.27
2026/03/17 12:54:09,1.9285,14.28
2026/03/17 12:59:10,1.9367,14.30
2026/03/17 13:04:10,1.9377,14.32
2026/03/17 13:09:11,1.9321,14.32
2026/03/17 13:14:11,1.9257,14.31
2026/03/17 13:19:12,1.9215,14.30
2026/03/17 13:24:13,1.9085,14.30
2026/03/17 13:29:13,1.9103,14.31
2026/03/17 13:34:14,1.9144,14.32
2026/03/17 13:39:15,1.9174,14.25
2026/03/17 13:44:15,1.9113,14.26
2026/03/17 13:49:16,1.9120,14.28
2026/03/17 13:54:17,1.9089,14.32
2026/03/17 13:59:17,1.9083,14.30
2026/03/17 14:04:18,1.9030,14.25
2026/03/17 14:09:19,1.9006,14.26
2026/03/17 14:14:19,1.9010,14.25
2026/03/17 14:19:20,1.8996,14.25
2026/03/17 14:24:20,1.9033,14.25
2026/03/17 14:29:21,1.8956,14.27
2026/03/17 14:34:21,1.9051,14.29
2026/03/17 14:39:22,1.9053,14.29
2026/03/17 14:44:23,1.9087,14.30
2026/03/17 14:49:23,1.8988,14.30
2026/03/17 14:54:24,1.8979,14.30
2026/03/17 14:59:25,1.9114,14.30
2026/03/17 15:04:25,1.9208,14.28
2026/03/17 15:09:26,1.9155,14.23
2026/03/17 15:14:27,1.9120,14.30
2026/03/17 15:19:27,1.9074,14.37
2026/03/17 15:24:28,1.9002,14.36
2026/03/17 15:29:29,1.8999,14.36
2026/03/17 15:34:29,1.8989,14.35
2026/03/17 15:39:30,1.9055,14.32
2026/03/17 15:44:31,1.9137,14.33
2026/03/17 15:49:31,1.9071,14.33
2026/03/17 15:54:32,1.9074,14.33
2026/03/17 15:59:33,1.9007,14.36
2026/03/17 16:04:33,1.9034,14.39
2026/03/17 16:09:34,1.8977,14.38
2026/03/17 16:14:35,1.9011,14.36
2026/03/17 16:19:35,1.8996,14.41
2026/03/17 16:24:36,1.9037,14.74
2026/03/17 16:29:37,1.9028,14.78
2026/03/17 16:34:37,1.9031,14.68
2026/03/17 16:39:38,1.9084,14.71
2026/03/17 16:44:39,1.9108,14.76
2026/03/17 16:49:39,1.9102,14.63
2026/03/17 16:54:40,1.9069,14.45
2026/03/17 16:59:41,1.9063,14.68
2026/03/17 17:04:41,1.9007,14.84
2026/03/17 17:09:42,1.9119,14.88
2026/03/17 17:14:43,1.9114,14.70
2026/03/17 17:19:43,1.9186,14.60
2026/03/17 17:24:44,1.9361,14.56
2026/03/17 17:29:45,1.9587,14.59
2026/03/17 17:34:45,1.9728,14.56
2026/03/17 17:39:46,1.9753,14.52
2026/03/17 17:44:47,1.9947,14.48
2026/03/17 17:49:47,1.9976,14.50
2026/03/17 17:54:48,2.0074,14.49
2026/03/17 17:59:49,2.0135,14.47
2026/03/17 18:04:49,2.0232,14.40
2026/03/17 18:09:50,2.0230,14.39
2026/03/17 18:14:50,2.0356,14.46
2026/03/17 18:19:51,2.0240,14.46
2026/03/17 18:24:52,2.0252,14.46
2026/03/17 18:29:52,2.0234,14.44
2026/03/17 18:34:53,2.0297,14.41
2026/03/17 18:39:54,2.0305,14.39
2026/03/17 18:44:54,2.0435,14.40
2026/03/17 18:49:55,2.0445,14.41
2026/03/17 18:54:55,2.0521,14.43
2026/03/17 18:59:56,2.0541,14.42
2026/03/17 19:04:57,2.0585,14.41
2026/03/17 19:09:57,2.0584,14.41
2026/03/17 19:14:58,2.0697,14.41
2026/03/17 19:19:59,2.0729,14.40
2026/03/17 19:24:59,2.0758,14.40
2026/03/17 19:30:00,2.0773,14.36
2026/03/17 19:35:01,2.0813,14.34
2026/03/17 19:40:01,2.0795,14.32
2026/03/17 19:45:02,2.0861,14.29
2026/03/17 19:50:03,2.0836,14.31
2026/03/17 19:55:03,2.0875,14.30
2026/03/17 20:00:04,2.0865,14.36
2026/03/17 20:05:05,2.0886,14.39
2026/03/17 20:10:05,2.0877,14.36
2026/03/17 20:15:06,2.0855,14.38
2026/03/17 20:20:07,2.0849,14.39
2026/03/17 20:25:07,2.0912,14.39
2026/03/17 20:30:08,2.0829,14.40
2026/03/17 20:35:09,2.0865,14.39
2026/03/17 20:40:10,2.0885,14.38
2026/03/17 20:45:10,2.0859,14.39
2026/03/17 20:50:11,2.0774,14.39
2026/03/17 20:55:12,2.0910,14.41
2026/03/17 21:00:12,2.0969,14.41
2026/03/17 21:05:13,2.0941,14.41
2026/03/17 21:10:14,2.0794,14.40
2026/03/17 21:15:14,2.0736,14.40
2026/03/17 21:20:15,2.0725,14.39
2026/03/17 21:25:15,2.0707,14.38
2026/03/17 21:30:16,2.0688,14.38
2026/03/17 21:35:17,2.0649,14.39
2026/03/17 21:40:18,2.0663,14.38
2026/03/17 21:45:18,2.0656,14.39
2026/03/17 21:50:19,2.0618,14.38
2026/03/17 21:55:19,2.0578,14.38
2026/03/17 22:00:20,2.0559,14.38
2026/03/17 22:05:21,2.0516,14.38
2026/03/17 22:10:22,2.0497,14.36
2026/03/17 22:15:22,2.0417,14.36
2026/03/17 22:20:23,2.0427,14.36
2026/03/17 22:25:24,2.0389,14.36
2026/03/17 22:30:24,2.0374,14.35
2026/03/17 22:35:25,2.0321,14.35
2026/03/17 22:40:26,2.0378,14.35
2026/03/17 22:45:26,2.0342,14.35
2026/03/17 22:50:27,2.0320,14.34
2026/03/17 22:55:28,2.0281,14.34
2026/03/17 23:00:28,2.0258,14.34
2026/03/17 23:05:29,2.0233,14.34
2026/03/17 23:10:30,2.0187,14.34
2026/03/17 23:15:30,2.0166,14.35
2026/03/17 23:20:31,2.0162,14.34
2026/03/17 23:25:32,2.0132,14.33
2026/03/17 23:30:32,2.0082,14.34
2026/03/17 23:35:33,2.0054,14.34
2026/03/17 23:40:34,2.0031,14.34
2026/03/17 23:45:34,2.0083,14.34
2026/03/17 23:50:35,2.0000,14.34
2026/03/17 23:55:36,2.0059,14.34
2026/03/18 00:00:37,2.0065,14.34
2026/03/18 00:05:37,2.0109,14.34
2026/03/18 00:10:38,2.0089,14.34
2026/03/18 00:15:39,2.0018,14.33
2026/03/18 00:20:39,1.9883,14.32
2026/03/18 00:25:40,1.9806,14.33
2026/03/18 00:30:41,1.9730,14.32
2026/03/18 00:35:41,1.9696,14.32
2026/03/18 00:40:42,1.9666,14.32
2026/03/18 00:45:43,1.9726,14.32
2026/03/18 00:50:44,1.9730,14.33
2026/03/18 00:55:44,1.9737,14.32
2026/03/18 01:00:45,1.9674,14.32
2026/03/18 01:05:46,1.9670,14.32
2026/03/18 01:10:46,1.9593,14.32
2026/03/18 01:15:47,1.9547,14.32
2026/03/18 01:20:48,1.9526,14.32
2026/03/18 01:25:48,1.9543,14.32
2026/03/18 01:30:49,1.9598,14.32
2026/03/18 01:35:50,1.9606,14.32
2026/03/18 01:40:51,1.9626,14.31
2026/03/18 01:45:51,1.9632,14.31
2026/03/18 01:50:52,1.9674,14.31
2026/03/18 01:55:53,1.9635,14.31
2026/03/18 02:00:53,1.9630,14.30
2026/03/18 02:05:54,1.9636,14.30
2026/03/18 02:10:55,1.9648,14.31
2026/03/18 02:15:55,1.9639,14.30
2026/03/18 02:20:56,1.9669,14.30
2026/03/18 02:25:57,1.9633,14.30
2026/03/18 02:30:57,1.9694,14.30
2026/03/18 02:35:58,1.9741,14.30
2026/03/18 02:40:59,1.9789,14.30
2026/03/18 02:45:59,1.9771,14.30
2026/03/18 02:51:00,1.9786,14.30
2026/03/18 02:56:01,1.9736,14.30
2026/03/18 03:01:01,1.9844,14.30
2026/03/18 03:06:02,1.9875,14.29
2026/03/18 03:11:03,1.9916,14.29
2026/03/18 03:16:03,2.0005,14.30
2026/03/18 03:21:04,2.0164,14.29
2026/03/18 03:26:05,2.0162,14.28
2026/03/18 03:31:05,2.0101,14.28
2026/03/18 03:36:06,2.0070,14.29
2026/03/18 03:41:07,2.0014,14.29
2026/03/18 03:46:07,1.9984,14.29
2026/03/18 03:51:08,2.0013,14.29
2026/03/18 03:56:09,2.0101,14.29
2026/03/18 04:01:09,2.0182,14.28
2026/03/18 04:06:10,2.0219,14.29
2026/03/18 04:11:11,2.0128,14.29
2026/03/18 04:16:11,2.0151,14.29
2026/03/18 04:21:12,2.0117,14.28
2026/03/18 04:26:13,2.0095,14.28
2026/03/18 04:31:13,2.0113,14.28
2026/03/18 04:36:14,2.0124,14.28
2026/03/18 04:41:15,2.0201,14.28
2026/03/18 04:46:15,2.0233,14.28
2026/03/18 04:51:16,2.0225,14.27
2026/03/18 04:56:16,2.0257,14.27
2026/03/18 05:01:17,2.0237,14.28
2026/03/18 05:06:18,2.0238,14.27
2026/03/18 05:11:18,2.0252,14.27
2026/03/18 05:16:19,2.0235,14.28
2026/03/18 05:21:20,2.0222,14.27
2026/03/18 05:26:20,2.0264,14.27
2026/03/18 05:31:21,2.0236,14.28
2026/03/18 05:36:21,2.0262,14.27
2026/03/18 05:41:22,2.0265,14.27
2026/03/18 05:46:23,2.0330,14.27
2026/03/18 05:51:24,2.0317,14.27
2026/03/18 05:56:24,2.0290,14.27
2026/03/18 06:01:25,2.0335,14.27
2026/03/18 06:06:25,2.0410,14.27
2026/03/18 06:11:26,2.0450,14.27
2026/03/18 06:16:27,2.0490,14.27
2026/03/18 06:21:28,2.0588,14.27
2026/03/18 06:26:28,2.0851,14.26
2026/03/18 06:31:29,2.0922,14.26
2026/03/18 06:36:30,2.0904,14.26
2026/03/18 06:41:30,2.0834,14.26
2026/03/18 06:46:31,2.0831,14.26
2026/03/18 06:51:32,2.0715,14.25
2026/03/18 06:56:32,2.0642,14.27
2026/03/18 07:01:33,2.0666,14.27
2026/03/18 07:06:34,2.0796,14.27
2026/03/18 07:11:35,2.0858,14.28
2026/03/18 07:16:35,2.0908,14.28
2026/03/18 07:21:36,2.0817,14.27
2026/03/18 07:26:37,2.0780,14.28
2026/03/18 07:31:37,2.0795,14.28
2026/03/18 07:36:38,2.0801,14.27
2026/03/18 07:41:39,2.0752,14.27
2026/03/18 07:46:39,2.0785,14.28
2026/03/18 07:51:40,2.0800,14.28
2026/03/18 07:56:40,2.0860,14.27
2026/03/18 08:01:41,2.0874,14.26
2026/03/18 08:06:42,2.0903,14.26
2026/03/18 08:11:42,2.0924,14.27
2026/03/18 08:16:43,2.0878,14.27
2026/03/18 08:21:44,2.0908,14.27
2026/03/18 08:26:44,2.1067,14.27
2026/03/18 08:31:45,2.1229,14.27
2026/03/18 08:36:46,2.1219,14.28
2026/03/18 08:41:46,2.1193,14.29
2026/03/18 08:46:47,2.1175,14.29
2026/03/18 08:51:48,2.1233,14.28
2026/03/18 08:56:48,2.1261,14.28
2026/03/18 09:01:49,2.1211,14.29
2026/03/18 09:06:50,2.1200,14.29
2026/03/18 09:11:50,2.1168,14.29
2026/03/18 09:16:51,2.1101,14.29
2026/03/18 09:21:52,2.1087,14.30
2026/03/18 09:26:52,2.1124,14.29
2026/03/18 09:31:53,2.1267,14.30
2026/03/18 09:36:54,2.1204,14.30
2026/03/18 09:41:55,2.1276,14.29
2026/03/18 09:46:55,2.1271,14.30
2026/03/18 09:51:56,2.1246,14.29
2026/03/18 09:56:57,2.1241,14.29
2026/03/18 10:01:57,2.1093,14.29
2026/03/18 10:06:58,2.1124,14.30
2026/03/18 10:11:59,2.1169,14.29
2026/03/18 10:16:59,2.1237,14.29
2026/03/18 10:22:00,2.1230,14.29
2026/03/18 10:27:01,2.1225,14.30
2026/03/18 10:32:02,2.1195,14.29
2026/03/18 10:37:02,2.1152,14.29
2026/03/18 10:42:03,2.1033,14.29
2026/03/18 10:47:04,2.0986,14.29
2026/03/18 10:52:04,2.0962,14.29
2026/03/18 10:57:05,2.1014,14.29
2026/03/18 11:02:06,2.0989,14.29
2026/03/18 11:07:06,2.1009,14.29
2026/03/18 11:12:07,2.0958,14.29
2026/03/18 11:17:08,2.0922,14.29
2026/03/18 11:22:08,2.1024,14.29
2026/03/18 11:27:09,2.0857,14.28
2026/03/18 11:32:10,2.0865,14.28
2026/03/18 11:37:10,2.0941,14.28
2026/03/18 11:42:11,2.0816,14.28
2026/03/18 11:47:12,2.0896,14.28
2026/03/18 11:52:12,2.0836,14.29
2026/03/18 11:57:13,2.0897,14.28
2026/03/18 12:02:14,2.0894,14.28
2026/03/18 12:07:14,2.0868,14.28
2026/03/18 12:12:15,2.0815,14.27
2026/03/18 12:17:16,2.0865,14.28
2026/03/18 12:22:16,2.0852,14.27
2026/03/18 12:27:17,2.0840,14.27
2026/03/18 12:32:18,2.0848,14.27
2026/03/18 12:37:18,2.0986,14.27
2026/03/18 12:42:19,2.1013,14.27
2026/03/18 12:47:20,2.0941,14.27
2026/03/18 12:52:20,2.0878,14.25
2026/03/18 12:57:21,2.0944,14.25
2026/03/18 13:02:22,2.1009,14.26
2026/03/18 13:07:22,2.1053,14.26
2026/03/18 13:12:23,2.1038,14.26
2026/03/18 13:17:24,2.0937,14.27
2026/03/18 13:22:25,2.0985,14.26
2026/03/18 13:27:25,2.0936,14.26
2026/03/18 13:32:26,2.0941,14.25
2026/03/18 13:37:26,2.0944,14.26
2026/03/18 13:42:27,2.1036,14.25
2026/03/18 13:47:28,2.1018,14.25
2026/03/18 13:52:29,2.0926,14.26
2026/03/18 13:57:29,2.0830,14.26
2026/03/18 14:02:30,2.0828,14.26
2026/03/18 14:07:30,2.0773,14.25
2026/03/18 14:12:31,2.0787,14.25
2026/03/18 14:17:32,2.0711,14.25
2026/03/18 14:22:33,2.0742,14.25
2026/03/18 14:27:33,2.0672,14.24
2026/03/18 14:32:34,2.0670,14.23
2026/03/18 14:37:35,2.0582,14.23
2026/03/18 14:42:35,2.0641,14.22
2026/03/18 14:47:36,2.0599,14.22
2026/03/18 14:52:37,2.0598,14.21
2026/03/18 14:57:37,2.0577,14.21
2026/03/18 15:02:38,2.0543,14.22
2026/03/18 15:07:39,2.0571,14.22
2026/03/18 15:12:40,2.0630,14.22
2026/03/18 15:17:40,2.0530,14.22
2026/03/18 15:22:41,2.0563,14.22
2026/03/18 15:27:42,2.0625,14.21
2026/03/18 15:32:43,2.0644,14.21
2026/03/18 15:37:43,2.0642,14.21
2026/03/18 15:42:44,2.0641,14.22
2026/03/18 15:47:45,2.0628,14.21
2026/03/18 15:52:46,2.0735,14.21
2026/03/18 15:57:46,2.0831,14.21
2026/03/18 16:02:47,2.0900,14.20
2026/03/18 16:07:48,2.0946,14.20
2026/03/18 16:12:49,2.0936,14.20
2026/03/18 16:17:49,2.0915,14.20
2026/03/18 16:22:50,2.0755,14.19
2026/03/18 16:27:51,2.0769,14.18
2026/03/18 16:32:52,2.0861,14.18
2026/03/18 16:37:52,2.0967,14.19
2026/03/18 16:42:53,2.0916,14.18
2026/03/18 16:47:54,2.0956,14.18
2026/03/18 16:52:55,2.0915,14.17
2026/03/18 16:57:55,2.1003,14.17
2026/03/18 17:02:56,2.0936,14.16
2026/03/18 17:07:57,2.0904,14.12
2026/03/18 17:12:58,2.0950,14.12
2026/03/18 17:17:58,2.1019,14.13
2026/03/18 17:22:59,2.1122,14.13
2026/03/18 17:28:00,2.1337,14.12
2026/03/18 17:33:01,2.1309,14.11
2026/03/18 17:38:01,2.1440,14.11
2026/03/18 17:43:02,2.1565,14.07
2026/03/18 17:48:03,2.1801,14.10
2026/03/18 17:53:03,2.2019,14.13
2026/03/18 17:58:04,2.2210,14.11
2026/03/18 18:03:05,2.2360,14.11
2026/03/18 18:08:05,2.2530,14.10
2026/03/18 18:13:06,2.2452,14.10
2026/03/18 18:18:07,2.2552,14.09
2026/03/18 18:23:07,2.2687,14.09
2026/03/18 18:28:08,2.2726,14.07
2026/03/18 18:33:09,2.2697,14.10
2026/03/18 18:38:09,2.2798,14.10
2026/03/18 18:43:10,2.2887,14.05
2026/03/18 18:48:11,2.2869,14.05
2026/03/18 18:53:12,2.2984,14.05
2026/03/18 18:58:12,2.3052,14.08
2026/03/18 19:03:13,2.3065,14.09
2026/03/18 19:08:14,2.3127,14.09
2026/03/18 19:13:14,2.3024,14.09
2026/03/18 19:18:15,2.3038,14.09
2026/03/18 19:23:16,2.3129,14.07
2026/03/18 19:28:16,2.3172,14.06
2026/03/18 19:33:17,2.3242,14.05
2026/03/18 19:38:18,2.3363,14.05
2026/03/18 19:43:19,2.3464,14.04
2026/03/18 19:48:19,2.3556,14.04
2026/03/18 19:53:20,2.3566,14.02
2026/03/18 19:58:21,2.3584,13.95
2026/03/18 20:03:22,2.3668,13.95
2026/03/18 20:08:22,2.3696,14.02
2026/03/18 20:13:23,2.3694,14.04
2026/03/18 20:18:24,2.3647,14.04
2026/03/18 20:23:24,2.3679,14.03
2026/03/18 20:28:25,2.3738,14.05
2026/03/18 20:33:26,2.3750,14.07
2026/03/18 20:38:26,2.3770,14.08
2026/03/18 20:43:27,2.3795,14.09
2026/03/18 20:48:28,2.3860,14.08
2026/03/18 20:53:29,2.4133,14.07
2026/03/18 20:58:29,2.4243,14.09
2026/03/18 21:03:30,2.4301,14.09
2026/03/18 21:08:31,2.4274,14.09
2026/03/18 21:13:32,2.4306,14.09
2026/03/18 21:18:32,2.4376,14.09
2026/03/18 21:23:33,2.4421,14.08
2026/03/18 21:28:34,2.4403,14.08
2026/03/18 21:33:34,2.4426,14.07
2026/03/18 21:38:35,2.4422,14.07
2026/03/18 21:43:36,2.4427,14.07
2026/03/18 21:48:36,2.4390,14.09
2026/03/18 21:53:37,2.4470,14.09
2026/03/18 21:58:38,2.4515,14.08
2026/03/18 22:03:38,2.4586,14.08
2026/03/18 22:08:39,2.4658,14.09
2026/03/18 22:13:40,2.4575,14.09
2026/03/18 22:18:40,2.4558,14.09
2026/03/18 22:23:41,2.4529,14.08
2026/03/18 22:28:42,2.4508,14.09
2026/03/18 22:33:43,2.4512,14.11
2026/03/18 22:38:43,2.4569,14.10
2026/03/18 22:43:44,2.4575,14.10
2026/03/18 22:48:45,2.4574,14.10
2026/03/18 22:53:45,2.4510,14.12
2026/03/18 22:58:46,2.4504,14.13
2026/03/18 23:03:47,2.4439,14.13
2026/03/18 23:08:47,2.4445,14.13
2026/03/18 23:13:48,2.4342,14.15
2026/03/18 23:18:49,2.4332,14.15
2026/03/18 23:23:50,2.4339,14.18
2026/03/18 23:28:50,2.4303,14.17
2026/03/18 23:33:51,2.4277,14.16
2026/03/18 23:38:51,2.4245,14.17
2026/03/18 23:43:52,2.4154,14.19
2026/03/18 23:48:53,2.4057,14.18
2026/03/18 23:53:54,2.4003,14.19
2026/03/18 23:58:54,2.3915,14.17
2026/03/19 00:03:55,2.3795,14.18
2026/03/19 00:08:55,2.3719,14.20
2026/03/19 00:13:56,2.3592,14.18
2026/03/19 00:18:57,2.3492,14.17
2026/03/19 00:23:58,2.3449,14.18
2026/03/19 00:28:58,2.3318,14.18
2026/03/19 00:33:59,2.3208,14.18
2026/03/19 00:39:00,2.3151,14.20
2026/03/19 00:44:01,2.3095,14.21
2026/03/19 00:49:01,2.2978,14.20
2026/03/19 00:54:02,2.2976,14.20
2026/03/19 00:59:02,2.2908,14.20
2026/03/19 01:04:03,2.2885,14.19
2026/03/19 01:09:04,2.2834,14.19
2026/03/19 01:14:05,2.2782,14.18
2026/03/19 01:19:05,2.2725,14.19
2026/03/19 01:24:06,2.2773,14.20
2026/03/19 01:29:07,2.2832,14.20
2026/03/19 01:34:08,2.2862,14.20
2026/03/19 01:39:08,2.2732,14.19
2026/03/19 01:44:09,2.2700,14.19
2026/03/19 01:49:09,2.2596,14.20
2026/03/19 01:54:10,2.2567,14.17
2026/03/19 01:59:11,2.2526,14.13
2026/03/19 02:04:11,2.2623,14.08
2026/03/19 02:09:12,2.2652,14.12
2026/03/19 02:14:13,2.2613,14.13
2026/03/19 02:19:13,2.2584,14.18
2026/03/19 02:24:14,2.2595,14.15
2026/03/19 02:29:15,2.2581,14.11
2026/03/19 02:34:16,2.2557,14.12
2026/03/19 02:39:16,2.2547,14.10
2026/03/19 02:44:17,2.2657,14.11
2026/03/19 02:49:18,2.2683,14.16
2026/03/19 02:54:19,2.2660,14.18
2026/03/19 02:59:20,2.2657,14.10
2026/03/19 03:04:20,2.2665,14.07
2026/03/19 03:09:21,2.2721,14.08
2026/03/19 03:14:22,2.2708,14.07
2026/03/19 03:19:22,2.2706,14.05
2026/03/19 03:24:23,2.2738,14.07
2026/03/19 03:29:24,2.2824,14.08
2026/03/19 03:34:25,2.2747,14.09
2026/03/19 03:39:25,2.2801,14.08
2026/03/19 03:44:26,2.2838,14.08
2026/03/19 03:49:26,2.2867,14.11
2026/03/19 03:54:27,2.2870,14.10
2026/03/19 03:59:28,2.2918,14.11
2026/03/19 04:04:29,2.2903,14.09
2026/03/19 04:09:29,2.2977,14.06
2026/03/19 04:14:30,2.2921,14.07
2026/03/19 04:19:31,2.2926,14.12
2026/03/19 04:24:32,2.3005,14.13
2026/03/19 04:29:32,2.3095,14.13
2026/03/19 04:34:33,2.3089,14.11
2026/03/19 04:39:34,2.3091,14.10
2026/03/19 04:44:35,2.3146,14.11
2026/03/19 04:49:35,2.3150,14.12
2026/03/19 04:54:36,2.3178,14.11
2026/03/19 04:59:37,2.3336,14.09
2026/03/19 05:04:38,2.3394,14.08
2026/03/19 05:09:38,2.3424,14.08
2026/03/19 05:14:39,2.3419,14.10
2026/03/19 05:19:40,2.3388,14.10
2026/03/19 05:24:41,2.3324,14.12
2026/03/19 05:29:41,2.3363,14.14
2026/03/19 05:34:42,2.3442,14.12
2026/03/19 05:39:43,2.3531,14.08
2026/03/19 05:44:43,2.3537,14.07
2026/03/19 05:49:44,2.3596,14.07
2026/03/19 05:54:45,2.3711,14.05
2026/03/19 05:59:45,2.3875,14.09
2026/03/19 06:04:46,2.4045,14.10
2026/03/19 06:09:47,2.4200,14.11
2026/03/19 06:14:48,2.4370,14.09
2026/03/19 06:19:48,2.4452,14.05
2026/03/19 06:24:49,2.4488,14.01
2026/03/19 06:29:50,2.4544,14.04
2026/03/19 06:34:51,2.4603,14.03
2026/03/19 06:39:51,2.4629,13.99
2026/03/19 06:44:52,2.4622,14.03
2026/03/19 06:49:53,2.4676,13.97
2026/03/19 06:54:54,2.4735,13.96
2026/03/19 06:59:54,2.4671,13.96
2026/03/19 07:04:55,2.4692,13.97
2026/03/19 07:09:56,2.4701,13.99
2026/03/19 07:14:57,2.4727,14.00
2026/03/19 07:19:57,2.4686,14.00
2026/03/19 07:24:58,2.4777,13.98
2026/03/19 07:29:58,2.4810,13.96
2026/03/19 07:34:59,2.4830,13.99
2026/03/19 07:40:00,2.4923,14.05
2026/03/19 07:45:01,2.4888,14.07
2026/03/19 07:50:01,2.4899,14.10
2026/03/19 07:55:02,2.4965,14.09
2026/03/19 08:00:02,2.5064,14.11
2026/03/19 08:05:03,2.5155,14.11
2026/03/19 08:10:04,2.5236,14.11
2026/03/19 08:15:04,2.5416,14.11
2026/03/19 08:20:05,2.5389,14.03
2026/03/19 08:25:06,2.5306,14.01
2026/03/19 08:30:06,2.5282,14.04
2026/03/19 08:35:07,2.5164,14.05
2026/03/19 08:40:08,2.5043,14.05
2026/03/19 08:45:08,2.5136,14.06
2026/03/19 08:50:09,2.5238,14.06
2026/03/19 08:55:10,2.5192,14.07
2026/03/19 09:00:10,2.5203,14.08
2026/03/19 09:05:11,2.5117,14.08
2026/03/19 09:10:12,2.5014,14.09
2026/03/19 09:15:12,2.4866,14.11
2026/03/19 09:20:13,2.4916,14.12
2026/03/19 09:25:14,2.4925,14.13
2026/03/19 09:30:14,2.4922,14.14
2026/03/19 09:35:15,2.4901,14.14
2026/03/19 09:40:16,2.4860,14.14
2026/03/19 09:45:17,2.4779,14.13
2026/03/19 09:50:17,2.4741,14.16
2026/03/19 09:55:18,2.4626,14.17
2026/03/19 10:00:18,2.4588,14.18
2026/03/19 10:05:19,2.4484,14.20
2026/03/19 10:10:20,2.4523,14.21
2026/03/19 10:15:21,2.4462,14.22
2026/03/19 10:20:21,2.4383,14.23
2026/03/19 10:25:22,2.4277,14.23
2026/03/19 10:30:23,2.4187,14.22
2026/03/19 10:35:23,2.4093,14.24
2026/03/19 10:40:24,2.4056,14.24
2026/03/19 10:45:25,2.4094,14.25
2026/03/19 10:50:25,2.4126,14.25
2026/03/19 10:55:26,2.4103,14.27
2026/03/19 11:00:27,2.3933,14.27
2026/03/19 11:05:28,2.3828,14.28
2026/03/19 11:10:28,2.3761,14.29
2026/03/19 11:15:29,2.3734,14.30
2026/03/19 11:20:29,2.3763,14.30
2026/03/19 11:25:30,2.3807,14.31
2026/03/19 11:30:31,2.3689,14.32
2026/03/19 11:35:32,2.3652,14.32
2026/03/19 11:40:32,2.3576,14.33
2026/03/19 11:45:33,2.3452,14.35
2026/03/19 11:50:33,2.3440,14.35
2026/03/19 11:55:34,2.3358,14.36
2026/03/19 12:00:35,2.3402,14.37
2026/03/19 12:05:36,2.3389,14.38
2026/03/19 12:10:36,2.3359,14.39
2026/03/19 12:15:37,2.3320,14.39
2026/03/19 12:20:37,2.3297,14.40
2026/03/19 12:25:38,2.3245,14.41
2026/03/19 12:30:39,2.3168,14.41
2026/03/19 12:35:40,2.3162,14.41
2026/03/19 12:40:40,2.3190,14.43
2026/03/19 12:45:41,2.3116,14.46
2026/03/19 12:50:41,2.3166,14.53
2026/03/19 12:55:42,2.3212,14.52
2026/03/19 13:00:42,2.3222,14.53
2026/03/19 13:05:43,2.3201,14.52
2026/03/19 13:10:44,2.3113,14.50
2026/03/19 13:15:44,2.3007,14.47
2026/03/19 13:20:45,2.2944,14.50
2026/03/19 13:25:46,2.2878,14.49
2026/03/19 13:30:46,2.2923,14.44
2026/03/19 13:35:47,2.2951,14.61
2026/03/19 13:40:48,2.2941,14.63
2026/03/19 13:45:49,2.2989,14.52
2026/03/19 13:50:49,2.2996,14.50
2026/03/19 13:55:50,2.2926,14.53
2026/03/19 14:00:51,2.2885,14.50
2026/03/19 14:05:51,2.2873,14.44
2026/03/19 14:10:52,2.2886,14.45
2026/03/19 14:15:53,2.2882,14.48
2026/03/19 14:20:53,2.2922,14.50
2026/03/19 14:25:54,2.2921,14.51
2026/03/19 14:30:55,2.2965,14.50
2026/03/19 14:35:55,2.2966,14.49
2026/03/19 14:40:56,2.2994,14.50
2026/03/19 14:45:57,2.2967,14.51
2026/03/19 14:50:57,2.2959,14.49
2026/03/19 14:55:58,2.2922,14.45
2026/03/19 15:00:58,2.2933,14.45
2026/03/19 15:05:59,2.2953,14.47
2026/03/19 15:11:00,2.2916,14.49
2026/03/19 15:16:01,2.2965,14.49
2026/03/19 15:21:01,2.2994,14.48
2026/03/19 15:26:02,2.3032,14.48
2026/03/19 15:31:03,2.3049,14.47
2026/03/19 15:36:03,2.3206,14.48
2026/03/19 15:41:04,2.3247,14.48
2026/03/19 15:46:05,2.3093,14.47
2026/03/19 15:51:05,2.3116,14.48
2026/03/19 15:56:06,2.3101,14.52
2026/03/19 16:01:07,2.3022,14.58
2026/03/19 16:06:07,2.3077,14.57
2026/03/19 16:11:08,2.3167,14.57
2026/03/19 16:16:09,2.3173,14.53
2026/03/19 16:21:09,2.3126,14.52
2026/03/19 16:26:10,2.3079,14.52
2026/03/19 16:31:11,2.3070,14.52
2026/03/19 16:36:11,2.3033,14.51
2026/03/19 16:41:12,2.3084,14.51
2026/03/19 16:46:13,2.3083,14.50
2026/03/19 16:51:13,2.3210,14.49
2026/03/19 16:56:14,2.3403,14.49
2026/03/19 17:01:15,2.3477,14.48
2026/03/19 17:06:16,2.3486,14.45
2026/03/19 17:11:16,2.3491,14.52
2026/03/19 17:16:17,2.3398,14.56
2026/03/19 17:21:17,2.3522,14.59
2026/03/19 17:26:18,2.3676,14.61
2026/03/19 17:31:19,2.3730,14.54
2026/03/19 17:36:20,2.3759,14.56
2026/03/19 17:41:20,2.3827,14.59
2026/03/19 17:46:21,2.4209,14.57
2026/03/19 17:51:21,2.4680,14.57
2026/03/19 17:56:22,2.4963,14.57
2026/03/19 18:01:23,2.5209,14.58
2026/03/19 18:06:24,2.5515,14.58
2026/03/19 18:11:24,2.5636,14.63
2026/03/19 18:16:25,2.5611,14.57
2026/03/19 18:21:25,2.5766,14.56
2026/03/19 18:26:26,2.5854,14.57
2026/03/19 18:31:27,2.5983,14.58
2026/03/19 18:36:27,2.6064,14.59
2026/03/19 18:41:28,2.6111,14.57
2026/03/19 18:46:29,2.6060,14.63
2026/03/19 18:51:29,2.6041,14.59
2026/03/19 18:56:30,2.5945,14.57
2026/03/19 19:01:31,2.6053,14.54
2026/03/19 19:06:31,2.6055,14.54
2026/03/19 19:11:32,2.6117,14.54
2026/03/19 19:16:33,2.6205,14.54
2026/03/19 19:21:33,2.6334,14.52
2026/03/19 19:26:34,2.6437,14.52
2026/03/19 19:31:35,2.6484,14.52
2026/03/19 19:36:35,2.6486,14.50
2026/03/19 19:41:36,2.6587,14.50
2026/03/19 19:46:37,2.6674,14.53
2026/03/19 19:51:37,2.6760,14.52
2026/03/19 19:56:38,2.6822,14.54
2026/03/19 20:01:38,2.6903,14.54
2026/03/19 20:06:39,2.6924,14.54
2026/03/19 20:11:40,2.6923,14.54
2026/03/19 20:16:40,2.6914,14.53
2026/03/19 20:21:41,2.6930,14.55
2026/03/19 20:26:42,2.6975,14.55
2026/03/19 20:31:42,2.6926,14.55
2026/03/19 20:36:43,2.6957,14.56
2026/03/19 20:41:43,2.6922,14.57
2026/03/19 20:46:44,2.6933,14.57
2026/03/19 20:51:45,2.6958,14.57
2026/03/19 20:56:46,2.6957,14.56
2026/03/19 21:01:46,2.6903,14.55
2026/03/19 21:06:47,2.6867,14.54
2026/03/19 21:11:48,2.6822,14.54
2026/03/19 21:16:48,2.6877,14.53
2026/03/19 21:21:49,2.6861,14.53
2026/03/19 21:26:50,2.6848,14.53
2026/03/19 21:31:50,2.6793,14.53
2026/03/19 21:36:51,2.6752,14.52
2026/03/19 21:41:52,2.6626,14.52
2026/03/19 21:46:53,2.6605,14.52
2026/03/19 21:51:53,2.6627,14.52
2026/03/19 21:56:54,2.6629,14.51
2026/03/19 22:01:55,2.6507,14.51
2026/03/19 22:06:55,2.6443,14.51
2026/03/19 22:11:56,2.6371,14.51
2026/03/19 22:16:57,2.6339,14.51
2026/03/19 22:21:57,2.6251,14.51
2026/03/19 22:26:58,2.6218,14.51
2026/03/19 22:31:59,2.6216,14.50
2026/03/19 22:37:00,2.6174,14.50
2026/03/19 22:42:00,2.6092,14.50
2026/03/19 22:47:01,2.6049,14.50
2026/03/19 22:52:02,2.6025,14.50
2026/03/19 22:57:03,2.5954,14.50
2026/03/19 23:02:03,2.5888,14.50
2026/03/19 23:07:04,2.5817,14.50
2026/03/19 23:12:05,2.5770,14.50
2026/03/19 23:17:05,2.5684,14.49
2026/03/19 23:22:06,2.5527,14.49
2026/03/19 23:27:07,2.5416,14.48
2026/03/19 23:32:07,2.5289,14.49
2026/03/19 23:37:08,2.5291,14.49
2026/03/19 23:42:08,2.5228,14.48
2026/03/19 23:47:09,2.5109,14.48
2026/03/19 23:52:10,2.5021,14.49
2026/03/19 23:57:10,2.4993,14.48
2026/03/20 00:02:11,2.4924,14.48
2026/03/20 00:07:12,2.4938,14.48
2026/03/20 00:12:12,2.4927,14.48
2026/03/20 00:17:13,2.4918,14.48
2026/03/20 00:22:14,2.4903,14.47
2026/03/20 00:27:15,2.4819,14.46
2026/03/20 00:32:15,2.4803,14.45
2026/03/20 00:37:16,2.4939,14.46
2026/03/20 00:42:16,2.4904,14.45
2026/03/20 00:47:17,2.4793,14.46
2026/03/20 00:52:18,2.4740,14.46
2026/03/20 00:57:19,2.4617,14.46
2026/03/20 01:02:19,2.4535,14.45
2026/03/20 01:07:20,2.4591,14.44
2026/03/20 01:12:21,2.4670,14.43
2026/03/20 01:17:21,2.4715,14.44
2026/03/20 01:22:22,2.4678,14.45
2026/03/20 01:27:23,2.4596,14.45
2026/03/20 01:32:23,2.4545,14.45
2026/03/20 01:37:24,2.4566,14.45
2026/03/20 01:42:24,2.4606,14.46
2026/03/20 01:47:25,2.4574,14.45
2026/03/20 01:52:26,2.4642,14.44
2026/03/20 01:57:27,2.4663,14.43
2026/03/20 02:02:27,2.4712,14.43
2026/03/20 02:07:28,2.4679,14.44
2026/03/20 02:12:28,2.4634,14.43
2026/03/20 02:17:29,2.4651,14.40
2026/03/20 02:22:30,2.4711,14.37
2026/03/20 02:27:30,2.4675,14.37
2026/03/20 02:32:31,2.4678,14.37
2026/03/20 02:37:32,2.4742,14.39
2026/03/20 02:42:32,2.4763,14.39
2026/03/20 02:47:33,2.4714,14.40
2026/03/20 02:52:34,2.4667,14.40
2026/03/20 02:57:34,2.4717,14.40
2026/03/20 03:02:35,2.4786,14.39
2026/03/20 03:07:36,2.4813,14.38
2026/03/20 03:12:36,2.4819,14.37
2026/03/20 03:17:37,2.4834,14.35
2026/03/20 03:22:38,2.4834,14.35
2026/03/20 03:27:38,2.4833,14.34
2026/03/20 03:32:39,2.4839,14.33
2026/03/20 03:37:40,2.5065,14.35
2026/03/20 03:42:40,2.5182,14.33
2026/03/20 03:47:41,2.5097,14.33
2026/03/20 03:52:42,2.5049,14.34
2026/03/20 03:57:42,2.4981,14.35
2026/03/20 04:02:43,2.4893,14.35
2026/03/20 04:07:44,2.4916,14.35
2026/03/20 04:12:44,2.5008,14.35
2026/03/20 04:17:45,2.5127,14.35
2026/03/20 04:22:45,2.5157,14.34
2026/03/20 04:27:46,2.5116,14.34
2026/03/20 04:32:47,2.5060,14.34
2026/03/20 04:37:47,2.5080,14.34
2026/03/20 04:42:48,2.5106,14.34
2026/03/20 04:47:49,2.5027,14.35
2026/03/20 04:52:49,2.5071,14.34
2026/03/20 04:57:50,2.5142,14.34
2026/03/20 05:02:50,2.5183,14.34
2026/03/20 05:07:51,2.5169,14.34
2026/03/20 05:12:52,2.5153,14.34
2026/03/20 05:17:52,2.5201,14.34
2026/03/20 05:22:53,2.5168,14.33
2026/03/20 05:27:54,2.5129,14.33
2026/03/20 05:32:54,2.5121,14.32
2026/03/20 05:37:55,2.5148,14.31
2026/03/20 05:42:56,2.5236,14.29
2026/03/20 05:47:56,2.5137,14.29
2026/03/20 05:52:57,2.5175,14.29
2026/03/20 05:57:58,2.5172,14.30
2026/03/20 06:02:58,2.5164,14.30
2026/03/20 06:07:59,2.5139,14.30
2026/03/20 06:12:59,2.5258,14.31
2026/03/20 06:18:00,2.5591,14.31
2026/03/20 06:23:01,2.5823,14.30
2026/03/20 06:28:01,2.5990,14.27
2026/03/20 06:33:02,2.6245,14.30
2026/03/20 06:38:03,2.6460,14.32
2026/03/20 06:43:03,2.6552,14.31
2026/03/20 06:48:04,2.6607,14.24
2026/03/20 06:53:05,2.6670,14.20
2026/03/20 06:58:05,2.6623,14.21
2026/03/20 07:03:06,2.6496,14.25
2026/03/20 07:08:07,2.6398,14.26
2026/03/20 07:13:07,2.6422,14.28
2026/03/20 07:18:08,2.6506,14.29
2026/03/20 07:23:09,2.6539,14.30
2026/03/20 07:28:09,2.6542,14.31
2026/03/20 07:33:10,2.6545,14.32
2026/03/20 07:38:11,2.6583,14.32
2026/03/20 07:43:11,2.6484,14.26
2026/03/20 07:48:12,2.6466,14.31
2026/03/20 07:53:13,2.6557,14.33
2026/03/20 07:58:13,2.6696,14.32
2026/03/20 08:03:14,2.6753,14.34
2026/03/20 08:08:15,2.6753,14.33
2026/03/20 08:13:15,2.6891,14.33
2026/03/20 08:18:16,2.6940,14.33
2026/03/20 08:23:17,2.6873,14.32
2026/03/20 08:28:17,2.6927,14.33
2026/03/20 08:33:18,2.7031,14.32
2026/03/20 08:38:19,2.7096,14.33
2026/03/20 08:43:19,2.7125,14.32
2026/03/20 08:48:20,2.7115,14.32
2026/03/20 08:53:21,2.7162,14.32
2026/03/20 08:58:21,2.7170,14.33
2026/03/20 09:03:22,2.7144,14.34
2026/03/20 09:08:23,2.7089,14.33
2026/03/20 09:13:23,2.7166,14.34
2026/03/20 09:18:24,2.7217,14.34
2026/03/20 09:23:24,2.7149,14.34
2026/03/20 09:28:25,2.7046,14.34
2026/03/20 09:33:26,2.7246,14.35
2026/03/20 09:38:26,2.7347,14.35
2026/03/20 09:43:27,2.7194,14.35
2026/03/20 09:48:28,2.7146,14.36
2026/03/20 09:53:28,2.6989,14.36
2026/03/20 09:58:29,2.6843,14.37
2026/03/20 10:03:30,2.6798,14.37
2026/03/20 10:08:31,2.6884,14.38
2026/03/20 10:13:31,2.6857,14.37
2026/03/20 10:18:32,2.6822,14.38
2026/03/20 10:23:33,2.6653,14.38
2026/03/20 10:28:33,2.6487,14.38
2026/03/20 10:33:34,2.6437,14.39
2026/03/20 10:38:35,2.6384,14.39
2026/03/20 10:43:35,2.6277,14.40
2026/03/20 10:48:36,2.6254,14.39
2026/03/20 10:53:37,2.6222,14.39
2026/03/20 10:58:37,2.6181,14.39
2026/03/20 11:03:38,2.6053,14.39
2026/03/20 11:08:39,2.6058,14.39
2026/03/20 11:13:39,2.5994,14.39
2026/03/20 11:18:40,2.5954,14.41
2026/03/20 11:23:40,2.5951,14.40
2026/03/20 11:28:41,2.5881,14.41
2026/03/20 11:33:42,2.5853,14.41
2026/03/20 11:38:43,2.5787,14.41
2026/03/20 11:43:43,2.5705,14.43
2026/03/20 11:48:44,2.5590,14.41
2026/03/20 11:53:44,2.5625,14.43
2026/03/20 11:58:45,2.5559,14.43
2026/03/20 12:03:46,2.5576,14.43
2026/03/20 12:08:47,2.5628,14.44
2026/03/20 12:13:47,2.5615,14.45
2026/03/20 12:18:48,2.5478,14.44
2026/03/20 12:23:48,2.5387,14.44
2026/03/20 12:28:49,2.5306,14.45
2026/03/20 12:33:50,2.5282,14.45
2026/03/20 12:38:50,2.5361,14.45
2026/03/20 12:43:51,2.5341,14.45
2026/03/20 12:48:52,2.5273,14.45
2026/03/20 12:53:52,2.5257,14.45
2026/03/20 12:58:53,2.5211,14.45
2026/03/20 13:03:53,2.5116,14.44
2026/03/20 13:08:54,2.5032,14.45
2026/03/20 13:13:55,2.5081,14.46
2026/03/20 13:18:55,2.5048,14.45
2026/03/20 13:23:56,2.5051,14.45
2026/03/20 13:28:57,2.5044,14.46
2026/03/20 13:33:57,2.5079,14.46
2026/03/20 13:38:58,2.4999,14.46
2026/03/20 13:43:59,2.4991,14.46
2026/03/20 13:48:59,2.4942,14.46
2026/03/20 13:54:00,2.4928,14.47
2026/03/20 13:59:01,2.4932,14.48
2026/03/20 14:04:01,2.4945,14.50
2026/03/20 14:09:02,2.4961,14.49
2026/03/20 14:14:03,2.5128,14.47
2026/03/20 14:19:03,2.5236,14.48
2026/03/20 14:24:04,2.5034,14.48
2026/03/20 14:29:05,2.5045,14.47
2026/03/20 14:34:05,2.4868,14.47
2026/03/20 14:39:06,2.4848,14.47
2026/03/20 14:44:07,2.4891,14.48
2026/03/20 14:49:07,2.4964,14.46
2026/03/20 14:54:08,2.4977,14.47
2026/03/20 14:59:09,2.5015,14.49
2026/03/20 15:04:09,2.4981,14.49
2026/03/20 15:09:10,2.4950,14.50
2026/03/20 15:14:11,2.4944,14.50
2026/03/20 15:19:11,2.4982,14.50
2026/03/20 15:24:12,2.4914,14.48
2026/03/20 15:29:13,2.4994,14.47
2026/03/20 15:34:13,2.5025,14.48
2026/03/20 15:39:14,2.5061,14.48
2026/03/20 15:44:15,2.5056,14.48
2026/03/20 15:49:15,2.5048,14.48
2026/03/20 15:54:16,2.4984,14.49
2026/03/20 15:59:17,2.5116,14.48
2026/03/20 16:04:17,2.5119,14.49
2026/03/20 16:09:18,2.5150,14.50
2026/03/20 16:14:19,2.5140,14.48
2026/03/20 16:19:19,2.5108,14.48
2026/03/20 16:24:20,2.5150,14.48
2026/03/20 16:29:21,2.5163,14.48
2026/03/20 16:34:21,2.5351,14.47
2026/03/20 16:39:22,2.5756,14.47
2026/03/20 16:44:22,2.6063,14.46
2026/03/20 16:49:23,2.6177,14.48
2026/03/20 16:54:24,2.6263,14.46
2026/03/20 16:59:25,2.6330,14.41
2026/03/20 17:04:25,2.6324,14.39
2026/03/20 17:09:26,2.6490,14.39
2026/03/20 17:14:26,2.6534,14.39
2026/03/20 17:19:27,2.6610,14.39
2026/03/20 17:24:28,2.6704,14.39
2026/03/20 17:29:29,2.6679,14.38
2026/03/20 17:34:29,2.6689,14.38
2026/03/20 17:39:30,2.6773,14.38
2026/03/20 17:44:31,2.6836,14.38
2026/03/20 17:49:31,2.6822,14.37
2026/03/20 17:54:32,2.6897,14.38
2026/03/20 17:59:33,2.7010,14.37
2026/03/20 18:04:33,2.7083,14.36
2026/03/20 18:09:34,2.7034,14.36
2026/03/20 18:14:35,2.7081,14.36
2026/03/20 18:19:35,2.7146,14.34
2026/03/20 18:24:36,2.7392,14.35
2026/03/20 18:29:37,2.7865,14.33
2026/03/20 18:34:37,2.8108,14.33
2026/03/20 18:39:38,2.8422,14.32
2026/03/20 18:44:39,2.8679,14.33
2026/03/20 18:49:40,2.8802,14.32
2026/03/20 18:54:40,2.8816,14.32
2026/03/20 18:59:41,2.8968,14.32
2026/03/20 19:04:41,2.9020,14.31
2026/03/20 19:09:42,2.9073,14.31
2026/03/20 19:14:43,2.9040,14.31
2026/03/20 19:19:44,2.9041,14.31
2026/03/20 19:24:44,2.9008,14.30
2026/03/20 19:29:45,2.9063,14.29
2026/03/20 19:34:46,2.9141,14.28
2026/03/20 19:39:46,2.9202,14.27
2026/03/20 19:44:47,2.9358,14.27
2026/03/20 19:49:48,2.9324,14.27
2026/03/20 19:54:48,2.9327,14.26
2026/03/20 19:59:49,2.9407,14.25
2026/03/20 20:04:49,2.9473,14.25
2026/03/20 20:09:50,2.9367,14.25
2026/03/20 20:14:51,2.9452,14.25
2026/03/20 20:19:52,2.9548,14.24
2026/03/20 20:24:52,2.9615,14.24
2026/03/20 20:29:53,2.9656,14.24
2026/03/20 20:34:53,2.9718,14.24
2026/03/20 20:39:54,2.9793,14.23
2026/03/20 20:44:55,2.9788,14.23
2026/03/20 20:49:55,2.9782,14.23
2026/03/20 20:54:56,2.9776,14.23
2026/03/20 20:59:57,2.9760,14.22
2026/03/20 21:04:57,2.9823,14.22
2026/03/20 21:09:58,2.9852,14.23
2026/03/20 21:14:58,2.9871,14.23
2026/03/20 21:19:59,2.9891,14.23
2026/03/20 21:25:00,2.9943,14.22
2026/03/20 21:30:00,2.9930,14.21
2026/03/20 21:35:01,2.9887,14.22
2026/03/20 21:40:02,2.9891,14.21
2026/03/20 21:45:02,2.9887,14.21
2026/03/20 21:50:03,2.9848,14.21
2026/03/20 21:55:04,2.9782,14.21
2026/03/20 22:00:05,2.9695,14.21
2026/03/20 22:05:05,2.9657,14.21
2026/03/20 22:10:06,2.9630,14.20
2026/03/20 22:15:07,2.9608,14.20
2026/03/20 22:20:07,2.9555,14.19
2026/03/20 22:25:08,2.9508,14.19
2026/03/20 22:30:09,2.9576,14.18
2026/03/20 22:35:09,2.9542,14.18
2026/03/20 22:40:10,2.9471,14.18
2026/03/20 22:45:11,2.9456,14.17
2026/03/20 22:50:12,2.9369,14.16
2026/03/20 22:55:12,2.9323,14.16
2026/03/20 23:00:13,2.9291,14.16
2026/03/20 23:05:13,2.9261,14.16
2026/03/20 23:10:14,2.9238,14.15
2026/03/20 23:15:15,2.9150,14.14
2026/03/20 23:20:16,2.9056,14.14
2026/03/20 23:25:16,2.8977,14.14
2026/03/20 23:30:17,2.8844,14.14
2026/03/20 23:35:18,2.8676,14.13
2026/03/20 23:40:18,2.8510,14.13
2026/03/20 23:45:19,2.8398,14.13
2026/03/20 23:50:20,2.8311,14.13
2026/03/20 23:55:20,2.8214,14.12
2026/03/21 00:00:21,2.8108,14.12
2026/03/21 00:05:21,2.8002,14.11
2026/03/21 00:10:22,2.7970,14.11
2026/03/21 00:15:23,2.7904,14.11
2026/03/21 00:20:23,2.7859,14.11
2026/03/21 00:25:24,2.7854,14.10
2026/03/21 00:30:25,2.7812,14.10
2026/03/21 00:35:25,2.7766,14.09
2026/03/21 00:40:26,2.7711,14.09
2026/03/21 00:45:26,2.7635,14.09
2026/03/21 00:50:27,2.7653,14.08
2026/03/21 00:55:28,2.7604,14.07
2026/03/21 01:00:29,2.7570,14.07
2026/03/21 01:05:29,2.7507,14.07
2026/03/21 01:10:30,2.7491,14.07
2026/03/21 01:15:30,2.7478,14.07
2026/03/21 01:20:31,2.7440,14.04
2026/03/21 01:25:32,2.7401,14.04
2026/03/21 01:30:33,2.7396,14.04
2026/03/21 01:35:33,2.7427,14.04
2026/03/21 01:40:34,2.7510,14.01
2026/03/21 01:45:35,2.7551,13.99
2026/03/21 01:50:35,2.7476,13.97
2026/03/21 01:55:36,2.7464,14.00
2026/03/21 02:00:37,2.7385,14.01
2026/03/21 02:05:37,2.7323,14.01
2026/03/21 02:10:38,2.7432,13.99
2026/03/21 02:15:39,2.7535,13.95
2026/03/21 02:20:40,2.7611,14.00
2026/03/21 02:25:40,2.7543,14.00
2026/03/21 02:30:41,2.7492,14.01
2026/03/21 02:35:41,2.7491,14.00
2026/03/21 02:40:42,2.7467,13.96
2026/03/21 02:45:43,2.7514,13.95
2026/03/21 02:50:44,2.7594,13.99
2026/03/21 02:55:44,2.7653,14.00
2026/03/21 03:00:45,2.7663,14.00
2026/03/21 03:05:46,2.7636,13.98
2026/03/21 03:10:46,2.7667,14.00
2026/03/21 03:15:47,2.7651,14.00
2026/03/21 03:20:48,2.7634,13.98
2026/03/21 03:25:48,2.7651,13.92
2026/03/21 03:30:49,2.7676,13.90
2026/03/21 03:35:50,2.7722,13.91
2026/03/21 03:40:51,2.7721,13.93
2026/03/21 03:45:51,2.7727,13.94
2026/03/21 03:50:52,2.7727,13.95
2026/03/21 03:55:52,2.7701,13.95
2026/03/21 04:00:53,2.7713,13.95
2026/03/21 04:05:54,2.7747,13.94
2026/03/21 04:10:55,2.7959,13.93
2026/03/21 04:15:55,2.8081,13.94
2026/03/21 04:20:56,2.7926,13.94
2026/03/21 04:25:56,2.7909,13.94
2026/03/21 04:30:57,2.7850,13.95
2026/03/21 04:35:58,2.7819,13.94
2026/03/21 04:40:59,2.7882,13.94
2026/03/21 04:45:59,2.7951,13.94
2026/03/21 04:51:00,2.8030,13.94
2026/03/21 04:56:00,2.8024,13.93
2026/03/21 05:01:01,2.7944,13.94
2026/03/21 05:06:02,2.7883,13.95
2026/03/21 05:11:03,2.7906,13.96
2026/03/21 05:16:03,2.7931,13.96
2026/03/21 05:21:04,2.7962,13.95
2026/03/21 05:26:05,2.7990,13.95
2026/03/21 05:31:06,2.8061,13.95
2026/03/21 05:36:06,2.8082,13.94
2026/03/21 05:41:07,2.8012,13.94
2026/03/21 05:46:08,2.7954,13.94
2026/03/21 05:51:09,2.7918,13.93
2026/03/21 05:56:09,2.7933,13.94
2026/03/21 06:01:10,2.7949,13.93
2026/03/21 06:06:11,2.8013,13.92
2026/03/21 06:11:12,2.8027,13.93
2026/03/21 06:16:12,2.7970,13.93
2026/03/21 06:21:13,2.8004,13.93
2026/03/21 06:26:14,2.8004,13.93
2026/03/21 06:31:15,2.8103,13.90
2026/03/21 06:36:15,2.8397,13.92
2026/03/21 06:41:16,2.8737,13.92
2026/03/21 06:46:17,2.8818,13.91
2026/03/21 06:51:18,2.9044,13.90
2026/03/21 06:56:18,2.9340,13.87
2026/03/21 07:01:19,2.9478,13.87
2026/03/21 07:06:20,2.9540,13.84
2026/03/21 07:11:21,2.9643,13.79
2026/03/21 07:16:21,2.9619,13.84
2026/03/21 07:21:22,2.9506,13.86
2026/03/21 07:26:23,2.9491,13.89
2026/03/21 07:31:24,2.9559,13.90
2026/03/21 07:36:24,2.9610,13.91
2026/03/21 07:41:25,2.9635,13.92
2026/03/21 07:46:26,2.9644,13.93
2026/03/21 07:51:27,2.9726,13.91
2026/03/21 07:56:27,2.9725,13.94
2026/03/21 08:01:28,2.9642,13.95
2026/03/21 08:06:29,2.9772,13.95
2026/03/21 08:11:30,2.9864,13.95
2026/03/21 08:16:30,2.9858,13.95
2026/03/21 08:21:31,2.9898,13.96
2026/03/21 08:26:32,3.0013,13.98
2026/03/21 08:31:33,3.0124,13.97
2026/03/21 08:36:33,3.0131,13.97
2026/03/21 08:41:34,3.0227,13.93
2026/03/21 08:46:35,3.0334,13.93
2026/03/21 08:51:36,3.0440,13.95
2026/03/21 08:56:36,3.0363,13.96
2026/03/21 09:01:37,3.0304,13.96
2026/03/21 09:06:38,3.0397,13.97
2026/03/21 09:11:39,3.0458,13.98
2026/03/21 09:16:39,3.0444,13.95
2026/03/21 09:21:40,3.0523,13.95
2026/03/21 09:26:41,3.0534,13.97
2026/03/21 09:31:41,3.0461,13.97
2026/03/21 09:36:42,3.0425,13.98
2026/03/21 09:41:43,3.0468,13.98
2026/03/21 09:46:43,3.0508,13.98
2026/03/21 09:51:44,3.0444,13.98
2026/03/21 09:56:45,3.0249,14.00
2026/03/21 10:01:45,3.0167,14.01
2026/03/21 10:06:46,3.0095,14.04
2026/03/21 10:11:47,3.0139,14.05
2026/03/21 10:16:47,3.0081,14.05
2026/03/21 10:21:48,3.0008,14.07
2026/03/21 10:26:49,2.9933,14.05
2026/03/21 10:31:50,2.9824,14.07
2026/03/21 10:36:50,2.9702,14.08
2026/03/21 10:41:51,2.9680,14.09
2026/03/21 10:46:52,2.9574,14.09
2026/03/21 10:51:52,2.9517,14.09
2026/03/21 10:56:53,2.9419,14.11
2026/03/21 11:01:54,2.9323,14.12
2026/03/21 11:06:54,2.9278,14.12
2026/03/21 11:11:55,2.9135,14.14
2026/03/21 11:16:56,2.8993,14.14
2026/03/21 11:21:56,2.8922,14.16
2026/03/21 11:26:57,2.8974,14.16
2026/03/21 11:31:58,2.8897,14.17
2026/03/21 11:36:58,2.8806,14.18
2026/03/21 11:41:59,2.8810,14.18
2026/03/21 11:47:00,2.8689,14.18
2026/03/21 11:52:01,2.8563,14.21
2026/03/21 11:57:01,2.8480,14.22
2026/03/21 12:02:02,2.8464,14.23
2026/03/21 12:07:03,2.8434,14.24
2026/03/21 12:12:03,2.8364,14.25
2026/03/21 12:17:04,2.8255,14.25
2026/03/21 12:22:05,2.8265,14.25
2026/03/21 12:27:05,2.8310,14.25
2026/03/21 12:32:06,2.8316,14.27
2026/03/21 12:37:07,2.8232,14.27
2026/03/21 12:42:08,2.8181,14.27
2026/03/21 12:47:08,2.8036,14.27
2026/03/21 12:52:09,2.7887,14.27
2026/03/21 12:57:10,2.7844,14.28
2026/03/21 13:02:10,2.7941,14.30
2026/03/21 13:07:11,2.7919,14.32
2026/03/21 13:12:12,2.7803,14.32
2026/03/21 13:17:12,2.7801,14.31
2026/03/21 13:22:13,2.7688,14.30
2026/03/21 13:27:14,2.7631,14.29
2026/03/21 13:32:15,2.7595,14.27
2026/03/21 13:37:15,2.7589,14.27
2026/03/21 13:42:16,2.7638,14.27
2026/03/21 13:47:17,2.7660,14.25
2026/03/21 13:52:18,2.7528,14.25
2026/03/21 13:57:18,2.7573,14.24
2026/03/21 14:02:19,2.7541,14.22
2026/03/21 14:07:20,2.7520,14.21
2026/03/21 14:12:20,2.7436,14.20
2026/03/21 14:17:21,2.7489,14.20
2026/03/21 14:22:22,2.7490,14.19
2026/03/21 14:27:22,2.7449,14.18
2026/03/21 14:32:23,2.7393,14.18
2026/03/21 14:37:24,2.7406,14.17
2026/03/21 14:42:25,2.7413,14.17
2026/03/21 14:47:25,2.7424,14.18
2026/03/21 14:52:26,2.7427,14.18
2026/03/21 14:57:27,2.7398,14.18
2026/03/21 15:02:28,2.7432,14.17
2026/03/21 15:07:28,2.7366,14.16
2026/03/21 15:12:29,2.7336,14.18
2026/03/21 15:17:30,2.7394,14.18
2026/03/21 15:22:30,2.7495,14.19
2026/03/21 15:27:31,2.7642,14.20
2026/03/21 15:32:32,2.7662,14.22
2026/03/21 15:37:32,2.7497,14.24
2026/03/21 15:42:33,2.7453,14.28
2026/03/21 15:47:34,2.7328,14.33
2026/03/21 15:52:35,2.7284,14.32
2026/03/21 15:57:35,2.7380,14.33
2026/03/21 16:02:36,2.7460,14.34
2026/03/21 16:07:37,2.7522,14.33
2026/03/21 16:12:37,2.7462,14.34
2026/03/21 16:17:38,2.7424,14.33
2026/03/21 16:22:39,2.7416,14.32
2026/03/21 16:27:39,2.7388,14.30
2026/03/21 16:32:40,2.7371,14.31
2026/03/21 16:37:41,2.7817,14.28
2026/03/21 16:42:41,2.8034,14.23
2026/03/21 16:47:42,2.8086,14.28
2026/03/21 16:52:43,2.8119,14.37
2026/03/21 16:57:43,2.8177,14.30
2026/03/21 17:02:44,2.8220,14.27
2026/03/21 17:07:45,2.8258,14.30
2026/03/21 17:12:46,2.8240,14.36
2026/03/21 17:17:46,2.8308,14.38
2026/03/21 17:22:47,2.8333,14.39
2026/03/21 17:27:47,2.8344,14.38
2026/03/21 17:32:48,2.8366,14.42
2026/03/21 17:37:49,2.8399,14.45
2026/03/21 17:42:50,2.8426,14.45
2026/03/21 17:47:50,2.8416,14.44
2026/03/21 17:52:51,2.8492,14.41
2026/03/21 17:57:51,2.8567,14.40
2026/03/21 18:02:52,2.8571,14.41
2026/03/21 18:07:53,2.8540,14.39
2026/03/21 18:12:54,2.8582,14.40
2026/03/21 18:17:54,2.8666,14.39
2026/03/21 18:22:55,2.8701,14.38
2026/03/21 18:27:56,2.8652,14.38
2026/03/21 18:32:56,2.8616,14.38
2026/03/21 18:37:57,2.8593,14.38
2026/03/21 18:42:58,2.9240,14.38
2026/03/21 18:47:58,2.9629,14.38
2026/03/21 18:52:59,2.9891,14.36
2026/03/21 18:58:00,3.0392,14.36
2026/03/21 19:03:00,3.0735,14.34
2026/03/21 19:08:01,3.0761,14.35
2026/03/21 19:13:02,3.0691,14.35
2026/03/21 19:18:02,3.0827,14.35
2026/03/21 19:23:03,3.0949,14.34
2026/03/21 19:28:04,3.0933,14.33
2026/03/21 19:33:04,3.0837,14.33
2026/03/21 19:38:05,3.1019,14.33
2026/03/21 19:43:06,3.1078,14.32
2026/03/21 19:48:06,3.1072,14.35
2026/03/21 19:53:07,3.1043,14.36
2026/03/21 19:58:08,3.1143,14.37
2026/03/21 20:03:08,3.1154,14.36
2026/03/21 20:08:09,3.1024,14.35
2026/03/21 20:13:10,3.1158,14.34
2026/03/21 20:18:10,3.1341,14.33
2026/03/21 20:23:11,3.1435,14.34
2026/03/21 20:28:11,3.1469,14.34
2026/03/21 20:33:12,3.1616,14.27
2026/03/21 20:38:13,3.1764,14.20
2026/03/21 20:43:14,3.1733,14.14
2026/03/21 20:48:14,3.1794,14.14
2026/03/21 20:53:15,3.1860,14.16
2026/03/21 20:58:15,3.1915,14.18
2026/03/21 21:03:16,3.1893,14.16
2026/03/21 21:08:17,3.1977,14.19
2026/03/21 21:13:17,3.2019,14.18
2026/03/21 21:18:18,3.1984,14.18
2026/03/21 21:23:19,3.1900,14.18
2026/03/21 21:28:19,3.1817,14.19
2026/03/21 21:33:20,3.1811,14.20
2026/03/21 21:38:21,3.1834,14.21
2026/03/21 21:43:21,3.1817,14.20
2026/03/21 21:48:22,3.1792,14.20
2026/03/21 21:53:23,3.1779,14.19
2026/03/21 21:58:23,3.1672,14.19
2026/03/21 22:03:24,3.1634,14.19
2026/03/21 22:08:25,3.1542,14.18
2026/03/21 22:13:25,3.1476,14.17
2026/03/21 22:18:26,3.1449,14.16
2026/03/21 22:23:27,3.1386,14.16
2026/03/21 22:28:27,3.1344,14.16
2026/03/21 22:33:28,3.1305,14.16
2026/03/21 22:38:29,3.1269,14.16
2026/03/21 22:43:30,3.1157,14.16
2026/03/21 22:48:30,3.1056,14.16
2026/03/21 22:53:31,3.1017,14.15
2026/03/21 22:58:31,3.0941,14.14
2026/03/21 23:03:32,3.0832,14.14
2026/03/21 23:08:33,3.0735,14.12
2026/03/21 23:13:33,3.0663,14.11
2026/03/21 23:18:34,3.0572,14.12
2026/03/21 23:23:35,3.0489,14.11
2026/03/21 23:28:35,3.0373,14.11
2026/03/21 23:33:36,3.0168,14.09
2026/03/21 23:38:37,2.9940,14.09
2026/03/21 23:43:37,2.9801,14.09
2026/03/21 23:48:38,2.9743,14.09
2026/03/21 23:53:39,2.9662,14.10
2026/03/21 23:58:39,2.9569,14.10
2026/03/22 00:03:40,2.9490,14.09
2026/03/22 00:08:41,2.9395,14.08
2026/03/22 00:13:42,2.9441,14.08
2026/03/22 00:18:42,2.9484,14.09
2026/03/22 00:23:43,2.9478,14.09
2026/03/22 00:28:44,2.9324,14.09
2026/03/22 00:33:44,2.9177,14.09
2026/03/22 00:38:45,2.9045,14.09
2026/03/22 00:43:46,2.8993,14.09
2026/03/22 00:48:46,2.9051,14.08
2026/03/22 00:53:47,2.9054,14.08
2026/03/22 00:58:48,2.9033,14.08
2026/03/22 01:03:48,2.8944,14.06
2026/03/22 01:08:49,2.8814,14.05
2026/03/22 01:13:50,2.8784,14.06
2026/03/22 01:18:50,2.8755,14.05
2026/03/22 01:23:51,2.8704,14.05
2026/03/22 01:28:52,2.8701,14.05
2026/03/22 01:33:52,2.8696,14.04
2026/03/22 01:38:53,2.8668,14.05
2026/03/22 01:43:54,2.8674,14.04
2026/03/22 01:48:54,2.8646,14.05
2026/03/22 01:53:55,2.8603,14.05
2026/03/22 01:58:56,2.8574,14.05
2026/03/22 02:03:56,2.8637,14.04
2026/03/22 02:08:57,2.8666,14.04
2026/03/22 02:13:58,2.8702,14.03
2026/03/22 02:18:58,2.8707,14.03
2026/03/22 02:23:59,2.8648,14.03
2026/03/22 02:28:59,2.8580,14.03
2026/03/22 02:34:00,2.8612,14.03
2026/03/22 02:39:01,2.8662,14.03
2026/03/22 02:44:02,2.8616,14.03
2026/03/22 02:49:02,2.8687,14.04
2026/03/22 02:54:03,2.8639,14.03
2026/03/22 02:59:04,2.8652,14.04
2026/03/22 03:04:05,2.8669,14.04
2026/03/22 03:09:05,2.8762,14.04
2026/03/22 03:14:06,2.8823,14.04
2026/03/22 03:19:07,2.8852,14.03
2026/03/22 03:24:07,2.8938,14.03
2026/03/22 03:29:08,2.8971,14.03
2026/03/22 03:34:09,2.8888,14.03
2026/03/22 03:39:09,2.8773,14.04
2026/03/22 03:44:10,2.8686,14.03
2026/03/22 03:49:11,2.8595,14.03
2026/03/22 03:54:12,2.8757,14.03
2026/03/22 03:59:12,2.8781,14.03
2026/03/22 04:04:13,2.8861,14.04
2026/03/22 04:09:13,2.8825,14.03
2026/03/22 04:14:14,2.8787,14.04
2026/03/22 04:19:15,2.8721,14.03
2026/03/22 04:24:16,2.8699,14.03
2026/03/22 04:29:16,2.8759,14.04
2026/03/22 04:34:17,2.8848,14.03
2026/03/22 04:39:17,2.8870,14.04
2026/03/22 04:44:18,2.8847,14.03
2026/03/22 04:49:19,2.8863,14.03
2026/03/22 04:54:20,2.8815,14.03
2026/03/22 04:59:20,2.8749,14.03
2026/03/22 05:04:21,2.8774,14.04
2026/03/22 05:09:22,2.8819,14.03
2026/03/22 05:14:22,2.8890,14.03
2026/03/22 05:19:23,2.9063,14.02
2026/03/22 05:24:24,2.9157,14.03
2026/03/22 05:29:24,2.9013,14.02
2026/03/22 05:34:25,2.8864,14.02
2026/03/22 05:39:26,2.8713,14.03
2026/03/22 05:44:27,2.8650,14.02
2026/03/22 05:49:27,2.8837,14.02
2026/03/22 05:54:28,2.8954,14.02
2026/03/22 05:59:29,2.8896,14.02
2026/03/22 06:04:30,2.8868,14.02
2026/03/22 06:09:30,2.8806,14.02
2026/03/22 06:14:31,2.8817,14.01
2026/03/22 06:19:32,2.8784,14.02
2026/03/22 06:24:33,2.8805,14.02
2026/03/22 06:29:33,2.8858,14.02
2026/03/22 06:34:34,2.8795,14.02
2026/03/22 06:39:35,2.8773,14.02
2026/03/22 06:44:35,2.8722,14.01
2026/03/22 06:49:36,2.8697,14.00
2026/03/22 06:54:37,2.8639,14.01
2026/03/22 06:59:37,2.8672,14.00
2026/03/22 07:04:38,2.9163,14.00
2026/03/22 07:09:39,2.9552,14.01
2026/03/22 07:14:40,2.9762,14.00
2026/03/22 07:19:40,3.0068,14.00
2026/03/22 07:24:41,3.0220,14.02
2026/03/22 07:29:42,3.0209,14.02
2026/03/22 07:34:42,3.0278,14.05
2026/03/22 07:39:43,3.0389,14.05
2026/03/22 07:44:44,3.0590,14.05
2026/03/22 07:49:44,3.0535,14.05
2026/03/22 07:54:45,3.0579,14.06
2026/03/22 07:59:46,3.0749,14.06
2026/03/22 08:04:47,3.0621,14.07
2026/03/22 08:09:47,3.0577,14.05
2026/03/22 08:14:48,3.0481,14.05
2026/03/22 08:19:49,3.0522,14.03
2026/03/22 08:24:50,3.0559,14.02
2026/03/22 08:29:50,3.0603,14.02
2026/03/22 08:34:51,3.0726,14.02
2026/03/22 08:39:52,3.0789,14.01
2026/03/22 08:44:53,3.0671,14.02
2026/03/22 08:49:53,3.0715,14.02
2026/03/22 08:54:54,3.0837,14.02
2026/03/22 08:59:55,3.0888,14.03
2026/03/22 09:04:55,3.1013,14.04
2026/03/22 09:09:56,3.1096,14.05
2026/03/22 09:14:57,3.1209,14.06
2026/03/22 09:19:57,3.1198,14.06
2026/03/22 09:24:58,3.1168,14.05
2026/03/22 09:29:59,3.1194,14.05
2026/03/22 09:34:59,3.1141,14.05
2026/03/22 09:40:00,3.1184,14.05
2026/03/22 09:45:01,3.1241,14.05
2026/03/22 09:50:01,3.1291,14.05
2026/03/22 09:55:02,3.1217,14.05
2026/03/22 10:00:03,3.1128,14.05
2026/03/22 10:05:03,3.1031,14.05
2026/03/22 10:10:04,3.0943,14.06
2026/03/22 10:15:05,3.0944,14.06
2026/03/22 10:20:05,3.0923,14.07
2026/03/22 10:25:06,3.0852,14.07
2026/03/22 10:30:07,3.0754,14.07
2026/03/22 10:35:08,3.0660,14.08
2026/03/22 10:40:08,3.0617,14.09
2026/03/22 10:45:09,3.0543,14.09
2026/03/22 10:50:09,3.0536,14.09
2026/03/22 10:55:10,3.0452,14.09
2026/03/22 11:00:11,3.0382,14.09
2026/03/22 11:05:12,3.0273,14.10
2026/03/22 11:10:12,3.0228,14.11
2026/03/22 11:15:13,3.0188,14.11
2026/03/22 11:20:13,3.0103,14.10
2026/03/22 11:25:14,2.9951,14.11
2026/03/22 11:30:15,2.9853,14.10
2026/03/22 11:35:16,2.9694,14.10
2026/03/22 11:40:16,2.9549,14.11
2026/03/22 11:45:17,2.9597,14.10
2026/03/22 11:50:18,2.9557,14.11
2026/03/22 11:55:19,2.9517,14.11
2026/03/22 12:00:19,2.9418,14.11
2026/03/22 12:05:20,2.9304,14.11
2026/03/22 12:10:20,2.9248,14.12
2026/03/22 12:15:21,2.9174,14.11
2026/03/22 12:20:22,2.9063,14.10
2026/03/22 12:25:23,2.9040,14.11
2026/03/22 12:30:23,2.8989,14.11
2026/03/22 12:35:24,2.8868,14.11
2026/03/22 12:40:25,2.8837,14.11
2026/03/22 12:45:25,2.8743,14.13
2026/03/22 12:50:26,2.8725,14.12
2026/03/22 12:55:27,2.8623,14.13
2026/03/22 13:00:27,2.8636,14.13
2026/03/22 13:05:28,2.8557,14.13
2026/03/22 13:10:29,2.8568,14.14
2026/03/22 13:15:30,2.8543,14.13
2026/03/22 13:20:30,2.8439,14.14
2026/03/22 13:25:31,2.8370,14.13
2026/03/22 13:30:32,2.8338,14.13
2026/03/22 13:35:32,2.8369,14.13
2026/03/22 13:40:33,2.8287,14.13
2026/03/22 13:45:34,2.8263,14.12
2026/03/22 13:50:34,2.8193,14.13
2026/03/22 13:55:35,2.8218,14.13
2026/03/22 14:00:36,2.8142,14.13
2026/03/22 14:05:37,2.8164,14.12
2026/03/22 14:10:37,2.8125,14.12
2026/03/22 14:15:38,2.8117,14.11
2026/03/22 14:20:39,2.8090,14.11
2026/03/22 14:25:40,2.8047,14.11
2026/03/22 14:30:40,2.8027,14.11
2026/03/22 14:35:41,2.8009,14.11
2026/03/22 14:40:41,2.8027,14.10
2026/03/22 14:45:42,2.8045,14.10
2026/03/22 14:50:43,2.8078,14.10
2026/03/22 14:55:44,2.8203,14.11
2026/03/22 15:00:44,2.8270,14.11
2026/03/22 15:05:45,2.8151,14.11
2026/03/22 15:10:45,2.8128,14.11
2026/03/22 15:15:46,2.7939,14.11
2026/03/22 15:20:47,2.7868,14.11
2026/03/22 15:25:47,2.7985,14.11
2026/03/22 15:30:48,2.8072,14.10
2026/03/22 15:35:49,2.8130,14.10
2026/03/22 15:40:49,2.8087,14.10
2026/03/22 15:45:50,2.8024,14.10
2026/03/22 15:50:50,2.7934,14.09
2026/03/22 15:55:51,2.7908,14.11
2026/03/22 16:00:52,2.7898,14.10
2026/03/22 16:05:52,2.7959,14.10
2026/03/22 16:10:53,2.7998,14.09
2026/03/22 16:15:54,2.8038,14.10
2026/03/22 16:20:54,2.8051,14.10
2026/03/22 16:25:55,2.8070,14.10
2026/03/22 16:30:55,2.7974,14.09
2026/03/22 16:35:56,2.8323,14.09
2026/03/22 16:40:57,2.8610,14.12
2026/03/22 16:45:57,2.8732,14.10
2026/03/22 16:50:58,2.8748,14.12
2026/03/22 16:55:59,2.8810,14.10
2026/03/22 17:00:59,2.8866,14.09
2026/03/22 17:06:00,2.8994,14.09
2026/03/22 17:11:00,2.9019,14.11
2026/03/22 17:16:01,2.8994,14.12
2026/03/22 17:21:02,2.9040,14.13
2026/03/22 17:26:03,2.9006,14.13
2026/03/22 17:31:03,2.8958,14.13
2026/03/22 17:36:04,2.9027,14.14
2026/03/22 17:41:04,2.9072,14.14
2026/03/22 17:46:05,2.9157,14.14
2026/03/22 17:51:06,2.9234,14.16
2026/03/22 17:56:07,2.9330,14.15
2026/03/22 18:01:07,2.9319,14.15
2026/03/22 18:06:08,2.9236,14.14
2026/03/22 18:11:08,2.9213,14.14
2026/03/22 18:16:09,2.9343,14.13
2026/03/22 18:21:10,2.9539,14.13
2026/03/22 18:26:11,2.9638,14.13
2026/03/22 18:31:11,2.9742,14.12
2026/03/22 18:36:12,2.9775,14.12
2026/03/22 18:41:13,2.9779,14.12
2026/03/22 18:46:13,2.9790,14.13
2026/03/22 18:51:14,2.9828,14.13
2026/03/22 18:56:15,2.9811,14.12
2026/03/22 19:01:15,2.9865,14.11
2026/03/22 19:06:16,2.9910,14.12
2026/03/22 19:11:16,2.9901,14.11
2026/03/22 19:16:17,2.9882,14.12
2026/03/22 19:21:18,2.9937,14.12
2026/03/22 19:26:19,3.0123,14.11
2026/03/22 19:31:19,3.0670,14.11
2026/03/22 19:36:20,3.0969,14.11
2026/03/22 19:41:20,3.1217,14.11
2026/03/22 19:46:21,3.1570,14.11
2026/03/22 19:51:22,3.1784,14.11
2026/03/22 19:56:22,3.1885,14.11
2026/03/22 20:01:23,3.2001,14.11
2026/03/22 20:06:24,3.2174,14.11
2026/03/22 20:11:24,3.2307,14.11
2026/03/22 20:16:25,3.2270,14.10
2026/03/22 20:21:26,3.2259,14.10
2026/03/22 20:26:26,3.2356,14.09
2026/03/22 20:31:27,3.2354,14.08
2026/03/22 20:36:28,3.2350,14.08
2026/03/22 20:41:28,3.2463,14.09
2026/03/22 20:46:29,3.2526,14.08
2026/03/22 20:51:30,3.2511,14.09
2026/03/22 20:56:30,3.2516,14.08
2026/03/22 21:01:31,3.2617,14.09
2026/03/22 21:06:32,3.2621,14.08
2026/03/22 21:11:32,3.2651,14.09
2026/03/22 21:16:33,3.2755,14.09
2026/03/22 21:21:33,3.2840,14.08
2026/03/22 21:26:34,3.2880,14.09
2026/03/22 21:31:35,3.2863,14.08
2026/03/22 21:36:36,3.2884,14.07
2026/03/22 21:41:36,3.2862,14.07
2026/03/22 21:46:37,3.2818,14.08
2026/03/22 21:51:37,3.2756,14.07
2026/03/22 21:56:38,3.2734,14.07
2026/03/22 22:01:39,3.2723,14.07
2026/03/22 22:06:40,3.2678,14.07
2026/03/22 22:11:40,3.2708,14.07
2026/03/22 22:16:41,3.2637,14.07
2026/03/22 22:21:41,3.2600,14.07
2026/03/22 22:26:42,3.2536,14.05
2026/03/22 22:31:43,3.2544,14.05
2026/03/22 22:36:43,3.2509,14.05
2026/03/22 22:41:44,3.2489,14.05
2026/03/22 22:46:45,3.2539,14.04
2026/03/22 22:51:45,3.2493,14.04
2026/03/22 22:56:46,3.2404,14.03
2026/03/22 23:01:47,3.2388,14.04
2026/03/22 23:06:47,3.2364,14.03
2026/03/22 23:11:48,3.2212,14.04
2026/03/22 23:16:49,3.2083,14.03
2026/03/22 23:21:49,3.1973,14.03
2026/03/22 23:26:50,3.1840,14.03
2026/03/22 23:31:50,3.1606,14.02
2026/03/22 23:36:51,3.1424,14.02
2026/03/22 23:41:52,3.1257,14.02
2026/03/22 23:46:52,3.1135,14.03
2026/03/22 23:51:53,3.1044,14.03
2026/03/22 23:56:54,3.0888,14.01
2026/03/23 00:01:54,3.0800,14.02
2026/03/23 00:06:55,3.0710,14.02
2026/03/23 00:11:55,3.0637,14.01
2026/03/23 00:16:56,3.0572,14.00
2026/03/23 00:21:57,3.0533,13.99
2026/03/23 00:26:57,3.0462,13.99
2026/03/23 00:31:58,3.0371,14.00
2026/03/23 00:36:59,3.0318,13.99
2026/03/23 00:41:59,3.0229,14.00
2026/03/23 00:47:00,3.0176,14.01
2026/03/23 00:52:01,3.0131,14.00
2026/03/23 00:57:01,3.0045,13.99
2026/03/23 01:02:02,2.9990,14.00
2026/03/23 01:07:03,2.9946,14.00
2026/03/23 01:12:03,2.9896,13.98
2026/03/23 01:17:04,2.9823,13.99
2026/03/23 01:22:04,2.9769,13.99
2026/03/23 01:27:05,2.9715,13.98
2026/03/23 01:32:06,2.9666,13.98
2026/03/23 01:37:06,2.9662,13.98
2026/03/23 01:42:07,2.9734,13.98
2026/03/23 01:47:08,2.9738,13.98
2026/03/23 01:52:08,2.9741,13.98
2026/03/23 01:57:09,2.9897,13.98
2026/03/23 02:02:10,2.9979,13.97
2026/03/23 02:07:11,2.9868,13.96
2026/03/23 02:12:11,2.9856,13.96
2026/03/23 02:17:12,2.9745,13.95
2026/03/23 02:22:12,2.9631,13.95
2026/03/23 02:27:13,2.9734,13.96
2026/03/23 02:32:14,2.9828,13.96
2026/03/23 02:37:14,2.9897,13.96
2026/03/23 02:42:15,2.9916,13.96
2026/03/23 02:47:16,2.9843,13.96
2026/03/23 02:52:16,2.9795,13.97
2026/03/23 02:57:17,2.9806,13.98
2026/03/23 03:02:18,2.9888,13.98
2026/03/23 03:07:19,2.9886,13.96
2026/03/23 03:12:19,2.9941,13.96
2026/03/23 03:17:20,2.9960,13.97
2026/03/23 03:22:20,2.9918,13.98
2026/03/23 03:27:21,2.9909,13.98
2026/03/23 03:32:22,2.9917,13.98
2026/03/23 03:37:23,2.9849,13.97
2026/03/23 03:42:23,2.9908,13.98
2026/03/23 03:47:24,2.9955,13.98
2026/03/23 03:52:25,2.9959,13.98
2026/03/23 03:57:25,2.9952,13.97
2026/03/23 04:02:26,2.9971,13.98
2026/03/23 04:07:27,2.9939,13.98
2026/03/23 04:12:27,2.9883,13.98
2026/03/23 04:17:28,3.0005,13.98
2026/03/23 04:22:28,3.0214,13.98
2026/03/23 04:27:29,3.0269,13.98
2026/03/23 04:32:30,3.0164,13.98
2026/03/23 04:37:30,3.0108,13.99
2026/03/23 04:42:31,2.9967,13.98
2026/03/23 04:47:32,2.9927,13.97
2026/03/23 04:52:32,3.0166,13.98
2026/03/23 04:57:33,3.0239,13.98
2026/03/23 05:02:33,3.0246,13.98
2026/03/23 05:07:34,3.0160,13.98
2026/03/23 05:12:35,3.0076,13.97
2026/03/23 05:17:35,3.0059,13.98
2026/03/23 05:22:36,2.9980,13.96
2026/03/23 05:27:37,3.0044,13.96
2026/03/23 05:32:37,3.0131,13.97
2026/03/23 05:37:38,3.0169,13.96
2026/03/23 05:42:39,3.0180,13.96
2026/03/23 05:47:40,3.0165,13.96
2026/03/23 05:52:40,3.0101,13.96
2026/03/23 05:57:41,3.0035,13.96
2026/03/23 06:02:42,2.9961,13.97
2026/03/23 06:07:42,2.9987,13.96
2026/03/23 06:12:43,3.0069,13.96
2026/03/23 06:17:44,3.0067,13.96
2026/03/23 06:22:44,3.0071,13.96
2026/03/23 06:27:45,3.0007,13.96
2026/03/23 06:32:46,2.9888,13.96
2026/03/23 06:37:47,2.9846,13.96
2026/03/23 06:42:47,2.9800,13.96
2026/03/23 06:47:48,2.9814,13.96
2026/03/23 06:52:49,2.9877,13.96
2026/03/23 06:57:49,2.9817,13.96
2026/03/23 07:02:50,2.9783,13.96
2026/03/23 07:07:51,2.9736,13.96
2026/03/23 07:12:51,2.9671,13.95
2026/03/23 07:17:52,2.9671,13.96
2026/03/23 07:22:53,2.9782,13.96
2026/03/23 07:27:53,2.9859,13.96
2026/03/23 07:32:54,2.9705,13.96
2026/03/23 07:37:55,2.9714,13.95
2026/03/23 07:42:55,3.0040,13.96
2026/03/23 07:47:56,3.0336,13.96
2026/03/23 07:52:57,3.0534,13.96
2026/03/23 07:57:58,3.0958,13.96
2026/03/23 08:02:58,3.1214,13.96
2026/03/23 08:07:59,3.1255,13.96
2026/03/23 08:12:59,3.1256,13.97
2026/03/23 08:18:00,3.1243,13.98
2026/03/23 08:23:01,3.1297,13.98
2026/03/23 08:28:01,3.1223,13.99
2026/03/23 08:33:02,3.1190,14.01
2026/03/23 08:38:02,3.1349,14.02
2026/03/23 08:43:03,3.1409,14.01
2026/03/23 08:48:04,3.1308,14.02
2026/03/23 08:53:04,3.1334,14.01
2026/03/23 08:58:05,3.1339,14.03
2026/03/23 09:03:06,3.1303,14.01
2026/03/23 09:08:06,3.1211,14.01
2026/03/23 09:13:07,3.1405,14.01
2026/03/23 09:18:08,3.1501,14.01
2026/03/23 09:23:08,3.1532,14.00
2026/03/23 09:28:09,3.1577,14.01
2026/03/23 09:33:09,3.1640,14.02
2026/03/23 09:38:10,3.1682,14.04
2026/03/23 09:43:11,3.1713,14.02
2026/03/23 09:48:12,3.1856,14.03
2026/03/23 09:53:12,3.2004,14.03
2026/03/23 09:58:13,3.2179,14.04
2026/03/23 10:03:14,3.2240,14.04
2026/03/23 10:08:14,3.2132,14.04
2026/03/23 10:13:15,3.2017,14.04
2026/03/23 10:18:16,3.1895,14.04
2026/03/23 10:23:16,3.1951,14.03
2026/03/23 10:28:17,3.1972,14.02
2026/03/23 10:33:18,3.1943,14.02
2026/03/23 10:38:18,3.1923,14.02
2026/03/23 10:43:19,3.1806,14.02
2026/03/23 10:48:20,3.1837,14.02
2026/03/23 10:53:20,3.1964,14.02
2026/03/23 10:58:21,3.1932,14.03
2026/03/23 11:03:22,3.1861,14.02
2026/03/23 11:08:23,3.1784,14.02
2026/03/23 11:13:23,3.1782,14.03
2026/03/23 11:18:24,3.1660,14.03
2026/03/23 11:23:24,3.1564,14.04
2026/03/23 11:28:25,3.1438,14.04
2026/03/23 11:33:26,3.1377,14.04
2026/03/23 11:38:27,3.1356,14.04
2026/03/23 11:43:27,3.1290,14.05
2026/03/23 11:48:28,3.1298,14.04
2026/03/23 11:53:29,3.1631,14.05
2026/03/23 11:58:29,3.1757,14.05
2026/03/23 12:03:30,3.1700,14.04
2026/03/23 12:08:31,3.1688,14.04
2026/03/23 12:13:31,3.1686,14.05
2026/03/23 12:18:32,3.1748,14.05
2026/03/23 12:23:33,3.1740,14.04
2026/03/23 12:28:33,3.1650,14.05
2026/03/23 12:33:34,3.1660,14.06
2026/03/23 12:38:35,3.1659,14.05
2026/03/23 12:43:35,3.1629,14.05
2026/03/23 12:48:36,3.1692,14.06
2026/03/23 12:53:37,3.1725,14.06
2026/03/23 12:58:38,3.1691,14.07
2026/03/23 13:03:38,3.1724,14.08
2026/03/23 13:08:39,3.1772,14.08
2026/03/23 13:13:39,3.1779,14.08
2026/03/23 13:18:40,3.1735,14.09
2026/03/23 13:23:41,3.1648,14.09
2026/03/23 13:28:42,3.1650,14.09
2026/03/23 13:33:42,3.1684,14.11
2026/03/23 13:38:43,3.1748,14.12
2026/03/23 13:43:44,3.1795,14.11
2026/03/23 13:48:44,3.1798,14.11
2026/03/23 13:53:45,3.1797,14.12
2026/03/23 13:58:46,3.1801,14.12
2026/03/23 14:03:46,3.1777,14.11
2026/03/23 14:08:47,3.1807,14.12
2026/03/23 14:13:48,3.1881,14.12
2026/03/23 14:18:49,3.1875,14.12
2026/03/23 14:23:49,3.1856,14.13
2026/03/23 14:28:50,3.1795,14.13
2026/03/23 14:33:50,3.1802,14.12
2026/03/23 14:38:51,3.1814,14.11
2026/03/23 14:43:52,3.1867,14.12
2026/03/23 14:48:53,3.1919,14.12
2026/03/23 14:53:53,3.1936,14.12
2026/03/23 14:58:54,3.1906,14.11
2026/03/23 15:03:55,3.1933,14.12
2026/03/23 15:08:55,3.1940,14.12
2026/03/23 15:13:56,3.1887,14.12
2026/03/23 15:18:57,3.1862,14.12
2026/03/23 15:23:57,3.1912,14.11
2026/03/23 15:28:58,3.1939,14.13
2026/03/23 15:33:59,3.1901,14.12
2026/03/23 15:39:00,3.1881,14.12
2026/03/23 15:44:00,3.1941,14.12
2026/03/23 15:49:01,3.1910,14.12
2026/03/23 15:54:02,3.1953,14.12
2026/03/23 15:59:03,3.1980,14.13
2026/03/23 16:04:03,3.1963,14.12
2026/03/23 16:09:04,3.2016,14.12
2026/03/23 16:14:05,3.2072,14.12
2026/03/23 16:19:06,3.2057,14.13
2026/03/23 16:24:06,3.2019,14.13
2026/03/23 16:29:07,3.2007,14.13
2026/03/23 16:34:08,3.2029,14.12
2026/03/23 16:39:09,3.2036,14.13
2026/03/23 16:44:09,3.2106,14.13
2026/03/23 16:49:10,3.2109,14.13
2026/03/23 16:54:11,3.2110,14.12
2026/03/23 16:59:11,3.2052,14.13
2026/03/23 17:04:12,3.2074,14.13
2026/03/23 17:09:13,3.2071,14.13
2026/03/23 17:14:14,3.2064,14.13
2026/03/23 17:19:14,3.2129,14.13
2026/03/23 17:24:15,3.2152,14.13
2026/03/23 17:29:16,3.2118,14.13
2026/03/23 17:34:16,3.2106,14.13
2026/03/23 17:39:17,3.2152,14.13
2026/03/23 17:44:18,3.2131,14.14
2026/03/23 17:49:19,3.2153,14.13
2026/03/23 17:54:19,3.2181,14.14
2026/03/23 17:59:20,3.2142,14.14
2026/03/23 18:04:21,3.2222,14.14
2026/03/23 18:09:22,3.2302,14.14
2026/03/23 18:14:22,3.2218,14.14
2026/03/23 18:19:23,3.2154,14.15
2026/03/23 18:24:24,3.2159,14.16
2026/03/23 18:29:25,3.2133,14.16
2026/03/23 18:34:25,3.2159,14.16
2026/03/23 18:39:26,3.2210,14.16
2026/03/23 18:44:27,3.2216,14.16
2026/03/23 18:49:28,3.2220,14.16
2026/03/23 18:54:28,3.2238,14.17
2026/03/23 18:59:29,3.2222,14.17
2026/03/23 19:04:30,3.2265,14.18
2026/03/23 19:09:31,3.2254,14.18
2026/03/23 19:14:31,3.2282,14.18
2026/03/23 19:19:32,3.2313,14.18
2026/03/23 19:24:33,3.2330,14.18
2026/03/23 19:29:34,3.2332,14.18
2026/03/23 19:34:34,3.2335,14.19
2026/03/23 19:39:35,3.2361,14.18
2026/03/23 19:44:36,3.2370,14.20
2026/03/23 19:49:36,3.2413,14.18
2026/03/23 19:54:37,3.2377,14.20
2026/03/23 19:59:38,3.2559,14.18
2026/03/23 20:04:38,3.2957,14.18
2026/03/23 20:09:39,3.3165,14.19
2026/03/23 20:14:40,3.3455,14.20
2026/03/23 20:19:41,3.3726,14.20
2026/03/23 20:24:41,3.3830,14.18
2026/03/23 20:29:42,3.3874,14.19
2026/03/23 20:34:42,3.3914,14.20
2026/03/23 20:39:43,3.4075,14.19
2026/03/23 20:44:44,3.4049,14.19
2026/03/23 20:49:45,3.4065,14.20
2026/03/23 20:54:45,3.4254,14.18
2026/03/23 20:59:46,3.4218,14.19
2026/03/23 21:04:47,3.4151,14.19
2026/03/23 21:09:47,3.4119,14.18
2026/03/23 21:14:48,3.4175,14.18
2026/03/23 21:19:49,3.4189,14.19
2026/03/23 21:24:49,3.4149,14.18
2026/03/23 21:29:50,3.4322,14.18
2026/03/23 21:34:51,3.4384,14.18
2026/03/23 21:39:52,3.4380,14.18
2026/03/23 21:44:52,3.4433,14.19
2026/03/23 21:49:53,3.4507,14.18
2026/03/23 21:54:54,3.4507,14.19
2026/03/23 21:59:55,3.4485,14.19
2026/03/23 22:04:55,3.4520,14.18
2026/03/23 22:09:56,3.4478,14.18
2026/03/23 22:14:56,3.4407,14.19
2026/03/23 22:19:57,3.4321,14.19
2026/03/23 22:24:58,3.4256,14.19
2026/03/23 22:29:59,3.4210,14.18
2026/03/23 22:34:59,3.4169,14.18
2026/03/23 22:40:00,3.4184,14.18
2026/03/23 22:45:00,3.4121,14.18
2026/03/23 22:50:01,3.4091,14.18
2026/03/23 22:55:02,3.4056,14.18
2026/03/23 23:00:02,3.4017,14.17
2026/03/23 23:05:03,3.4013,14.17
2026/03/23 23:10:04,3.3999,14.17
2026/03/23 23:15:04,3.3924,14.18
2026/03/23 23:20:05,3.3808,14.17
2026/03/23 23:25:05,3.3733,14.17
2026/03/23 23:30:06,3.3497,14.17
2026/03/23 23:35:07,3.3271,14.17
2026/03/23 23:40:08,3.3124,14.18
2026/03/23 23:45:08,3.3055,14.18
2026/03/23 23:50:09,3.2998,14.17
2026/03/23 23:55:09,3.2888,14.18
2026/03/24 00:00:10,3.2802,14.18
2026/03/24 00:05:11,3.2868,14.18
2026/03/24 00:10:12,3.2823,14.17
2026/03/24 00:15:12,3.2692,14.17
2026/03/24 00:20:13,3.2617,14.16
2026/03/24 00:25:13,3.2435,14.17
2026/03/24 00:30:14,3.2293,14.16
2026/03/24 00:35:15,3.2322,14.16
2026/03/24 00:40:16,3.2355,14.16
2026/03/24 00:45:16,3.2336,14.16
2026/03/24 00:50:17,3.2240,14.17
2026/03/24 00:55:17,3.2085,14.18
2026/03/24 01:00:18,3.2016,14.19
2026/03/24 01:05:19,3.1999,14.18
2026/03/24 01:10:20,3.1992,14.18
2026/03/24 01:15:20,3.1967,14.18
2026/03/24 01:20:21,3.1915,14.18
2026/03/24 01:25:21,3.1839,14.18
2026/03/24 01:30:22,3.1783,14.16
2026/03/24 01:35:23,3.1732,14.18
2026/03/24 01:40:24,3.1751,14.18
2026/03/24 01:45:24,3.1793,14.16
2026/03/24 01:50:25,3.1824,14.15
2026/03/24 01:55:25,3.1839,14.14
2026/03/24 02:00:26,3.1854,14.15
2026/03/24 02:05:27,3.1965,14.14
2026/03/24 02:10:28,3.2006,14.14
2026/03/24 02:15:28,3.1942,14.14
2026/03/24 02:20:29,3.1864,14.14
2026/03/24 02:25:29,3.1762,14.13
2026/03/24 02:30:30,3.1672,14.13
2026/03/24 02:35:31,3.1659,14.13
2026/03/24 02:40:32,3.1758,14.13
2026/03/24 02:45:32,3.1786,14.14
2026/03/24 02:50:33,3.1774,14.14
2026/03/24 02:55:33,3.1772,14.14
2026/03/24 03:00:34,3.1707,14.14
2026/03/24 03:05:35,3.1680,14.14
2026/03/24 03:10:36,3.1624,14.14
2026/03/24 03:15:36,3.1610,14.14
2026/03/24 03:20:37,3.1614,14.13
2026/03/24 03:25:37,3.1585,14.12
2026/03/24 03:30:38,3.1562,14.11
2026/03/24 03:35:39,3.1614,14.11
2026/03/24 03:40:39,3.1569,14.11
2026/03/24 03:45:40,3.1504,14.11
2026/03/24 03:50:41,3.1498,14.11
2026/03/24 03:55:41,3.1551,14.11
2026/03/24 04:00:42,3.1670,14.11
2026/03/24 04:05:42,3.1726,14.12
2026/03/24 04:10:43,3.1702,14.13
2026/03/24 04:15:44,3.1651,14.13
2026/03/24 04:20:44,3.1474,14.13
2026/03/24 04:25:45,3.1440,14.14
2026/03/24 04:30:46,3.1491,14.16
2026/03/24 04:35:46,3.1553,14.16
2026/03/24 04:40:47,3.1518,14.16
2026/03/24 04:45:47,3.1502,14.17
2026/03/24 04:50:48,3.1404,14.17
2026/03/24 04:55:49,3.1382,14.16
2026/03/24 05:00:50,3.1443,14.16
2026/03/24 05:05:50,3.1490,14.17
2026/03/24 05:10:51,3.1438,14.17
2026/03/24 05:15:52,3.1462,14.16
2026/03/24 05:20:52,3.1456,14.16
2026/03/24 05:25:53,3.1356,14.16
2026/03/24 05:30:54,3.1365,14.17
2026/03/24 05:35:54,3.1361,14.17
2026/03/24 05:40:55,3.1363,14.18
2026/03/24 05:45:56,3.1343,14.18
2026/03/24 05:50:57,3.1346,14.18
2026/03/24 05:55:57,3.1385,14.17
2026/03/24 06:00:58,3.1371,14.17
2026/03/24 06:05:58,3.1304,14.17
2026/03/24 06:10:59,3.1182,14.17
2026/03/24 06:16:00,3.1131,14.18
2026/03/24 06:21:01,3.1173,14.18
2026/03/24 06:26:01,3.1226,14.18
2026/03/24 06:31:02,3.1220,14.17
2026/03/24 06:36:03,3.1135,14.17
2026/03/24 06:41:03,3.1002,14.17
2026/03/24 06:46:04,3.0941,14.17
2026/03/24 06:51:05,3.0959,14.17
2026/03/24 06:56:05,3.1139,14.18
2026/03/24 07:01:06,3.1199,14.18
2026/03/24 07:06:07,3.1076,14.17
2026/03/24 07:11:07,3.0962,14.18
2026/03/24 07:16:08,3.0774,14.18
2026/03/24 07:21:09,3.0685,14.18
2026/03/24 07:26:09,3.0756,14.18
2026/03/24 07:31:10,3.0809,14.18
2026/03/24 07:36:10,3.0814,14.18
2026/03/24 07:41:11,3.0821,14.18
2026/03/24 07:46:12,3.0728,14.18
2026/03/24 07:51:13,3.0704,14.18
2026/03/24 07:56:13,3.0678,14.18
2026/03/24 08:01:14,3.0538,14.18
2026/03/24 08:06:14,3.0559,14.18
2026/03/24 08:11:15,3.0597,14.18
2026/03/24 08:16:16,3.0795,14.18
2026/03/24 08:21:17,3.1261,14.18
2026/03/24 08:26:17,3.1473,14.18
2026/03/24 08:31:18,3.1700,14.18
2026/03/24 08:36:19,3.2337,14.18
2026/03/24 08:41:19,3.2703,14.19
2026/03/24 08:46:20,3.2786,14.18
2026/03/24 08:51:21,3.2855,14.18
2026/03/24 08:56:21,3.3067,14.18
2026/03/24 09:01:22,3.3055,14.19
2026/03/24 09:06:22,3.3007,14.19
2026/03/24 09:11:23,3.3225,14.18
2026/03/24 09:16:24,3.3350,14.18
2026/03/24 09:21:24,3.3346,14.18
2026/03/24 09:26:25,3.3353,14.19
2026/03/24 09:31:26,3.3576,14.18
2026/03/24 09:36:26,3.3641,14.18
2026/03/24 09:41:27,3.3546,14.19
2026/03/24 09:46:28,3.3674,14.19
2026/03/24 09:51:28,3.3742,14.18
2026/03/24 09:56:29,3.3720,14.19
2026/03/24 10:01:30,3.3782,14.19
2026/03/24 10:06:30,3.3886,14.18
2026/03/24 10:11:31,3.4034,14.18
2026/03/24 10:16:32,3.4011,14.19
2026/03/24 10:21:32,3.4035,14.19
2026/03/24 10:26:33,3.4102,14.20
2026/03/24 10:31:34,3.4005,14.20
2026/03/24 10:36:34,3.3782,14.20
2026/03/24 10:41:35,3.3686,14.20
2026/03/24 10:46:35,3.3731,14.21
2026/03/24 10:51:36,3.3660,14.21
2026/03/24 10:56:37,3.3699,14.21
2026/03/24 11:01:37,3.3953,14.21
2026/03/24 11:06:38,3.3957,14.21
2026/03/24 11:11:39,3.3804,14.21
2026/03/24 11:16:39,3.3865,14.23
2026/03/24 11:21:40,3.3968,14.23
2026/03/24 11:26:40,3.4074,14.23
2026/03/24 11:31:41,3.4033,14.23
2026/03/24 11:36:42,3.4055,14.23
2026/03/24 11:41:42,3.4139,14.23
2026/03/24 11:46:43,3.4143,14.24
2026/03/24 11:51:44,3.4089,14.23
2026/03/24 11:56:44,3.4041,14.24
2026/03/24 12:01:45,3.4005,14.25
2026/03/24 12:06:45,3.3885,14.25
2026/03/24 12:11:46,3.3964,14.26
2026/03/24 12:16:46,3.4038,14.26
2026/03/24 12:21:47,3.4036,14.26
2026/03/24 12:26:48,3.4050,14.27
2026/03/24 12:31:48,3.3999,14.27
2026/03/24 12:36:49,3.3964,14.28
2026/03/24 12:41:50,3.3913,14.28
2026/03/24 12:46:50,3.3981,14.28
2026/03/24 12:51:51,3.4026,14.29
2026/03/24 12:56:51,3.4028,14.29
2026/03/24 13:01:52,3.4112,14.30
2026/03/24 13:06:53,3.4135,14.30
2026/03/24 13:11:53,3.4169,14.31
2026/03/24 13:16:54,3.4100,14.32
2026/03/24 13:21:55,3.4146,14.33
2026/03/24 13:26:55,3.4130,14.32
2026/03/24 13:31:56,3.4054,14.32
2026/03/24 13:36:56,3.4080,14.32
2026/03/24 13:41:57,3.4097,14.33
2026/03/24 13:46:57,3.4078,14.33
2026/03/24 13:51:58,3.4119,14.33
2026/03/24 13:56:59,3.4120,14.33
2026/03/24 14:01:59,3.4159,14.33
2026/03/24 14:07:00,3.4114,14.33
2026/03/24 14:12:01,3.4078,14.34
2026/03/24 14:17:01,3.4047,14.34
2026/03/24 14:22:02,3.4065,14.34
2026/03/24 14:27:02,3.4152,14.34
2026/03/24 14:32:03,3.4146,14.34
2026/03/24 14:37:04,3.4144,14.34
2026/03/24 14:42:04,3.4158,14.34
2026/03/24 14:47:05,3.4125,14.34
2026/03/24 14:52:06,3.4149,14.35
2026/03/24 14:57:06,3.4209,14.35
2026/03/24 15:02:07,3.4297,14.35
2026/03/24 15:07:08,3.4356,14.35
2026/03/24 15:12:08,3.4354,14.36
2026/03/24 15:17:09,3.4325,14.35
2026/03/24 15:22:10,3.4337,14.36
2026/03/24 15:27:10,3.4341,14.36
2026/03/24 15:32:11,3.4356,14.37
2026/03/24 15:37:11,3.4420,14.36
2026/03/24 15:42:12,3.4431,14.36
2026/03/24 15:47:13,3.4432,14.37
2026/03/24 15:52:14,3.4472,14.37
2026/03/24 15:57:14,3.4520,14.37
2026/03/24 16:02:15,3.4563,14.37
2026/03/24 16:07:15,3.4559,14.38
2026/03/24 16:12:16,3.4613,14.37
2026/03/24 16:17:17,3.4653,14.38
2026/03/24 16:22:18,3.4682,14.37
2026/03/24 16:27:18,3.4689,14.37
2026/03/24 16:32:19,3.4738,14.38
2026/03/24 16:37:19,3.4754,14.38
2026/03/24 16:42:20,3.4805,14.38
2026/03/24 16:47:21,3.4823,14.37
2026/03/24 16:52:22,3.4865,14.38
2026/03/24 16:57:22,3.4878,14.37
2026/03/24 17:02:23,3.4901,14.38
2026/03/24 17:07:24,3.4947,14.38
2026/03/24 17:12:25,3.4968,14.38
2026/03/24 17:17:25,3.5000,14.38
2026/03/24 17:22:26,3.5031,14.38
2026/03/24 17:27:27,3.5049,14.38
2026/03/24 17:32:27,3.5109,14.38
2026/03/24 17:37:28,3.5175,14.39
2026/03/24 17:42:29,3.5189,14.38
2026/03/24 17:47:29,3.5236,14.38
2026/03/24 17:52:30,3.5176,14.39
2026/03/24 17:57:31,3.5091,14.39
2026/03/24 18:02:31,3.5109,14.39
2026/03/24 18:07:32,3.5098,14.38
2026/03/24 18:12:33,3.5087,14.39
2026/03/24 18:17:33,3.5107,14.39
2026/03/24 18:22:34,3.5074,14.38
2026/03/24 18:27:35,3.5022,14.38
2026/03/24 18:32:35,3.5028,14.39
2026/03/24 18:37:36,3.5024,14.39
2026/03/24 18:42:37,3.4993,14.39
2026/03/24 18:47:37,3.4965,14.39
2026/03/24 18:52:38,3.5002,14.39
2026/03/24 18:57:39,3.5003,14.39
2026/03/24 19:02:39,3.4980,14.39
2026/03/24 19:07:40,3.4967,14.39
2026/03/24 19:12:41,3.4949,14.39
2026/03/24 19:17:41,3.4958,14.39
2026/03/24 19:22:42,3.4955,14.39
2026/03/24 19:27:43,3.4951,14.39
2026/03/24 19:32:44,3.4970,14.38
2026/03/24 19:37:44,3.4971,14.38
2026/03/24 19:42:45,3.4973,14.38
2026/03/24 19:47:46,3.4962,14.39
2026/03/24 19:52:46,3.4982,14.39
2026/03/24 19:57:47,3.4961,14.39
2026/03/24 20:02:48,3.4979,14.38
2026/03/24 20:07:48,3.5000,14.39
2026/03/24 20:12:49,3.5009,14.39
2026/03/24 20:17:50,3.4969,14.39
2026/03/24 20:22:51,3.5016,14.39
2026/03/24 20:27:51,3.5039,14.39
2026/03/24 20:32:52,3.5075,14.39
2026/03/24 20:37:52,3.5111,14.39
2026/03/24 20:42:53,3.5152,14.39
2026/03/24 20:47:54,3.5110,14.39
2026/03/24 20:52:55,3.5036,14.40
2026/03/24 20:57:55,3.5067,14.40
2026/03/24 21:02:56,3.5058,14.40
2026/03/24 21:07:56,3.5093,14.40
2026/03/24 21:12:57,3.5110,14.40
2026/03/24 21:17:58,3.5145,14.40
2026/03/24 21:22:59,3.5148,14.40
2026/03/24 21:27:59,3.5148,14.40
2026/03/24 21:33:00,3.5154,14.40
2026/03/24 21:38:00,3.5220,14.41
2026/03/24 21:43:01,3.5273,14.40
2026/03/24 21:48:01,3.5283,14.40
2026/03/24 21:53:02,3.5308,14.40
2026/03/24 21:58:03,3.5321,14.40
2026/03/24 22:03:03,3.5342,14.40
2026/03/24 22:08:04,3.5338,14.40
2026/03/24 22:13:05,3.5334,14.40
2026/03/24 22:18:05,3.5351,14.40
2026/03/24 22:23:06,3.5373,14.40
2026/03/24 22:28:06,3.5400,14.40
2026/03/24 22:33:07,3.5401,14.40
2026/03/24 22:38:07,3.5424,14.39
2026/03/24 22:43:08,3.5460,14.40
2026/03/24 22:48:09,3.5449,14.40
2026/03/24 22:53:09,3.5473,14.39
2026/03/24 22:58:10,3.5501,14.40
2026/03/24 23:03:11,3.5506,14.40
2026/03/24 23:08:11,3.5429,14.39
2026/03/24 23:13:12,3.5326,14.40
2026/03/24 23:18:12,3.5237,14.40
2026/03/24 23:23:13,3.5127,14.39
2026/03/24 23:28:14,3.4917,14.40
2026/03/24 23:33:14,3.4733,14.39
2026/03/24 23:38:15,3.4610,14.39
2026/03/24 23:43:16,3.4477,14.39
2026/03/24 23:48:16,3.4404,14.40
2026/03/24 23:53:17,3.4306,14.39
2026/03/24 23:58:18,3.4260,14.39
2026/03/25 00:03:18,3.4356,14.39
2026/03/25 00:08:19,3.4369,14.39
2026/03/25 00:13:20,3.4290,14.39
2026/03/25 00:18:20,3.4193,14.39
2026/03/25 00:23:21,3.4011,14.39
2026/03/25 00:28:22,3.3891,14.39
2026/03/25 00:33:22,3.3984,14.39
2026/03/25 00:38:23,3.4017,14.39
2026/03/25 00:43:24,3.4003,14.39
2026/03/25 00:48:24,3.3933,14.39
2026/03/25 00:53:25,3.3816,14.39
2026/03/25 00:58:26,3.3782,14.39
2026/03/25 01:03:26,3.3710,14.39
2026/03/25 01:08:27,3.3695,14.39
2026/03/25 01:13:28,3.3653,14.39
2026/03/25 01:18:28,3.3652,14.39
2026/03/25 01:23:29,3.3629,14.39
2026/03/25 01:28:29,3.3627,14.39
2026/03/25 01:33:30,3.3598,14.38
2026/03/25 01:38:31,3.3561,14.38
2026/03/25 01:43:31,3.3618,14.38
2026/03/25 01:48:32,3.3639,14.38
2026/03/25 01:53:33,3.3692,14.38
2026/03/25 01:58:33,3.3712,14.38
2026/03/25 02:03:34,3.3712,14.38
2026/03/25 02:08:34,3.3673,14.38
2026/03/25 02:13:35,3.3637,14.38
2026/03/25 02:18:36,3.3628,14.38
2026/03/25 02:23:36,3.3619,14.38
2026/03/25 02:28:37,3.3616,14.37
2026/03/25 02:33:38,3.3611,14.37
2026/03/25 02:38:38,3.3631,14.37
2026/03/25 02:43:39,3.3541,14.38
2026/03/25 02:48:40,3.3582,14.36
2026/03/25 02:53:40,3.3630,14.36
2026/03/25 02:58:41,3.3621,14.37
2026/03/25 03:03:42,3.3609,14.37
2026/03/25 03:08:42,3.3534,14.37
2026/03/25 03:13:43,3.3484,14.38
2026/03/25 03:18:44,3.3433,14.38
2026/03/25 03:23:44,3.3437,14.38
2026/03/25 03:28:45,3.3505,14.38
2026/03/25 03:33:46,3.3582,14.38
2026/03/25 03:38:46,3.3566,14.38
2026/03/25 03:43:47,3.3461,14.38
2026/03/25 03:48:47,3.3314,14.38
2026/03/25 03:53:48,3.3188,14.37
2026/03/25 03:58:49,3.3188,14.38
2026/03/25 04:03:50,3.3276,14.38
2026/03/25 04:08:50,3.3326,14.38
2026/03/25 04:13:51,3.3311,14.38
2026/03/25 04:18:51,3.3284,14.38
2026/03/25 04:23:52,3.3242,14.38
2026/03/25 04:28:52,3.3194,14.38
2026/03/25 04:33:53,3.3182,14.38
2026/03/25 04:38:54,3.3158,14.38
2026/03/25 04:43:54,3.3177,14.38
2026/03/25 04:48:55,3.3164,14.38
2026/03/25 04:53:56,3.3168,14.38
2026/03/25 04:58:56,3.3142,14.38
2026/03/25 05:03:57,3.3066,14.37
2026/03/25 05:08:57,3.2984,14.37
2026/03/25 05:13:58,3.2945,14.37
2026/03/25 05:18:59,3.2982,14.37
2026/03/25 05:23:59,3.2993,14.37
2026/03/25 05:29:00,3.3012,14.37
2026/03/25 05:34:01,3.2965,14.38
2026/03/25 05:39:01,3.2895,14.37
2026/03/25 05:44:02,3.2858,14.37
2026/03/25 05:49:02,3.2829,14.37
2026/03/25 05:54:03,3.2813,14.38
2026/03/25 05:59:04,3.2826,14.38
2026/03/25 06:04:05,3.2781,14.38
2026/03/25 06:09:05,3.2715,14.38
2026/03/25 06:14:06,3.2700,14.37
2026/03/25 06:19:06,3.2674,14.38
2026/03/25 06:24:07,3.2713,14.38
2026/03/25 06:29:08,3.2718,14.37
2026/03/25 06:34:09,3.2608,14.37
2026/03/25 06:39:09,3.2592,14.36
2026/03/25 06:44:10,3.2521,14.37
2026/03/25 06:49:10,3.2467,14.37
2026/03/25 06:54:11,3.2567,14.37
2026/03/25 06:59:12,3.2641,14.36
2026/03/25 07:04:12,3.2601,14.36
2026/03/25 07:09:13,3.2510,14.36
2026/03/25 07:14:14,3.2381,14.36
2026/03/25 07:19:14,3.2219,14.36
2026/03/25 07:24:15,3.2219,14.36
2026/03/25 07:29:15,3.2243,14.36
2026/03/25 07:34:16,3.2262,14.36
2026/03/25 07:39:17,3.2273,14.37
2026/03/25 07:44:17,3.2242,14.37
2026/03/25 07:49:18,3.2772,14.37
2026/03/25 07:54:19,3.2964,14.36
2026/03/25 07:59:19,3.2935,14.36
2026/03/25 08:04:20,3.2907,14.38
2026/03/25 08:09:20,3.2919,14.39
2026/03/25 08:14:21,3.2993,14.39
2026/03/25 08:19:21,3.3034,14.40
2026/03/25 08:24:22,3.2958,14.40
2026/03/25 08:29:23,3.2991,14.41
2026/03/25 08:34:23,3.2971,14.41
2026/03/25 08:39:24,3.2967,14.42
2026/03/25 08:44:25,3.2957,14.43
2026/03/25 08:49:25,3.2945,14.44
2026/03/25 08:54:26,3.2978,14.45
2026/03/25 08:59:27,3.3067,14.46
2026/03/25 09:04:27,3.3107,14.47
2026/03/25 09:09:28,3.3069,14.48
2026/03/25 09:14:29,3.3071,14.50
2026/03/25 09:19:29,3.2996,14.51
2026/03/25 09:24:30,3.2886,14.52
2026/03/25 09:29:30,3.2674,14.52
2026/03/25 09:34:31,3.2530,14.54
2026/03/25 09:39:32,3.2440,14.54
2026/03/25 09:44:32,3.2382,14.55
2026/03/25 09:49:33,3.2438,14.55
2026/03/25 09:54:34,3.2374,14.55
2026/03/25 09:59:34,3.2198,14.57
2026/03/25 10:04:35,3.2075,14.56
2026/03/25 10:09:36,3.2106,14.58
2026/03/25 10:14:37,3.2157,14.59
2026/03/25 10:19:37,3.2120,14.58
2026/03/25 10:24:38,3.2055,14.58
2026/03/25 10:29:39,3.2014,14.58
2026/03/25 10:34:39,3.1932,14.57
2026/03/25 10:39:40,3.1940,14.61
2026/03/25 10:44:41,3.1979,14.60
2026/03/25 10:49:41,3.2007,14.59
2026/03/25 10:54:42,3.1921,14.59
2026/03/25 10:59:43,3.1849,14.61
2026/03/25 11:04:43,3.1800,14.61
2026/03/25 11:09:44,3.1791,14.61
2026/03/25 11:14:45,3.1713,14.62
2026/03/25 11:19:45,3.1655,14.63
2026/03/25 11:24:46,3.1678,14.64
2026/03/25 11:29:46,3.1786,14.64
2026/03/25 11:34:47,3.1853,14.63
2026/03/25 11:39:48,3.1807,14.62
2026/03/25 11:44:49,3.1776,14.62
2026/03/25 11:49:49,3.1671,14.62
2026/03/25 11:54:50,3.1635,14.62
2026/03/25 11:59:50,3.1811,14.62
2026/03/25 12:04:51,3.1927,14.62
2026/03/25 12:09:51,3.1947,14.62
2026/03/25 12:14:52,3.1906,14.63
2026/03/25 12:19:53,3.1735,14.63
2026/03/25 12:24:54,3.1730,14.62
2026/03/25 12:29:54,3.1758,14.61
2026/03/25 12:34:55,3.1714,14.61
2026/03/25 12:39:55,3.1762,14.61
2026/03/25 12:44:56,3.1811,14.60
2026/03/25 12:49:56,3.1838,14.61
2026/03/25 12:54:57,3.1778,14.61
2026/03/25 12:59:58,3.1714,14.64
2026/03/25 13:04:59,3.1650,14.63
2026/03/25 13:09:59,3.1657,14.62
2026/03/25 13:15:00,3.1629,14.63
2026/03/25 13:20:00,3.1634,14.65
2026/03/25 13:25:01,3.1600,14.65
2026/03/25 13:30:02,3.1554,14.68
2026/03/25 13:35:03,3.1464,14.75
2026/03/25 13:40:03,3.1377,14.75
2026/03/25 13:45:04,3.1370,14.78
2026/03/25 13:50:05,3.1367,14.79
2026/03/25 13:55:05,3.1522,14.79
2026/03/25 14:00:06,3.1527,14.75
2026/03/25 14:05:07,3.1390,14.79
2026/03/25 14:10:07,3.1334,14.81
2026/03/25 14:15:08,3.1166,14.83
2026/03/25 14:20:08,3.1089,14.83
2026/03/25 14:25:09,3.1220,14.85
2026/03/25 14:30:10,3.1266,14.85
2026/03/25 14:35:11,3.1280,14.93
2026/03/25 14:40:11,3.1194,14.89
2026/03/25 14:45:12,3.1080,14.85
2026/03/25 14:50:12,3.1093,14.84
2026/03/25 14:55:13,3.1072,14.83
2026/03/25 15:00:14,3.1027,14.82
2026/03/25 15:05:15,3.0986,14.83
2026/03/25 15:10:15,3.1067,14.82
2026/03/25 15:15:16,3.1048,14.82
2026/03/25 15:20:16,3.1006,14.82
2026/03/25 15:25:17,3.0970,14.81
2026/03/25 15:30:17,3.0890,14.79
2026/03/25 15:35:18,3.0835,14.79
2026/03/25 15:40:19,3.0823,14.79
2026/03/25 15:45:19,3.0900,14.78
2026/03/25 15:50:20,3.0873,14.78
2026/03/25 15:55:21,3.0867,14.76
2026/03/25 16:00:21,3.0819,14.75
2026/03/25 16:05:22,3.0697,14.75
2026/03/25 16:10:22,3.0829,14.75
2026/03/25 16:15:23,3.0928,14.80
2026/03/25 16:20:24,3.0857,14.80
2026/03/25 16:25:24,3.0774,14.81
2026/03/25 16:30:25,3.0604,14.85
2026/03/25 16:35:26,3.0497,14.86
2026/03/25 16:40:26,3.0524,14.89
2026/03/25 16:45:27,3.0543,14.93
2026/03/25 16:50:28,3.0938,15.00
2026/03/25 16:55:28,3.1310,14.88
2026/03/25 17:00:29,3.1384,14.99
2026/03/25 17:05:30,3.1388,14.97
2026/03/25 17:10:30,3.1444,14.98
2026/03/25 17:15:31,3.1536,14.99
2026/03/25 17:20:31,3.1561,15.11
2026/03/25 17:25:32,3.1676,15.18
2026/03/25 17:30:33,3.1705,15.29
2026/03/25 17:35:33,3.1740,15.37
2026/03/25 17:40:34,3.1674,15.37
2026/03/25 17:45:35,3.1692,15.32
2026/03/25 17:50:35,3.1684,15.33
2026/03/25 17:55:36,3.1722,15.28
2026/03/25 18:00:36,3.1742,15.30
2026/03/25 18:05:37,3.1802,15.30
2026/03/25 18:10:38,3.1882,15.29
2026/03/25 18:15:38,3.1908,15.28
2026/03/25 18:20:39,3.1898,15.29
2026/03/25 18:25:40,3.1847,15.29
2026/03/25 18:30:40,3.1868,15.28
2026/03/25 18:35:41,3.1954,15.27
2026/03/25 18:40:41,3.1939,15.27
2026/03/25 18:45:42,3.1932,15.27
2026/03/25 18:50:42,3.1946,15.27
2026/03/25 18:55:43,3.1941,15.27
2026/03/25 19:00:44,3.1928,15.26
2026/03/25 19:05:44,3.1990,15.26
2026/03/25 19:10:45,3.1980,15.27
2026/03/25 19:15:46,3.1936,15.26
2026/03/25 19:20:46,3.1935,15.24
2026/03/25 19:25:47,3.1889,15.24
2026/03/25 19:30:47,3.1835,15.23
2026/03/25 19:35:48,3.1820,15.20
2026/03/25 19:40:49,3.1846,15.18
2026/03/25 19:45:49,3.1962,15.16
2026/03/25 19:50:50,3.2052,15.17
2026/03/25 19:55:51,3.1976,15.18
2026/03/25 20:00:51,3.1977,15.13
2026/03/25 20:05:52,3.1936,15.12
2026/03/25 20:10:52,3.1924,15.10
2026/03/25 20:15:53,3.1927,15.06
2026/03/25 20:20:54,3.1906,15.07
2026/03/25 20:25:54,3.1941,15.01
2026/03/25 20:30:55,3.1965,15.00
2026/03/25 20:35:56,3.1950,15.00
2026/03/25 20:40:56,3.1943,14.98
2026/03/25 20:45:57,3.1977,14.97
2026/03/25 20:50:57,3.1950,14.97
2026/03/25 20:55:58,3.1997,14.95
2026/03/25 21:00:59,3.2014,14.93
2026/03/25 21:05:59,3.2061,14.91
2026/03/25 21:11:00,3.2058,14.89
2026/03/25 21:16:00,3.2037,14.86
2026/03/25 21:21:01,3.2050,14.88
2026/03/25 21:26:02,3.2055,14.88
2026/03/25 21:31:02,3.2047,14.84
2026/03/25 21:36:03,3.2056,14.88
2026/03/25 21:41:03,3.2056,14.84
2026/03/25 21:46:04,3.2058,14.83
2026/03/25 21:51:05,3.2044,14.82
2026/03/25 21:56:05,3.2051,14.83
2026/03/25 22:01:06,3.2035,14.82
2026/03/25 22:06:06,3.2064,14.83
2026/03/25 22:11:07,3.2066,14.81
2026/03/25 22:16:08,3.2049,14.80
2026/03/25 22:21:08,3.2084,14.81
2026/03/25 22:26:09,3.2061,14.80
2026/03/25 22:31:09,3.2050,14.80
2026/03/25 22:36:10,3.2056,14.79
2026/03/25 22:41:11,3.2119,14.79
2026/03/25 22:46:11,3.2143,14.80
2026/03/25 22:51:12,3.2136,14.79
2026/03/25 22:56:13,3.2106,14.79
2026/03/25 23:01:13,3.2086,14.79
2026/03/25 23:06:14,3.2092,14.79
2026/03/25 23:11:15,3.2060,14.80
2026/03/25 23:16:15,3.2093,14.80
2026/03/25 23:21:16,3.2105,14.79
2026/03/25 23:26:17,3.2075,14.79
2026/03/25 23:31:17,3.1975,14.79
2026/03/25 23:36:18,3.1884,14.79
2026/03/25 23:41:18,3.1820,14.80
2026/03/25 23:46:19,3.1684,14.79
2026/03/25 23:51:20,3.1558,14.79
2026/03/25 23:56:21,3.1452,14.79
2026/03/26 00:01:21,3.1311,14.79
2026/03/26 00:06:22,3.1169,14.79
2026/03/26 00:11:22,3.1043,14.79
2026/03/26 00:16:23,3.0931,14.80
2026/03/26 00:21:24,3.0848,14.80
2026/03/26 00:26:24,3.0799,14.82
2026/03/26 00:31:25,3.0715,14.83
2026/03/26 00:36:26,3.0686,14.82
2026/03/26 00:41:26,3.0662,14.82
2026/03/26 00:46:27,3.0632,14.82
2026/03/26 00:51:27,3.0536,14.84
2026/03/26 00:56:28,3.0478,14.84
2026/03/26 01:01:29,3.0456,14.84
2026/03/26 01:06:29,3.0424,14.84
2026/03/26 01:11:30,3.0379,14.84
2026/03/26 01:16:31,3.0346,14.85
2026/03/26 01:21:31,3.0338,14.83
2026/03/26 01:26:32,3.0310,14.84
2026/03/26 01:31:32,3.0274,14.80
2026/03/26 01:36:33,3.0263,14.80
2026/03/26 01:41:33,3.0269,14.82
2026/03/26 01:46:34,3.0261,14.84
2026/03/26 01:51:35,3.0203,14.86
2026/03/26 01:56:35,3.0249,14.83
2026/03/26 02:01:36,3.0399,14.83
2026/03/26 02:06:37,3.0503,14.83
2026/03/26 02:11:37,3.0447,14.82
2026/03/26 02:16:38,3.0383,14.80
2026/03/26 02:21:38,3.0293,14.78
2026/03/26 02:26:39,3.0186,14.79
2026/03/26 02:31:39,3.0307,14.79
2026/03/26 02:36:40,3.0376,14.78
2026/03/26 02:41:41,3.0456,14.79
2026/03/26 02:46:41,3.0385,14.77
2026/03/26 02:51:42,3.0319,14.76
2026/03/26 02:56:43,3.0244,14.76
2026/03/26 03:01:43,3.0276,14.76
2026/03/26 03:06:44,3.0322,14.76
2026/03/26 03:11:44,3.0373,14.77
2026/03/26 03:16:45,3.0443,14.79
2026/03/26 03:21:46,3.0412,14.79
2026/03/26 03:26:46,3.0401,14.78
2026/03/26 03:31:47,3.0394,14.78
2026/03/26 03:36:47,3.0399,14.78
2026/03/26 03:41:48,3.0352,14.79
2026/03/26 03:46:49,3.0331,14.79
2026/03/26 03:51:49,3.0349,14.79
2026/03/26 03:56:50,3.0358,14.79
2026/03/26 04:01:50,3.0358,14.79
2026/03/26 04:06:51,3.0317,14.79
2026/03/26 04:11:51,3.0250,14.78
2026/03/26 04:16:52,3.0201,14.78
2026/03/26 04:21:53,3.0232,14.79
2026/03/26 04:26:53,3.0248,14.79
2026/03/26 04:31:54,3.0213,14.79
2026/03/26 04:36:54,3.0234,14.80
2026/03/26 04:41:55,3.0226,14.81
2026/03/26 04:46:56,3.0301,14.81
2026/03/26 04:51:56,3.0466,14.81
2026/03/26 04:56:57,3.0483,14.83
2026/03/26 05:01:57,3.0442,14.84
2026/03/26 05:06:58,3.0268,14.84
2026/03/26 05:11:59,3.0146,14.84
2026/03/26 05:16:59,3.0138,14.84
2026/03/26 05:22:00,3.0213,14.83
2026/03/26 05:27:01,3.0278,14.83
2026/03/26 05:32:01,3.0220,14.83
2026/03/26 05:37:02,3.0177,14.82
2026/03/26 05:42:02,3.0077,14.83
2026/03/26 05:47:03,3.0071,14.84
2026/03/26 05:52:04,3.0097,14.83
2026/03/26 05:57:04,3.0046,14.83
2026/03/26 06:02:05,3.0067,14.82
2026/03/26 06:07:06,3.0037,14.83
2026/03/26 06:12:06,3.0083,14.82
2026/03/26 06:17:07,3.0059,14.82
2026/03/26 06:22:08,3.0005,14.82
2026/03/26 06:27:08,2.9971,14.82
2026/03/26 06:32:09,2.9943,14.83
2026/03/26 06:37:10,2.9933,14.81
2026/03/26 06:42:10,2.9999,14.82
2026/03/26 06:47:11,3.0076,14.82
2026/03/26 06:52:11,2.9903,14.82
2026/03/26 06:57:12,2.9766,14.81
2026/03/26 07:02:13,2.9539,14.82
2026/03/26 07:07:13,2.9548,14.81
2026/03/26 07:12:14,2.9708,14.81
2026/03/26 07:17:14,2.9677,14.82
2026/03/26 07:22:15,2.9610,14.81
2026/03/26 07:27:16,2.9550,14.80
2026/03/26 07:32:16,2.9490,14.82
2026/03/26 07:37:17,2.9466,14.82
2026/03/26 07:42:17,2.9421,14.81
2026/03/26 07:47:18,2.9501,14.81
2026/03/26 07:52:19,2.9988,14.82
2026/03/26 07:57:19,3.0124,14.81
2026/03/26 08:02:20,3.0110,14.81
2026/03/26 08:07:21,3.0147,14.82
2026/03/26 08:12:21,3.0075,14.82
2026/03/26 08:17:22,3.0078,14.82
2026/03/26 08:22:22,3.0164,14.81
2026/03/26 08:27:23,3.0189,14.81
2026/03/26 08:32:23,3.0210,14.81
2026/03/26 08:37:24,3.0214,14.80
2026/03/26 08:42:25,3.0124,14.81
2026/03/26 08:47:26,3.0108,14.81
2026/03/26 08:52:26,3.0090,14.81
2026/03/26 08:57:27,3.0174,14.82
2026/03/26 09:02:27,3.0180,14.81
2026/03/26 09:07:28,3.0297,14.82
2026/03/26 09:12:29,3.0270,14.82
2026/03/26 09:17:29,3.0186,14.82
2026/03/26 09:22:30,3.0154,14.82
2026/03/26 09:27:31,3.0058,14.82
2026/03/26 09:32:31,2.9925,14.81
2026/03/26 09:37:32,2.9794,14.80
2026/03/26 09:42:33,2.9778,14.80
2026/03/26 09:47:33,2.9702,14.80
2026/03/26 09:52:34,2.9621,14.82
2026/03/26 09:57:35,2.9429,14.81
2026/03/26 10:02:35,2.9224,14.82
2026/03/26 10:07:36,2.9123,14.82
2026/03/26 10:12:36,2.9036,14.82
2026/03/26 10:17:37,2.9099,14.81
2026/03/26 10:22:38,2.9124,14.80
2026/03/26 10:27:38,2.9019,14.80
2026/03/26 10:32:39,2.8958,14.80
2026/03/26 10:37:40,2.8832,14.80
2026/03/26 10:42:40,2.8788,14.80
2026/03/26 10:47:41,2.8816,14.80
2026/03/26 10:52:42,2.8810,14.80
2026/03/26 10:57:42,2.8831,14.80
2026/03/26 11:02:43,2.8822,14.79
2026/03/26 11:07:44,2.8830,14.79
2026/03/26 11:12:44,2.8816,14.80
2026/03/26 11:17:45,2.8747,14.79
2026/03/26 11:22:46,2.8619,14.79
2026/03/26 11:27:46,2.8565,14.79
2026/03/26 11:32:47,2.8582,14.79
2026/03/26 11:37:48,2.8613,14.78
2026/03/26 11:42:48,2.8699,14.78
2026/03/26 11:47:49,2.8764,14.78
2026/03/26 11:52:50,2.8740,14.79
2026/03/26 11:57:50,2.8647,14.79
2026/03/26 12:02:51,2.8838,14.79
2026/03/26 12:07:52,2.9352,14.80
2026/03/26 12:12:52,2.9737,14.79
2026/03/26 12:17:53,2.9916,14.81
2026/03/26 12:22:53,3.0008,14.86
2026/03/26 12:27:54,3.0030,14.84
2026/03/26 12:32:55,3.0124,14.81
2026/03/26 12:37:56,3.0296,14.82
2026/03/26 12:42:56,3.0420,14.84
2026/03/26 12:47:57,3.0540,14.85
2026/03/26 12:52:57,3.0599,14.85
2026/03/26 12:57:58,3.0597,14.85
2026/03/26 13:02:59,3.0670,14.86
2026/03/26 13:08:00,3.0710,14.87
2026/03/26 13:13:00,3.0757,14.87
2026/03/26 13:18:01,3.0858,14.87
2026/03/26 13:23:01,3.0977,14.87
2026/03/26 13:28:02,3.1042,14.88
2026/03/26 13:33:03,3.1052,14.88
2026/03/26 13:38:04,3.1108,14.89
2026/03/26 13:43:04,3.1178,14.89
2026/03/26 13:48:05,3.1201,14.90
2026/03/26 13:53:05,3.1288,14.90
2026/03/26 13:58:06,3.1341,14.91
2026/03/26 14:03:07,3.1353,14.92
2026/03/26 14:08:07,3.1399,14.91
2026/03/26 14:13:08,3.1434,14.93
2026/03/26 14:18:09,3.1409,14.93
2026/03/26 14:23:09,3.1378,14.93
2026/03/26 14:28:10,3.1422,14.94
2026/03/26 14:33:10,3.1479,14.93
2026/03/26 14:38:11,3.1457,14.93
2026/03/26 14:43:11,3.1424,14.93
2026/03/26 14:48:12,3.1367,14.93
2026/03/26 14:53:13,3.1322,14.92
2026/03/26 14:58:13,3.1335,14.93
2026/03/26 15:03:14,3.1345,14.93
2026/03/26 15:08:15,3.1395,14.93
2026/03/26 15:13:15,3.1382,14.93
2026/03/26 15:18:16,3.1247,14.92
2026/03/26 15:23:16,3.1132,14.93
2026/03/26 15:28:17,3.0925,14.92
2026/03/26 15:33:17,3.0683,14.91
2026/03/26 15:38:18,3.0507,14.92
2026/03/26 15:43:19,3.0374,14.92
2026/03/26 15:48:19,3.0311,14.92
2026/03/26 15:53:20,3.0211,14.92
2026/03/26 15:58:21,3.0154,14.92
2026/03/26 16:03:21,3.0001,14.92
2026/03/26 16:08:22,2.9877,14.92
2026/03/26 16:13:22,2.9755,14.92
2026/03/26 16:18:23,2.9799,14.92
2026/03/26 16:23:23,2.9957,14.91
2026/03/26 16:28:24,2.9929,14.91
2026/03/26 16:33:25,2.9848,14.91
2026/03/26 16:38:25,2.9816,14.92
2026/03/26 16:43:26,2.9751,14.91
2026/03/26 16:48:26,2.9794,14.91
2026/03/26 16:53:27,2.9864,14.91
2026/03/26 16:58:28,2.9930,14.92
2026/03/26 17:03:28,2.9960,14.91
2026/03/26 17:08:29,2.9978,14.91
2026/03/26 17:13:30,2.9928,14.92
2026/03/26 17:18:30,2.9941,14.91
2026/03/26 17:23:31,2.9982,14.91
2026/03/26 17:28:32,2.9989,14.91
2026/03/26 17:33:32,3.0051,14.92
2026/03/26 17:38:33,3.0039,14.91
2026/03/26 17:43:33,3.0071,14.91
2026/03/26 17:48:34,3.0092,14.91
2026/03/26 17:53:35,3.0121,14.91
2026/03/26 17:58:35,3.0103,14.92
2026/03/26 18:03:36,3.0155,14.91
2026/03/26 18:08:37,3.0271,14.91
2026/03/26 18:13:37,3.0311,14.92
2026/03/26 18:18:38,3.0305,14.91
2026/03/26 18:23:39,3.0293,14.92
2026/03/26 18:28:39,3.0361,14.92
2026/03/26 18:33:40,3.0396,14.92
2026/03/26 18:38:41,3.0391,14.92
2026/03/26 18:43:41,3.0444,14.93
2026/03/26 18:48:42,3.0405,14.93
2026/03/26 18:53:42,3.0356,14.93
2026/03/26 18:58:43,3.0378,14.93
2026/03/26 19:03:44,3.0366,14.93
2026/03/26 19:08:44,3.0390,14.93
2026/03/26 19:13:45,3.0461,14.93
2026/03/26 19:18:46,3.0512,14.94
2026/03/26 19:23:46,3.0504,14.95
2026/03/26 19:28:47,3.0489,14.95
2026/03/26 19:33:47,3.0505,14.96
2026/03/26 19:38:48,3.0569,14.96
2026/03/26 19:43:49,3.0553,14.96
2026/03/26 19:48:50,3.0590,14.96
2026/03/26 19:53:50,3.0619,14.96
2026/03/26 19:58:51,3.0566,14.97
2026/03/26 20:03:51,3.0586,14.96
2026/03/26 20:08:52,3.0642,14.97
2026/03/26 20:13:52,3.0660,14.97
2026/03/26 20:18:53,3.0666,14.98
2026/03/26 20:23:54,3.0643,14.98
2026/03/26 20:28:54,3.0689,14.98
2026/03/26 20:33:55,3.0682,14.99
2026/03/26 20:38:56,3.0683,14.99
2026/03/26 20:43:56,3.0691,14.98
2026/03/26 20:48:57,3.0721,15.00
2026/03/26 20:53:57,3.0736,14.99
2026/03/26 20:58:58,3.0732,15.00
2026/03/26 21:03:59,3.0754,15.00
2026/03/26 21:08:59,3.0734,15.00
2026/03/26 21:14:00,3.0740,15.01
2026/03/26 21:19:00,3.0765,15.00
2026/03/26 21:24:01,3.0803,15.02
2026/03/26 21:29:02,3.0825,15.02
2026/03/26 21:34:02,3.0857,15.02
2026/03/26 21:39:03,3.0857,15.03
2026/03/26 21:44:03,3.0930,15.03
2026/03/26 21:49:04,3.0893,15.04
2026/03/26 21:54:04,3.0909,15.05
2026/03/26 21:59:05,3.0870,15.05
2026/03/26 22:04:06,3.0826,15.05
2026/03/26 22:09:06,3.0819,15.05
2026/03/26 22:14:07,3.0845,15.05
2026/03/26 22:19:08,3.0870,15.07
2026/03/26 22:24:08,3.0885,15.06
2026/03/26 22:29:09,3.0900,15.07
2026/03/26 22:34:09,3.0846,15.07
2026/03/26 22:39:10,3.0844,15.08
2026/03/26 22:44:10,3.0870,15.07
2026/03/26 22:49:11,3.0861,15.09
2026/03/26 22:54:11,3.0850,15.07
2026/03/26 22:59:12,3.0816,15.07
2026/03/26 23:04:13,3.0862,15.09
2026/03/26 23:09:13,3.0861,15.07
2026/03/26 23:14:14,3.0831,15.09
2026/03/26 23:19:14,3.0812,15.07
2026/03/26 23:24:15,3.0802,15.08
2026/03/26 23:29:16,3.0790,15.09
2026/03/26 23:34:16,3.0778,15.09
2026/03/26 23:39:17,3.0709,15.10
2026/03/26 23:44:17,3.0576,15.09
2026/03/26 23:49:18,3.0435,15.08
2026/03/26 23:54:19,3.0312,15.09
2026/03/26 23:59:19,3.0165,15.09
2026/03/27 00:04:20,3.0073,15.08
2026/03/27 00:09:21,2.9930,15.09
2026/03/27 00:14:21,2.9806,15.09
2026/03/27 00:19:22,2.9700,15.08
2026/03/27 00:24:22,2.9606,15.08
2026/03/27 00:29:23,2.9524,15.08
2026/03/27 00:34:24,2.9515,15.08
2026/03/27 00:39:24,2.9479,15.09
2026/03/27 00:44:25,2.9442,15.08
2026/03/27 00:49:26,2.9405,15.07
2026/03/27 00:54:26,2.9505,15.08
2026/03/27 00:59:27,2.9556,15.08
2026/03/27 01:04:27,2.9392,15.07
2026/03/27 01:09:28,2.9324,15.07
2026/03/27 01:14:28,2.9161,15.08
2026/03/27 01:19:29,2.9054,15.07
2026/03/27 01:24:30,2.9044,15.08
2026/03/27 01:29:30,2.9099,15.07
2026/03/27 01:34:31,2.9106,15.08
2026/03/27 01:39:31,2.9054,15.07
2026/03/27 01:44:32,2.8942,15.07
2026/03/27 01:49:33,2.8884,15.07
2026/03/27 01:54:33,2.8859,15.07
2026/03/27 01:59:34,2.8875,15.07
2026/03/27 02:04:34,2.8880,15.06
2026/03/27 02:09:35,2.8931,15.06
2026/03/27 02:14:36,2.9002,15.06
2026/03/27 02:19:36,2.8970,15.06
2026/03/27 02:24:37,2.8961,15.06
2026/03/27 02:29:38,2.8944,15.06
2026/03/27 02:34:38,2.8918,15.05
2026/03/27 02:39:39,2.8900,15.06
2026/03/27 02:44:39,2.8919,15.06
2026/03/27 02:49:40,2.8958,15.05
2026/03/27 02:54:41,2.8970,15.05
2026/03/27 02:59:41,2.8958,15.05
2026/03/27 03:04:42,2.8922,15.05
2026/03/27 03:09:43,2.8904,15.04
2026/03/27 03:14:43,2.8929,15.04
2026/03/27 03:19:44,2.8944,15.04
2026/03/27 03:24:45,2.8965,15.04
2026/03/27 03:29:45,2.8997,15.04
2026/03/27 03:34:46,2.8931,15.04
2026/03/27 03:39:46,2.8908,15.03
2026/03/27 03:44:47,2.8913,15.03
2026/03/27 03:49:48,2.8965,15.03
2026/03/27 03:54:48,2.8967,15.03
2026/03/27 03:59:49,2.8918,15.03
2026/03/27 04:04:50,2.8891,15.03
2026/03/27 04:09:50,2.8880,15.04
2026/03/27 04:14:51,2.8896,15.03
2026/03/27 04:19:52,2.8900,15.03
2026/03/27 04:24:52,2.8975,15.03
2026/03/27 04:29:53,2.9125,15.03
2026/03/27 04:34:53,2.9156,15.03
2026/03/27 04:39:54,2.9083,15.03
2026/03/27 04:44:55,2.9015,15.04
2026/03/27 04:49:56,2.8913,15.04
2026/03/27 04:54:56,2.8837,15.03
2026/03/27 04:59:57,2.8943,15.04
2026/03/27 05:04:57,2.9024,15.04
2026/03/27 05:09:58,2.9070,15.03
2026/03/27 05:14:58,2.9032,15.03
2026/03/27 05:19:59,2.8986,15.03
2026/03/27 05:25:00,2.8980,15.03
2026/03/27 05:30:01,2.8937,15.03
2026/03/27 05:35:01,2.8915,15.02
2026/03/27 05:40:02,2.8934,15.02
2026/03/27 05:45:02,2.8974,15.03
2026/03/27 05:50:03,2.8962,15.03
2026/03/27 05:55:03,2.9009,15.03
2026/03/27 06:00:04,2.9002,15.03
2026/03/27 06:05:05,2.8936,15.03
2026/03/27 06:10:05,2.8898,15.03
2026/03/27 06:15:06,2.8857,15.03
2026/03/27 06:20:07,2.8900,15.02
2026/03/27 06:25:07,2.8880,15.03
2026/03/27 06:30:08,2.8929,15.02
2026/03/27 06:35:08,2.8887,15.02
2026/03/27 06:40:09,2.8836,15.02
2026/03/27 06:45:10,2.8775,15.01
2026/03/27 06:50:10,2.8813,15.02
2026/03/27 06:55:11,2.8872,15.01
2026/03/27 07:00:11,2.8786,15.02
2026/03/27 07:05:12,2.8805,15.01
2026/03/27 07:10:13,2.8737,15.01
2026/03/27 07:15:13,2.8750,15.01
2026/03/27 07:20:14,2.8703,15.00
2026/03/27 07:25:14,2.8747,15.01
2026/03/27 07:30:15,2.8691,15.01
2026/03/27 07:35:15,2.8744,15.01
2026/03/27 07:40:16,2.8738,15.00
2026/03/27 07:45:17,2.8701,15.00
2026/03/27 07:50:17,2.8846,15.01
2026/03/27 07:55:18,2.8992,15.01
2026/03/27 08:00:19,2.8939,15.01
2026/03/27 08:05:19,2.8970,15.00
2026/03/27 08:10:20,2.9030,15.00
2026/03/27 08:15:21,2.9042,15.00
2026/03/27 08:20:21,2.8990,15.01
2026/03/27 08:25:22,2.9011,15.00
2026/03/27 08:30:23,2.8998,15.01
2026/03/27 08:35:23,2.9047,15.00
2026/03/27 08:40:24,2.9055,15.01
2026/03/27 08:45:24,2.9049,15.01
2026/03/27 08:50:25,2.9164,15.01
2026/03/27 08:55:26,2.9168,15.01
2026/03/27 09:00:26,2.9188,15.02
2026/03/27 09:05:27,2.9190,15.01
2026/03/27 09:10:28,2.9201,15.01
2026/03/27 09:15:28,2.9200,15.02
2026/03/27 09:20:29,2.9163,15.02
2026/03/27 09:25:29,2.9170,15.02
2026/03/27 09:30:30,2.9079,15.02
2026/03/27 09:35:31,2.8981,15.02
2026/03/27 09:40:32,2.8940,15.02
2026/03/27 09:45:32,2.8880,15.03
2026/03/27 09:50:33,2.8781,15.03
2026/03/27 09:55:33,2.8685,15.03
2026/03/27 10:00:34,2.8630,15.03
2026/03/27 10:05:35,2.8597,15.03
2026/03/27 10:10:35,2.8564,15.04
2026/03/27 10:15:36,2.8514,15.04
2026/03/27 10:20:37,2.8537,15.04
2026/03/27 10:25:37,2.8542,15.05
2026/03/27 10:30:38,2.8602,15.04
2026/03/27 10:35:38,2.8483,15.04
2026/03/27 10:40:39,2.8377,15.04
2026/03/27 10:45:40,2.8285,15.05
2026/03/27 10:50:40,2.8253,15.05
2026/03/27 10:55:41,2.8167,15.05
2026/03/27 11:00:42,2.8140,15.06
2026/03/27 11:05:42,2.8165,15.06
2026/03/27 11:10:43,2.8163,15.05
2026/03/27 11:15:43,2.8114,15.06
2026/03/27 11:20:44,2.8014,15.06
2026/03/27 11:25:45,2.7953,15.06
2026/03/27 11:30:46,2.7846,15.06
2026/03/27 11:35:46,2.7930,15.06
2026/03/27 11:40:47,2.7972,15.07
2026/03/27 11:45:47,2.7952,15.07
2026/03/27 11:50:48,2.7985,15.07
2026/03/27 11:55:49,2.7960,15.06
2026/03/27 12:00:49,2.7866,15.08
2026/03/27 12:05:50,2.7795,15.06
2026/03/27 12:10:51,2.7786,15.06
2026/03/27 12:15:51,2.7883,15.06
2026/03/27 12:20:52,2.7809,15.06
2026/03/27 12:25:53,2.7752,15.06
2026/03/27 12:30:53,2.7734,15.06
2026/03/27 12:35:54,2.7747,15.07
2026/03/27 12:40:55,2.7734,15.08
2026/03/27 12:45:55,2.7696,15.09
2026/03/27 12:50:56,2.7698,15.09
2026/03/27 12:55:56,2.7777,15.10
2026/03/27 13:00:57,2.7697,15.10
2026/03/27 13:05:58,2.7684,15.10
2026/03/27 13:10:59,2.7665,15.10
2026/03/27 13:15:59,2.7703,15.10
2026/03/27 13:21:00,2.7714,15.09
2026/03/27 13:26:00,2.7671,15.09
2026/03/27 13:31:01,2.7653,15.11
2026/03/27 13:36:02,2.7699,15.10
2026/03/27 13:41:02,2.7692,15.10
2026/03/27 13:46:03,2.7722,15.11
2026/03/27 13:51:04,2.7760,15.12
2026/03/27 13:56:04,2.7680,15.12
2026/03/27 14:01:05,2.7691,15.11
2026/03/27 14:06:05,2.7607,15.12
2026/03/27 14:11:06,2.7561,15.11
2026/03/27 14:16:07,2.7623,15.11
2026/03/27 14:21:08,2.7650,15.12
2026/03/27 14:26:08,2.7665,15.11
2026/03/27 14:31:09,2.7656,15.11
2026/03/27 14:36:09,2.7618,15.11
2026/03/27 14:41:10,2.7634,15.11
2026/03/27 14:46:10,2.7592,15.13
2026/03/27 14:51:11,2.7614,15.12
2026/03/27 14:56:12,2.7668,15.13
2026/03/27 15:01:12,2.7658,15.12
2026/03/27 15:06:13,2.7686,15.13
2026/03/27 15:11:14,2.7651,15.13
2026/03/27 15:16:14,2.7654,15.12
2026/03/27 15:21:15,2.7629,15.13
2026/03/27 15:26:15,2.7570,15.13
2026/03/27 15:31:16,2.7576,15.13
2026/03/27 15:36:16,2.7636,15.13
2026/03/27 15:41:17,2.7650,15.13
2026/03/27 15:46:18,2.7646,15.13
2026/03/27 15:51:18,2.7618,15.13
2026/03/27 15:56:19,2.7629,15.11
2026/03/27 16:01:20,2.7609,15.11
2026/03/27 16:06:20,2.7612,15.13
2026/03/27 16:11:21,2.7652,15.13
2026/03/27 16:16:21,2.7670,15.13
2026/03/27 16:21:22,2.7657,15.13
2026/03/27 16:26:23,2.7738,15.13
2026/03/27 16:31:24,2.7778,15.13
2026/03/27 16:36:24,2.7692,15.12
2026/03/27 16:41:25,2.7673,15.13
2026/03/27 16:46:26,2.7625,15.14
2026/03/27 16:51:26,2.7756,15.14
2026/03/27 16:56:27,2.7935,15.14
2026/03/27 17:01:28,2.7987,15.14
2026/03/27 17:06:28,2.8064,15.14
2026/03/27 17:11:29,2.8045,15.15
2026/03/27 17:16:29,2.8100,15.15
2026/03/27 17:21:30,2.8100,15.15
2026/03/27 17:26:31,2.8123,15.16
2026/03/27 17:31:32,2.8153,15.16
2026/03/27 17:36:32,2.8180,15.16
2026/03/27 17:41:33,2.8248,15.16
2026/03/27 17:46:33,2.8208,15.15
2026/03/27 17:51:34,2.8271,15.15
2026/03/27 17:56:35,2.8241,15.16
2026/03/27 18:01:35,2.8227,15.15
2026/03/27 18:06:36,2.8232,15.15
2026/03/27 18:11:37,2.8289,15.16
2026/03/27 18:16:37,2.8309,15.15
2026/03/27 18:21:38,2.8306,15.15
2026/03/27 18:26:39,2.8280,15.15
2026/03/27 18:31:39,2.8261,15.14
2026/03/27 18:36:40,2.8257,15.14
2026/03/27 18:41:41,2.8244,15.13
2026/03/27 18:46:41,2.8259,15.14
2026/03/27 18:51:42,2.8299,15.13
2026/03/27 18:56:43,2.8274,15.13
2026/03/27 19:01:43,2.8240,15.13
2026/03/27 19:06:44,2.8181,15.13
2026/03/27 19:11:45,2.8248,15.12
2026/03/27 19:16:45,2.8280,15.11
2026/03/27 19:21:46,2.8259,15.10
2026/03/27 19:26:47,2.8193,15.08
2026/03/27 19:31:47,2.8206,15.07
2026/03/27 19:36:48,2.8209,15.07
2026/03/27 19:41:49,2.8185,15.07
2026/03/27 19:46:49,2.8178,15.07
2026/03/27 19:51:50,2.8163,15.06
2026/03/27 19:56:51,2.8248,15.06
2026/03/27 20:01:51,2.8307,15.06
2026/03/27 20:06:52,2.8318,15.05
2026/03/27 20:11:53,2.8273,15.04
2026/03/27 20:16:53,2.8254,15.04
2026/03/27 20:21:54,2.8215,15.04
2026/03/27 20:26:55,2.8168,15.04
2026/03/27 20:31:56,2.8194,15.03
2026/03/27 20:36:56,2.8213,15.02
2026/03/27 20:41:57,2.8244,15.02
2026/03/27 20:46:58,2.8224,15.01
2026/03/27 20:51:59,2.8242,15.00
2026/03/27 20:56:59,2.8255,15.01
2026/03/27 21:02:00,2.8225,15.00
2026/03/27 21:07:01,2.8201,15.00
2026/03/27 21:12:01,2.8213,15.00
2026/03/27 21:17:02,2.8211,14.99
2026/03/27 21:22:03,2.8237,14.99
2026/03/27 21:27:03,2.8264,14.98
2026/03/27 21:32:04,2.8232,14.98
2026/03/27 21:37:05,2.8203,14.98
2026/03/27 21:42:06,2.8234,14.96
2026/03/27 21:47:06,2.8221,14.97
2026/03/27 21:52:07,2.8214,14.97
2026/03/27 21:57:08,2.8243,14.96
2026/03/27 22:02:08,2.8259,14.96
2026/03/27 22:07:09,2.8268,14.96
2026/03/27 22:12:10,2.8251,14.95
2026/03/27 22:17:10,2.8264,14.95
2026/03/27 22:22:11,2.8255,14.95
2026/03/27 22:27:12,2.8255,14.95
2026/03/27 22:32:12,2.8290,14.95
2026/03/27 22:37:13,2.8259,14.95
2026/03/27 22:42:14,2.8267,14.95
2026/03/27 22:47:14,2.8235,14.95
2026/03/27 22:52:15,2.8252,14.95
2026/03/27 22:57:16,2.8280,14.94
2026/03/27 23:02:16,2.8295,14.95
2026/03/27 23:07:17,2.8297,14.96
2026/03/27 23:12:18,2.8297,14.94
2026/03/27 23:17:18,2.8390,14.95
2026/03/27 23:22:19,2.8419,14.94
2026/03/27 23:27:20,2.8392,14.94
2026/03/27 23:32:20,2.8376,14.95
2026/03/27 23:37:21,2.8310,14.94
2026/03/27 23:42:22,2.8283,14.94
2026/03/27 23:47:22,2.8218,14.95
2026/03/27 23:52:23,2.8110,14.95
2026/03/27 23:57:24,2.8019,14.95
2026/03/28 00:02:24,2.7885,14.94
2026/03/28 00:07:25,2.7803,14.95
2026/03/28 00:12:26,2.7688,14.94
2026/03/28 00:17:26,2.7565,14.95
2026/03/28 00:22:27,2.7495,14.95
2026/03/28 00:27:28,2.7418,14.95
2026/03/28 00:32:28,2.7383,14.96
2026/03/28 00:37:29,2.7345,14.95
2026/03/28 00:42:30,2.7277,14.95
2026/03/28 00:47:30,2.7229,14.95
2026/03/28 00:52:31,2.7275,14.96
2026/03/28 00:57:32,2.7224,14.95
2026/03/28 01:02:32,2.7161,14.95
2026/03/28 01:07:33,2.7160,14.94
2026/03/28 01:12:34,2.7161,14.93
2026/03/28 01:17:34,2.7129,14.93
2026/03/28 01:22:35,2.7124,14.93
2026/03/28 01:27:36,2.7111,14.93
2026/03/28 01:32:36,2.7064,14.93
2026/03/28 01:37:37,2.7053,14.92
2026/03/28 01:42:38,2.7041,14.92
2026/03/28 01:47:38,2.7005,14.92
2026/03/28 01:52:39,2.6946,14.92
2026/03/28 01:57:39,2.6980,14.89
2026/03/28 02:02:40,2.6922,14.88
2026/03/28 02:07:41,2.6981,14.89
2026/03/28 02:12:41,2.7018,14.91
2026/03/28 02:17:42,2.7025,14.91
2026/03/28 02:22:43,2.7020,14.90
2026/03/28 02:27:43,2.7049,14.89
2026/03/28 02:32:44,2.7053,14.89
2026/03/28 02:37:44,2.7059,14.87
2026/03/28 02:42:45,2.7200,14.88
2026/03/28 02:47:46,2.7297,14.90
2026/03/28 02:52:46,2.7168,14.89
2026/03/28 02:57:47,2.7139,14.89
2026/03/28 03:02:48,2.7008,14.89
2026/03/28 03:07:48,2.6907,14.89
2026/03/28 03:12:49,2.6970,14.89
2026/03/28 03:17:49,2.7037,14.89
2026/03/28 03:22:50,2.7073,14.89
2026/03/28 03:27:51,2.7078,14.89
2026/03/28 03:32:51,2.7071,14.89
2026/03/28 03:37:52,2.6944,14.89
2026/03/28 03:42:53,2.6984,14.89
2026/03/28 03:47:53,2.6974,14.89
2026/03/28 03:52:54,2.6997,14.89
2026/03/28 03:57:54,2.7016,14.88
2026/03/28 04:02:55,2.7045,14.88
2026/03/28 04:07:56,2.6989,14.88
2026/03/28 04:12:56,2.6997,14.88
2026/03/28 04:17:57,2.6964,14.88
2026/03/28 04:22:58,2.6960,14.88
2026/03/28 04:27:58,2.6928,14.89
2026/03/28 04:32:59,2.6980,14.88
2026/03/28 04:37:59,2.7008,14.88
2026/03/28 04:43:00,2.6995,14.88
2026/03/28 04:48:00,2.7023,14.88
2026/03/28 04:53:01,2.6954,14.88
2026/03/28 04:58:02,2.6911,14.88
2026/03/28 05:03:02,2.6894,14.88
2026/03/28 05:08:03,2.6966,14.88
2026/03/28 05:13:04,2.6959,14.89
2026/03/28 05:18:04,2.7000,14.91
2026/03/28 05:23:05,2.6969,14.91
2026/03/28 05:28:06,2.6995,14.92
2026/03/28 05:33:06,2.6931,14.92
2026/03/28 05:38:07,2.6989,14.93
2026/03/28 05:43:08,2.6975,14.93
2026/03/28 05:48:08,2.7027,14.92
2026/03/28 05:53:09,2.7123,14.92
2026/03/28 05:58:09,2.7137,14.93
2026/03/28 06:03:10,2.6999,14.93
2026/03/28 06:08:11,2.6976,14.93
2026/03/28 06:13:11,2.6876,14.93
2026/03/28 06:18:12,2.6761,14.94
2026/03/28 06:23:13,2.6781,14.94
2026/03/28 06:28:13,2.6838,14.95
2026/03/28 06:33:14,2.6934,14.94
2026/03/28 06:38:14,2.6928,14.95
2026/03/28 06:43:15,2.6870,14.94
2026/03/28 06:48:16,2.6704,14.93
2026/03/28 06:53:16,2.6691,14.94
2026/03/28 06:58:17,2.6680,14.94
2026/03/28 07:03:18,2.6675,14.95
2026/03/28 07:08:18,2.6745,14.95
2026/03/28 07:13:19,2.6796,14.94
2026/03/28 07:18:19,2.6739,14.95
2026/03/28 07:23:20,2.6656,14.95
2026/03/28 07:28:21,2.6618,14.94
2026/03/28 07:33:21,2.6545,14.94
2026/03/28 07:38:22,2.6472,14.93
2026/03/28 07:43:23,2.6528,14.94
2026/03/28 07:48:23,2.6588,14.95
2026/03/28 07:53:24,2.6928,14.95
2026/03/28 07:58:24,2.7129,14.94
2026/03/28 08:03:25,2.7077,14.95
2026/03/28 08:08:26,2.6953,14.95
2026/03/28 08:13:26,2.6878,14.96
2026/03/28 08:18:27,2.6893,14.96
2026/03/28 08:23:28,2.6984,14.96
2026/03/28 08:28:28,2.7048,14.96
2026/03/28 08:33:29,2.7043,14.96
2026/03/28 08:38:30,2.7061,14.96
2026/03/28 08:43:30,2.7021,14.96
2026/03/28 08:48:31,2.6953,14.96
2026/03/28 08:53:32,2.7031,14.96
2026/03/28 08:58:32,2.7068,14.97
2026/03/28 09:03:33,2.7059,14.98
2026/03/28 09:08:33,2.7040,14.98
2026/03/28 09:13:34,2.7056,14.98
2026/03/28 09:18:35,2.7042,14.99
2026/03/28 09:23:35,2.7075,15.00
2026/03/28 09:28:36,2.6994,15.01
2026/03/28 09:33:37,2.6849,15.00
2026/03/28 09:38:37,2.6740,15.01
2026/03/28 09:43:38,2.6682,15.02
2026/03/28 09:48:38,2.6648,15.02
2026/03/28 09:53:39,2.6553,15.02
2026/03/28 09:58:39,2.6452,15.02
2026/03/28 10:03:40,2.6315,15.03
2026/03/28 10:08:41,2.6197,15.04
2026/03/28 10:13:41,2.6171,15.04
2026/03/28 10:18:42,2.6196,15.04
2026/03/28 10:23:43,2.6173,15.05
2026/03/28 10:28:43,2.6143,15.05
2026/03/28 10:33:44,2.6033,15.05
2026/03/28 10:38:44,2.5975,15.06
2026/03/28 10:43:45,2.5908,15.07
2026/03/28 10:48:46,2.5881,15.07
2026/03/28 10:53:46,2.5958,15.06
2026/03/28 10:58:47,2.6059,15.06
2026/03/28 11:03:48,2.6101,15.07
2026/03/28 11:08:48,2.5899,15.07
2026/03/28 11:13:49,2.5876,15.06
2026/03/28 11:18:49,2.5721,15.07
2026/03/28 11:23:50,2.5541,15.06
2026/03/28 11:28:51,2.5573,15.09
2026/03/28 11:33:51,2.5618,15.11
2026/03/28 11:38:52,2.5699,15.12
2026/03/28 11:43:53,2.5679,15.13
2026/03/28 11:48:53,2.5652,15.13
2026/03/28 11:53:54,2.5615,15.13
2026/03/28 11:58:55,2.5582,15.14
2026/03/28 12:03:55,2.5515,15.15
2026/03/28 12:08:56,2.5551,15.17
2026/03/28 12:13:57,2.5634,15.17
2026/03/28 12:18:57,2.5698,15.17
2026/03/28 12:23:58,2.5661,15.18
2026/03/28 12:28:58,2.5664,15.19
2026/03/28 12:33:59,2.5648,15.20
2026/03/28 12:39:00,2.5544,15.21
2026/03/28 12:44:00,2.5484,15.21
2026/03/28 12:49:01,2.5507,15.21
2026/03/28 12:54:02,2.5507,15.18
2026/03/28 12:59:02,2.5536,15.18
2026/03/28 13:04:03,2.5537,15.18
2026/03/28 13:09:04,2.5500,15.20
2026/03/28 13:14:04,2.5474,15.20
2026/03/28 13:19:05,2.5456,15.21
2026/03/28 13:24:06,2.5455,15.21
2026/03/28 13:29:06,2.5416,15.20
2026/03/28 13:34:07,2.5468,15.20
2026/03/28 13:39:07,2.5413,15.20
2026/03/28 13:44:08,2.5361,15.21
2026/03/28 13:49:09,2.5656,15.25
2026/03/28 13:54:09,2.6271,15.19
2026/03/28 13:59:10,2.6427,15.15
2026/03/28 14:04:11,2.6403,15.18
2026/03/28 14:09:11,2.6408,15.25
2026/03/28 14:14:12,2.6328,15.26
2026/03/28 14:19:13,2.6375,15.30
2026/03/28 14:24:13,2.6411,15.36
2026/03/28 14:29:14,2.6486,15.41
2026/03/28 14:34:15,2.6577,15.46
2026/03/28 14:39:15,2.6648,15.51
2026/03/28 14:44:16,2.6609,15.56
2026/03/28 14:49:16,2.6645,15.54
2026/03/28 14:54:17,2.6708,15.52
2026/03/28 14:59:17,2.6720,15.53
2026/03/28 15:04:18,2.6775,15.54
2026/03/28 15:09:19,2.6800,15.54
2026/03/28 15:14:19,2.6678,15.54
2026/03/28 15:19:20,2.6530,15.54
2026/03/28 15:24:21,2.6459,15.55
2026/03/28 15:29:21,2.6362,15.55
2026/03/28 15:34:22,2.6301,15.56
2026/03/28 15:39:22,2.6171,15.57
2026/03/28 15:44:23,2.6104,15.57
2026/03/28 15:49:24,2.6004,15.58
2026/03/28 15:54:24,2.5905,15.58
2026/03/28 15:59:25,2.5805,15.58
2026/03/28 16:04:26,2.5730,15.59
2026/03/28 16:09:26,2.5647,15.59
2026/03/28 16:14:27,2.5616,15.58
2026/03/28 16:19:27,2.5708,15.57
2026/03/28 16:24:28,2.5714,15.56
2026/03/28 16:29:29,2.5590,15.56
2026/03/28 16:34:29,2.5602,15.56
2026/03/28 16:39:30,2.5900,15.57
2026/03/28 16:44:31,2.5918,15.63
2026/03/28 16:49:31,2.5952,15.60
2026/03/28 16:54:32,2.6093,15.54
2026/03/28 16:59:32,2.6106,15.53
2026/03/28 17:04:33,2.6123,15.52
2026/03/28 17:09:34,2.6134,15.53
2026/03/28 17:14:34,2.6048,15.52
2026/03/28 17:19:35,2.6062,15.54
2026/03/28 17:24:36,2.6050,15.54
2026/03/28 17:29:36,2.6014,15.54
2026/03/28 17:34:37,2.6092,15.55
2026/03/28 17:39:37,2.6176,15.55
2026/03/28 17:44:38,2.6198,15.59
2026/03/28 17:49:39,2.6303,15.58
2026/03/28 17:54:39,2.6369,15.58
2026/03/28 17:59:40,2.6357,15.58
2026/03/28 18:04:41,2.6367,15.58
2026/03/28 18:09:41,2.6370,15.57
2026/03/28 18:14:42,2.6368,15.57
2026/03/28 18:19:42,2.6335,15.57
2026/03/28 18:24:43,2.6392,15.57
2026/03/28 18:29:44,2.6463,15.56
2026/03/28 18:34:44,2.6413,15.56
2026/03/28 18:39:45,2.6355,15.55
2026/03/28 18:44:46,2.6455,15.54
2026/03/28 18:49:46,2.6513,15.54
2026/03/28 18:54:47,2.6595,15.52
2026/03/28 18:59:47,2.6627,15.51
2026/03/28 19:04:48,2.6723,15.51
2026/03/28 19:09:49,2.6730,15.49
2026/03/28 19:14:49,2.6682,15.48
2026/03/28 19:19:50,2.6630,15.49
2026/03/28 19:24:51,2.6630,15.46
2026/03/28 19:29:51,2.6703,15.45
2026/03/28 19:34:52,2.6759,15.43
2026/03/28 19:39:52,2.6791,15.46
2026/03/28 19:44:53,2.6865,15.45
2026/03/28 19:49:54,2.6837,15.41
2026/03/28 19:54:54,2.6846,15.41
2026/03/28 19:59:55,2.6864,15.39
2026/03/28 20:04:56,2.6885,15.36
2026/03/28 20:09:56,2.6889,15.35
2026/03/28 20:14:57,2.6893,15.35
2026/03/28 20:19:57,2.6908,15.34
2026/03/28 20:24:58,2.6920,15.33
2026/03/28 20:29:59,2.6961,15.32
2026/03/28 20:34:59,2.6992,15.32
2026/03/28 20:40:00,2.7041,15.31
2026/03/28 20:45:01,2.7088,15.31
2026/03/28 20:50:01,2.7087,15.31
2026/03/28 20:55:02,2.7114,15.31
2026/03/28 21:00:02,2.7072,15.31
2026/03/28 21:05:03,2.7045,15.30
2026/03/28 21:10:04,2.7064,15.30
2026/03/28 21:15:04,2.7058,15.31
2026/03/28 21:20:05,2.7069,15.30
2026/03/28 21:25:06,2.7076,15.30
2026/03/28 21:30:06,2.7065,15.30
2026/03/28 21:35:07,2.7080,15.30
2026/03/28 21:40:07,2.7088,15.30
2026/03/28 21:45:08,2.7108,15.30
2026/03/28 21:50:09,2.7159,15.30
2026/03/28 21:55:10,2.7207,15.30
2026/03/28 22:00:10,2.7248,15.31
2026/03/28 22:05:11,2.7221,15.31
2026/03/28 22:10:11,2.7179,15.31
2026/03/28 22:15:12,2.7130,15.31
2026/03/28 22:20:13,2.7113,15.31
2026/03/28 22:25:13,2.7144,15.31
2026/03/28 22:30:14,2.7120,15.30
2026/03/28 22:35:15,2.7182,15.32
2026/03/28 22:40:15,2.7182,15.32
2026/03/28 22:45:16,2.7182,15.32
2026/03/28 22:50:16,2.7163,15.32
2026/03/28 22:55:17,2.7163,15.32
2026/03/28 23:00:18,2.7172,15.32
2026/03/28 23:05:19,2.7163,15.32
2026/03/28 23:10:19,2.7156,15.33
2026/03/28 23:15:20,2.7181,15.34
2026/03/28 23:20:20,2.7189,15.32
2026/03/28 23:25:21,2.7165,15.33
2026/03/28 23:30:22,2.7169,15.33
2026/03/28 23:35:22,2.7170,15.34
2026/03/28 23:40:23,2.7199,15.34
2026/03/28 23:45:24,2.7222,15.35
2026/03/28 23:50:24,2.7229,15.34
2026/03/28 23:55:25,2.7217,15.34
2026/03/29 00:00:26,2.7234,15.35
2026/03/29 00:05:26,2.7249,15.35
2026/03/29 00:10:27,2.7263,15.36
2026/03/29 00:15:27,2.7256,15.37
2026/03/29 00:20:28,2.7317,15.36
2026/03/29 00:25:29,2.7338,15.35
2026/03/29 00:30:29,2.7329,15.35
2026/03/29 00:35:30,2.7275,15.36
2026/03/29 00:40:30,2.7187,15.37
2026/03/29 00:45:31,2.7036,15.36
2026/03/29 00:50:32,2.6899,15.36
2026/03/29 00:55:32,2.6763,15.36
2026/03/29 01:00:33,2.6691,15.37
2026/03/29 01:05:33,2.6640,15.36
2026/03/29 01:10:34,2.6574,15.35
2026/03/29 01:15:35,2.6460,15.36
2026/03/29 01:20:35,2.6391,15.36
2026/03/29 01:25:36,2.6297,15.36
2026/03/29 01:30:36,2.6212,15.36
2026/03/29 01:35:37,2.6190,15.35
2026/03/29 01:40:38,2.6137,15.36
2026/03/29 01:45:38,2.6120,15.36
2026/03/29 01:50:39,2.6100,15.36
2026/03/29 01:55:40,2.6100,15.36
2026/03/29 02:00:40,2.6048,15.36
2026/03/29 02:05:41,2.6017,15.36
2026/03/29 02:10:41,2.5999,15.35
2026/03/29 02:15:42,2.5975,15.36
2026/03/29 02:20:42,2.5952,15.36
2026/03/29 02:25:43,2.5942,15.36
2026/03/29 02:30:44,2.5942,15.36
2026/03/29 02:35:44,2.5889,15.35
2026/03/29 02:40:45,2.5845,15.35
2026/03/29 02:45:46,2.5936,15.35
2026/03/29 02:50:46,2.5983,15.35
2026/03/29 02:55:47,2.5939,15.34
2026/03/29 03:00:48,2.5901,15.34
2026/03/29 03:05:48,2.5807,15.34
2026/03/29 03:10:49,2.5732,15.34
2026/03/29 03:15:50,2.5743,15.33
2026/03/29 03:20:50,2.5843,15.34
2026/03/29 03:25:51,2.5930,15.34
2026/03/29 03:30:51,2.5993,15.33
2026/03/29 03:35:52,2.5942,15.34
2026/03/29 03:40:53,2.5864,15.34
2026/03/29 03:45:54,2.5866,15.34
2026/03/29 03:50:54,2.5850,15.33
2026/03/29 03:55:55,2.5855,15.34
2026/03/29 04:00:55,2.5896,15.34
2026/03/29 04:05:56,2.5973,15.33
2026/03/29 04:10:57,2.5986,15.31
2026/03/29 04:15:57,2.5975,15.32
2026/03/29 04:20:58,2.5983,15.31
2026/03/29 04:25:58,2.5956,15.30
2026/03/29 04:30:59,2.5929,15.30
2026/03/29 04:36:00,2.5942,15.30
2026/03/29 04:41:00,2.5924,15.31
2026/03/29 04:46:01,2.5935,15.31
2026/03/29 04:51:01,2.6073,15.30
2026/03/29 04:56:02,2.6167,15.30
2026/03/29 05:01:02,2.6113,15.30
2026/03/29 05:06:03,2.6050,15.32
2026/03/29 05:11:04,2.5960,15.32
2026/03/29 05:16:04,2.5892,15.32
2026/03/29 05:21:05,2.5818,15.32
2026/03/29 05:26:06,2.5940,15.32
2026/03/29 05:31:06,2.5972,15.32
2026/03/29 05:36:07,2.6043,15.32
2026/03/29 05:41:07,2.6042,15.32
2026/03/29 05:46:08,2.5972,15.32
2026/03/29 05:51:09,2.5999,15.33
2026/03/29 05:56:09,2.5954,15.33
2026/03/29 06:01:10,2.5922,15.33
2026/03/29 06:06:11,2.5953,15.33
2026/03/29 06:11:11,2.6015,15.34
2026/03/29 06:16:12,2.6013,15.34
2026/03/29 06:21:12,2.5986,15.34
2026/03/29 06:26:13,2.6007,15.34
2026/03/29 06:31:14,2.5985,15.34
2026/03/29 06:36:14,2.5969,15.34
2026/03/29 06:41:15,2.6000,15.35
2026/03/29 06:46:16,2.6020,15.35
2026/03/29 06:51:16,2.6002,15.35
2026/03/29 06:56:17,2.6140,15.35
2026/03/29 07:01:18,2.6118,15.35
2026/03/29 07:06:18,2.5980,15.35
2026/03/29 07:11:19,2.5978,15.35
2026/03/29 07:16:20,2.5916,15.35
2026/03/29 07:21:20,2.5815,15.35
2026/03/29 07:26:21,2.5881,15.35
2026/03/29 07:31:22,2.5934,15.35
2026/03/29 07:36:22,2.5872,15.36
2026/03/29 07:41:23,2.5801,15.36
2026/03/29 07:46:24,2.5776,15.37
2026/03/29 07:51:24,2.5962,15.36
2026/03/29 07:56:25,2.6328,15.37
2026/03/29 08:01:26,2.6420,15.37
2026/03/29 08:06:26,2.6351,15.37
2026/03/29 08:11:27,2.6346,15.37
2026/03/29 08:16:28,2.6288,15.38
2026/03/29 08:21:28,2.6281,15.38
2026/03/29 08:26:29,2.6300,15.38
2026/03/29 08:31:29,2.6316,15.39
2026/03/29 08:36:30,2.6395,15.40
2026/03/29 08:41:30,2.6432,15.40
2026/03/29 08:46:31,2.6456,15.41
2026/03/29 08:51:32,2.6396,15.41
2026/03/29 08:56:32,2.6342,15.41
2026/03/29 09:01:33,2.6227,15.42
2026/03/29 09:06:34,2.6235,15.43
2026/03/29 09:11:34,2.6291,15.43
2026/03/29 09:16:35,2.6333,15.44
2026/03/29 09:21:35,2.6351,15.44
2026/03/29 09:26:36,2.6353,15.45
2026/03/29 09:31:36,2.6197,15.46
2026/03/29 09:36:37,2.5980,15.48
2026/03/29 09:41:38,2.5867,15.48
2026/03/29 09:46:38,2.5758,15.50
2026/03/29 09:51:39,2.5781,15.50
2026/03/29 09:56:40,2.5701,15.51
2026/03/29 10:01:40,2.5636,15.52
2026/03/29 10:06:41,2.5526,15.53
2026/03/29 10:11:41,2.5397,15.53
2026/03/29 10:16:42,2.5301,15.54
2026/03/29 10:21:43,2.5225,15.54
2026/03/29 10:26:43,2.5258,15.55
2026/03/29 10:31:44,2.5174,15.55
2026/03/29 10:36:45,2.5198,15.55
2026/03/29 10:41:45,2.5029,15.56
2026/03/29 10:46:46,2.5089,15.57
2026/03/29 10:51:46,2.5051,15.60
2026/03/29 10:56:47,2.5059,15.61
2026/03/29 11:01:48,2.4984,15.61
2026/03/29 11:06:48,2.4904,15.61
2026/03/29 11:11:49,2.4912,15.61
2026/03/29 11:16:50,2.4817,15.59
2026/03/29 11:21:50,2.4737,15.59
2026/03/29 11:26:51,2.4731,15.59
2026/03/29 11:31:51,2.4664,15.60
2026/03/29 11:36:52,2.4662,15.61
2026/03/29 11:41:52,2.4658,15.61
2026/03/29 11:46:53,2.4688,15.61
2026/03/29 11:51:53,2.4688,15.63
2026/03/29 11:56:54,2.4668,15.63
2026/03/29 12:01:55,2.4688,15.66
2026/03/29 12:06:55,2.4690,15.66
2026/03/29 12:11:56,2.4693,15.68
2026/03/29 12:16:57,2.4742,15.67
2026/03/29 12:21:57,2.4783,15.74
2026/03/29 12:26:58,2.4900,15.69
2026/03/29 12:31:58,2.4959,15.63
2026/03/29 12:36:59,2.4848,15.69
2026/03/29 12:41:59,2.4821,15.67
2026/03/29 12:47:00,2.4683,15.67
2026/03/29 12:52:01,2.4569,15.66
2026/03/29 12:57:01,2.4617,15.68
2026/03/29 13:02:02,2.4755,15.70
2026/03/29 13:07:03,2.4788,15.70
2026/03/29 13:12:03,2.4818,15.71
2026/03/29 13:17:04,2.4763,15.72
2026/03/29 13:22:04,2.4701,15.71
2026/03/29 13:27:05,2.4674,15.71
2026/03/29 13:32:06,2.4695,15.71
2026/03/29 13:37:06,2.4692,15.72
2026/03/29 13:42:07,2.4762,15.73
2026/03/29 13:47:08,2.4704,15.72
2026/03/29 13:52:08,2.4728,15.72
2026/03/29 13:57:09,2.4704,15.71
2026/03/29 14:02:09,2.4736,15.72
2026/03/29 14:07:10,2.4656,15.72
2026/03/29 14:12:11,2.4657,15.74
2026/03/29 14:17:11,2.4645,15.78
2026/03/29 14:22:12,2.4707,15.78
2026/03/29 14:27:13,2.4694,15.78
2026/03/29 14:32:13,2.4727,15.79
2026/03/29 14:37:14,2.4704,15.93
2026/03/29 14:42:14,2.4664,15.94
2026/03/29 14:47:15,2.4687,15.96
2026/03/29 14:52:16,2.4747,15.98
2026/03/29 14:57:17,2.4912,15.99
2026/03/29 15:02:17,2.4898,15.97
2026/03/29 15:07:18,2.4800,16.03
2026/03/29 15:12:18,2.4678,16.05
2026/03/29 15:17:19,2.4609,16.01
2026/03/29 15:22:19,2.4595,15.98
2026/03/29 15:27:20,2.4684,15.98
2026/03/29 15:32:21,2.4768,15.98
2026/03/29 15:37:21,2.4782,16.01
2026/03/29 15:42:22,2.4721,15.98
2026/03/29 15:47:23,2.4644,15.95
2026/03/29 15:52:23,2.4613,15.95
2026/03/29 15:57:24,2.4573,15.96
2026/03/29 16:02:24,2.4573,15.96
2026/03/29 16:07:25,2.4622,15.96
2026/03/29 16:12:26,2.4651,15.96
2026/03/29 16:17:26,2.4620,15.94
2026/03/29 16:22:27,2.4680,15.87
2026/03/29 16:27:28,2.4681,15.84
2026/03/29 16:32:28,2.4638,15.82
2026/03/29 16:37:29,2.4572,15.83
2026/03/29 16:42:29,2.4527,15.84
2026/03/29 16:47:30,2.4591,15.85
2026/03/29 16:52:31,2.4765,15.92
2026/03/29 16:57:31,2.5058,15.98
2026/03/29 17:02:32,2.5144,15.97
2026/03/29 17:07:33,2.5159,16.08
2026/03/29 17:12:33,2.5143,16.08
2026/03/29 17:17:34,2.5163,16.03
2026/03/29 17:22:34,2.5222,16.05
2026/03/29 17:27:35,2.5266,16.13
2026/03/29 17:32:35,2.5325,16.21
2026/03/29 17:37:36,2.5323,16.27
2026/03/29 17:42:37,2.5308,16.29
2026/03/29 17:47:37,2.5331,16.32
2026/03/29 17:52:38,2.5454,16.36
2026/03/29 17:57:38,2.5521,16.44
2026/03/29 18:02:39,2.5502,16.51
2026/03/29 18:07:40,2.5551,16.47
2026/03/29 18:12:40,2.5621,16.43
2026/03/29 18:17:41,2.5641,16.39
2026/03/29 18:22:41,2.5541,16.34
2026/03/29 18:27:42,2.5536,16.30
2026/03/29 18:32:42,2.5493,16.30
2026/03/29 18:37:43,2.5525,16.27
2026/03/29 18:42:44,2.5638,16.25
2026/03/29 18:47:44,2.5692,16.26
2026/03/29 18:52:45,2.5731,16.28
2026/03/29 18:57:45,2.5692,16.29
2026/03/29 19:02:46,2.5656,16.29
2026/03/29 19:07:47,2.5607,16.25
2026/03/29 19:12:47,2.5592,16.26
2026/03/29 19:17:48,2.5655,16.20
2026/03/29 19:22:48,2.5697,16.19
2026/03/29 19:27:49,2.5729,16.20
2026/03/29 19:32:50,2.5664,16.18
2026/03/29 19:37:50,2.5599,16.18
2026/03/29 19:42:51,2.5650,16.18
2026/03/29 19:47:52,2.5626,16.14
2026/03/29 19:52:52,2.5618,16.12
2026/03/29 19:57:53,2.5693,16.11
2026/03/29 20:02:53,2.5731,16.10
2026/03/29 20:07:54,2.5699,16.10
2026/03/29 20:12:55,2.5675,16.11
2026/03/29 20:17:55,2.5706,16.11
2026/03/29 20:22:56,2.5681,16.11
2026/03/29 20:27:57,2.5657,16.08
2026/03/29 20:32:57,2.5630,16.07
2026/03/29 20:37:58,2.5588,16.05
2026/03/29 20:42:58,2.5652,16.07
2026/03/29 20:47:59,2.5644,16.05
2026/03/29 20:52:59,2.5654,16.05
2026/03/29 20:58:00,2.5627,16.05
2026/03/29 21:03:01,2.5582,16.03
2026/03/29 21:08:01,2.5592,16.02
2026/03/29 21:13:02,2.5585,16.03
2026/03/29 21:18:03,2.5595,16.00
2026/03/29 21:23:03,2.5581,16.01
2026/03/29 21:28:04,2.5631,15.98
2026/03/29 21:33:04,2.5654,15.98
2026/03/29 21:38:05,2.5719,15.98
2026/03/29 21:43:05,2.5737,15.97
2026/03/29 21:48:06,2.5706,15.96
2026/03/29 21:53:07,2.5721,15.96
2026/03/29 21:58:07,2.5657,15.94
2026/03/29 22:03:08,2.5636,15.94
2026/03/29 22:08:08,2.5618,15.95
2026/03/29 22:13:09,2.5640,15.95
2026/03/29 22:18:10,2.5624,15.93
2026/03/29 22:23:10,2.5640,15.94
2026/03/29 22:28:11,2.5612,15.93
2026/03/29 22:33:11,2.5565,15.92
2026/03/29 22:38:12,2.5612,15.92
2026/03/29 22:43:12,2.5578,15.93
2026/03/29 22:48:13,2.5580,15.92
2026/03/29 22:53:13,2.5543,15.91
2026/03/29 22:58:14,2.5588,15.92
2026/03/29 23:03:15,2.5563,15.92
2026/03/29 23:08:15,2.5565,15.93
2026/03/29 23:13:16,2.5549,15.93
2026/03/29 23:18:16,2.5580,15.93
2026/03/29 23:23:17,2.5592,15.92
2026/03/29 23:28:18,2.5574,15.93
2026/03/29 23:33:18,2.5528,15.92
2026/03/29 23:38:19,2.5503,15.92
2026/03/29 23:43:19,2.5473,15.93
2026/03/29 23:48:20,2.5337,15.93
2026/03/29 23:53:20,2.5194,15.92
2026/03/29 23:58:21,2.5101,15.93
2026/03/30 00:03:22,2.5061,15.92
2026/03/30 00:08:22,2.5040,15.91
2026/03/30 00:13:23,2.4914,15.92
2026/03/30 00:18:23,2.4854,15.92
2026/03/30 00:23:24,2.4789,15.92
2026/03/30 00:28:24,2.4786,15.91
2026/03/30 00:33:25,2.4742,15.92
2026/03/30 00:38:26,2.4736,15.93
2026/03/30 00:43:26,2.4732,15.92
2026/03/30 00:48:27,2.4720,15.92
2026/03/30 00:53:27,2.4781,15.91
2026/03/30 00:58:28,2.4814,15.91
2026/03/30 01:03:28,2.4797,15.91
2026/03/30 01:08:29,2.4697,15.91
2026/03/30 01:13:29,2.4601,15.91
2026/03/30 01:18:30,2.4480,15.91
2026/03/30 01:23:31,2.4470,15.91
2026/03/30 01:28:31,2.4562,15.91
2026/03/30 01:33:32,2.4626,15.92
2026/03/30 01:38:32,2.4626,15.92
2026/03/30 01:43:33,2.4564,15.91
2026/03/30 01:48:34,2.4494,15.91
2026/03/30 01:53:34,2.4462,15.91
2026/03/30 01:58:35,2.4434,15.91
2026/03/30 02:03:35,2.4427,15.90
2026/03/30 02:08:36,2.4521,15.92
2026/03/30 02:13:36,2.4524,15.92
2026/03/30 02:18:37,2.4511,15.91
2026/03/30 02:23:38,2.4549,15.91
2026/03/30 02:28:38,2.4544,15.91
2026/03/30 02:33:39,2.4545,15.91
2026/03/30 02:38:40,2.4481,15.91
2026/03/30 02:43:40,2.4517,15.91
2026/03/30 02:48:41,2.4486,15.91
2026/03/30 02:53:41,2.4472,15.91
2026/03/30 02:58:42,2.4484,15.91
2026/03/30 03:03:43,2.4532,15.92
2026/03/30 03:08:43,2.4445,15.92
2026/03/30 03:13:44,2.4407,15.91
2026/03/30 03:18:45,2.4386,15.91
2026/03/30 03:23:45,2.4421,15.91
2026/03/30 03:28:46,2.4459,15.91
2026/03/30 03:33:46,2.4476,15.91
2026/03/30 03:38:47,2.4451,15.91
2026/03/30 03:43:48,2.4464,15.91
2026/03/30 03:48:48,2.4475,15.90
2026/03/30 03:53:49,2.4458,15.90
2026/03/30 03:58:50,2.4489,15.90
2026/03/30 04:03:50,2.4448,15.90
2026/03/30 04:08:51,2.4390,15.90
2026/03/30 04:13:51,2.4412,15.90
2026/03/30 04:18:52,2.4361,15.90
2026/03/30 04:23:52,2.4503,15.90
2026/03/30 04:28:53,2.4567,15.91
2026/03/30 04:33:54,2.4592,15.91
2026/03/30 04:38:54,2.4496,15.90
2026/03/30 04:43:55,2.4419,15.91
2026/03/30 04:48:55,2.4343,15.91
2026/03/30 04:53:56,2.4350,15.89
2026/03/30 04:58:57,2.4444,15.88
2026/03/30 05:03:57,2.4395,15.89
2026/03/30 05:08:58,2.4419,15.89
2026/03/30 05:13:58,2.4426,15.89
2026/03/30 05:18:59,2.4378,15.88
2026/03/30 05:23:59,2.4306,15.89
2026/03/30 05:29:00,2.4359,15.89
2026/03/30 05:34:00,2.4354,15.88
2026/03/30 05:39:01,2.4352,15.88
2026/03/30 05:44:02,2.4363,15.88
2026/03/30 05:49:02,2.4324,15.88
2026/03/30 05:54:03,2.4309,15.88
2026/03/30 05:59:04,2.4339,15.88
2026/03/30 06:04:04,2.4288,15.88
2026/03/30 06:09:05,2.4273,15.87
2026/03/30 06:14:05,2.4317,15.87
2026/03/30 06:19:06,2.4302,15.86
2026/03/30 06:24:07,2.4271,15.87
2026/03/30 06:29:07,2.4301,15.86
2026/03/30 06:34:08,2.4291,15.87
2026/03/30 06:39:09,2.4208,15.87
2026/03/30 06:44:09,2.4226,15.87
2026/03/30 06:49:10,2.4287,15.86
2026/03/30 06:54:10,2.4394,15.86
2026/03/30 06:59:11,2.4445,15.87
2026/03/30 07:04:11,2.4316,15.87
2026/03/30 07:09:12,2.4201,15.88
2026/03/30 07:14:13,2.4112,15.88
2026/03/30 07:19:13,2.4038,15.88
2026/03/30 07:24:14,2.4154,15.88
2026/03/30 07:29:15,2.4158,15.88
2026/03/30 07:34:15,2.4224,15.89
2026/03/30 07:39:16,2.4122,15.89
2026/03/30 07:44:16,2.4031,15.89
2026/03/30 07:49:17,2.3968,15.90
2026/03/30 07:54:18,2.4093,15.90
2026/03/30 07:59:18,2.4261,15.91
2026/03/30 08:04:19,2.4216,15.91
2026/03/30 08:09:20,2.4224,15.92
2026/03/30 08:14:20,2.4167,15.93
2026/03/30 08:19:21,2.4200,15.93
2026/03/30 08:24:21,2.4198,15.94
2026/03/30 08:29:22,2.4078,15.95
2026/03/30 08:34:22,2.4145,15.96
2026/03/30 08:39:23,2.4397,15.97
2026/03/30 08:44:23,2.4416,15.99
2026/03/30 08:49:24,2.4480,16.03
2026/03/30 08:54:25,2.4483,16.03
2026/03/30 08:59:25,2.4539,16.04
2026/03/30 09:04:26,2.4480,16.05
2026/03/30 09:09:27,2.4553,16.05
2026/03/30 09:14:27,2.4571,16.08
2026/03/30 09:19:28,2.4671,16.09
2026/03/30 09:24:28,2.4626,16.09
2026/03/30 09:29:29,2.4629,16.10
2026/03/30 09:34:30,2.4575,16.11
2026/03/30 09:39:30,2.4613,16.13
2026/03/30 09:44:31,2.4642,16.14
2026/03/30 09:49:32,2.4750,16.16
2026/03/30 09:54:32,2.4832,16.17
2026/03/30 09:59:33,2.4843,16.20
2026/03/30 10:04:33,2.4779,16.22
2026/03/30 10:09:34,2.4724,16.23
2026/03/30 10:14:34,2.4694,16.23
2026/03/30 10:19:35,2.4716,16.24
2026/03/30 10:24:36,2.4757,16.25
2026/03/30 10:29:36,2.4753,16.25
2026/03/30 10:34:37,2.4763,16.27
2026/03/30 10:39:37,2.4738,16.28
2026/03/30 10:44:38,2.4774,16.29
2026/03/30 10:49:39,2.4778,16.30
2026/03/30 10:54:39,2.4770,16.30
2026/03/30 10:59:40,2.4723,16.31
2026/03/30 11:04:40,2.4699,16.32
2026/03/30 11:09:41,2.4677,16.32
2026/03/30 11:14:42,2.4710,16.34
2026/03/30 11:19:42,2.4673,16.35
2026/03/30 11:24:43,2.4681,16.38
2026/03/30 11:29:43,2.4588,16.38
2026/03/30 11:34:44,2.4553,16.38
2026/03/30 11:39:45,2.4546,16.40
2026/03/30 11:44:45,2.4637,16.41
2026/03/30 11:49:46,2.4604,16.41
2026/03/30 11:54:46,2.4597,16.40
2026/03/30 11:59:47,2.4610,16.41
2026/03/30 12:04:47,2.4588,16.41
2026/03/30 12:09:48,2.4542,16.43
2026/03/30 12:14:49,2.4561,16.43
2026/03/30 12:19:49,2.4578,16.43
2026/03/30 12:24:50,2.4580,16.44
2026/03/30 12:29:51,2.4568,16.45
2026/03/30 12:34:51,2.4530,16.43
2026/03/30 12:39:52,2.4601,16.44
2026/03/30 12:44:53,2.4607,16.45
2026/03/30 12:49:53,2.4678,16.44
2026/03/30 12:54:54,2.4656,16.46
2026/03/30 12:59:55,2.4690,16.44
2026/03/30 13:04:55,2.4672,16.44
2026/03/30 13:09:56,2.4683,16.45
2026/03/30 13:14:56,2.4725,16.45
2026/03/30 13:19:57,2.4768,16.47
2026/03/30 13:24:58,2.4752,16.46
2026/03/30 13:29:58,2.4687,16.47
2026/03/30 13:34:59,2.4754,16.47
2026/03/30 13:40:00,2.4663,16.48
2026/03/30 13:45:00,2.4706,16.49
2026/03/30 13:50:01,2.4688,16.50
2026/03/30 13:55:01,2.4737,16.48
2026/03/30 14:00:02,2.4680,16.47
2026/03/30 14:05:02,2.4677,16.48
2026/03/30 14:10:03,2.4683,16.47
2026/03/30 14:15:04,2.4640,16.50
2026/03/30 14:20:04,2.4632,16.48
2026/03/30 14:25:05,2.4641,16.49
2026/03/30 14:30:05,2.4652,16.49
2026/03/30 14:35:06,2.4657,16.49
2026/03/30 14:40:07,2.4675,16.47
2026/03/30 14:45:07,2.4685,16.47
2026/03/30 14:50:08,2.4628,16.48
2026/03/30 14:55:09,2.4651,16.48
2026/03/30 15:00:09,2.4678,16.49
2026/03/30 15:05:10,2.4675,16.49
2026/03/30 15:10:11,2.4707,16.50
2026/03/30 15:15:11,2.4713,16.50
2026/03/30 15:20:12,2.4741,16.51
2026/03/30 15:25:12,2.4734,16.50
2026/03/30 15:30:13,2.4702,16.50
2026/03/30 15:35:13,2.4778,16.50
2026/03/30 15:40:14,2.4869,16.50
2026/03/30 15:45:15,2.4866,16.50
2026/03/30 15:50:15,2.4818,16.51
2026/03/30 15:55:16,2.4824,16.51
2026/03/30 16:00:17,2.4886,16.49
2026/03/30 16:05:17,2.4836,16.50
2026/03/30 16:10:18,2.4916,16.49
2026/03/30 16:15:18,2.4949,16.49
2026/03/30 16:20:19,2.5162,16.49
2026/03/30 16:25:19,2.5336,16.49
2026/03/30 16:30:20,2.5460,16.48
2026/03/30 16:35:21,2.5537,16.48
2026/03/30 16:40:21,2.5693,16.47
2026/03/30 16:45:22,2.5752,16.47
2026/03/30 16:50:22,2.5892,16.47
2026/03/30 16:55:23,2.6016,16.47
2026/03/30 17:00:24,2.6133,16.47
2026/03/30 17:05:24,2.6249,16.45
2026/03/30 17:10:25,2.6290,16.44
2026/03/30 17:15:25,2.6351,16.46
2026/03/30 17:20:26,2.6397,16.44
2026/03/30 17:25:26,2.6453,16.44
2026/03/30 17:30:27,2.6500,16.45
2026/03/30 17:35:28,2.6553,16.43
2026/03/30 17:40:28,2.6652,16.43
2026/03/30 17:45:29,2.6800,16.41
2026/03/30 17:50:30,2.6933,16.43
2026/03/30 17:55:30,2.7043,16.39
2026/03/30 18:00:31,2.7156,16.36
2026/03/30 18:05:31,2.7243,16.37
2026/03/30 18:10:32,2.7328,16.36
2026/03/30 18:15:32,2.7386,16.36
2026/03/30 18:20:33,2.7495,16.38
2026/03/30 18:25:34,2.7475,16.37
2026/03/30 18:30:34,2.7531,16.36
2026/03/30 18:35:35,2.7592,16.33
2026/03/30 18:40:36,2.7564,16.34
2026/03/30 18:45:36,2.7589,16.34
2026/03/30 18:50:37,2.7694,16.31
2026/03/30 18:55:37,2.7704,16.30
2026/03/30 19:00:38,2.7695,16.32
2026/03/30 19:05:39,2.7708,16.30
2026/03/30 19:10:39,2.7765,16.29
2026/03/30 19:15:40,2.7776,16.28
2026/03/30 19:20:41,2.7823,16.27
2026/03/30 19:25:41,2.7873,16.27
2026/03/30 19:30:42,2.7961,16.25
2026/03/30 19:35:42,2.8022,16.25
2026/03/30 19:40:43,2.8091,16.26
2026/03/30 19:45:43,2.8037,16.26
2026/03/30 19:50:44,2.8122,16.25
2026/03/30 19:55:45,2.8181,16.26
2026/03/30 20:00:45,2.8215,16.25
2026/03/30 20:05:46,2.8213,16.27
2026/03/30 20:10:47,2.8186,16.27
2026/03/30 20:15:47,2.8277,16.27
2026/03/30 20:20:48,2.8324,16.27
2026/03/30 20:25:48,2.8423,16.28
2026/03/30 20:30:49,2.8475,16.29
2026/03/30 20:35:50,2.8554,16.28
2026/03/30 20:40:50,2.8604,16.30
2026/03/30 20:45:51,2.8664,16.30
2026/03/30 20:50:51,2.8717,16.30
2026/03/30 20:55:52,2.8820,16.32
2026/03/30 21:00:53,2.8927,16.32
2026/03/30 21:05:53,2.8849,16.33
2026/03/30 21:10:54,2.8937,16.34
2026/03/30 21:15:54,2.8972,16.34
2026/03/30 21:20:55,2.8960,16.34
2026/03/30 21:25:56,2.8924,16.35
2026/03/30 21:30:56,2.8967,16.35
2026/03/30 21:35:57,2.8990,16.36
2026/03/30 21:40:58,2.9041,16.36
2026/03/30 21:45:58,2.9099,16.37
2026/03/30 21:50:59,2.9218,16.36
2026/03/30 21:55:59,2.9243,16.38
2026/03/30 22:01:00,2.9243,16.38
2026/03/30 22:06:01,2.9259,16.38
2026/03/30 22:11:01,2.9273,16.38
2026/03/30 22:16:02,2.9304,16.38
2026/03/30 22:21:02,2.9339,16.38
2026/03/30 22:26:03,2.9352,16.39
2026/03/30 22:31:04,2.9382,16.39
2026/03/30 22:36:04,2.9386,16.39
2026/03/30 22:41:05,2.9357,16.39
2026/03/30 22:46:05,2.9262,16.39
2026/03/30 22:51:06,2.9209,16.39
2026/03/30 22:56:07,2.9153,16.39
2026/03/30 23:01:07,2.9157,16.39
2026/03/30 23:06:08,2.9162,16.40
2026/03/30 23:11:09,2.9092,16.39
2026/03/30 23:16:09,2.9132,16.39
2026/03/30 23:21:10,2.9108,16.40
2026/03/30 23:26:10,2.8960,16.41
2026/03/30 23:31:11,2.8906,16.40
2026/03/30 23:36:11,2.8796,16.40
2026/03/30 23:41:12,2.8685,16.41
2026/03/30 23:46:12,2.8688,16.41
2026/03/30 23:51:13,2.8604,16.40
2026/03/30 23:56:14,2.8548,16.40
2026/03/31 00:01:14,2.8402,16.40
2026/03/31 00:06:15,2.8248,16.41
2026/03/31 00:11:15,2.8122,16.41
2026/03/31 00:16:16,2.8067,16.41
2026/03/31 00:21:16,2.7999,16.43
2026/03/31 00:26:17,2.7894,16.43
2026/03/31 00:31:18,2.7795,16.45
2026/03/31 00:36:18,2.7749,16.44
2026/03/31 00:41:19,2.7687,16.45
2026/03/31 00:46:19,2.7656,16.44
2026/03/31 00:51:20,2.7801,16.46
2026/03/31 00:56:20,2.7821,16.45
2026/03/31 01:01:21,2.7638,16.43
2026/03/31 01:06:21,2.7563,16.45
2026/03/31 01:11:22,2.7421,16.41
2026/03/31 01:16:23,2.7338,16.42
2026/03/31 01:21:23,2.7364,16.43
2026/03/31 01:26:24,2.7415,16.43
2026/03/31 01:31:25,2.7453,16.43
2026/03/31 01:36:25,2.7417,16.41
2026/03/31 01:41:26,2.7325,16.37
2026/03/31 01:46:26,2.7242,16.39
2026/03/31 01:51:27,2.7219,16.41
2026/03/31 01:56:28,2.7210,16.39
2026/03/31 02:01:28,2.7218,16.36
2026/03/31 02:06:29,2.7291,16.36
2026/03/31 02:11:30,2.7317,16.39
2026/03/31 02:16:30,2.7342,16.36
2026/03/31 02:21:31,2.7373,16.38
2026/03/31 02:26:31,2.7329,16.35
2026/03/31 02:31:32,2.7303,16.36
2026/03/31 02:36:32,2.7337,16.35
2026/03/31 02:41:33,2.7454,16.36
2026/03/31 02:46:33,2.7458,16.36
2026/03/31 02:51:34,2.7462,16.34
2026/03/31 02:56:35,2.7445,16.35
2026/03/31 03:01:35,2.7416,16.38
2026/03/31 03:06:36,2.7375,16.38
2026/03/31 03:11:36,2.7427,16.33
2026/03/31 03:16:37,2.7461,16.28
2026/03/31 03:21:38,2.7486,16.29
2026/03/31 03:26:38,2.7527,16.34
2026/03/31 03:31:39,2.7510,16.36
2026/03/31 03:36:39,2.7549,16.35
2026/03/31 03:41:40,2.7549,16.32
2026/03/31 03:46:40,2.7591,16.33
2026/03/31 03:51:41,2.7552,16.33
2026/03/31 03:56:41,2.7569,16.33
2026/03/31 04:01:42,2.7526,16.32
2026/03/31 04:06:42,2.7507,16.29
2026/03/31 04:11:43,2.7481,16.27
2026/03/31 04:16:43,2.7489,16.27
2026/03/31 04:21:44,2.7652,16.28
2026/03/31 04:26:45,2.7706,16.30
2026/03/31 04:31:45,2.7721,16.33
2026/03/31 04:36:46,2.7651,16.33
2026/03/31 04:41:46,2.7521,16.36
2026/03/31 04:46:47,2.7448,16.38
2026/03/31 04:51:47,2.7459,16.38
2026/03/31 04:56:48,2.7512,16.38
2026/03/31 05:01:49,2.7558,16.38
2026/03/31 05:06:49,2.7584,16.38
2026/03/31 05:11:50,2.7604,16.38
2026/03/31 05:16:50,2.7573,16.37
2026/03/31 05:21:51,2.7622,16.38
2026/03/31 05:26:51,2.7650,16.38
2026/03/31 05:31:52,2.7672,16.37
2026/03/31 05:36:52,2.7736,16.37
2026/03/31 05:41:53,2.7725,16.38
2026/03/31 05:46:54,2.7751,16.38
2026/03/31 05:51:54,2.7797,16.38
2026/03/31 05:56:55,2.7832,16.37
2026/03/31 06:01:55,2.7769,16.38
2026/03/31 06:06:56,2.7747,16.37
2026/03/31 06:11:56,2.7758,16.38
2026/03/31 06:16:57,2.7784,16.37
2026/03/31 06:21:58,2.7778,16.37
2026/03/31 06:26:58,2.7808,16.36
2026/03/31 06:31:59,2.7775,16.35
2026/03/31 06:36:59,2.7700,16.34
2026/03/31 06:42:00,2.7729,16.31
2026/03/31 06:47:00,2.7694,16.30
2026/03/31 06:52:01,2.7701,16.31
2026/03/31 06:57:01,2.7650,16.30
2026/03/31 07:02:02,2.7686,16.30
2026/03/31 07:07:02,2.7637,16.29
2026/03/31 07:12:03,2.7680,16.31
2026/03/31 07:17:03,2.7658,16.35
2026/03/31 07:22:04,2.7658,16.36
2026/03/31 07:27:05,2.7752,16.36
2026/03/31 07:32:05,2.7838,16.36
2026/03/31 07:37:06,2.7780,16.36
2026/03/31 07:42:06,2.7614,16.36
2026/03/31 07:47:07,2.7674,16.36
2026/03/31 07:52:07,2.7741,16.38
2026/03/31 07:57:08,2.7752,16.38
2026/03/31 08:02:08,2.7857,16.39
2026/03/31 08:07:09,2.7892,16.39
2026/03/31 08:12:10,2.7841,16.39
2026/03/31 08:17:10,2.7828,16.39
2026/03/31 08:22:11,2.7768,16.38
2026/03/31 08:27:11,2.7732,16.39
2026/03/31 08:32:12,2.7759,16.39
2026/03/31 08:37:12,2.7847,16.39
2026/03/31 08:42:13,2.7976,16.38
2026/03/31 08:47:14,2.8091,16.38
2026/03/31 08:52:14,2.8121,16.38
2026/03/31 08:57:15,2.8095,16.38
2026/03/31 09:02:16,2.8058,16.38
2026/03/31 09:07:16,2.8098,16.38
2026/03/31 09:12:17,2.8025,16.38
2026/03/31 09:17:17,2.8029,16.38
2026/03/31 09:22:18,2.8019,16.37
2026/03/31 09:27:18,2.8047,16.38
2026/03/31 09:32:19,2.8065,16.37
2026/03/31 09:37:19,2.7994,16.38
2026/03/31 09:42:20,2.8034,16.38
2026/03/31 09:47:21,2.8004,16.38
2026/03/31 09:52:21,2.7991,16.38
2026/03/31 09:57:22,2.8000,16.38
2026/03/31 10:02:22,2.7958,16.38
2026/03/31 10:07:23,2.7925,16.38
2026/03/31 10:12:23,2.7835,16.38
2026/03/31 10:17:24,2.7927,16.38
2026/03/31 10:22:25,2.7932,16.37
2026/03/31 10:27:25,2.8027,16.38
2026/03/31 10:32:26,2.7951,16.38
2026/03/31 10:37:26,2.7915,16.37
2026/03/31 10:42:27,2.7839,16.37
2026/03/31 10:47:27,2.7777,16.37
2026/03/31 10:52:28,2.7727,16.38
2026/03/31 10:57:29,2.7808,16.37
2026/03/31 11:02:29,2.7811,16.38
2026/03/31 11:07:30,2.7792,16.37
2026/03/31 11:12:31,2.7779,16.38
2026/03/31 11:17:31,2.7726,16.38
2026/03/31 11:22:32,2.7640,16.37
2026/03/31 11:27:32,2.7630,16.38
2026/03/31 11:32:33,2.7681,16.38
2026/03/31 11:37:33,2.7694,16.37
2026/03/31 11:42:34,2.7718,16.38
2026/03/31 11:47:34,2.7692,16.38
2026/03/31 11:52:35,2.7730,16.38
2026/03/31 11:57:36,2.7737,16.38
2026/03/31 12:02:36,2.7741,16.39
2026/03/31 12:07:37,2.7710,16.38
2026/03/31 12:12:37,2.7713,16.38
2026/03/31 12:17:38,2.7709,16.38
2026/03/31 12:22:38,2.7690,16.39
2026/03/31 12:27:39,2.7680,16.39
2026/03/31 12:32:40,2.7685,16.40
2026/03/31 12:37:40,2.7671,16.40
2026/03/31 12:42:41,2.7664,16.40
2026/03/31 12:47:41,2.7656,16.39
2026/03/31 12:52:42,2.7606,16.41
2026/03/31 12:57:42,2.7642,16.41
2026/03/31 13:02:43,2.7626,16.40
2026/03/31 13:07:43,2.7655,16.40
2026/03/31 13:12:44,2.7608,16.41
2026/03/31 13:17:45,2.7664,16.41
2026/03/31 13:22:45,2.7668,16.41
2026/03/31 13:27:46,2.7766,16.41
2026/03/31 13:32:47,2.7845,16.43
2026/03/31 13:37:47,2.7790,16.43
2026/03/31 13:42:48,2.7789,16.43
2026/03/31 13:47:48,2.7768,16.43
2026/03/31 13:52:49,2.7690,16.43
2026/03/31 13:57:50,2.7690,16.43
2026/03/31 14:02:50,2.7804,16.44
2026/03/31 14:07:51,2.7734,16.43
2026/03/31 14:12:51,2.7759,16.44
2026/03/31 14:17:52,2.7832,16.44
2026/03/31 14:22:53,2.7804,16.45
2026/03/31 14:27:53,2.7755,16.44
2026/03/31 14:32:54,2.7805,16.45
2026/03/31 14:37:54,2.7799,16.45
2026/03/31 14:42:55,2.7853,16.45
2026/03/31 14:47:55,2.7876,16.45
2026/03/31 14:52:56,2.7932,16.45
2026/03/31 14:57:57,2.7911,16.45
2026/03/31 15:02:57,2.7897,16.45
2026/03/31 15:07:58,2.7912,16.45
2026/03/31 15:12:59,2.7898,16.45
2026/03/31 15:17:59,2.7949,16.45
2026/03/31 15:23:00,2.7913,16.45
2026/03/31 15:28:01,2.7952,16.46
2026/03/31 15:33:02,2.7984,16.45
2026/03/31 15:38:02,2.7974,16.45
2026/03/31 15:43:03,2.7988,16.45
2026/03/31 15:48:03,2.7949,16.45
2026/03/31 15:53:04,2.7974,16.46
2026/03/31 15:58:05,2.8004,16.46
2026/03/31 16:03:06,2.8037,16.46
2026/03/31 16:08:06,2.8125,16.46
2026/03/31 16:13:07,2.8195,16.45
2026/03/31 16:18:07,2.8184,16.46
2026/03/31 16:23:08,2.8241,16.46
2026/03/31 16:28:09,2.8141,16.47
2026/03/31 16:33:09,2.8226,16.46
2026/03/31 16:38:10,2.8479,16.46
2026/03/31 16:43:11,2.8911,16.46
2026/03/31 16:48:11,2.9213,16.46
2026/03/31 16:53:12,2.9615,16.46
2026/03/31 16:58:12,3.0019,16.46
2026/03/31 17:03:13,3.0262,16.46
2026/03/31 17:08:13,3.0343,16.45
2026/03/31 17:13:14,3.0538,16.44
2026/03/31 17:18:15,3.0776,16.44
2026/03/31 17:23:15,3.0822,16.44
2026/03/31 17:28:16,3.0902,16.44
2026/03/31 17:33:16,3.1024,16.45
2026/03/31 17:38:17,3.1074,16.45
2026/03/31 17:43:18,3.1177,16.46
2026/03/31 17:48:18,3.1247,16.45
2026/03/31 17:53:19,3.1384,16.45
2026/03/31 17:58:19,3.1514,16.45
2026/03/31 18:03:20,3.1500,16.45
2026/03/31 18:08:21,3.1602,16.45
2026/03/31 18:13:21,3.1712,16.45
2026/03/31 18:18:22,3.1756,16.44
2026/03/31 18:23:22,3.1762,16.44
2026/03/31 18:28:23,3.1861,16.43
2026/03/31 18:33:24,3.2008,16.44
2026/03/31 18:38:24,3.2108,16.43
2026/03/31 18:43:25,3.2117,16.43
2026/03/31 18:48:25,3.2114,16.43
2026/03/31 18:53:26,3.2206,16.43
2026/03/31 18:58:27,3.2205,16.43
2026/03/31 19:03:27,3.2096,16.43
2026/03/31 19:08:28,3.2069,16.42
2026/03/31 19:13:28,3.2022,16.41
2026/03/31 19:18:29,3.1992,16.41
2026/03/31 19:23:30,3.1997,16.41
2026/03/31 19:28:30,3.1966,16.41
2026/03/31 19:33:31,3.1916,16.41
2026/03/31 19:38:31,3.1920,16.41
2026/03/31 19:43:32,3.1871,16.40
2026/03/31 19:48:33,3.1864,16.41
2026/03/31 19:53:33,3.1849,16.40
2026/03/31 19:58:34,3.1847,16.39
2026/03/31 20:03:35,3.1868,16.39
2026/03/31 20:08:35,3.1872,16.39
2026/03/31 20:13:36,3.1853,16.39
2026/03/31 20:18:36,3.1860,16.39
2026/03/31 20:23:37,3.1860,16.39
2026/03/31 20:28:37,3.1833,16.39
2026/03/31 20:33:38,3.1823,16.39
2026/03/31 20:38:39,3.1886,16.38
2026/03/31 20:43:39,3.1886,16.39
2026/03/31 20:48:40,3.1865,16.38
2026/03/31 20:53:41,3.1854,16.38
2026/03/31 20:58:41,3.1835,16.38
2026/03/31 21:03:42,3.1795,16.38
2026/03/31 21:08:42,3.1842,16.37
2026/03/31 21:13:43,3.1880,16.38
2026/03/31 21:18:43,3.1891,16.38
2026/03/31 21:23:44,3.1899,16.37
2026/03/31 21:28:45,3.1923,16.38
2026/03/31 21:33:45,3.1946,16.37
2026/03/31 21:38:46,3.2006,16.38
2026/03/31 21:43:46,3.2002,16.37
2026/03/31 21:48:47,3.2018,16.37
2026/03/31 21:53:47,3.2056,16.36
2026/03/31 21:58:48,3.2109,16.37
2026/03/31 22:03:49,3.2157,16.36
2026/03/31 22:08:49,3.2193,16.36
2026/03/31 22:13:50,3.2186,16.36
2026/03/31 22:18:50,3.2227,16.36
2026/03/31 22:23:51,3.2213,16.36
2026/03/31 22:28:51,3.2239,16.36
2026/03/31 22:33:52,3.2291,16.35
2026/03/31 22:38:52,3.2324,16.36
2026/03/31 22:43:53,3.2370,16.36
2026/03/31 22:48:54,3.2361,16.36
2026/03/31 22:53:54,3.2368,16.35
2026/03/31 22:58:55,3.2397,16.36
2026/03/31 23:03:56,3.2458,16.35
2026/03/31 23:08:56,3.2437,16.35
2026/03/31 23:13:57,3.2514,16.35
2026/03/31 23:18:57,3.2580,16.35
2026/03/31 23:23:58,3.2597,16.35
2026/03/31 23:28:59,3.2622,16.35
2026/03/31 23:33:59,3.2610,16.36
2026/03/31 23:39:00,3.2658,16.36
2026/03/31 23:44:00,3.2689,16.36
2026/03/31 23:49:01,3.2706,16.36
2026/03/31 23:54:02,3.2732,16.36
2026/03/31 23:59:02,3.2742,16.36
2026/04/01 00:04:03,3.2766,16.36
2026/04/01 00:09:03,3.2766,16.37
2026/04/01 00:14:04,3.2758,16.36
2026/04/01 00:19:05,3.2821,16.36
2026/04/01 00:24:05,3.2822,16.36
2026/04/01 00:29:06,3.2846,16.35
2026/04/01 00:34:06,3.2822,16.36
2026/04/01 00:39:07,3.2875,16.36
2026/04/01 00:44:07,3.2909,16.35
2026/04/01 00:49:08,3.2935,16.34
2026/04/01 00:54:09,3.2914,16.34
2026/04/01 00:59:09,3.2803,16.34
2026/04/01 01:04:10,3.2720,16.34
2026/04/01 01:09:10,3.2684,16.34
2026/04/01 01:14:11,3.2596,16.33
2026/04/01 01:19:11,3.2561,16.34
2026/04/01 01:24:12,3.2511,16.33
2026/04/01 01:29:13,3.2497,16.33
2026/04/01 01:34:13,3.2475,16.32
2026/04/01 01:39:14,3.2510,16.32
2026/04/01 01:44:15,3.2517,16.32
2026/04/01 01:49:15,3.2423,16.31
2026/04/01 01:54:16,3.2330,16.31
2026/04/01 01:59:16,3.2303,16.30
2026/04/01 02:04:17,3.2267,16.30
2026/04/01 02:09:18,3.2279,16.30
2026/04/01 02:14:18,3.2258,16.30
2026/04/01 02:19:19,3.2242,16.30
2026/04/01 02:24:19,3.2226,16.29
2026/04/01 02:29:20,3.2181,16.29
2026/04/01 02:34:21,3.2149,16.29
2026/04/01 02:39:21,3.2136,16.29
2026/04/01 02:44:22,3.2130,16.28
2026/04/01 02:49:22,3.2129,16.29
2026/04/01 02:54:23,3.2131,16.29
2026/04/01 02:59:23,3.2108,16.28
2026/04/01 03:04:24,3.2115,16.27
2026/04/01 03:09:25,3.2111,16.27
2026/04/01 03:14:25,3.2108,16.28
2026/04/01 03:19:26,3.2103,16.27
2026/04/01 03:24:26,3.2109,16.26
2026/04/01 03:29:27,3.2127,16.27
2026/04/01 03:34:28,3.2108,16.26
2026/04/01 03:39:28,3.2116,16.26
2026/04/01 03:44:29,3.2112,16.26
2026/04/01 03:49:29,3.2062,16.25
2026/04/01 03:54:30,3.2040,16.25
2026/04/01 03:59:30,3.2063,16.25
2026/04/01 04:04:31,3.2087,16.25
2026/04/01 04:09:32,3.2083,16.25
2026/04/01 04:14:32,3.2075,16.25
2026/04/01 04:19:33,3.2045,16.24
2026/04/01 04:24:33,3.2053,16.25
2026/04/01 04:29:34,3.2073,16.25
2026/04/01 04:34:35,3.2122,16.25
2026/04/01 04:39:35,3.2125,16.25
2026/04/01 04:44:36,3.2118,16.24
2026/04/01 04:49:36,3.2114,16.25
2026/04/01 04:54:37,3.2107,16.25
2026/04/01 04:59:37,3.2125,16.25
2026/04/01 05:04:38,3.2148,16.25
2026/04/01 05:09:38,3.2288,16.24
2026/04/01 05:14:39,3.2592,16.25
2026/04/01 05:19:40,3.2734,16.25
2026/04/01 05:24:40,3.2871,16.25
2026/04/01 05:29:41,3.2982,16.26
2026/04/01 05:34:41,3.3069,16.25
2026/04/01 05:39:42,3.3181,16.25
2026/04/01 05:44:42,3.3197,16.25
2026/04/01 05:49:43,3.3302,16.24
2026/04/01 05:54:43,3.3309,16.23
2026/04/01 05:59:44,3.3234,16.23
2026/04/01 06:04:45,3.3217,16.23
2026/04/01 06:09:45,3.3238,16.24
2026/04/01 06:14:46,3.3229,16.24
2026/04/01 06:19:46,3.3216,16.23
2026/04/01 06:24:47,3.3296,16.24
2026/04/01 06:29:47,3.3330,16.27
2026/04/01 06:34:48,3.3268,16.28
2026/04/01 06:39:48,3.3261,16.29
2026/04/01 06:44:49,3.3293,16.29
2026/04/01 06:49:50,3.3316,16.30
2026/04/01 06:54:50,3.3417,16.29
2026/04/01 06:59:51,3.3474,16.30
2026/04/01 07:04:52,3.3564,16.30
2026/04/01 07:09:52,3.3602,16.29
2026/04/01 07:14:53,3.3582,16.28
2026/04/01 07:19:53,3.3575,16.28
2026/04/01 07:24:54,3.3602,16.29
2026/04/01 07:29:55,3.3612,16.30
2026/04/01 07:34:55,3.3613,16.30
2026/04/01 07:39:56,3.3620,16.30
2026/04/01 07:44:56,3.3618,16.30
2026/04/01 07:49:57,3.3650,16.30
2026/04/01 07:54:58,3.3646,16.31
2026/04/01 07:59:58,3.3638,16.32
2026/04/01 08:04:59,3.3634,16.32
2026/04/01 08:09:59,3.3613,16.32
2026/04/01 08:15:00,3.3625,16.35
2026/04/01 08:20:00,3.3614,16.34
2026/04/01 08:25:01,3.3608,16.34
2026/04/01 08:30:01,3.3634,16.35
2026/04/01 08:35:02,3.3695,16.37
2026/04/01 08:40:03,3.3679,16.37
2026/04/01 08:45:03,3.3638,16.38
2026/04/01 08:50:04,3.3529,16.39
2026/04/01 08:55:05,3.3490,16.40
2026/04/01 09:00:05,3.3457,16.41
2026/04/01 09:05:06,3.3497,16.42
2026/04/01 09:10:06,3.3491,16.44
2026/04/01 09:15:07,3.3522,16.43
2026/04/01 09:20:07,3.3504,16.43
2026/04/01 09:25:08,3.3436,16.46
2026/04/01 09:30:09,3.3263,16.46
2026/04/01 09:35:09,3.3008,16.47
2026/04/01 09:40:10,3.2806,16.48
2026/04/01 09:45:10,3.2708,16.48
2026/04/01 09:50:11,3.2690,16.48
2026/04/01 09:55:12,3.2617,16.49
2026/04/01 10:00:12,3.2537,16.50
2026/04/01 10:05:13,3.2482,16.50
2026/04/01 10:10:13,3.2417,16.50
2026/04/01 10:15:14,3.2415,16.50
2026/04/01 10:20:14,3.2406,16.49
2026/04/01 10:25:15,3.2361,16.50
2026/04/01 10:30:16,3.2326,16.51
2026/04/01 10:35:16,3.2250,16.52
2026/04/01 10:40:17,3.2204,16.52
2026/04/01 10:45:17,3.2230,16.52
2026/04/01 10:50:18,3.2212,16.51
2026/04/01 10:55:19,3.2165,16.52
2026/04/01 11:00:19,3.2111,16.52
2026/04/01 11:05:20,3.2097,16.53
2026/04/01 11:10:20,3.2058,16.52
2026/04/01 11:15:21,3.2005,16.53
2026/04/01 11:20:21,3.1905,16.53
2026/04/01 11:25:22,3.1919,16.53
2026/04/01 11:30:22,3.1917,16.53
2026/04/01 11:35:23,3.2001,16.52
2026/04/01 11:40:24,3.2137,16.53
2026/04/01 11:45:24,3.2105,16.53
2026/04/01 11:50:25,3.2057,16.54
2026/04/01 11:55:25,3.1809,16.53
2026/04/01 12:00:26,3.1882,16.54
2026/04/01 12:05:27,3.2021,16.55
2026/04/01 12:10:27,3.2072,16.54
2026/04/01 12:15:28,3.2099,16.55
2026/04/01 12:20:28,3.2044,16.55
2026/04/01 12:25:29,3.1971,16.55
2026/04/01 12:30:29,3.1910,16.54
2026/04/01 12:35:30,3.1858,16.55
2026/04/01 12:40:30,3.1917,16.56
2026/04/01 12:45:31,3.1942,16.57
2026/04/01 12:50:31,3.1967,16.57
2026/04/01 12:55:32,3.1937,16.59
2026/04/01 13:00:33,3.1941,16.58
2026/04/01 13:05:33,3.1956,16.59
2026/04/01 13:10:34,3.1899,16.59
2026/04/01 13:15:34,3.1823,16.59
2026/04/01 13:20:35,3.1838,16.61
2026/04/01 13:25:35,3.1872,16.63
2026/04/01 13:30:36,3.1846,16.64
2026/04/01 13:35:36,3.1827,16.63
2026/04/01 13:40:37,3.1788,16.59
2026/04/01 13:45:38,3.1721,16.61
2026/04/01 13:50:38,3.1654,16.60
2026/04/01 13:55:39,3.1659,16.59
2026/04/01 14:00:39,3.1720,16.60
2026/04/01 14:05:40,3.1701,16.61
2026/04/01 14:10:40,3.1728,16.63
2026/04/01 14:15:41,3.1763,16.63
2026/04/01 14:20:41,3.1772,16.63
2026/04/01 14:25:42,3.1740,16.64
2026/04/01 14:30:43,3.1637,16.67
2026/04/01 14:35:43,3.1520,16.67
2026/04/01 14:40:44,3.1478,16.68
2026/04/01 14:45:45,3.1581,16.70
2026/04/01 14:50:45,3.2351,16.67
2026/04/01 14:55:46,3.2740,16.73
2026/04/01 15:00:46,3.2799,16.75
2026/04/01 15:05:47,3.2816,16.83
2026/04/01 15:10:47,3.2821,16.89
2026/04/01 15:15:48,3.2870,17.01
2026/04/01 15:20:49,3.3009,17.04
2026/04/01 15:25:49,3.3079,17.07
2026/04/01 15:30:50,3.3080,17.07
2026/04/01 15:35:51,3.3161,17.02
2026/04/01 15:40:51,3.3141,16.99
2026/04/01 15:45:52,3.3229,17.00
2026/04/01 15:50:52,3.3281,17.01
2026/04/01 15:55:53,3.3398,17.01
2026/04/01 16:00:53,3.3459,17.01
2026/04/01 16:05:54,3.3527,17.01
2026/04/01 16:10:55,3.3524,17.00
2026/04/01 16:15:55,3.3499,16.99
2026/04/01 16:20:56,3.3473,17.00
2026/04/01 16:25:56,3.3490,17.00
2026/04/01 16:30:57,3.3486,16.97
2026/04/01 16:35:57,3.3643,16.98
2026/04/01 16:40:58,3.3685,16.97
2026/04/01 16:45:58,3.3678,16.97
2026/04/01 16:50:59,3.3708,16.95
2026/04/01 16:56:00,3.3678,16.94
2026/04/01 17:01:00,3.3642,16.91
2026/04/01 17:06:01,3.3625,16.88
2026/04/01 17:11:01,3.3754,16.89
2026/04/01 17:16:02,3.3812,16.87
2026/04/01 17:21:02,3.3773,16.87
2026/04/01 17:26:03,3.3840,16.86
2026/04/01 17:31:03,3.4010,16.85
2026/04/01 17:36:04,3.4202,16.85
2026/04/01 17:41:05,3.4467,16.86
2026/04/01 17:46:05,3.4740,16.84
2026/04/01 17:51:06,3.4907,16.81
2026/04/01 17:56:07,3.5013,16.80
2026/04/01 18:01:07,3.5051,16.79
2026/04/01 18:06:08,3.5119,16.79
2026/04/01 18:11:08,3.5111,16.76
2026/04/01 18:16:09,3.5104,16.77
2026/04/01 18:21:10,3.5162,16.73
2026/04/01 18:26:10,3.5259,16.72
2026/04/01 18:31:11,3.5300,16.73
2026/04/01 18:36:12,3.5353,16.74
2026/04/01 18:41:12,3.5417,16.72
2026/04/01 18:46:13,3.5447,16.71
2026/04/01 18:51:13,3.5476,16.71
2026/04/01 18:56:14,3.5537,16.70
2026/04/01 19:01:14,3.5582,16.70
2026/04/01 19:06:15,3.5642,16.70
2026/04/01 19:11:16,3.5666,16.68
2026/04/01 19:16:16,3.5653,16.68
2026/04/01 19:21:17,3.5684,16.68
2026/04/01 19:26:18,3.5638,16.68
2026/04/01 19:31:18,3.5657,16.68
2026/04/01 19:36:19,3.5707,16.68
2026/04/01 19:41:19,3.5675,16.68
2026/04/01 19:46:20,3.5706,16.68
2026/04/01 19:51:20,3.5638,16.68
2026/04/01 19:56:21,3.5613,16.67
2026/04/01 20:01:22,3.5632,16.67
2026/04/01 20:06:22,3.5702,16.67
2026/04/01 20:11:23,3.5725,16.66
2026/04/01 20:16:24,3.5694,16.67
2026/04/01 20:21:24,3.5698,16.67
2026/04/01 20:26:25,3.5727,16.66
2026/04/01 20:31:25,3.5747,16.67
2026/04/01 20:36:26,3.5791,16.67
2026/04/01 20:41:27,3.5876,16.68
2026/04/01 20:46:27,3.5895,16.67
2026/04/01 20:51:28,3.5911,16.67
2026/04/01 20:56:28,3.5928,16.68
2026/04/01 21:01:29,3.5950,16.68
2026/04/01 21:06:30,3.5981,16.68
2026/04/01 21:11:30,3.6000,16.68
2026/04/01 21:16:31,3.6045,16.68
2026/04/01 21:21:31,3.6063,16.68
2026/04/01 21:26:32,3.6045,16.67
2026/04/01 21:31:32,3.6079,16.67
2026/04/01 21:36:33,3.6140,16.67
2026/04/01 21:41:33,3.6133,16.66
2026/04/01 21:46:34,3.6164,16.66
2026/04/01 21:51:34,3.6175,16.66
2026/04/01 21:56:35,3.6209,16.65
2026/04/01 22:01:36,3.6234,16.65
2026/04/01 22:06:36,3.6288,16.64
2026/04/01 22:11:37,3.6283,16.65
2026/04/01 22:16:37,3.6349,16.64
2026/04/01 22:21:38,3.6334,16.64
2026/04/01 22:26:39,3.6381,16.64
2026/04/01 22:31:39,3.6388,16.64
2026/04/01 22:36:40,3.6408,16.64
2026/04/01 22:41:40,3.6410,16.64
2026/04/01 22:46:41,3.6468,16.64
2026/04/01 22:51:41,3.6457,16.63
2026/04/01 22:56:42,3.6479,16.64
2026/04/01 23:01:43,3.6508,16.63
2026/04/01 23:06:43,3.6510,16.63
2026/04/01 23:11:44,3.6531,16.62
2026/04/01 23:16:45,3.6573,16.62
2026/04/01 23:21:45,3.6590,16.61
2026/04/01 23:26:46,3.6629,16.61
2026/04/01 23:31:46,3.6658,16.61
2026/04/01 23:36:47,3.6674,16.59
2026/04/01 23:41:47,3.6732,16.59
2026/04/01 23:46:48,3.6739,16.59
2026/04/01 23:51:49,3.6781,16.59
2026/04/01 23:56:49,3.6733,16.58
2026/04/02 00:01:50,3.6789,16.57
2026/04/02 00:06:51,3.6812,16.57
2026/04/02 00:11:51,3.6796,16.57
2026/04/02 00:16:52,3.6870,16.57
2026/04/02 00:21:52,3.6929,16.56
2026/04/02 00:26:53,3.6909,16.56
2026/04/02 00:31:53,3.6928,16.56
2026/04/02 00:36:54,3.6924,16.55
2026/04/02 00:41:54,3.6929,16.55
2026/04/02 00:46:55,3.6970,16.55
2026/04/02 00:51:55,3.6902,16.56
2026/04/02 00:56:56,3.6715,16.56
2026/04/02 01:01:56,3.6479,16.55
2026/04/02 01:06:57,3.6392,16.55
2026/04/02 01:11:57,3.6331,16.55
2026/04/02 01:16:58,3.6266,16.55
2026/04/02 01:21:59,3.6145,16.55
2026/04/02 01:26:59,3.6094,16.54
2026/04/02 01:32:00,3.6015,16.55
2026/04/02 01:37:00,3.5958,16.54
2026/04/02 01:42:01,3.5902,16.54
2026/04/02 01:47:01,3.5831,16.54
2026/04/02 01:52:02,3.5779,16.55
2026/04/02 01:57:02,3.5692,16.55
2026/04/02 02:02:03,3.5665,16.55
2026/04/02 02:07:04,3.5581,16.54
2026/04/02 02:12:04,3.5520,16.54
2026/04/02 02:17:05,3.5451,16.54
2026/04/02 02:22:05,3.5418,16.53
2026/04/02 02:27:06,3.5378,16.53
2026/04/02 02:32:06,3.5339,16.54
2026/04/02 02:37:07,3.5277,16.53
2026/04/02 02:42:07,3.5196,16.52
2026/04/02 02:47:08,3.5184,16.53
2026/04/02 02:52:08,3.5156,16.52
2026/04/02 02:57:09,3.5106,16.52
2026/04/02 03:02:10,3.5081,16.52
2026/04/02 03:07:10,3.5077,16.51
2026/04/02 03:12:11,3.5053,16.51
2026/04/02 03:17:12,3.5017,16.51
2026/04/02 03:22:12,3.4988,16.51
2026/04/02 03:27:13,3.5011,16.51
2026/04/02 03:32:13,3.4978,16.51
2026/04/02 03:37:14,3.4950,16.50
2026/04/02 03:42:14,3.4959,16.49
2026/04/02 03:47:15,3.4897,16.49
2026/04/02 03:52:15,3.4987,16.49
2026/04/02 03:57:16,3.5001,16.49
2026/04/02 04:02:17,3.4956,16.48
2026/04/02 04:07:17,3.4891,16.48
2026/04/02 04:12:18,3.4820,16.48
2026/04/02 04:17:18,3.4793,16.48
2026/04/02 04:22:19,3.4831,16.48
2026/04/02 04:27:20,3.4843,16.48
2026/04/02 04:32:20,3.4852,16.47
2026/04/02 04:37:21,3.4826,16.46
2026/04/02 04:42:21,3.4764,16.46
2026/04/02 04:47:22,3.4732,16.46
2026/04/02 04:52:22,3.4715,16.46
2026/04/02 04:57:23,3.4700,16.46
2026/04/02 05:02:24,3.4712,16.46
2026/04/02 05:07:24,3.4725,16.46
2026/04/02 05:12:25,3.4712,16.46
2026/04/02 05:17:26,3.4689,16.45
2026/04/02 05:22:26,3.4662,16.46
2026/04/02 05:27:27,3.4623,16.46
2026/04/02 05:32:27,3.4607,16.46
2026/04/02 05:37:28,3.4619,16.46
2026/04/02 05:42:28,3.4630,16.45
2026/04/02 05:47:29,3.4663,16.45
2026/04/02 05:52:30,3.4752,16.45
2026/04/02 05:57:30,3.4838,16.45
2026/04/02 06:02:31,3.4918,16.45
2026/04/02 06:07:32,3.5038,16.46
2026/04/02 06:12:32,3.5150,16.45
2026/04/02 06:17:33,3.5192,16.45
2026/04/02 06:22:33,3.5346,16.45
2026/04/02 06:27:34,3.5447,16.45
2026/04/02 06:32:34,3.5373,16.44
2026/04/02 06:37:35,3.5374,16.44
2026/04/02 06:42:36,3.5364,16.44
2026/04/02 06:47:36,3.5393,16.44
2026/04/02 06:52:37,3.5434,16.44
2026/04/02 06:57:38,3.5467,16.44
2026/04/02 07:02:38,3.5506,16.45
2026/04/02 07:07:39,3.5505,16.45
2026/04/02 07:12:39,3.5455,16.45
2026/04/02 07:17:40,3.5488,16.45
2026/04/02 07:22:40,3.5506,16.44
2026/04/02 07:27:41,3.5498,16.45
2026/04/02 07:32:42,3.5563,16.45
2026/04/02 07:37:42,3.5621,16.45
2026/04/02 07:42:43,3.5655,16.44
2026/04/02 07:47:43,3.5782,16.46
2026/04/02 07:52:44,3.5836,16.46
2026/04/02 07:57:45,3.5826,16.47
2026/04/02 08:02:45,3.5878,16.48
2026/04/02 08:07:46,3.5895,16.48
2026/04/02 08:12:46,3.5923,16.48
2026/04/02 08:17:47,3.5961,16.48
2026/04/02 08:22:47,3.5936,16.48
2026/04/02 08:27:48,3.5957,16.48
2026/04/02 08:32:49,3.5899,16.48
2026/04/02 08:37:49,3.5915,16.48
2026/04/02 08:42:50,3.5929,16.48
2026/04/02 08:47:50,3.5933,16.50
2026/04/02 08:52:51,3.5929,16.50
2026/04/02 08:57:52,3.5600,16.50
2026/04/02 09:02:52,3.5330,16.51
2026/04/02 09:07:53,3.5138,16.52
2026/04/02 09:12:53,3.5052,16.52
2026/04/02 09:17:54,3.5027,16.52
2026/04/02 09:22:54,3.5052,16.51
2026/04/02 09:27:55,3.5021,16.51
2026/04/02 09:32:56,3.4852,16.52
2026/04/02 09:37:56,3.4729,16.54
2026/04/02 09:42:57,3.4637,16.54
2026/04/02 09:47:58,3.4559,16.55
2026/04/02 09:52:58,3.4613,16.54
2026/04/02 09:57:59,3.4540,16.54
2026/04/02 10:02:59,3.4521,16.55
2026/04/02 10:08:00,3.4476,16.54
2026/04/02 10:13:01,3.4327,16.54
2026/04/02 10:18:01,3.4225,16.54
2026/04/02 10:23:02,3.4165,16.54
2026/04/02 10:28:03,3.4127,16.55
2026/04/02 10:33:03,3.4112,16.54
2026/04/02 10:38:04,3.4083,16.56
2026/04/02 10:43:04,3.3983,16.57
2026/04/02 10:48:05,3.3932,16.57
2026/04/02 10:53:06,3.3765,16.57
2026/04/02 10:58:06,3.3689,16.55
2026/04/02 11:03:07,3.3723,16.56
2026/04/02 11:08:07,3.3682,16.57
2026/04/02 11:13:08,3.3729,16.57
2026/04/02 11:18:09,3.3706,16.57
2026/04/02 11:23:09,3.3658,16.57
2026/04/02 11:28:10,3.3610,16.57
2026/04/02 11:33:10,3.3595,16.57
2026/04/02 11:38:11,3.3609,16.56
2026/04/02 11:43:11,3.3614,16.55
2026/04/02 11:48:12,3.3553,16.55
2026/04/02 11:53:12,3.3682,16.56
2026/04/02 11:58:13,3.3708,16.56
2026/04/02 12:03:14,3.3586,16.54
2026/04/02 12:08:14,3.3494,16.52
2026/04/02 12:13:15,3.3397,16.52
2026/04/02 12:18:16,3.3369,16.53
2026/04/02 12:23:16,3.3467,16.53
2026/04/02 12:28:17,3.3481,16.52
2026/04/02 12:33:17,3.3471,16.52
2026/04/02 12:38:18,3.3399,16.52
2026/04/02 12:43:19,3.3242,16.53
2026/04/02 12:48:19,3.3226,16.53
2026/04/02 12:53:20,3.3193,16.52
2026/04/02 12:58:21,3.3149,16.54
2026/04/02 13:03:21,3.3144,16.60
2026/04/02 13:08:22,3.3111,16.59
2026/04/02 13:13:22,3.3077,16.58
2026/04/02 13:18:23,3.2999,16.58
2026/04/02 13:23:23,3.2908,16.59
2026/04/02 13:28:24,3.2874,16.59
2026/04/02 13:33:25,3.2886,16.60
2026/04/02 13:38:25,3.2912,16.61
2026/04/02 13:43:26,3.2910,16.63
2026/04/02 13:48:27,3.2881,16.63
2026/04/02 13:53:27,3.2852,16.63
2026/04/02 13:58:28,3.2760,16.63
2026/04/02 14:03:28,3.2695,16.63
2026/04/02 14:08:29,3.2713,16.64
2026/04/02 14:13:30,3.2762,16.66
2026/04/02 14:18:30,3.2697,16.67
2026/04/02 14:23:31,3.2663,16.67
2026/04/02 14:28:31,3.2645,16.66
2026/04/02 14:33:32,3.2575,16.66
2026/04/02 14:38:33,3.2673,16.67
2026/04/02 14:43:33,3.2726,16.67
2026/04/02 14:48:34,3.2651,16.70
2026/04/02 14:53:34,3.2535,16.72
2026/04/02 14:58:35,3.2349,16.75
2026/04/02 15:03:35,3.2209,16.77
2026/04/02 15:08:36,3.2296,16.80
2026/04/02 15:13:36,3.2309,16.78
2026/04/02 15:18:37,3.2283,16.76
2026/04/02 15:23:37,3.2256,16.76
2026/04/02 15:28:38,3.2180,16.75
2026/04/02 15:33:38,3.2162,16.74
2026/04/02 15:38:39,3.2110,16.74
2026/04/02 15:43:40,3.2141,16.78
2026/04/02 15:48:40,3.2105,16.77
2026/04/02 15:53:41,3.2037,16.77
2026/04/02 15:58:42,3.2052,16.77
2026/04/02 16:03:42,3.2069,16.76
2026/04/02 16:08:43,3.2017,16.78
2026/04/02 16:13:43,3.1948,16.79
2026/04/02 16:18:44,3.1886,16.79
2026/04/02 16:23:45,3.1891,16.79
2026/04/02 16:28:45,3.1838,16.79
2026/04/02 16:33:46,3.1786,16.78
2026/04/02 16:38:47,3.1782,16.78
2026/04/02 16:43:47,3.1750,16.79
2026/04/02 16:48:48,3.2512,16.80
2026/04/02 16:53:48,3.2947,16.82
2026/04/02 16:58:49,3.2948,16.82
2026/04/02 17:03:50,3.3051,16.89
2026/04/02 17:08:50,3.2985,17.02
2026/04/02 17:13:51,3.3019,17.01
2026/04/02 17:18:51,3.3140,17.00
2026/04/02 17:23:52,3.3173,17.05
2026/04/02 17:28:52,3.3230,17.04
2026/04/02 17:33:53,3.3346,17.01
2026/04/02 17:38:54,3.3334,17.00
2026/04/02 17:43:54,3.3369,17.01
2026/04/02 17:48:55,3.3427,16.90
2026/04/02 17:53:55,3.3740,16.88
2026/04/02 17:58:56,3.4194,16.85
2026/04/02 18:03:56,3.4536,16.86
2026/04/02 18:08:57,3.4906,16.88
2026/04/02 18:13:57,3.5214,16.87
2026/04/02 18:18:58,3.5394,16.80
2026/04/02 18:23:59,3.5574,16.83
2026/04/02 18:28:59,3.5745,16.77
2026/04/02 18:34:00,3.6056,16.78
2026/04/02 18:39:00,3.6124,16.77
2026/04/02 18:44:01,3.6124,16.77
2026/04/02 18:49:01,3.6327,16.75
2026/04/02 18:54:02,3.6364,16.73
2026/04/02 18:59:03,3.6331,16.74
2026/04/02 19:04:03,3.6400,16.72
2026/04/02 19:09:04,3.6517,16.68
2026/04/02 19:14:04,3.6533,16.67
2026/04/02 19:19:05,3.6458,16.71
2026/04/02 19:24:05,3.6420,16.65
2026/04/02 19:29:06,3.6412,16.66
2026/04/02 19:34:06,3.6427,16.62
2026/04/02 19:39:07,3.6524,16.63
2026/04/02 19:44:07,3.6639,16.64
2026/04/02 19:49:08,3.6601,16.62
2026/04/02 19:54:09,3.6541,16.61
2026/04/02 19:59:09,3.6501,16.57
2026/04/02 20:04:10,3.6423,16.56
2026/04/02 20:09:10,3.6376,16.56
2026/04/02 20:14:11,3.6285,16.55
2026/04/02 20:19:11,3.6381,16.54
2026/04/02 20:24:12,3.6367,16.53
2026/04/02 20:29:13,3.6320,16.51
2026/04/02 20:34:13,3.6286,16.50
2026/04/02 20:39:14,3.6236,16.49
2026/04/02 20:44:14,3.6224,16.46
2026/04/02 20:49:15,3.6221,16.44
2026/04/02 20:54:16,3.6256,16.45
2026/04/02 20:59:16,3.6258,16.45
2026/04/02 21:04:17,3.6310,16.42
2026/04/02 21:09:18,3.6225,16.38
2026/04/02 21:14:18,3.6199,16.41
2026/04/02 21:19:19,3.6224,16.38
2026/04/02 21:24:19,3.6251,16.36
2026/04/02 21:29:20,3.6242,16.36
2026/04/02 21:34:20,3.6202,16.32
2026/04/02 21:39:21,3.6216,16.31
2026/04/02 21:44:22,3.6206,16.32
2026/04/02 21:49:22,3.6180,16.30
2026/04/02 21:54:23,3.6180,16.29
2026/04/02 21:59:23,3.6202,16.29
2026/04/02 22:04:24,3.6181,16.28
2026/04/02 22:09:25,3.6138,16.26
2026/04/02 22:14:25,3.6156,16.26
2026/04/02 22:19:26,3.6153,16.25
2026/04/02 22:24:26,3.6197,16.24
2026/04/02 22:29:27,3.6169,16.23
2026/04/02 22:34:27,3.6198,16.21
2026/04/02 22:39:28,3.6203,16.21
2026/04/02 22:44:29,3.6167,16.21
2026/04/02 22:49:29,3.6165,16.20
2026/04/02 22:54:30,3.6281,16.19
2026/04/02 22:59:30,3.6292,16.17
2026/04/02 23:04:31,3.6244,16.18
2026/04/02 23:09:31,3.6277,16.17
2026/04/02 23:14:32,3.6260,16.17
2026/04/02 23:19:33,3.6264,16.17
2026/04/02 23:24:33,3.6268,16.15
2026/04/02 23:29:34,3.6270,16.15
2026/04/02 23:34:34,3.6329,16.16
2026/04/02 23:39:35,3.6341,16.14
2026/04/02 23:44:35,3.6369,16.13
2026/04/02 23:49:36,3.6343,16.13
2026/04/02 23:54:37,3.6165,16.14
2026/04/02 23:59:37,3.5970,16.13
2026/04/03 00:04:38,3.5779,16.12
2026/04/03 00:09:38,3.5622,16.12
2026/04/03 00:14:39,3.5574,16.13
2026/04/03 00:19:40,3.5448,16.12
2026/04/03 00:24:40,3.5307,16.13
2026/04/03 00:29:41,3.5165,16.12
2026/04/03 00:34:41,3.5110,16.12
2026/04/03 00:39:42,3.5049,16.11
2026/04/03 00:44:42,3.4976,16.11
2026/04/03 00:49:43,3.4932,16.11
2026/04/03 00:54:44,3.4819,16.11
2026/04/03 00:59:44,3.4592,16.10
2026/04/03 01:04:45,3.4365,16.10
2026/04/03 01:09:45,3.4195,16.09
2026/04/03 01:14:46,3.4171,16.09
2026/04/03 01:19:47,3.4158,16.09
2026/04/03 01:24:47,3.4121,16.09
2026/04/03 01:29:48,3.4053,16.09
2026/04/03 01:34:48,3.4003,16.08
2026/04/03 01:39:49,3.3967,16.08
2026/04/03 01:44:49,3.3911,16.08
2026/04/03 01:49:50,3.3761,16.08
2026/04/03 01:54:51,3.3660,16.08
2026/04/03 01:59:51,3.3630,16.07
2026/04/03 02:04:52,3.3579,16.08
2026/04/03 02:09:52,3.3574,16.09
2026/04/03 02:14:53,3.3509,16.08
2026/04/03 02:19:54,3.3560,16.08
2026/04/03 02:24:54,3.3603,16.07
2026/04/03 02:29:55,3.3553,16.08
2026/04/03 02:34:55,3.3497,16.08
2026/04/03 02:39:56,3.3388,16.08
2026/04/03 02:44:57,3.3250,16.08
2026/04/03 02:49:57,3.3237,16.08
2026/04/03 02:54:58,3.3309,16.07
2026/04/03 02:59:58,3.3335,16.07
2026/04/03 03:04:59,3.3314,16.08
2026/04/03 03:10:00,3.3288,16.08
2026/04/03 03:15:00,3.3286,16.08
2026/04/03 03:20:01,3.3302,16.08
2026/04/03 03:25:01,3.3282,16.06
2026/04/03 03:30:02,3.3321,16.05
2026/04/03 03:35:02,3.3324,16.04
2026/04/03 03:40:03,3.3317,16.04
2026/04/03 03:45:04,3.3243,16.05
2026/04/03 03:50:04,3.3206,16.04
2026/04/03 03:55:05,3.3159,16.01
2026/04/03 04:00:05,3.3104,16.01
2026/04/03 04:05:06,3.3115,16.00
2026/04/03 04:10:07,3.3170,16.01
2026/04/03 04:15:07,3.3107,16.01
2026/04/03 04:20:08,3.3059,16.01
2026/04/03 04:25:09,3.3047,16.01
2026/04/03 04:30:09,3.2979,16.02
2026/04/03 04:35:10,3.2982,16.01
2026/04/03 04:40:11,3.2948,16.00
2026/04/03 04:45:11,3.2880,16.00
2026/04/03 04:50:12,3.2965,16.00
2026/04/03 04:55:12,3.3032,16.00
2026/04/03 05:00:13,3.2948,15.99
2026/04/03 05:05:14,3.2872,16.01
2026/04/03 05:10:14,3.2775,16.00
2026/04/03 05:15:15,3.2730,15.99
2026/04/03 05:20:16,3.2712,15.98
2026/04/03 05:25:16,3.2733,15.98
2026/04/03 05:30:17,3.2704,15.98
2026/04/03 05:35:17,3.2635,15.99
2026/04/03 05:40:18,3.2512,15.99
2026/04/03 05:45:19,3.2489,15.99
2026/04/03 05:50:19,3.2430,15.98
2026/04/03 05:55:20,3.2511,15.98
2026/04/03 06:00:21,3.2429,15.99
2026/04/03 06:05:21,3.2542,15.99
2026/04/03 06:10:22,3.2847,15.98
2026/04/03 06:15:23,3.3112,15.98
2026/04/03 06:20:23,3.3290,15.98
2026/04/03 06:25:24,3.3498,15.98
2026/04/03 06:30:25,3.3681,15.97
2026/04/03 06:35:25,3.3809,15.97
2026/04/03 06:40:26,3.3911,15.98
2026/04/03 06:45:26,3.3985,15.99
2026/04/03 06:50:27,3.4053,15.98
2026/04/03 06:55:27,3.4045,15.98
2026/04/03 07:00:28,3.4066,15.99
2026/04/03 07:05:29,3.4079,16.00
2026/04/03 07:10:29,3.3937,15.99
2026/04/03 07:15:30,3.3835,15.98
2026/04/03 07:20:31,3.3846,15.98
2026/04/03 07:25:31,3.3872,16.00
2026/04/03 07:30:32,3.3804,16.02
2026/04/03 07:35:32,3.3811,16.03
2026/04/03 07:40:33,3.3815,16.03
2026/04/03 07:45:33,3.3772,16.04
2026/04/03 07:50:34,3.3808,16.05
2026/04/03 07:55:35,3.3809,16.05
2026/04/03 08:00:35,3.3789,16.05
2026/04/03 08:05:36,3.3814,16.04
2026/04/03 08:10:37,3.3882,16.04
2026/04/03 08:15:37,3.4108,16.05
2026/04/03 08:20:38,3.4399,16.04
2026/04/03 08:25:38,3.4443,16.03
2026/04/03 08:30:39,3.4412,15.99
2026/04/03 08:35:39,3.4366,15.98
2026/04/03 08:40:40,3.4356,15.98
2026/04/03 08:45:41,3.4521,15.99
2026/04/03 08:50:41,3.4759,15.98
2026/04/03 08:55:42,3.4752,15.99
2026/04/03 09:00:43,3.4804,15.99
2026/04/03 09:05:43,3.4841,15.99
2026/04/03 09:10:44,3.4944,15.99
2026/04/03 09:15:44,3.4987,16.00
2026/04/03 09:20:45,3.4872,15.99
2026/04/03 09:25:46,3.4837,15.99
2026/04/03 09:30:46,3.4762,15.99
2026/04/03 09:35:47,3.4708,16.00
2026/04/03 09:40:48,3.4734,16.00
2026/04/03 09:45:48,3.4748,16.00
2026/04/03 09:50:49,3.4784,16.00
2026/04/03 09:55:49,3.4730,16.01
2026/04/03 10:00:50,3.4649,16.02
2026/04/03 10:05:51,3.4596,16.02
2026/04/03 10:10:51,3.4562,16.03
2026/04/03 10:15:52,3.4536,16.03
2026/04/03 10:20:52,3.4547,16.04
2026/04/03 10:25:53,3.4494,16.04
2026/04/03 10:30:54,3.4422,16.05
2026/04/03 10:35:54,3.4402,16.05
2026/04/03 10:40:55,3.4361,16.05
2026/04/03 10:45:55,3.4268,16.06
2026/04/03 10:50:56,3.4221,16.07
2026/04/03 10:55:56,3.4162,16.09
2026/04/03 11:00:57,3.4122,16.09
2026/04/03 11:05:57,3.4111,16.10
2026/04/03 11:10:58,3.4108,16.11
2026/04/03 11:15:59,3.4057,16.12
2026/04/03 11:20:59,3.4047,16.11
2026/04/03 11:26:00,3.4012,16.12
2026/04/03 11:31:00,3.3960,16.13
2026/04/03 11:36:01,3.3887,16.14
2026/04/03 11:41:02,3.3815,16.14
2026/04/03 11:46:02,3.3776,16.14
2026/04/03 11:51:03,3.3830,16.14
2026/04/03 11:56:03,3.3838,16.18
2026/04/03 12:01:04,3.3822,16.18
2026/04/03 12:06:04,3.3800,16.18
2026/04/03 12:11:05,3.3774,16.19
2026/04/03 12:16:05,3.3754,16.19
2026/04/03 12:21:06,3.3726,16.20
2026/04/03 12:26:07,3.3728,16.20
2026/04/03 12:31:07,3.3732,16.21
2026/04/03 12:36:08,3.3730,16.21
2026/04/03 12:41:08,3.3710,16.21
2026/04/03 12:46:09,3.3689,16.23
2026/04/03 12:51:10,3.3653,16.24
2026/04/03 12:56:10,3.3635,16.23
2026/04/03 13:01:11,3.3650,16.23
2026/04/03 13:06:11,3.3643,16.24
2026/04/03 13:11:12,3.3628,16.25
2026/04/03 13:16:12,3.3636,16.24
2026/04/03 13:21:13,3.3669,16.24
2026/04/03 13:26:14,3.3680,16.25
2026/04/03 13:31:14,3.3566,16.27
2026/04/03 13:36:15,3.3530,16.25
2026/04/03 13:41:16,3.3521,16.25
2026/04/03 13:46:16,3.3517,16.25
2026/04/03 13:51:17,3.3547,16.25
2026/04/03 13:56:17,3.3517,16.25
2026/04/03 14:01:18,3.3516,16.25
2026/04/03 14:06:18,3.3502,16.25
2026/04/03 14:11:19,3.3487,16.24
2026/04/03 14:16:20,3.3485,16.25
2026/04/03 14:21:20,3.3479,16.25
2026/04/03 14:26:21,3.3487,16.24
2026/04/03 14:31:21,3.3475,16.24
2026/04/03 14:36:22,3.3510,16.23
2026/04/03 14:41:23,3.3466,16.23
2026/04/03 14:46:23,3.3476,16.23
2026/04/03 14:51:24,3.3472,16.24
2026/04/03 14:56:24,3.3543,16.24
2026/04/03 15:01:25,3.3736,16.23
2026/04/03 15:06:26,3.3832,16.23
2026/04/03 15:11:26,3.3839,16.23
2026/04/03 15:16:27,3.3873,16.23
2026/04/03 15:21:27,3.3898,16.23
2026/04/03 15:26:28,3.3935,16.24
2026/04/03 15:31:29,3.3992,16.23
2026/04/03 15:36:29,3.4024,16.23
2026/04/03 15:41:30,3.4094,16.23
2026/04/03 15:46:30,3.4122,16.23
2026/04/03 15:51:31,3.4163,16.23
2026/04/03 15:56:32,3.4193,16.22
2026/04/03 16:01:32,3.4254,16.23
2026/04/03 16:06:33,3.4252,16.23
2026/04/03 16:11:33,3.4404,16.23
2026/04/03 16:16:34,3.4471,16.22
2026/04/03 16:21:35,3.4477,16.22
2026/04/03 16:26:35,3.4471,16.21
2026/04/03 16:31:36,3.4452,16.21
2026/04/03 16:36:36,3.4459,16.20
2026/04/03 16:41:37,3.4544,16.21
2026/04/03 16:46:38,3.4584,16.20
2026/04/03 16:51:38,3.4624,16.20
2026/04/03 16:56:39,3.4648,16.20
2026/04/03 17:01:40,3.4625,16.20
2026/04/03 17:06:40,3.4665,16.19
2026/04/03 17:11:41,3.4680,16.18
2026/04/03 17:16:41,3.4735,16.19
2026/04/03 17:21:42,3.4761,16.19
2026/04/03 17:26:42,3.4780,16.19
2026/04/03 17:31:43,3.4775,16.18
2026/04/03 17:36:44,3.4791,16.19
2026/04/03 17:41:44,3.4819,16.18
2026/04/03 17:46:45,3.4835,16.19
2026/04/03 17:51:46,3.4839,16.19
2026/04/03 17:56:46,3.4885,16.19
2026/04/03 18:01:47,3.4924,16.19
2026/04/03 18:06:47,3.4935,16.18
2026/04/03 18:11:48,3.4959,16.20
2026/04/03 18:16:49,3.4950,16.19
2026/04/03 18:21:49,3.4963,16.20
2026/04/03 18:26:50,3.5087,16.20
2026/04/03 18:31:51,3.5262,16.21
2026/04/03 18:36:51,3.5377,16.20
2026/04/03 18:41:52,3.5528,16.20
2026/04/03 18:46:52,3.5648,16.21
2026/04/03 18:51:53,3.5782,16.22
2026/04/03 18:56:54,3.5904,16.22
2026/04/03 19:01:54,3.5973,16.23
2026/04/03 19:06:55,3.6060,16.23
2026/04/03 19:11:55,3.6109,16.24
2026/04/03 19:16:56,3.6164,16.25
2026/04/03 19:21:57,3.6181,16.25
2026/04/03 19:26:57,3.6272,16.26
2026/04/03 19:31:58,3.6328,16.28
2026/04/03 19:36:58,3.6374,16.26
2026/04/03 19:41:59,3.6406,16.27
2026/04/03 19:47:00,3.6423,16.28
2026/04/03 19:52:00,3.6461,16.31
2026/04/03 19:57:01,3.6499,16.32
2026/04/03 20:02:01,3.6519,16.32
2026/04/03 20:07:02,3.6540,16.32
2026/04/03 20:12:03,3.6584,16.35
2026/04/03 20:17:03,3.6679,16.35
2026/04/03 20:22:04,3.6702,16.37
2026/04/03 20:27:04,3.6736,16.38
2026/04/03 20:32:05,3.6754,16.40
2026/04/03 20:37:05,3.6864,16.40
2026/04/03 20:42:06,3.6918,16.40
2026/04/03 20:47:07,3.6922,16.42
2026/04/03 20:52:07,3.6928,16.44
2026/04/03 20:57:08,3.6951,16.44
2026/04/03 21:02:09,3.7012,16.45
2026/04/03 21:07:09,3.7067,16.45
2026/04/03 21:12:10,3.7059,16.46
2026/04/03 21:17:10,3.7161,16.46
2026/04/03 21:22:11,3.7192,16.47
2026/04/03 21:27:12,3.7169,16.47
2026/04/03 21:32:12,3.7185,16.48
2026/04/03 21:37:13,3.7254,16.48
2026/04/03 21:42:14,3.7246,16.47
2026/04/03 21:47:14,3.7272,16.48
2026/04/03 21:52:15,3.7324,16.48
2026/04/03 21:57:15,3.7323,16.48
2026/04/03 22:02:16,3.7334,16.48
2026/04/03 22:07:17,3.7364,16.48
2026/04/03 22:12:17,3.7362,16.49
2026/04/03 22:17:18,3.7425,16.49
2026/04/03 22:22:18,3.7485,16.49
2026/04/03 22:27:19,3.7485,16.49
2026/04/03 22:32:20,3.7499,16.49
2026/04/03 22:37:20,3.7515,16.50
2026/04/03 22:42:21,3.7559,16.50
2026/04/03 22:47:21,3.7528,16.50
2026/04/03 22:52:22,3.7570,16.51
2026/04/03 22:57:23,3.7604,16.51
2026/04/03 23:02:23,3.7598,16.52
2026/04/03 23:07:24,3.7597,16.53
2026/04/03 23:12:25,3.7574,16.53
2026/04/03 23:17:25,3.7519,16.55
2026/04/03 23:22:26,3.7479,16.55
2026/04/03 23:27:26,3.7483,16.56
2026/04/03 23:32:27,3.7514,16.56
2026/04/03 23:37:27,3.7523,16.55
2026/04/03 23:42:28,3.7516,16.57
2026/04/03 23:47:29,3.7497,16.59
2026/04/03 23:52:29,3.7567,16.59
2026/04/03 23:57:30,3.7580,16.61
2026/04/04 00:02:31,3.7542,16.61
2026/04/04 00:07:31,3.7533,16.62
2026/04/04 00:12:32,3.7505,16.64
2026/04/04 00:17:32,3.7509,16.64
2026/04/04 00:22:33,3.7541,16.64
2026/04/04 00:27:34,3.7528,16.66
2026/04/04 00:32:34,3.7519,16.66
2026/04/04 00:37:35,3.7525,16.68
2026/04/04 00:42:36,3.7530,16.71
2026/04/04 00:47:36,3.7484,16.70
2026/04/04 00:52:37,3.7457,16.72
2026/04/04 00:57:37,3.7274,16.73
2026/04/04 01:02:38,3.7061,16.71
2026/04/04 01:07:38,3.6991,16.72
2026/04/04 01:12:39,3.6905,16.71
2026/04/04 01:17:39,3.6841,16.70
2026/04/04 01:22:40,3.6744,16.77
2026/04/04 01:27:41,3.6654,16.71
2026/04/04 01:32:41,3.6627,16.70
2026/04/04 01:37:42,3.6603,16.74
2026/04/04 01:42:42,3.6542,16.73
2026/04/04 01:47:43,3.6475,16.75
2026/04/04 01:52:44,3.6433,16.75
2026/04/04 01:57:44,3.6373,16.79
2026/04/04 02:02:45,3.6320,16.79
2026/04/04 02:07:45,3.6263,16.80
2026/04/04 02:12:46,3.6211,16.79
2026/04/04 02:17:46,3.6224,16.78
2026/04/04 02:22:47,3.6174,16.77
2026/04/04 02:27:48,3.6129,16.79
2026/04/04 02:32:48,3.6089,16.80
2026/04/04 02:37:49,3.6091,16.80
2026/04/04 02:42:50,3.6018,16.82
2026/04/04 02:47:50,3.5971,16.80
2026/04/04 02:52:51,3.5969,16.79
2026/04/04 02:57:51,3.5916,16.82
2026/04/04 03:02:52,3.5902,16.80
2026/04/04 03:07:53,3.5850,16.86
2026/04/04 03:12:53,3.5831,16.84
2026/04/04 03:17:54,3.5832,16.85
2026/04/04 03:22:55,3.5831,16.83
2026/04/04 03:27:55,3.5844,16.83
2026/04/04 03:32:56,3.5862,16.81
2026/04/04 03:37:56,3.5832,16.88
2026/04/04 03:42:57,3.5715,16.89
2026/04/04 03:47:57,3.5678,16.87
2026/04/04 03:52:58,3.5696,16.86
2026/04/04 03:57:58,3.5690,16.86
2026/04/04 04:02:59,3.5664,16.89
2026/04/04 04:08:00,3.5654,16.87
2026/04/04 04:13:00,3.5633,16.87
2026/04/04 04:18:01,3.5590,16.89
2026/04/04 04:23:01,3.5555,16.88
2026/04/04 04:28:02,3.5540,16.89
2026/04/04 04:33:02,3.5529,16.91
2026/04/04 04:38:03,3.5512,16.92
2026/04/04 04:43:03,3.5516,16.89
2026/04/04 04:48:04,3.5483,16.91
2026/04/04 04:53:05,3.5439,16.93
2026/04/04 04:58:05,3.5425,16.92
2026/04/04 05:03:06,3.5384,16.91
2026/04/04 05:08:06,3.5392,16.92
2026/04/04 05:13:07,3.5384,16.94
2026/04/04 05:18:07,3.5362,16.91
2026/04/04 05:23:08,3.5371,16.92
2026/04/04 05:28:09,3.5304,16.93
2026/04/04 05:33:09,3.5285,16.95
2026/04/04 05:38:10,3.5243,16.96
2026/04/04 05:43:11,3.5244,16.97
2026/04/04 05:48:11,3.5259,16.96
2026/04/04 05:53:12,3.5242,16.94
2026/04/04 05:58:12,3.5227,16.95
2026/04/04 06:03:13,3.5162,16.98
2026/04/04 06:08:13,3.5143,16.98
2026/04/04 06:13:14,3.5161,17.00
2026/04/04 06:18:15,3.5167,16.99
2026/04/04 06:23:15,3.5169,16.99
2026/04/04 06:28:16,3.5129,16.99
2026/04/04 06:33:17,3.5094,17.00
2026/04/04 06:38:17,3.5092,17.00
2026/04/04 06:43:18,3.5064,17.01
2026/04/04 06:48:18,3.5094,17.01
2026/04/04 06:53:19,3.5130,17.00
2026/04/04 06:58:19,3.5142,17.04
2026/04/04 07:03:20,3.5205,17.04
2026/04/04 07:08:21,3.5303,17.03
2026/04/04 07:13:21,3.5365,17.02
2026/04/04 07:18:22,3.5387,17.02
2026/04/04 07:23:23,3.5388,17.02
2026/04/04 07:28:23,3.5431,17.02
2026/04/04 07:33:24,3.5446,17.03
2026/04/04 07:38:24,3.5475,17.04
2026/04/04 07:43:25,3.5538,17.02
2026/04/04 07:48:25,3.5555,17.02
2026/04/04 07:53:26,3.5554,17.04
2026/04/04 07:58:26,3.5590,17.05
2026/04/04 08:03:27,3.5621,17.06
2026/04/04 08:08:28,3.5608,17.06
2026/04/04 08:13:28,3.5638,17.07
2026/04/04 08:18:29,3.5754,17.07
2026/04/04 08:23:30,3.5808,17.08
2026/04/04 08:28:30,3.5701,17.11
2026/04/04 08:33:31,3.5660,17.13
2026/04/04 08:38:31,3.5590,17.17
2026/04/04 08:43:32,3.5462,17.16
2026/04/04 08:48:32,3.5392,17.19
2026/04/04 08:53:33,3.5287,17.20
2026/04/04 08:58:34,3.5185,17.20
2026/04/04 09:03:34,3.5002,17.21
2026/04/04 09:08:35,3.4786,17.21
2026/04/04 09:13:35,3.4736,17.22
2026/04/04 09:18:36,3.4733,17.23
2026/04/04 09:23:37,3.4736,17.22
2026/04/04 09:28:37,3.4754,17.23
2026/04/04 09:33:38,3.4760,17.23
2026/04/04 09:38:38,3.4774,17.25
2026/04/04 09:43:39,3.4745,17.26
2026/04/04 09:48:39,3.4725,17.26
2026/04/04 09:53:40,3.4711,17.28
2026/04/04 09:58:40,3.4693,17.28
2026/04/04 10:03:41,3.4671,17.25
2026/04/04 10:08:41,3.4727,17.26
2026/04/04 10:13:42,3.4663,17.25
2026/04/04 10:18:42,3.4631,17.25
2026/04/04 10:23:43,3.4554,17.29
2026/04/04 10:28:43,3.4481,17.34
2026/04/04 10:33:44,3.4461,17.38
2026/04/04 10:38:45,3.4592,17.38
2026/04/04 10:43:45,3.4558,17.38
2026/04/04 10:48:46,3.4443,17.41
2026/04/04 10:53:46,3.4313,17.42
2026/04/04 10:58:47,3.4179,17.43
2026/04/04 11:03:48,3.4121,17.48
2026/04/04 11:08:48,3.4270,17.52
2026/04/04 11:13:49,3.4262,17.50
2026/04/04 11:18:49,3.4277,17.50
2026/04/04 11:23:50,3.4236,17.50
2026/04/04 11:28:50,3.4137,17.52
2026/04/04 11:33:51,3.4125,17.51
2026/04/04 11:38:51,3.4073,17.48
2026/04/04 11:43:52,3.4025,17.50
2026/04/04 11:48:52,3.4024,17.48
2026/04/04 11:53:53,3.4009,17.47
2026/04/04 11:58:53,3.3996,17.47
2026/04/04 12:03:54,3.3979,17.50
2026/04/04 12:08:55,3.3933,17.48
2026/04/04 12:13:55,3.3842,17.50
2026/04/04 12:18:56,3.3808,17.52
2026/04/04 12:23:56,3.3808,17.54
2026/04/04 12:28:57,3.3797,17.53
2026/04/04 12:33:58,3.3730,17.51
2026/04/04 12:38:58,3.3660,17.50
2026/04/04 12:43:59,3.3586,17.51
2026/04/04 12:48:59,3.3509,17.52
2026/04/04 12:54:00,3.3477,17.52
2026/04/04 12:59:00,3.3488,17.54
2026/04/04 13:04:01,3.3450,17.56
2026/04/04 13:09:02,3.3405,17.55
2026/04/04 13:14:02,3.3314,17.52
2026/04/04 13:19:03,3.3259,17.55
2026/04/04 13:24:03,3.3203,17.57
2026/04/04 13:29:04,3.3193,17.56
2026/04/04 13:34:05,3.3157,17.56
2026/04/04 13:39:05,3.3146,17.56
2026/04/04 13:44:06,3.3114,17.57
2026/04/04 13:49:06,3.3073,17.57
2026/04/04 13:54:07,3.3039,17.61
2026/04/04 13:59:07,3.2992,17.60
2026/04/04 14:04:08,3.2952,17.65
2026/04/04 14:09:08,3.2912,17.66
2026/04/04 14:14:09,3.2881,17.67
2026/04/04 14:19:10,3.2960,17.68
2026/04/04 14:24:10,3.2964,17.68
2026/04/04 14:29:11,3.2816,17.71
2026/04/04 14:34:11,3.2679,17.78
2026/04/04 14:39:12,3.2556,17.78
2026/04/04 14:44:13,3.2505,17.78
2026/04/04 14:49:13,3.2593,17.74
2026/04/04 14:54:14,3.2602,17.70
2026/04/04 14:59:14,3.2588,17.70
2026/04/04 15:04:15,3.2486,17.70
2026/04/04 15:09:15,3.2343,17.70
2026/04/04 15:14:16,3.2280,17.75
2026/04/04 15:19:16,3.2274,17.75
2026/04/04 15:24:17,3.2235,17.75
2026/04/04 15:29:17,3.2230,17.75
2026/04/04 15:34:18,3.2240,17.71
2026/04/04 15:39:18,3.2203,17.70
2026/04/04 15:44:19,3.2154,17.69
2026/04/04 15:49:19,3.2096,17.70
2026/04/04 15:54:20,3.2055,17.70
2026/04/04 15:59:20,3.2019,17.71
2026/04/04 16:04:21,3.2044,17.73
2026/04/04 16:09:22,3.2000,17.74
2026/04/04 16:14:22,3.1982,17.77
2026/04/04 16:19:23,3.1940,17.77
2026/04/04 16:24:23,3.1872,17.79
2026/04/04 16:29:24,3.1848,17.77
2026/04/04 16:34:24,3.1817,17.80
2026/04/04 16:39:25,3.1813,17.82
2026/04/04 16:44:25,3.1793,17.82
2026/04/04 16:49:26,3.1815,17.84
2026/04/04 16:54:26,3.1744,17.77
2026/04/04 16:59:27,3.1714,17.74
2026/04/04 17:04:27,3.1670,17.75
2026/04/04 17:09:28,3.1635,17.78
2026/04/04 17:14:29,3.1674,17.81
2026/04/04 17:19:29,3.1973,17.85
2026/04/04 17:24:30,3.2240,17.85
2026/04/04 17:29:30,3.2282,17.94
2026/04/04 17:34:31,3.2312,17.88
2026/04/04 17:39:31,3.2343,17.88
2026/04/04 17:44:32,3.2538,17.88
2026/04/04 17:49:33,3.2726,17.89
2026/04/04 17:54:33,3.2659,17.90
2026/04/04 17:59:34,3.2658,17.95
2026/04/04 18:04:34,3.2630,17.93
2026/04/04 18:09:35,3.2626,17.93
2026/04/04 18:14:35,3.2696,17.95
2026/04/04 18:19:36,3.2719,17.96
2026/04/04 18:24:37,3.2776,17.94
2026/04/04 18:29:37,3.2837,17.90
2026/04/04 18:34:38,3.2871,17.89
2026/04/04 18:39:38,3.2842,17.88
2026/04/04 18:44:39,3.2807,17.86
2026/04/04 18:49:39,3.2808,17.82
2026/04/04 18:54:40,3.2840,17.81
2026/04/04 18:59:40,3.2865,17.79
2026/04/04 19:04:41,3.3039,17.79
2026/04/04 19:09:41,3.3240,17.77
2026/04/04 19:14:42,3.3423,17.79
2026/04/04 19:19:42,3.3608,17.80
2026/04/04 19:24:43,3.3783,17.81
2026/04/04 19:29:43,3.3902,17.80
2026/04/04 19:34:44,3.3972,17.78
2026/04/04 19:39:45,3.4064,17.77
2026/04/04 19:44:45,3.4177,17.77
2026/04/04 19:49:46,3.4139,17.76
2026/04/04 19:54:46,3.4072,17.76
2026/04/04 19:59:47,3.4072,17.77
2026/04/04 20:04:47,3.4126,17.74
2026/04/04 20:09:48,3.4177,17.74
2026/04/04 20:14:48,3.4210,17.75
2026/04/04 20:19:49,3.4200,17.75
2026/04/04 20:24:49,3.4173,17.75
2026/04/04 20:29:50,3.4162,17.75
2026/04/04 20:34:50,3.4197,17.74
2026/04/04 20:39:51,3.4300,17.73
2026/04/04 20:44:51,3.4302,17.72
2026/04/04 20:49:52,3.4226,17.70
2026/04/04 20:54:52,3.4218,17.71
2026/04/04 20:59:53,3.4236,17.71
2026/04/04 21:04:53,3.4229,17.72
2026/04/04 21:09:54,3.4258,17.71
2026/04/04 21:14:55,3.4314,17.70
2026/04/04 21:19:55,3.4324,17.70
2026/04/04 21:24:56,3.4305,17.69
2026/04/04 21:29:56,3.4273,17.69
2026/04/04 21:34:57,3.4269,17.68
2026/04/04 21:39:57,3.4265,17.68
2026/04/04 21:44:58,3.4260,17.68
2026/04/04 21:49:58,3.4277,17.68
2026/04/04 21:54:59,3.4298,17.67
2026/04/04 21:59:59,3.4262,17.68
2026/04/04 22:05:00,3.4245,17.66
2026/04/04 22:10:00,3.4239,17.65
2026/04/04 22:15:01,3.4240,17.64
2026/04/04 22:20:01,3.4291,17.65
2026/04/04 22:25:02,3.4325,17.64
2026/04/04 22:30:02,3.4343,17.64
2026/04/04 22:35:03,3.4357,17.64
2026/04/04 22:40:03,3.4359,17.64
2026/04/04 22:45:04,3.4370,17.64
2026/04/04 22:50:04,3.4371,17.64
2026/04/04 22:55:05,3.4415,17.63
2026/04/04 23:00:05,3.4498,17.63
2026/04/04 23:05:06,3.4504,17.62
2026/04/04 23:10:07,3.4472,17.62
2026/04/04 23:15:07,3.4448,17.61
2026/04/04 23:20:08,3.4442,17.60
2026/04/04 23:25:08,3.4459,17.60
2026/04/04 23:30:09,3.4503,17.60
2026/04/04 23:35:10,3.4542,17.60
2026/04/04 23:40:10,3.4545,17.60
2026/04/04 23:45:11,3.4532,17.60
2026/04/04 23:50:11,3.4553,17.60
2026/04/04 23:55:12,3.4530,17.60
2026/04/05 00:00:12,3.4552,17.61
2026/04/05 00:05:13,3.4566,17.60
2026/04/05 00:10:13,3.4603,17.60
2026/04/05 00:15:14,3.4603,17.59
2026/04/05 00:20:14,3.4589,17.59
2026/04/05 00:25:15,3.4594,17.59
2026/04/05 00:30:15,3.4588,17.57
2026/04/05 00:35:16,3.4629,17.57
2026/04/05 00:40:16,3.4656,17.57
2026/04/05 00:45:17,3.4657,17.56
2026/04/05 00:50:18,3.4670,17.55
2026/04/05 00:55:18,3.4689,17.55
2026/04/05 01:00:19,3.4678,17.55
2026/04/05 01:05:19,3.4664,17.54
2026/04/05 01:10:20,3.4666,17.52
2026/04/05 01:15:20,3.4648,17.52
2026/04/05 01:20:21,3.4686,17.51
2026/04/05 01:25:21,3.4662,17.51
2026/04/05 01:30:22,3.4645,17.51
2026/04/05 01:35:23,3.4662,17.50
2026/04/05 01:40:23,3.4642,17.50
2026/04/05 01:45:24,3.4676,17.50
2026/04/05 01:50:24,3.4652,17.48
2026/04/05 01:55:25,3.4681,17.48
2026/04/05 02:00:26,3.4651,17.47
2026/04/05 02:05:26,3.4634,17.47
2026/04/05 02:10:27,3.4623,17.47
2026/04/05 02:15:27,3.4660,17.46
2026/04/05 02:20:28,3.4653,17.46
2026/04/05 02:25:28,3.4679,17.44
2026/04/05 02:30:29,3.4724,17.45
2026/04/05 02:35:29,3.4727,17.44
2026/04/05 02:40:30,3.4482,17.43
2026/04/05 02:45:30,3.4146,17.43
2026/04/05 02:50:31,3.3918,17.42
2026/04/05 02:55:32,3.3703,17.41
2026/04/05 03:00:32,3.3661,17.41
2026/04/05 03:05:33,3.3554,17.42
2026/04/05 03:10:33,3.3420,17.41
2026/04/05 03:15:34,3.3267,17.41
2026/04/05 03:20:34,3.3110,17.40
2026/04/05 03:25:35,3.3021,17.40
2026/04/05 03:30:35,3.2993,17.40
2026/04/05 03:35:36,3.2938,17.40
2026/04/05 03:40:36,3.2851,17.40
2026/04/05 03:45:37,3.2777,17.40
2026/04/05 03:50:37,3.2717,17.40
2026/04/05 03:55:38,3.2679,17.39
2026/04/05 04:00:38,3.2649,17.38
2026/04/05 04:05:39,3.2571,17.38
2026/04/05 04:10:40,3.2496,17.37
2026/04/05 04:15:40,3.2442,17.38
2026/04/05 04:20:41,3.2384,17.37
2026/04/05 04:25:41,3.2332,17.36
2026/04/05 04:30:42,3.2231,17.36
2026/04/05 04:35:42,3.2126,17.36
2026/04/05 04:40:43,3.2073,17.34
2026/04/05 04:45:43,3.2033,17.33
2026/04/05 04:50:44,3.2042,17.33
2026/04/05 04:55:44,3.2035,17.33
2026/04/05 05:00:45,3.1987,17.33
2026/04/05 05:05:45,3.1969,17.33
2026/04/05 05:10:46,3.1978,17.33
2026/04/05 05:15:46,3.1976,17.32
2026/04/05 05:20:47,3.1978,17.32
2026/04/05 05:25:47,3.1991,17.32
2026/04/05 05:30:48,3.1962,17.30
2026/04/05 05:35:48,3.1917,17.30
2026/04/05 05:40:49,3.1890,17.29
2026/04/05 05:45:49,3.1959,17.29
2026/04/05 05:50:50,3.2072,17.28
2026/04/05 05:55:51,3.2073,17.26
2026/04/05 06:00:51,3.1980,17.25
2026/04/05 06:05:52,3.1847,17.25
2026/04/05 06:10:52,3.1750,17.25
2026/04/05 06:15:53,3.1769,17.25
2026/04/05 06:20:53,3.1845,17.24
2026/04/05 06:25:54,3.1841,17.24
2026/04/05 06:30:54,3.1806,17.24
2026/04/05 06:35:55,3.2117,17.24
2026/04/05 06:40:55,3.2790,17.24
2026/04/05 06:45:56,3.3278,17.24
2026/04/05 06:50:56,3.3673,17.26
2026/04/05 06:55:57,3.4161,17.25
2026/04/05 07:00:58,3.4305,17.26
2026/04/05 07:05:58,3.4318,17.26
2026/04/05 07:10:59,3.4423,17.27
2026/04/05 07:15:59,3.4604,17.27
2026/04/05 07:21:00,3.4504,17.28
2026/04/05 07:26:01,3.4457,17.30
2026/04/05 07:31:01,3.4592,17.30
2026/04/05 07:36:02,3.4661,17.29
2026/04/05 07:41:02,3.4601,17.30
2026/04/05 07:46:03,3.4632,17.30
2026/04/05 07:51:03,3.4608,17.31
2026/04/05 07:56:04,3.4523,17.33
2026/04/05 08:01:05,3.4543,17.35
2026/04/05 08:06:05,3.4654,17.39
2026/04/05 08:11:06,3.4702,17.41
2026/04/05 08:16:06,3.4676,17.39
2026/04/05 08:21:07,3.4728,17.44
2026/04/05 08:26:07,3.4773,17.45
2026/04/05 08:31:08,3.4836,17.46
2026/04/05 08:36:09,3.4892,17.45
2026/04/05 08:41:09,3.4937,17.45
2026/04/05 08:46:10,3.5012,17.42
2026/04/05 08:51:10,3.5041,17.42
2026/04/05 08:56:11,3.5028,17.43
2026/04/05 09:01:11,3.5004,17.39
2026/04/05 09:06:12,3.4960,17.37
2026/04/05 09:11:12,3.4969,17.38
2026/04/05 09:16:13,3.4983,17.36
2026/04/05 09:21:14,3.4912,17.38
2026/04/05 09:26:14,3.4854,17.41
2026/04/05 09:31:15,3.4850,17.42
2026/04/05 09:36:15,3.4821,17.43
2026/04/05 09:41:16,3.4747,17.45
2026/04/05 09:46:17,3.4691,17.47
2026/04/05 09:51:17,3.4609,17.49
2026/04/05 09:56:18,3.4542,17.53
2026/04/05 10:01:18,3.4466,17.53
2026/04/05 10:06:19,3.4406,17.54
2026/04/05 10:11:19,3.4301,17.53
2026/04/05 10:16:20,3.4177,17.54
2026/04/05 10:21:20,3.4122,17.55
2026/04/05 10:26:21,3.4027,17.57
2026/04/05 10:31:22,3.3973,17.59
2026/04/05 10:36:22,3.3886,17.59
2026/04/05 10:41:23,3.3815,17.60
2026/04/05 10:46:23,3.3661,17.63
2026/04/05 10:51:24,3.3497,17.64
2026/04/05 10:56:24,3.3281,17.65
2026/04/05 11:01:25,3.3130,17.63
2026/04/05 11:06:26,3.3114,17.62
2026/04/05 11:11:26,3.3012,17.64
2026/04/05 11:16:27,3.2949,17.63
2026/04/05 11:21:27,3.2852,17.64
2026/04/05 11:26:28,3.2699,17.68
2026/04/05 11:31:28,3.2638,17.66
2026/04/05 11:36:29,3.2520,17.65
2026/04/05 11:41:29,3.2468,17.64
2026/04/05 11:46:30,3.2420,17.65
2026/04/05 11:51:31,3.2384,17.69
2026/04/05 11:56:31,3.2277,17.69
2026/04/05 12:01:32,3.2197,17.66
2026/04/05 12:06:32,3.2088,17.65
2026/04/05 12:11:33,3.2006,17.64
2026/04/05 12:16:34,3.1929,17.64
2026/04/05 12:21:34,3.1903,17.66
2026/04/05 12:26:35,3.1864,17.65
2026/04/05 12:31:35,3.1779,17.64
2026/04/05 12:36:36,3.1723,17.62
2026/04/05 12:41:36,3.1639,17.65
2026/04/05 12:46:37,3.1583,17.68
2026/04/05 12:51:38,3.1555,17.70
2026/04/05 12:56:38,3.1536,17.73
2026/04/05 13:01:39,3.1432,17.73
2026/04/05 13:06:39,3.1421,17.72
2026/04/05 13:11:40,3.1376,17.71
2026/04/05 13:16:41,3.1335,17.68
2026/04/05 13:21:41,3.1332,17.64
2026/04/05 13:26:42,3.1290,17.63
2026/04/05 13:31:42,3.1251,17.61
2026/04/05 13:36:43,3.1237,17.60
2026/04/05 13:41:43,3.1157,17.58
2026/04/05 13:46:44,3.1099,17.58
2026/04/05 13:51:45,3.1077,17.58
2026/04/05 13:56:46,3.1021,17.59
2026/04/05 14:01:46,3.1000,17.57
2026/04/05 14:06:47,3.0948,17.57
2026/04/05 14:11:47,3.0971,17.57
2026/04/05 14:16:48,3.0957,17.57
2026/04/05 14:21:48,3.0921,17.57
2026/04/05 14:26:49,3.1040,17.58
2026/04/05 14:31:50,3.1037,17.59
2026/04/05 14:36:50,3.0946,17.60
2026/04/05 14:41:51,3.0846,17.61
2026/04/05 14:46:51,3.0700,17.74
2026/04/05 14:51:52,3.0632,17.78
2026/04/05 14:56:52,3.0710,17.72
2026/04/05 15:01:53,3.0684,17.75
2026/04/05 15:06:53,3.0673,17.77
2026/04/05 15:11:54,3.0645,17.75
2026/04/05 15:16:54,3.0665,17.72
2026/04/05 15:21:55,3.0938,17.68
2026/04/05 15:26:56,3.1154,17.64
2026/04/05 15:31:56,3.1331,17.70
2026/04/05 15:36:57,3.1506,17.64
2026/04/05 15:41:57,3.1503,17.62
2026/04/05 15:46:58,3.1575,17.70
2026/04/05 15:51:58,3.1610,17.77
2026/04/05 15:56:59,3.1588,17.83
2026/04/05 16:01:59,3.1594,17.82
2026/04/05 16:07:00,3.1662,17.85
2026/04/05 16:12:01,3.1708,17.88
2026/04/05 16:17:01,3.1706,17.87
2026/04/05 16:22:02,3.1722,17.87
2026/04/05 16:27:02,3.1744,17.87
2026/04/05 16:32:03,3.1739,17.86
2026/04/05 16:37:03,3.1718,17.87
2026/04/05 16:42:04,3.1737,17.85
2026/04/05 16:47:04,3.1818,17.84
2026/04/05 16:52:05,3.1826,17.84
2026/04/05 16:57:05,3.1789,17.85
2026/04/05 17:02:06,3.1811,17.84
2026/04/05 17:07:06,3.1796,17.81
2026/04/05 17:12:07,3.1783,17.82
2026/04/05 17:17:07,3.1790,17.80
2026/04/05 17:22:08,3.1839,17.81
2026/04/05 17:27:08,3.1954,17.81
2026/04/05 17:32:09,3.1962,17.82
2026/04/05 17:37:09,3.1856,17.80
2026/04/05 17:42:10,3.1851,17.80
2026/04/05 17:47:11,3.1839,17.79
2026/04/05 17:52:11,3.1788,17.79
2026/04/05 17:57:12,3.1896,17.80
2026/04/05 18:02:12,3.1953,17.80
2026/04/05 18:07:13,3.1957,17.80
2026/04/05 18:12:13,3.1998,17.79
2026/04/05 18:17:14,3.1984,17.79
2026/04/05 18:22:14,3.2050,17.79
2026/04/05 18:27:15,3.2069,17.78
2026/04/05 18:32:15,3.2090,17.75
2026/04/05 18:37:16,3.2134,17.75
2026/04/05 18:42:16,3.2175,17.74
2026/04/05 18:47:17,3.2189,17.74
2026/04/05 18:52:17,3.2192,17.73
2026/04/05 18:57:18,3.2221,17.73
2026/04/05 19:02:18,3.2228,17.71
2026/04/05 19:07:19,3.2219,17.70
2026/04/05 19:12:19,3.2253,17.69
2026/04/05 19:17:20,3.2331,17.70
2026/04/05 19:22:21,3.2341,17.69
2026/04/05 19:27:21,3.2354,17.69
2026/04/05 19:32:22,3.2373,17.68
2026/04/05 19:37:22,3.2566,17.67
2026/04/05 19:42:23,3.2769,17.67
2026/04/05 19:47:23,3.2887,17.67
2026/04/05 19:52:24,3.3106,17.68
2026/04/05 19:57:24,3.3256,17.67
2026/04/05 20:02:25,3.3378,17.67
2026/04/05 20:07:26,3.3474,17.67
2026/04/05 20:12:26,3.3620,17.66
2026/04/05 20:17:27,3.3765,17.67
2026/04/05 20:22:27,3.3778,17.66
2026/04/05 20:27:28,3.3793,17.66
2026/04/05 20:32:28,3.3798,17.66
2026/04/05 20:37:29,3.3819,17.67
2026/04/05 20:42:29,3.3811,17.67
2026/04/05 20:47:30,3.3828,17.66
2026/04/05 20:52:30,3.3838,17.66
2026/04/05 20:57:31,3.3877,17.65
2026/04/05 21:02:31,3.3862,17.66
2026/04/05 21:07:32,3.3883,17.67
2026/04/05 21:12:33,3.3868,17.66
2026/04/05 21:17:33,3.3827,17.66
2026/04/05 21:22:34,3.3869,17.67
2026/04/05 21:27:34,3.3950,17.67
2026/04/05 21:32:35,3.3970,17.67
2026/04/05 21:37:35,3.3974,17.66
2026/04/05 21:42:36,3.4024,17.68
2026/04/05 21:47:36,3.4046,17.68
2026/04/05 21:52:37,3.3991,17.67
2026/04/05 21:57:37,3.3942,17.67
2026/04/05 22:02:38,3.3971,17.68
2026/04/05 22:07:38,3.3977,17.67
2026/04/05 22:12:39,3.3990,17.68
2026/04/05 22:17:40,3.3968,17.68
2026/04/05 22:22:40,3.3975,17.69
2026/04/05 22:27:41,3.4003,17.68
2026/04/05 22:32:41,3.3971,17.68
2026/04/05 22:37:42,3.4001,17.68
2026/04/05 22:42:42,3.4012,17.68
2026/04/05 22:47:43,3.3987,17.68
2026/04/05 22:52:43,3.3962,17.68
2026/04/05 22:57:44,3.4002,17.68
2026/04/05 23:02:44,3.3993,17.67
2026/04/05 23:07:45,3.3992,17.66
2026/04/05 23:12:45,3.4004,17.66
2026/04/05 23:17:46,3.4027,17.65
2026/04/05 23:22:47,3.4020,17.65
2026/04/05 23:27:47,3.3991,17.64
2026/04/05 23:32:48,3.4083,17.64
2026/04/05 23:37:48,3.4113,17.63
2026/04/05 23:42:49,3.4072,17.63
2026/04/05 23:47:49,3.4068,17.62
2026/04/05 23:52:50,3.4085,17.61
2026/04/05 23:57:50,3.4067,17.61
2026/04/06 00:02:51,3.4093,17.60
2026/04/06 00:07:52,3.4064,17.59
2026/04/06 00:12:52,3.3903,17.57
2026/04/06 00:17:53,3.3783,17.58
2026/04/06 00:22:53,3.3722,17.57
2026/04/06 00:27:54,3.3555,17.57
2026/04/06 00:32:54,3.3295,17.58
2026/04/06 00:37:55,3.3089,17.56
2026/04/06 00:42:55,3.2971,17.56
2026/04/06 00:47:56,3.2831,17.56
2026/04/06 00:52:57,3.2743,17.56
2026/04/06 00:57:57,3.2619,17.56
2026/04/06 01:02:58,3.2490,17.57
2026/04/06 01:07:58,3.2387,17.56
2026/04/06 01:12:59,3.2318,17.55
2026/04/06 01:17:59,3.2273,17.56
2026/04/06 01:23:00,3.2253,17.55
2026/04/06 01:28:00,3.2082,17.55
2026/04/06 01:33:01,3.2093,17.54
2026/04/06 01:38:02,3.2064,17.53
2026/04/06 01:43:02,3.1906,17.53
2026/04/06 01:48:03,3.1904,17.52
2026/04/06 01:53:03,3.1859,17.52
2026/04/06 01:58:04,3.1706,17.51
2026/04/06 02:03:04,3.1661,17.52
2026/04/06 02:08:05,3.1518,17.51
2026/04/06 02:13:05,3.1498,17.50
2026/04/06 02:18:06,3.1405,17.49
2026/04/06 02:23:06,3.1414,17.50
2026/04/06 02:28:07,3.1466,17.50
2026/04/06 02:33:07,3.1516,17.50
2026/04/06 02:38:08,3.1429,17.50
2026/04/06 02:43:08,3.1262,17.50
2026/04/06 02:48:09,3.1242,17.48
2026/04/06 02:53:09,3.1177,17.48
2026/04/06 02:58:10,3.1331,17.48
2026/04/06 03:03:10,3.1355,17.48
2026/04/06 03:08:11,3.1414,17.49
2026/04/06 03:13:12,3.1312,17.48
2026/04/06 03:18:12,3.1214,17.48
2026/04/06 03:23:13,3.1246,17.45
2026/04/06 03:28:13,3.1199,17.44
2026/04/06 03:33:14,3.1182,17.43
2026/04/06 03:38:14,3.1187,17.43
2026/04/06 03:43:15,3.1242,17.43
2026/04/06 03:48:15,3.1215,17.42
2026/04/06 03:53:16,3.1250,17.43
2026/04/06 03:58:17,3.1186,17.43
2026/04/06 04:03:17,3.1119,17.43
2026/04/06 04:08:18,3.1135,17.43
2026/04/06 04:13:18,3.1051,17.42
2026/04/06 04:18:19,3.1088,17.42
2026/04/06 04:23:19,3.1041,17.42
2026/04/06 04:28:20,3.1019,17.43
2026/04/06 04:33:20,3.0926,17.43
2026/04/06 04:38:21,3.0884,17.42
2026/04/06 04:43:22,3.0892,17.42
2026/04/06 04:48:22,3.0832,17.42
2026/04/06 04:53:23,3.0855,17.42
2026/04/06 04:58:24,3.0854,17.42
2026/04/06 05:03:24,3.0960,17.41
2026/04/06 05:08:25,3.0974,17.41
2026/04/06 05:13:25,3.0828,17.41
2026/04/06 05:18:26,3.0699,17.41
2026/04/06 05:23:26,3.0610,17.40
2026/04/06 05:28:27,3.0482,17.39
2026/04/06 05:33:28,3.0581,17.40
2026/04/06 05:38:28,3.0615,17.39
2026/04/06 05:43:29,3.0623,17.40
2026/04/06 05:48:30,3.0542,17.40
2026/04/06 05:53:30,3.0417,17.40
2026/04/06 05:58:31,3.0342,17.40
2026/04/06 06:03:31,3.0332,17.39
2026/04/06 06:08:32,3.0295,17.39
2026/04/06 06:13:32,3.0292,17.39
2026/04/06 06:18:33,3.0286,17.39
2026/04/06 06:23:34,3.0225,17.38
2026/04/06 06:28:34,3.0164,17.38
2026/04/06 06:33:35,3.0119,17.39
2026/04/06 06:38:36,3.0075,17.39
2026/04/06 06:43:36,3.0047,17.39
2026/04/06 06:48:37,3.0062,17.39
2026/04/06 06:53:37,3.0044,17.38
2026/04/06 06:58:38,3.0136,17.39
2026/04/06 07:03:39,3.0052,17.38
2026/04/06 07:08:39,2.9921,17.39
2026/04/06 07:13:40,2.9802,17.39
2026/04/06 07:18:40,2.9662,17.39
2026/04/06 07:23:41,2.9625,17.39
2026/04/06 07:28:42,2.9758,17.39
2026/04/06 07:33:42,2.9769,17.39
2026/04/06 07:38:43,2.9692,17.39
2026/04/06 07:43:43,2.9752,17.39
2026/04/06 07:48:44,2.9866,17.39
2026/04/06 07:53:44,2.9991,17.39
2026/04/06 07:58:45,3.0175,17.39
2026/04/06 08:03:45,3.0402,17.39
2026/04/06 08:08:46,3.0492,17.40
2026/04/06 08:13:46,3.0555,17.39
2026/04/06 08:18:47,3.0673,17.39
2026/04/06 08:23:47,3.0737,17.42
2026/04/06 08:28:48,3.0645,17.42
2026/04/06 08:33:49,3.0583,17.42
2026/04/06 08:38:49,3.0644,17.42
2026/04/06 08:43:50,3.0682,17.42
2026/04/06 08:48:51,3.0670,17.43
2026/04/06 08:53:51,3.0683,17.42
2026/04/06 08:58:52,3.0713,17.44
2026/04/06 09:03:52,3.0592,17.46
2026/04/06 09:08:53,3.0456,17.47
2026/04/06 09:13:53,3.0564,17.45
2026/04/06 09:18:54,3.0637,17.46
2026/04/06 09:23:55,3.0576,17.46
2026/04/06 09:28:55,3.0539,17.47
2026/04/06 09:33:56,3.0530,17.47
2026/04/06 09:38:56,3.0491,17.51
2026/04/06 09:43:57,3.0485,17.50
2026/04/06 09:48:57,3.0567,17.48
2026/04/06 09:53:58,3.0657,17.47
2026/04/06 09:58:59,3.0671,17.46
2026/04/06 10:03:59,3.0664,17.45
2026/04/06 10:09:00,3.0664,17.48
2026/04/06 10:14:00,3.0584,17.49
2026/04/06 10:19:01,3.0521,17.48
2026/04/06 10:24:01,3.0506,17.48
2026/04/06 10:29:02,3.0522,17.49
2026/04/06 10:34:02,3.0560,17.49
2026/04/06 10:39:03,3.0570,17.48
2026/04/06 10:44:04,3.0558,17.47
2026/04/06 10:49:04,3.0509,17.47
2026/04/06 10:54:05,3.0458,17.48
2026/04/06 10:59:05,3.0396,17.48
2026/04/06 11:04:06,3.0321,17.50
2026/04/06 11:09:06,3.0317,17.47
2026/04/06 11:14:07,3.0304,17.52
2026/04/06 11:19:07,3.0266,17.52
2026/04/06 11:24:08,3.0210,17.54
2026/04/06 11:29:09,3.0133,17.54
2026/04/06 11:34:09,3.0039,17.55
2026/04/06 11:39:10,2.9911,17.57
2026/04/06 11:44:10,2.9851,17.56
2026/04/06 11:49:11,2.9839,17.55
2026/04/06 11:54:12,2.9782,17.56
2026/04/06 11:59:12,2.9734,17.57
2026/04/06 12:04:13,2.9665,17.56
2026/04/06 12:09:14,2.9614,17.55
2026/04/06 12:14:14,2.9603,17.56
2026/04/06 12:19:15,2.9622,17.57
2026/04/06 12:24:15,2.9583,17.61
2026/04/06 12:29:16,2.9526,17.63
2026/04/06 12:34:17,2.9418,17.64
2026/04/06 12:39:17,2.9250,17.68
2026/04/06 12:44:18,2.9184,17.69
2026/04/06 12:49:18,2.9275,17.67
2026/04/06 12:54:19,2.9288,17.66
2026/04/06 12:59:20,2.9212,17.66
2026/04/06 13:04:20,2.9162,17.65
2026/04/06 13:09:21,2.9115,17.64
2026/04/06 13:14:21,2.9067,17.65
2026/04/06 13:19:22,2.8968,17.69
2026/04/06 13:24:22,2.8962,17.68
2026/04/06 13:29:23,2.8984,17.70
2026/04/06 13:34:24,2.8947,17.70
2026/04/06 13:39:24,2.8857,17.70
2026/04/06 13:44:25,2.8914,17.68
2026/04/06 13:49:25,2.8860,17.70
2026/04/06 13:54:26,2.8753,17.71
2026/04/06 13:59:27,2.8688,17.74
2026/04/06 14:04:27,2.8686,17.77
2026/04/06 14:09:28,2.8669,17.77
2026/04/06 14:14:28,2.8632,17.77
2026/04/06 14:19:29,2.8630,17.78
2026/04/06 14:24:29,2.8611,17.77
2026/04/06 14:29:30,2.8508,17.75
2026/04/06 14:34:30,2.8446,17.76
2026/04/06 14:39:31,2.8422,17.76
2026/04/06 14:44:31,2.8419,17.79
2026/04/06 14:49:32,2.8382,17.79
2026/04/06 14:54:32,2.8329,17.79
2026/04/06 14:59:33,2.8295,17.77
2026/04/06 15:04:34,2.8295,17.77
2026/04/06 15:09:34,2.8260,17.77
2026/04/06 15:14:35,2.8280,17.79
2026/04/06 15:19:36,2.8264,17.77
2026/04/06 15:24:36,2.8165,17.78
2026/04/06 15:29:37,2.8183,17.80
2026/04/06 15:34:37,2.8175,17.80
2026/04/06 15:39:38,2.8265,17.80
2026/04/06 15:44:38,2.8316,17.82
2026/04/06 15:49:39,2.8243,17.82
2026/04/06 15:54:39,2.8141,17.88
2026/04/06 15:59:40,2.7995,17.93
2026/04/06 16:04:40,2.7969,17.93
2026/04/06 16:09:41,2.8055,17.93
2026/04/06 16:14:42,2.8028,17.93
2026/04/06 16:19:42,2.8036,17.91
2026/04/06 16:24:43,2.7991,17.90
2026/04/06 16:29:43,2.7895,17.88
2026/04/06 16:34:44,2.7874,17.91
2026/04/06 16:39:45,2.7861,17.93
2026/04/06 16:44:45,2.7845,17.88
2026/04/06 16:49:46,2.8046,17.89
2026/04/06 16:54:46,2.8302,17.90
2026/04/06 16:59:47,2.8434,17.90
2026/04/06 17:04:48,2.8388,18.00
2026/04/06 17:09:48,2.8431,17.95
2026/04/06 17:14:49,2.8392,18.03
2026/04/06 17:19:49,2.8487,18.04
2026/04/06 17:24:50,2.8558,18.07
2026/04/06 17:29:50,2.8642,18.05
2026/04/06 17:34:51,2.8690,18.07
2026/04/06 17:39:52,2.8688,18.11
2026/04/06 17:44:52,2.8713,18.10
2026/04/06 17:49:53,2.8747,18.07
2026/04/06 17:54:53,2.8743,18.09
2026/04/06 17:59:54,2.8788,18.09
2026/04/06 18:04:54,2.8885,18.10
2026/04/06 18:09:55,2.8935,18.10
2026/04/06 18:14:56,2.8997,18.10
2026/04/06 18:19:56,2.9011,18.09
2026/04/06 18:24:57,2.8982,18.07
2026/04/06 18:29:58,2.8937,18.07
2026/04/06 18:34:58,2.8930,18.06
2026/04/06 18:39:59,2.9025,18.05
2026/04/06 18:44:59,2.9024,18.05
2026/04/06 18:50:00,2.9008,18.05
2026/04/06 18:55:00,2.8998,18.05
2026/04/06 19:00:01,2.8995,18.03
2026/04/06 19:05:01,2.8988,18.01
2026/04/06 19:10:02,2.8974,18.01
2026/04/06 19:15:03,2.9002,18.01
2026/04/06 19:20:03,2.9058,17.99
2026/04/06 19:25:04,2.9051,17.99
2026/04/06 19:30:04,2.8972,17.99
2026/04/06 19:35:05,2.9003,17.99
2026/04/06 19:40:05,2.8989,18.00
2026/04/06 19:45:06,2.9023,17.99
2026/04/06 19:50:06,2.9008,17.98
2026/04/06 19:55:07,2.9068,17.99
2026/04/06 20:00:08,2.9113,17.96
2026/04/06 20:05:08,2.9279,17.97
2026/04/06 20:10:09,2.9497,17.96
2026/04/06 20:15:09,2.9598,17.95
2026/04/06 20:20:10,2.9810,17.97
2026/04/06 20:25:10,2.9992,17.96
2026/04/06 20:30:11,3.0096,17.96
2026/04/06 20:35:12,3.0198,17.95
2026/04/06 20:40:12,3.0373,17.95
2026/04/06 20:45:13,3.0487,17.96
2026/04/06 20:50:14,3.0500,17.95
2026/04/06 20:55:14,3.0474,17.95
2026/04/06 21:00:15,3.0501,17.95
2026/04/06 21:05:15,3.0549,17.95
2026/04/06 21:10:16,3.0579,17.95
2026/04/06 21:15:17,3.0698,17.95
2026/04/06 21:20:17,3.0745,17.94
2026/04/06 21:25:18,3.0628,17.93
2026/04/06 21:30:19,3.0580,17.94
2026/04/06 21:35:19,3.0513,17.93
2026/04/06 21:40:20,3.0522,17.93
2026/04/06 21:45:20,3.0487,17.93
2026/04/06 21:50:21,3.0519,17.93
2026/04/06 21:55:21,3.0540,17.94
2026/04/06 22:00:22,3.0592,17.94
2026/04/06 22:05:22,3.0556,17.93
2026/04/06 22:10:23,3.0564,17.92
2026/04/06 22:15:23,3.0580,17.91
2026/04/06 22:20:24,3.0583,17.91
2026/04/06 22:25:25,3.0537,17.92
2026/04/06 22:30:25,3.0484,17.93
2026/04/06 22:35:26,3.0545,17.91
2026/04/06 22:40:26,3.0593,17.92
2026/04/06 22:45:27,3.0598,17.91
2026/04/06 22:50:27,3.0608,17.91
2026/04/06 22:55:28,3.0630,17.91
2026/04/06 23:00:29,3.0613,17.90
2026/04/06 23:05:29,3.0610,17.91
2026/04/06 23:10:30,3.0614,17.90
2026/04/06 23:15:30,3.0654,17.90
2026/04/06 23:20:31,3.0622,17.90
2026/04/06 23:25:31,3.0653,17.89
2026/04/06 23:30:32,3.0639,17.90
2026/04/06 23:35:32,3.0667,17.89
2026/04/06 23:40:33,3.0687,17.88
2026/04/06 23:45:33,3.0694,17.89
2026/04/06 23:50:34,3.0647,17.88
2026/04/06 23:55:34,3.0677,17.88
2026/04/07 00:00:35,3.0685,17.87
2026/04/07 00:05:36,3.0714,17.88
2026/04/07 00:10:36,3.0618,17.88
2026/04/07 00:15:37,3.0631,17.88
2026/04/07 00:20:37,3.0638,17.87
2026/04/07 00:25:38,3.0552,17.87
2026/04/07 00:30:38,3.0317,17.86
2026/04/07 00:35:39,3.0123,17.86
2026/04/07 00:40:40,3.0006,17.86
2026/04/07 00:45:40,2.9891,17.86
2026/04/07 00:50:41,2.9857,17.86
2026/04/07 00:55:41,2.9825,17.84
2026/04/07 01:00:42,2.9782,17.84
2026/04/07 01:05:42,2.9714,17.82
2026/04/07 01:10:43,2.9643,17.82
2026/04/07 01:15:44,2.9620,17.82
2026/04/07 01:20:44,2.9588,17.82
2026/04/07 01:25:45,2.9549,17.81
2026/04/07 01:30:45,2.9480,17.81
2026/04/07 01:35:46,2.9536,17.80
2026/04/07 01:40:46,2.9474,17.80
2026/04/07 01:45:47,2.9443,17.80
2026/04/07 01:50:48,2.9414,17.80
2026/04/07 01:55:48,2.9403,17.80
2026/04/07 02:00:49,2.9374,17.80
2026/04/07 02:05:49,2.9351,17.79
2026/04/07 02:10:50,2.9370,17.78
2026/04/07 02:15:50,2.9328,17.77
2026/04/07 02:20:51,2.9300,17.78
2026/04/07 02:25:51,2.9251,17.77
2026/04/07 02:30:52,2.9198,17.77
2026/04/07 02:35:52,2.9143,17.77
2026/04/07 02:40:53,2.9178,17.75
2026/04/07 02:45:53,2.9197,17.75
2026/04/07 02:50:54,2.9199,17.75
2026/04/07 02:55:55,2.9148,17.75
2026/04/07 03:00:55,2.9217,17.77
2026/04/07 03:05:56,2.9222,17.77
2026/04/07 03:10:56,2.9209,17.77
2026/04/07 03:15:57,2.9223,17.76
2026/04/07 03:20:57,2.9225,17.74
2026/04/07 03:25:58,2.9240,17.72
2026/04/07 03:30:58,2.9313,17.71
2026/04/07 03:35:59,2.9424,17.71
2026/04/07 03:40:59,2.9363,17.69
2026/04/07 03:46:00,2.9328,17.68
2026/04/07 03:51:01,2.9160,17.69
2026/04/07 03:56:01,2.9089,17.69
2026/04/07 04:01:02,2.9145,17.69
2026/04/07 04:06:02,2.9174,17.67
2026/04/07 04:11:03,2.9231,17.65
2026/04/07 04:16:03,2.9133,17.66
2026/04/07 04:21:04,2.9118,17.66
2026/04/07 04:26:04,2.9035,17.66
2026/04/07 04:31:05,2.8954,17.64
2026/04/07 04:36:05,2.9005,17.65
2026/04/07 04:41:06,2.9042,17.65
2026/04/07 04:46:06,2.9039,17.64
2026/04/07 04:51:07,2.9032,17.64
2026/04/07 04:56:07,2.8912,17.64
2026/04/07 05:01:08,2.8948,17.63
2026/04/07 05:06:09,2.8939,17.64
2026/04/07 05:11:09,2.8899,17.64
2026/04/07 05:16:10,2.8830,17.62
2026/04/07 05:21:10,2.8846,17.63
2026/04/07 05:26:11,2.8858,17.62
2026/04/07 05:31:11,2.8787,17.63
2026/04/07 05:36:12,2.8790,17.63
2026/04/07 05:41:13,2.8753,17.63
2026/04/07 05:46:13,2.8663,17.63
2026/04/07 05:51:14,2.8708,17.61
2026/04/07 05:56:14,2.8785,17.62
2026/04/07 06:01:15,2.8734,17.61
2026/04/07 06:06:15,2.8749,17.60
2026/04/07 06:11:16,2.8702,17.60
2026/04/07 06:16:17,2.8653,17.60
2026/04/07 06:21:17,2.8629,17.60
2026/04/07 06:26:18,2.8629,17.60
2026/04/07 06:31:18,2.8633,17.59
2026/04/07 06:36:19,2.8627,17.60
2026/04/07 06:41:20,2.8578,17.59
2026/04/07 06:46:20,2.8613,17.60
2026/04/07 06:51:21,2.8690,17.60
2026/04/07 06:56:21,2.8670,17.59
2026/04/07 07:01:22,2.8525,17.59
2026/04/07 07:06:22,2.8381,17.59
2026/04/07 07:11:23,2.8312,17.58
2026/04/07 07:16:24,2.8485,17.58
2026/04/07 07:21:24,2.8506,17.58
2026/04/07 07:26:25,2.8557,17.58
2026/04/07 07:31:25,2.8999,17.58
2026/04/07 07:36:26,2.9334,17.58
2026/04/07 07:41:26,2.9509,17.59
2026/04/07 07:46:27,2.9840,17.59
2026/04/07 07:51:27,3.0162,17.59
2026/04/07 07:56:28,3.0243,17.61
2026/04/07 08:01:28,3.0342,17.63
2026/04/07 08:06:29,3.0477,17.61
2026/04/07 08:11:30,3.0542,17.62
2026/04/07 08:16:30,3.0514,17.63
2026/04/07 08:21:31,3.0403,17.64
2026/04/07 08:26:31,3.0521,17.66
2026/04/07 08:31:32,3.0609,17.67
2026/04/07 08:36:32,3.0616,17.68
2026/04/07 08:41:33,3.0562,17.68
2026/04/07 08:46:33,3.0635,17.68
2026/04/07 08:51:34,3.0628,17.69
2026/04/07 08:56:34,3.0575,17.70
2026/04/07 09:01:35,3.0735,17.72
2026/04/07 09:06:35,3.0845,17.75
2026/04/07 09:11:36,3.0914,17.77
2026/04/07 09:16:36,3.0979,17.79
2026/04/07 09:21:37,3.1081,17.80
2026/04/07 09:26:37,3.1280,17.80
2026/04/07 09:31:38,3.1386,17.80
2026/04/07 09:36:39,3.1467,17.80
2026/04/07 09:41:39,3.1583,17.80
2026/04/07 09:46:40,3.1509,17.80
2026/04/07 09:51:40,3.1467,17.79
2026/04/07 09:56:41,3.1442,17.79
2026/04/07 10:01:41,3.1518,17.79
2026/04/07 10:06:42,3.1562,17.76
2026/04/07 10:11:42,3.1529,17.75
2026/04/07 10:16:43,3.1501,17.73
2026/04/07 10:21:44,3.1330,17.75
2026/04/07 10:26:44,3.1325,17.75
2026/04/07 10:31:45,3.1253,17.74
2026/04/07 10:36:45,3.1267,17.75
2026/04/07 10:41:46,3.1308,17.77
2026/04/07 10:46:46,3.1319,17.79
2026/04/07 10:51:47,3.1181,17.79
2026/04/07 10:56:47,3.1100,17.81
2026/04/07 11:01:48,3.1125,17.82
2026/04/07 11:06:48,3.1043,17.83
2026/04/07 11:11:49,3.1046,17.85
2026/04/07 11:16:49,3.0977,17.85
2026/04/07 11:21:50,3.0909,17.85
2026/04/07 11:26:50,3.0869,17.87
2026/04/07 11:31:51,3.0833,17.88
2026/04/07 11:36:52,3.0786,17.90
2026/04/07 11:41:52,3.0746,17.93
2026/04/07 11:46:53,3.0674,17.93
2026/04/07 11:51:53,3.0562,17.94
2026/04/07 11:56:54,3.0445,17.95
2026/04/07 12:01:55,3.0267,17.95
2026/04/07 12:06:55,3.0227,17.94
2026/04/07 12:11:56,3.0177,17.95
2026/04/07 12:16:56,3.0237,17.94
2026/04/07 12:21:57,3.0232,17.96
2026/04/07 12:26:57,3.0177,17.98
2026/04/07 12:31:58,3.0082,18.01
2026/04/07 12:36:58,2.9981,18.03
2026/04/07 12:41:59,2.9945,18.03
2026/04/07 12:46:59,2.9781,18.02
2026/04/07 12:52:00,2.9771,18.06
2026/04/07 12:57:00,2.9806,18.08
2026/04/07 13:02:01,2.9680,18.04
2026/04/07 13:07:01,2.9676,18.10
2026/04/07 13:12:02,2.9547,18.09
2026/04/07 13:17:02,2.9487,18.12
2026/04/07 13:22:03,2.9490,18.10
2026/04/07 13:27:04,2.9461,18.09
2026/04/07 13:32:04,2.9431,18.09
2026/04/07 13:37:05,2.9406,18.08
2026/04/07 13:42:05,2.9339,18.12
2026/04/07 13:47:06,2.9411,18.12
2026/04/07 13:52:06,2.9373,18.14
2026/04/07 13:57:07,2.9344,18.13
2026/04/07 14:02:07,2.9254,18.13
2026/04/07 14:07:08,2.9300,18.14
2026/04/07 14:12:08,2.9216,18.14
2026/04/07 14:17:09,2.9234,18.14
2026/04/07 14:22:09,2.9176,18.15
2026/04/07 14:27:10,2.9193,18.16
2026/04/07 14:32:10,2.9239,18.17
2026/04/07 14:37:11,2.9173,18.22
2026/04/07 14:42:12,2.9122,18.26
2026/04/07 14:47:12,2.8963,18.28
2026/04/07 14:52:13,2.9351,18.29
2026/04/07 14:57:13,2.9852,18.18
2026/04/07 15:02:14,2.9913,18.21
2026/04/07 15:07:14,2.9912,18.12
2026/04/07 15:12:15,3.0023,18.10
2026/04/07 15:17:15,3.0015,18.11
2026/04/07 15:22:16,3.0140,18.11
2026/04/07 15:27:17,3.0190,18.07
2026/04/07 15:32:17,3.0149,18.09
2026/04/07 15:37:18,3.0250,18.14
2026/04/07 15:42:18,3.0198,18.15
2026/04/07 15:47:19,3.0271,18.20
2026/04/07 15:52:19,3.0273,18.18
2026/04/07 15:57:20,3.0432,18.16
2026/04/07 16:02:20,3.0424,18.15
2026/04/07 16:07:21,3.0567,18.16
2026/04/07 16:12:21,3.0574,18.16
2026/04/07 16:17:22,3.0500,18.16
2026/04/07 16:22:22,3.0547,18.13
2026/04/07 16:27:23,3.0475,18.13
2026/04/07 16:32:24,3.0410,18.13
2026/04/07 16:37:24,3.0413,18.12
2026/04/07 16:42:25,3.0634,18.11
2026/04/07 16:47:25,3.0640,18.09
2026/04/07 16:52:26,3.0631,18.09
2026/04/07 16:57:26,3.0603,18.09
2026/04/07 17:02:27,3.0587,18.05
2026/04/07 17:07:27,3.0457,18.05
2026/04/07 17:12:28,3.0561,18.05
2026/04/07 17:17:28,3.0604,18.03
2026/04/07 17:22:29,3.0673,17.98
2026/04/07 17:27:29,3.0634,17.98
2026/04/07 17:32:30,3.0607,17.98
2026/04/07 17:37:30,3.0514,17.95
2026/04/07 17:42:31,3.0643,17.96
2026/04/07 17:47:31,3.0622,17.90
2026/04/07 17:52:32,3.0684,17.91
2026/04/07 17:57:33,3.0799,17.91
2026/04/07 18:02:33,3.0782,17.89
2026/04/07 18:07:34,3.0775,17.86
2026/04/07 18:12:34,3.0777,17.87
2026/04/07 18:17:35,3.0654,17.85
2026/04/07 18:22:35,3.0724,17.83
2026/04/07 18:27:36,3.0772,17.81
2026/04/07 18:32:36,3.0670,17.79
2026/04/07 18:37:37,3.0713,17.77
2026/04/07 18:42:37,3.0703,17.78
2026/04/07 18:47:38,3.0733,17.74
2026/04/07 18:52:38,3.0702,17.73
2026/04/07 18:57:39,3.0747,17.71
2026/04/07 19:02:39,3.0636,17.71
2026/04/07 19:07:40,3.0606,17.70
2026/04/07 19:12:40,3.0714,17.68
2026/04/07 19:17:41,3.0757,17.68
2026/04/07 19:22:41,3.0820,17.66
2026/04/07 19:27:42,3.0709,17.64
2026/04/07 19:32:42,3.0685,17.64
2026/04/07 19:37:43,3.0703,17.62
2026/04/07 19:42:43,3.0643,17.63
2026/04/07 19:47:44,3.0733,17.61
2026/04/07 19:52:44,3.0731,17.61
2026/04/07 19:57:45,3.0779,17.60
2026/04/07 20:02:46,3.0836,17.59
2026/04/07 20:07:46,3.0822,17.59
2026/04/07 20:12:47,3.0880,17.59
2026/04/07 20:17:47,3.1050,17.59
2026/04/07 20:22:48,3.1170,17.58
2026/04/07 20:27:48,3.1325,17.58
2026/04/07 20:32:49,3.1503,17.58
2026/04/07 20:37:49,3.1697,17.58
2026/04/07 20:42:50,3.1756,17.57
2026/04/07 20:47:50,3.1856,17.57
2026/04/07 20:52:51,3.1967,17.57
2026/04/07 20:57:51,3.1993,17.57
2026/04/07 21:02:52,3.2029,17.57
2026/04/07 21:07:53,3.2083,17.56
2026/04/07 21:12:53,3.2205,17.57
2026/04/07 21:17:54,3.2207,17.56
2026/04/07 21:22:54,3.2170,17.57
2026/04/07 21:27:55,3.2231,17.55
2026/04/07 21:32:56,3.2288,17.56
2026/04/07 21:37:56,3.2280,17.57
2026/04/07 21:42:57,3.2291,17.56
2026/04/07 21:47:57,3.2324,17.56
2026/04/07 21:52:58,3.2317,17.56
2026/04/07 21:57:58,3.2304,17.55
2026/04/07 22:02:59,3.2270,17.55
2026/04/07 22:07:59,3.2306,17.56
2026/04/07 22:13:00,3.2313,17.55
2026/04/07 22:18:00,3.2294,17.55
2026/04/07 22:23:01,3.2327,17.54
2026/04/07 22:28:01,3.2377,17.57
2026/04/07 22:33:02,3.2332,17.55
2026/04/07 22:38:02,3.2258,17.55
2026/04/07 22:43:03,3.2226,17.55
2026/04/07 22:48:03,3.2184,17.56
2026/04/07 22:53:04,3.2193,17.55
2026/04/07 22:58:05,3.2185,17.55
2026/04/07 23:03:05,3.2144,17.54
2026/04/07 23:08:06,3.2144,17.55
2026/04/07 23:13:06,3.2146,17.55
2026/04/07 23:18:07,3.2099,17.55
2026/04/07 23:23:07,3.2104,17.55
2026/04/07 23:28:08,3.2096,17.55
2026/04/07 23:33:09,3.2098,17.54
2026/04/07 23:38:09,3.2067,17.54
2026/04/07 23:43:10,3.2005,17.54
2026/04/07 23:48:10,3.2076,17.54
2026/04/07 23:53:11,3.2043,17.55
2026/04/07 23:58:11,3.1922,17.55
2026/04/08 00:03:12,3.1721,17.54
2026/04/08 00:08:12,3.1537,17.55
2026/04/08 00:13:13,3.1380,17.55
2026/04/08 00:18:14,3.1300,17.54
2026/04/08 00:23:14,3.1186,17.55
2026/04/08 00:28:15,3.1137,17.54
2026/04/08 00:33:15,3.1018,17.54
2026/04/08 00:38:16,3.0903,17.55
2026/04/08 00:43:17,3.0843,17.55
2026/04/08 00:48:17,3.0809,17.55
2026/04/08 00:53:18,3.0789,17.55
2026/04/08 00:58:18,3.0716,17.56
2026/04/08 01:03:19,3.0660,17.56
2026/04/08 01:08:20,3.0629,17.54
2026/04/08 01:13:20,3.0632,17.43
2026/04/08 01:18:21,3.0567,17.48
2026/04/08 01:23:21,3.0560,17.52
2026/04/08 01:28:22,3.0511,17.52
2026/04/08 01:33:22,3.0470,17.54
2026/04/08 01:38:23,3.0458,17.56
2026/04/08 01:43:23,3.0568,17.56
2026/04/08 01:48:24,3.0625,17.55
2026/04/08 01:53:25,3.0423,17.55
2026/04/08 01:58:25,3.0348,17.54
2026/04/08 02:03:26,3.0220,17.55
2026/04/08 02:08:26,3.0141,17.56
2026/04/08 02:13:27,3.0204,17.55
2026/04/08 02:18:27,3.0262,17.55
2026/04/08 02:23:28,3.0285,17.55
2026/04/08 02:28:29,3.0228,17.56
2026/04/08 02:33:29,3.0148,17.56
2026/04/08 02:38:30,3.0127,17.56
2026/04/08 02:43:30,3.0129,17.54
2026/04/08 02:48:31,3.0126,17.54
2026/04/08 02:53:31,3.0136,17.54
2026/04/08 02:58:32,3.0140,17.54
2026/04/08 03:03:33,3.0124,17.54
2026/04/08 03:08:33,3.0092,17.54
2026/04/08 03:13:34,3.0110,17.55
2026/04/08 03:18:34,3.0078,17.54
2026/04/08 03:23:35,3.0020,17.54
2026/04/08 03:28:35,3.0031,17.54
2026/04/08 03:33:36,3.0044,17.53
2026/04/08 03:38:36,3.0033,17.52
2026/04/08 03:43:37,3.0049,17.53
2026/04/08 03:48:37,2.9984,17.53
2026/04/08 03:53:38,2.9860,17.52
2026/04/08 03:58:39,2.9801,17.52
2026/04/08 04:03:39,2.9787,17.53
2026/04/08 04:08:40,2.9819,17.52
2026/04/08 04:13:41,2.9819,17.52
2026/04/08 04:18:41,2.9800,17.51
2026/04/08 04:23:42,2.9753,17.52
2026/04/08 04:28:42,2.9713,17.51
2026/04/08 04:33:43,2.9698,17.52
2026/04/08 04:38:43,2.9741,17.52
2026/04/08 04:43:44,2.9747,17.51
2026/04/08 04:48:45,2.9702,17.51
2026/04/08 04:53:45,2.9626,17.51
2026/04/08 04:58:46,2.9684,17.51
2026/04/08 05:03:46,2.9775,17.52
2026/04/08 05:08:47,2.9809,17.51
2026/04/08 05:13:47,2.9674,17.51
2026/04/08 05:18:48,2.9597,17.51
2026/04/08 05:23:49,2.9504,17.51
2026/04/08 05:28:49,2.9454,17.50
2026/04/08 05:33:50,2.9507,17.51
2026/04/08 05:38:50,2.9536,17.51
2026/04/08 05:43:51,2.9547,17.51
2026/04/08 05:48:51,2.9444,17.51
2026/04/08 05:53:52,2.9345,17.50
2026/04/08 05:58:52,2.9388,17.49
2026/04/08 06:03:53,2.9326,17.48
2026/04/08 06:08:54,2.9286,17.48
2026/04/08 06:13:54,2.9329,17.48
2026/04/08 06:18:55,2.9303,17.48
2026/04/08 06:23:56,2.9231,17.48
2026/04/08 06:28:56,2.9189,17.48
2026/04/08 06:33:57,2.9149,17.47
2026/04/08 06:38:57,2.9144,17.46
2026/04/08 06:43:58,2.9120,17.46
2026/04/08 06:48:59,2.9074,17.47
2026/04/08 06:53:59,2.9097,17.46
2026/04/08 06:59:00,2.9029,17.46
2026/04/08 07:04:00,2.9042,17.46
2026/04/08 07:09:01,2.8949,17.47
2026/04/08 07:14:01,2.8892,17.47
2026/04/08 07:19:02,2.8894,17.47
2026/04/08 07:24:03,2.8869,17.46
2026/04/08 07:29:03,2.8847,17.47
2026/04/08 07:34:04,2.8801,17.48
2026/04/08 07:39:04,2.8787,17.50
2026/04/08 07:44:05,2.8732,17.50
2026/04/08 07:49:05,2.8846,17.50
2026/04/08 07:54:06,2.9052,17.49
2026/04/08 07:59:06,2.9093,17.50
2026/04/08 08:04:07,2.9027,17.51
2026/04/08 08:09:07,2.8916,17.52
2026/04/08 08:14:08,2.9025,17.54
2026/04/08 08:19:09,2.9269,17.54
2026/04/08 08:24:09,2.9488,17.55
2026/04/08 08:29:10,2.9704,17.55
2026/04/08 08:34:10,2.9851,17.55
2026/04/08 08:39:11,3.0033,17.56
2026/04/08 08:44:11,3.0281,17.56
2026/04/08 08:49:12,3.0484,17.55
2026/04/08 08:54:12,3.0593,17.56
2026/04/08 08:59:13,3.0662,17.57
2026/04/08 09:04:13,3.0761,17.57
2026/04/08 09:09:14,3.0782,17.57
2026/04/08 09:14:15,3.0869,17.57
2026/04/08 09:19:15,3.0872,17.57
2026/04/08 09:24:16,3.0975,17.58
2026/04/08 09:29:16,3.1011,17.59
2026/04/08 09:34:17,3.1136,17.59
2026/04/08 09:39:17,3.1068,17.60
2026/04/08 09:44:18,3.1041,17.60
2026/04/08 09:49:18,3.0807,17.61
2026/04/08 09:54:19,3.0716,17.62
2026/04/08 09:59:20,3.0576,17.63
2026/04/08 10:04:20,3.0441,17.63
2026/04/08 10:09:21,3.0372,17.64
2026/04/08 10:14:21,3.0256,17.63
2026/04/08 10:19:22,3.0167,17.64
2026/04/08 10:24:23,2.9922,17.63
2026/04/08 10:29:23,2.9816,17.64
2026/04/08 10:34:24,2.9717,17.64
2026/04/08 10:39:24,2.9703,17.66
2026/04/08 10:44:25,2.9688,17.65
2026/04/08 10:49:25,2.9740,17.65
2026/04/08 10:54:26,2.9599,17.64
2026/04/08 10:59:26,2.9554,17.64
2026/04/08 11:04:27,2.9501,17.64
2026/04/08 11:09:27,2.9482,17.65
2026/04/08 11:14:28,2.9467,17.65
2026/04/08 11:19:29,2.9374,17.67
2026/04/08 11:24:29,2.9514,17.71
2026/04/08 11:29:30,2.9511,17.68
2026/04/08 11:34:30,2.9407,17.68
2026/04/08 11:39:31,2.9273,17.68
2026/04/08 11:44:32,2.9123,17.69
2026/04/08 11:49:32,2.8999,17.70
2026/04/08 11:54:33,2.8995,17.71
2026/04/08 11:59:33,2.9062,17.70
2026/04/08 12:04:34,2.9108,17.72
2026/04/08 12:09:34,2.9086,17.75
2026/04/08 12:14:35,2.8961,17.78
2026/04/08 12:19:36,2.8932,17.79
2026/04/08 12:24:36,2.8826,17.79
2026/04/08 12:29:37,2.8802,17.79
2026/04/08 12:34:37,2.8744,17.79
2026/04/08 12:39:38,2.8668,17.79
2026/04/08 12:44:38,2.8685,17.80
2026/04/08 12:49:39,2.8569,17.80
2026/04/08 12:54:39,2.8533,17.80
2026/04/08 12:59:40,2.8432,17.80
2026/04/08 13:04:40,2.8408,17.80
2026/04/08 13:09:41,2.8370,17.82
2026/04/08 13:14:41,2.8377,17.82
2026/04/08 13:19:42,2.8354,17.82
2026/04/08 13:24:42,2.8385,17.82
2026/04/08 13:29:43,2.8253,17.81
2026/04/08 13:34:43,2.8147,17.81
2026/04/08 13:39:44,2.8082,17.81
2026/04/08 13:44:44,2.8037,17.81
2026/04/08 13:49:45,2.8041,17.82
2026/04/08 13:54:45,2.7987,17.82
2026/04/08 13:59:46,2.7951,17.82
2026/04/08 14:04:47,2.7911,17.83
2026/04/08 14:09:47,2.7848,17.84
2026/04/08 14:14:48,2.7789,17.83
2026/04/08 14:19:48,2.7868,17.81
2026/04/08 14:24:49,2.7989,17.80
2026/04/08 14:29:49,2.7965,17.79
2026/04/08 14:34:50,2.7830,17.80
2026/04/08 14:39:50,2.7746,17.81
2026/04/08 14:44:51,2.7611,17.81
2026/04/08 14:49:51,2.7527,17.82
2026/04/08 14:54:52,2.7612,17.87
2026/04/08 14:59:52,2.7720,17.86
2026/04/08 15:04:53,2.7751,17.85
2026/04/08 15:09:53,2.7709,17.85
2026/04/08 15:14:54,2.7577,17.85
2026/04/08 15:19:54,2.7554,17.85
2026/04/08 15:24:55,2.7505,17.86
2026/04/08 15:29:56,2.7464,17.86
2026/04/08 15:34:56,2.7424,17.85
2026/04/08 15:39:57,2.7419,17.87
2026/04/08 15:44:57,2.7472,17.87
2026/04/08 15:49:58,2.7416,17.86
2026/04/08 15:54:58,2.7379,17.86
2026/04/08 15:59:59,2.7310,17.87
2026/04/08 16:04:59,2.7357,17.87
2026/04/08 16:10:00,2.7281,17.86
2026/04/08 16:15:00,2.7266,17.88
2026/04/08 16:20:01,2.7310,17.88
2026/04/08 16:25:01,2.7391,17.89
2026/04/08 16:30:02,2.7329,17.90
2026/04/08 16:35:02,2.7516,17.91
2026/04/08 16:40:03,2.7788,17.93
2026/04/08 16:45:03,2.7921,17.93
2026/04/08 16:50:04,2.7947,17.98
2026/04/08 16:55:04,2.7898,18.00
2026/04/08 17:00:05,2.7980,18.01
2026/04/08 17:05:05,2.7987,18.04
2026/04/08 17:10:06,2.8066,18.02
2026/04/08 17:15:06,2.8074,18.07
2026/04/08 17:20:07,2.8153,18.10
2026/04/08 17:25:08,2.8136,18.09
2026/04/08 17:30:08,2.8101,18.08
2026/04/08 17:35:09,2.8095,18.08
2026/04/08 17:40:09,2.8068,18.08
2026/04/08 17:45:10,2.8070,18.08
2026/04/08 17:50:10,2.8106,18.09
2026/04/08 17:55:11,2.8175,18.10
2026/04/08 18:00:12,2.8186,18.09
2026/04/08 18:05:12,2.8129,18.08
2026/04/08 18:10:13,2.8088,18.08
2026/04/08 18:15:14,2.8127,18.08
2026/04/08 18:20:14,2.8136,18.08
2026/04/08 18:25:15,2.8152,18.06
2026/04/08 18:30:15,2.8123,18.07
2026/04/08 18:35:16,2.8060,18.07
2026/04/08 18:40:17,2.8116,18.07
2026/04/08 18:45:17,2.8085,18.06
2026/04/08 18:50:18,2.8084,18.05
2026/04/08 18:55:18,2.8066,18.05
2026/04/08 19:00:19,2.8111,18.05
2026/04/08 19:05:19,2.8101,18.05
2026/04/08 19:10:20,2.8066,18.05
2026/04/08 19:15:20,2.7998,18.06
2026/04/08 19:20:21,2.7991,18.05
2026/04/08 19:25:21,2.7956,18.06
2026/04/08 19:30:22,2.7975,18.04
2026/04/08 19:35:23,2.7999,18.04
2026/04/08 19:40:23,2.8009,18.05
2026/04/08 19:45:24,2.7989,18.04
2026/04/08 19:50:24,2.7955,18.04
2026/04/08 19:55:25,2.7965,18.02
2026/04/08 20:00:25,2.7931,18.01
2026/04/08 20:05:26,2.7930,18.01
2026/04/08 20:10:26,2.7994,18.00
2026/04/08 20:15:27,2.8033,18.01
2026/04/08 20:20:27,2.7939,17.99
2026/04/08 20:25:28,2.7956,17.98
2026/04/08 20:30:29,2.7925,17.96
2026/04/08 20:35:29,2.7875,17.97
2026/04/08 20:40:30,2.7909,17.97
2026/04/08 20:45:30,2.7944,17.95
2026/04/08 20:50:31,2.7969,17.95
2026/04/08 20:55:31,2.7979,17.94
2026/04/08 21:00:32,2.7962,17.93
2026/04/08 21:05:32,2.7964,17.92
2026/04/08 21:10:33,2.7938,17.90
2026/04/08 21:15:33,2.7933,17.91
2026/04/08 21:20:34,2.7888,17.88
2026/04/08 21:25:34,2.7880,17.88
2026/04/08 21:30:35,2.7919,17.87
2026/04/08 21:35:36,2.7904,17.86
2026/04/08 21:40:36,2.7888,17.86
2026/04/08 21:45:37,2.7889,17.84
2026/04/08 21:50:37,2.7911,17.83
2026/04/08 21:55:38,2.7889,17.84
2026/04/08 22:00:38,2.7846,17.83
2026/04/08 22:05:39,2.7844,17.82
2026/04/08 22:10:40,2.7840,17.82
2026/04/08 22:15:40,2.7834,17.81
2026/04/08 22:20:41,2.7788,17.80
2026/04/08 22:25:41,2.7800,17.80
2026/04/08 22:30:42,2.7792,17.80
2026/04/08 22:35:43,2.7852,17.79
2026/04/08 22:40:43,2.7842,17.78
2026/04/08 22:45:44,2.7824,17.77
2026/04/08 22:50:44,2.7850,17.78
2026/04/08 22:55:45,2.7845,17.77
2026/04/08 23:00:45,2.7782,17.77
2026/04/08 23:05:46,2.7834,17.77
2026/04/08 23:10:47,2.7856,17.75
2026/04/08 23:15:47,2.7847,17.75
2026/04/08 23:20:48,2.7843,17.75
2026/04/08 23:25:48,2.7900,17.75
2026/04/08 23:30:49,2.7925,17.75
2026/04/08 23:35:50,2.7916,17.74
2026/04/08 23:40:50,2.7855,17.73
2026/04/08 23:45:51,2.7728,17.73
2026/04/08 23:50:51,2.7611,17.73
2026/04/08 23:55:52,2.7554,17.73
2026/04/09 00:00:52,2.7442,17.73
2026/04/09 00:05:53,2.7338,17.73
2026/04/09 00:10:53,2.7279,17.73
2026/04/09 00:15:54,2.7181,17.73
2026/04/09 00:20:54,2.7095,17.72
2026/04/09 00:25:55,2.7002,17.72
2026/04/09 00:30:55,2.6875,17.72
2026/04/09 00:35:56,2.6827,17.72
2026/04/09 00:40:56,2.6810,17.71
2026/04/09 00:45:57,2.6798,17.72
2026/04/09 00:50:58,2.6748,17.71
2026/04/09 00:55:58,2.6708,17.71
2026/04/09 01:00:59,2.6687,17.71
2026/04/09 01:06:00,2.6617,17.71
2026/04/09 01:11:00,2.6585,17.71
2026/04/09 01:16:01,2.6544,17.70
2026/04/09 01:21:01,2.6561,17.71
2026/04/09 01:26:02,2.6512,17.71
2026/04/09 01:31:03,2.6460,17.70
2026/04/09 01:36:03,2.6420,17.70
2026/04/09 01:41:04,2.6415,17.70
2026/04/09 01:46:05,2.6364,17.70
2026/04/09 01:51:05,2.6325,17.70
2026/04/09 01:56:06,2.6328,17.69
2026/04/09 02:01:06,2.6322,17.69
2026/04/09 02:06:07,2.6281,17.69
2026/04/09 02:11:08,2.6295,17.69
2026/04/09 02:16:08,2.6309,17.69
2026/04/09 02:21:09,2.6296,17.69
2026/04/09 02:26:09,2.6302,17.68
2026/04/09 02:31:10,2.6327,17.69
2026/04/09 02:36:11,2.6347,17.68
2026/04/09 02:41:11,2.6381,17.68
2026/04/09 02:46:12,2.6513,17.68
2026/04/09 02:51:12,2.6509,17.68
2026/04/09 02:56:13,2.6415,17.68
2026/04/09 03:01:13,2.6323,17.68
2026/04/09 03:06:14,2.6236,17.67
2026/04/09 03:11:15,2.6150,17.67
2026/04/09 03:16:15,2.6249,17.67
2026/04/09 03:21:16,2.6290,17.67
2026/04/09 03:26:16,2.6293,17.68
2026/04/09 03:31:17,2.6231,17.68
2026/04/09 03:36:18,2.6168,17.67
2026/04/09 03:41:18,2.6026,17.67
2026/04/09 03:46:19,2.6021,17.66
2026/04/09 03:51:19,2.6020,17.66
2026/04/09 03:56:20,2.6015,17.66
2026/04/09 04:01:20,2.6027,17.66
2026/04/09 04:06:21,2.6015,17.66
2026/04/09 04:11:21,2.6026,17.66
2026/04/09 04:16:22,2.5963,17.65
2026/04/09 04:21:22,2.5941,17.65
2026/04/09 04:26:23,2.5868,17.66
2026/04/09 04:31:24,2.5896,17.65
2026/04/09 04:36:24,2.5887,17.65
2026/04/09 04:41:25,2.5930,17.65
2026/04/09 04:46:25,2.5893,17.65
2026/04/09 04:51:26,2.5870,17.64
2026/04/09 04:56:26,2.5770,17.64
2026/04/09 05:01:27,2.5729,17.64
2026/04/09 05:06:28,2.5697,17.65
2026/04/09 05:11:28,2.5752,17.64
2026/04/09 05:16:29,2.5746,17.64
2026/04/09 05:21:29,2.5700,17.64
2026/04/09 05:26:30,2.5659,17.64
2026/04/09 05:31:30,2.5622,17.64
2026/04/09 05:36:31,2.5593,17.64
2026/04/09 05:41:32,2.5576,17.64
2026/04/09 05:46:32,2.5659,17.64
2026/04/09 05:51:33,2.5628,17.64
2026/04/09 05:56:33,2.5583,17.63
2026/04/09 06:01:34,2.5676,17.64
2026/04/09 06:06:34,2.5751,17.64
2026/04/09 06:11:35,2.5696,17.63
2026/04/09 06:16:36,2.5607,17.62
2026/04/09 06:21:36,2.5509,17.62
2026/04/09 06:26:37,2.5484,17.62
2026/04/09 06:31:37,2.5458,17.62
2026/04/09 06:36:38,2.5586,17.62
2026/04/09 06:41:38,2.5605,17.62
2026/04/09 06:46:39,2.5575,17.62
2026/04/09 06:51:40,2.5473,17.63
2026/04/09 06:56:40,2.5354,17.63
2026/04/09 07:01:41,2.5260,17.63
2026/04/09 07:06:42,2.5316,17.64
2026/04/09 07:11:42,2.5350,17.63
2026/04/09 07:16:43,2.5374,17.64
2026/04/09 07:21:43,2.5375,17.64
2026/04/09 07:26:44,2.5325,17.65
2026/04/09 07:31:44,2.5296,17.64
2026/04/09 07:36:45,2.5266,17.64
2026/04/09 07:41:46,2.5221,17.65
2026/04/09 07:46:46,2.5206,17.65
2026/04/09 07:51:47,2.5401,17.65
2026/04/09 07:56:47,2.5493,17.66
2026/04/09 08:01:48,2.5461,17.64
2026/04/09 08:06:49,2.5470,17.66
2026/04/09 08:11:49,2.5397,17.68
2026/04/09 08:16:50,2.5355,17.68
2026/04/09 08:21:50,2.5594,17.70
2026/04/09 08:26:51,2.5765,17.73
2026/04/09 08:31:51,2.5850,17.73
2026/04/09 08:36:52,2.5928,17.73
2026/04/09 08:41:52,2.5967,17.74
2026/04/09 08:46:53,2.5989,17.75
2026/04/09 08:51:53,2.6071,17.75
2026/04/09 08:56:54,2.6103,17.78
2026/04/09 09:01:54,2.6218,17.77
2026/04/09 09:06:55,2.6191,17.77
2026/04/09 09:11:55,2.6140,17.77
2026/04/09 09:16:56,2.6080,17.78
2026/04/09 09:21:56,2.6111,17.78
2026/04/09 09:26:57,2.6086,17.77
2026/04/09 09:31:58,2.6065,17.77
2026/04/09 09:36:58,2.6095,17.76
2026/04/09 09:41:59,2.6059,17.77
2026/04/09 09:46:59,2.5889,17.78
2026/04/09 09:52:00,2.5821,17.76
2026/04/09 09:57:00,2.5807,17.77
2026/04/09 10:02:01,2.5777,17.77
2026/04/09 10:07:02,2.5672,17.77
2026/04/09 10:12:02,2.5581,17.76
2026/04/09 10:17:03,2.5469,17.77
2026/04/09 10:22:03,2.5388,17.77
2026/04/09 10:27:04,2.5350,17.75
2026/04/09 10:32:04,2.5323,17.75
2026/04/09 10:37:05,2.5281,17.75
2026/04/09 10:42:05,2.5164,17.75
2026/04/09 10:47:06,2.5156,17.74
2026/04/09 10:52:06,2.5097,17.75
2026/04/09 10:57:07,2.4967,17.74
2026/04/09 11:02:08,2.4908,17.74
2026/04/09 11:07:08,2.4950,17.74
2026/04/09 11:12:09,2.4919,17.74
2026/04/09 11:17:09,2.4900,17.73
2026/04/09 11:22:10,2.4868,17.73
2026/04/09 11:27:10,2.4854,17.74
2026/04/09 11:32:11,2.4742,17.74
2026/04/09 11:37:12,2.4677,17.74
2026/04/09 11:42:12,2.4664,17.74
2026/04/09 11:47:13,2.4753,17.74
2026/04/09 11:52:13,2.4719,17.74
2026/04/09 11:57:14,2.4660,17.74
2026/04/09 12:02:14,2.4724,17.75
2026/04/09 12:07:15,2.5228,17.75
2026/04/09 12:12:15,2.5419,17.78
2026/04/09 12:17:16,2.5334,17.73
2026/04/09 12:22:16,2.5296,17.73
2026/04/09 12:27:17,2.5150,17.73
2026/04/09 12:32:17,2.5033,17.75
2026/04/09 12:37:18,2.4902,17.77
2026/04/09 12:42:19,2.4868,17.78
2026/04/09 12:47:19,2.4817,17.78
2026/04/09 12:52:20,2.4825,17.78
2026/04/09 12:57:21,2.4708,17.80
2026/04/09 13:02:21,2.4665,17.80
2026/04/09 13:07:22,2.4718,17.81
2026/04/09 13:12:22,2.4646,17.81
2026/04/09 13:17:23,2.4613,17.80
2026/04/09 13:22:23,2.4637,17.81
2026/04/09 13:27:24,2.4702,17.82
2026/04/09 13:32:24,2.4684,17.81
2026/04/09 13:37:25,2.4614,17.82
2026/04/09 13:42:26,2.4594,17.85
2026/04/09 13:47:26,2.4552,17.85
2026/04/09 13:52:27,2.4549,17.82
2026/04/09 13:57:27,2.4587,17.80
2026/04/09 14:02:28,2.4568,17.86
2026/04/09 14:07:29,2.4590,17.86
2026/04/09 14:12:29,2.4598,17.87
2026/04/09 14:17:30,2.4509,17.85
2026/04/09 14:22:30,2.4384,17.85
2026/04/09 14:27:31,2.4387,17.85
2026/04/09 14:32:31,2.4438,17.84
2026/04/09 14:37:32,2.4356,17.84
2026/04/09 14:42:32,2.4311,17.84
2026/04/09 14:47:33,2.4192,17.85
2026/04/09 14:52:33,2.4242,17.88
2026/04/09 14:57:34,2.4193,17.86
2026/04/09 15:02:35,2.4275,17.85
2026/04/09 15:07:35,2.4428,17.83
2026/04/09 15:12:36,2.4506,17.88
2026/04/09 15:17:36,2.4418,17.92
2026/04/09 15:22:37,2.4286,17.93
2026/04/09 15:27:37,2.4155,17.94
2026/04/09 15:32:38,2.4108,17.93
2026/04/09 15:37:38,2.4196,17.94
2026/04/09 15:42:39,2.4179,17.94
2026/04/09 15:47:39,2.4258,17.93
2026/04/09 15:52:40,2.4218,17.92
2026/04/09 15:57:40,2.4159,17.93
2026/04/09 16:02:41,2.4120,17.93
2026/04/09 16:07:41,2.4176,17.93
2026/04/09 16:12:42,2.4077,17.96
2026/04/09 16:17:42,2.4026,17.98
2026/04/09 16:22:43,2.4042,17.97
2026/04/09 16:27:43,2.4071,17.97
2026/04/09 16:32:44,2.4041,17.97
2026/04/09 16:37:44,2.4207,17.98
2026/04/09 16:42:45,2.4406,17.99
2026/04/09 16:47:46,2.4544,17.97
2026/04/09 16:52:46,2.4753,18.05
2026/04/09 16:57:47,2.4908,18.02
2026/04/09 17:02:47,2.5003,18.03
2026/04/09 17:07:48,2.5110,18.01
2026/04/09 17:12:48,2.5206,18.01
2026/04/09 17:17:49,2.5194,18.03
2026/04/09 17:22:49,2.5256,18.05
2026/04/09 17:27:50,2.5296,18.05
2026/04/09 17:32:50,2.5363,18.05
2026/04/09 17:37:51,2.5412,18.07
2026/04/09 17:42:51,2.5504,18.05
2026/04/09 17:47:52,2.5478,18.04
2026/04/09 17:52:52,2.5645,18.04
2026/04/09 17:57:53,2.5694,18.04
2026/04/09 18:02:53,2.5751,18.02
2026/04/09 18:07:54,2.5751,18.01
2026/04/09 18:12:54,2.5766,18.00
2026/04/09 18:17:55,2.5714,17.99
2026/04/09 18:22:55,2.5715,17.96
2026/04/09 18:27:56,2.5802,17.95
2026/04/09 18:32:57,2.5839,17.96
2026/04/09 18:37:57,2.5920,17.96
2026/04/09 18:42:58,2.6057,17.96
2026/04/09 18:47:58,2.6150,17.94
2026/04/09 18:52:59,2.6060,17.95
2026/04/09 18:57:59,2.6099,17.94
2026/04/09 19:03:00,2.6139,17.95
2026/04/09 19:08:00,2.6277,17.94
2026/04/09 19:13:01,2.6253,17.93
2026/04/09 19:18:02,2.6295,17.91
2026/04/09 19:23:02,2.6286,17.88
2026/04/09 19:28:03,2.6268,17.91
2026/04/09 19:33:03,2.6262,17.89
2026/04/09 19:38:04,2.6365,17.87
2026/04/09 19:43:04,2.6367,17.87
2026/04/09 19:48:05,2.6380,17.84
2026/04/09 19:53:05,2.6466,17.86
2026/04/09 19:58:06,2.6519,17.84
2026/04/09 20:03:07,2.6499,17.83
2026/04/09 20:08:07,2.6510,17.82
2026/04/09 20:13:08,2.6459,17.81
2026/04/09 20:18:08,2.6497,17.80
2026/04/09 20:23:09,2.6549,17.80
2026/04/09 20:28:10,2.6685,17.80
2026/04/09 20:33:10,2.6884,17.79
2026/04/09 20:38:11,2.6827,17.80
2026/04/09 20:43:11,2.6997,17.79
2026/04/09 20:48:12,2.7102,17.78
2026/04/09 20:53:12,2.7212,17.79
2026/04/09 20:58:13,2.7142,17.79
2026/04/09 21:03:13,2.7081,17.79
2026/04/09 21:08:14,2.7016,17.79
2026/04/09 21:13:14,2.7033,17.79
2026/04/09 21:18:15,2.6937,17.79
2026/04/09 21:23:15,2.7013,17.78
2026/04/09 21:28:16,2.7022,17.78
2026/04/09 21:33:16,2.7060,17.78
2026/04/09 21:38:17,2.7121,17.77
2026/04/09 21:43:18,2.7138,17.78
2026/04/09 21:48:18,2.7131,17.78
2026/04/09 21:53:19,2.7101,17.78
2026/04/09 21:58:19,2.7055,17.78
2026/04/09 22:03:20,2.7184,17.78
2026/04/09 22:08:20,2.7278,17.77
2026/04/09 22:13:21,2.7386,17.78
2026/04/09 22:18:21,2.7528,17.78
2026/04/09 22:23:22,2.7449,17.78
2026/04/09 22:28:22,2.7309,17.79
2026/04/09 22:33:23,2.7485,17.78
2026/04/09 22:38:24,2.7588,17.79
2026/04/09 22:43:24,2.7633,17.79
2026/04/09 22:48:25,2.7582,17.79
2026/04/09 22:53:25,2.7620,17.79
2026/04/09 22:58:26,2.7602,17.79
2026/04/09 23:03:26,2.7551,17.79
2026/04/09 23:08:27,2.7582,17.78
2026/04/09 23:13:27,2.7593,17.79
2026/04/09 23:18:28,2.7616,17.78
2026/04/09 23:23:28,2.7539,17.78
2026/04/09 23:28:29,2.7510,17.78
2026/04/09 23:33:29,2.7502,17.78
2026/04/09 23:38:30,2.7554,17.78
2026/04/09 23:43:31,2.7546,17.78
2026/04/09 23:48:31,2.7591,17.77
2026/04/09 23:53:32,2.7577,17.77
2026/04/09 23:58:32,2.7555,17.77
2026/04/10 00:03:33,2.7674,17.77
2026/04/10 00:08:34,2.7739,17.77
2026/04/10 00:13:34,2.7730,17.77
2026/04/10 00:18:35,2.7856,17.76
2026/04/10 00:23:35,2.7791,17.77
2026/04/10 00:28:36,2.7806,17.76
2026/04/10 00:33:36,2.7873,17.77
2026/04/10 00:38:37,2.7965,17.77
2026/04/10 00:43:37,2.7968,17.75
2026/04/10 00:48:38,2.7942,17.77
2026/04/10 00:53:38,2.7936,17.75
2026/04/10 00:58:39,2.7874,17.76
2026/04/10 01:03:39,2.7777,17.75
2026/04/10 01:08:40,2.7650,17.76
2026/04/10 01:13:40,2.7574,17.75
2026/04/10 01:18:41,2.7569,17.75
2026/04/10 01:23:41,2.7514,17.76
2026/04/10 01:28:42,2.7415,17.75
2026/04/10 01:33:42,2.7378,17.75
2026/04/10 01:38:43,2.7329,17.75
2026/04/10 01:43:43,2.7269,17.75
2026/04/10 01:48:44,2.7265,17.75
2026/04/10 01:53:44,2.7202,17.75
2026/04/10 01:58:45,2.7255,17.75
2026/04/10 02:03:45,2.7143,17.75
2026/04/10 02:08:46,2.7112,17.75
2026/04/10 02:13:47,2.7082,17.75
2026/04/10 02:18:47,2.7044,17.74
2026/04/10 02:23:48,2.7098,17.75
2026/04/10 02:28:48,2.7024,17.75
2026/04/10 02:33:49,2.7146,17.75
2026/04/10 02:38:50,2.7103,17.75
2026/04/10 02:43:50,2.7119,17.75
2026/04/10 02:48:51,2.6974,17.75
2026/04/10 02:53:51,2.6886,17.75
2026/04/10 02:58:52,2.6814,17.74
2026/04/10 03:03:52,2.6698,17.74
2026/04/10 03:08:53,2.6801,17.74
2026/04/10 03:13:53,2.6915,17.74
2026/04/10 03:18:54,2.6877,17.74
2026/04/10 03:23:54,2.6784,17.74
2026/04/10 03:28:55,2.6762,17.74
2026/04/10 03:33:55,2.6752,17.74
2026/04/10 03:38:56,2.6828,17.73
2026/04/10 03:43:57,2.6768,17.74
2026/04/10 03:48:57,2.6881,17.74
2026/04/10 03:53:58,2.6852,17.73
2026/04/10 03:58:58,2.6839,17.73
2026/04/10 04:03:59,2.6830,17.73
2026/04/10 04:08:59,2.6847,17.73
2026/04/10 04:14:00,2.6847,17.73
2026/04/10 04:19:00,2.6821,17.73
2026/04/10 04:24:01,2.6825,17.73
2026/04/10 04:29:01,2.6840,17.73
2026/04/10 04:34:02,2.6892,17.74
2026/04/10 04:39:02,2.6913,17.74
2026/04/10 04:44:03,2.7025,17.73
2026/04/10 04:49:04,2.7014,17.73
2026/04/10 04:54:04,2.6932,17.73
2026/04/10 04:59:05,2.6905,17.73
2026/04/10 05:04:05,2.6924,17.73
2026/04/10 05:09:06,2.6845,17.73
2026/04/10 05:14:06,2.6905,17.73
2026/04/10 05:19:07,2.6844,17.72
2026/04/10 05:24:07,2.6898,17.72
2026/04/10 05:29:08,2.6935,17.72
2026/04/10 05:34:09,2.6909,17.72
2026/04/10 05:39:09,2.6895,17.73
2026/04/10 05:44:10,2.6901,17.73
2026/04/10 05:49:10,2.6950,17.73
2026/04/10 05:54:11,2.6931,17.72
2026/04/10 05:59:11,2.6992,17.72
2026/04/10 06:04:12,2.6985,17.72
2026/04/10 06:09:12,2.7003,17.73
2026/04/10 06:14:13,2.6968,17.73
2026/04/10 06:19:13,2.6975,17.72
2026/04/10 06:24:14,2.6965,17.73
2026/04/10 06:29:15,2.6994,17.72
2026/04/10 06:34:15,2.7038,17.72
2026/04/10 06:39:16,2.7004,17.72
2026/04/10 06:44:16,2.7133,17.72
2026/04/10 06:49:17,2.7194,17.73
2026/04/10 06:54:17,2.7109,17.72
2026/04/10 06:59:18,2.7013,17.72
2026/04/10 07:04:18,2.7027,17.72
2026/04/10 07:09:19,2.7078,17.72
2026/04/10 07:14:19,2.7078,17.73
2026/04/10 07:19:20,2.7035,17.72
2026/04/10 07:24:21,2.7047,17.73
2026/04/10 07:29:21,2.7103,17.73
2026/04/10 07:34:22,2.7053,17.73
2026/04/10 07:39:22,2.7060,17.73
2026/04/10 07:44:23,2.7037,17.73
2026/04/10 07:49:24,2.7055,17.73
2026/04/10 07:54:24,2.7044,17.73
2026/04/10 07:59:25,2.7082,17.74
2026/04/10 08:04:25,2.6969,17.73
2026/04/10 08:09:26,2.6977,17.75
2026/04/10 08:14:26,2.6942,17.74
2026/04/10 08:19:27,2.7111,17.75
2026/04/10 08:24:27,2.7245,17.75
2026/04/10 08:29:28,2.7362,17.75
2026/04/10 08:34:28,2.7400,17.77
2026/04/10 08:39:29,2.7440,17.77
2026/04/10 08:44:29,2.7481,17.77
2026/04/10 08:49:30,2.7599,17.78
2026/04/10 08:54:30,2.7743,17.79
2026/04/10 08:59:31,2.7768,17.80
2026/04/10 09:04:31,2.7908,17.80
2026/04/10 09:09:32,2.7977,17.81
2026/04/10 09:14:33,2.8076,17.82
2026/04/10 09:19:33,2.8050,17.83
2026/04/10 09:24:34,2.8079,17.84
2026/04/10 09:29:34,2.8072,17.86
2026/04/10 09:34:35,2.8119,17.87
2026/04/10 09:39:36,2.8221,17.89
2026/04/10 09:44:36,2.8299,17.91
2026/04/10 09:49:37,2.8370,17.93
2026/04/10 09:54:37,2.8401,17.95
2026/04/10 09:59:38,2.8412,17.96
2026/04/10 10:04:38,2.8406,17.99
2026/04/10 10:09:39,2.8428,18.01
2026/04/10 10:14:39,2.8462,18.03
2026/04/10 10:19:40,2.8525,18.05
2026/04/10 10:24:40,2.8557,18.06
2026/04/10 10:29:41,2.8532,18.07
2026/04/10 10:34:41,2.8558,18.09
2026/04/10 10:39:42,2.8560,18.10
2026/04/10 10:44:42,2.8515,18.12
2026/04/10 10:49:43,2.8540,18.13
2026/04/10 10:54:43,2.8534,18.14
2026/04/10 10:59:44,2.8550,18.16
2026/04/10 11:04:44,2.8522,18.17
2026/04/10 11:09:45,2.8553,18.20
2026/04/10 11:14:45,2.8564,18.20
2026/04/10 11:19:46,2.8609,18.23
2026/04/10 11:24:46,2.8604,18.23
2026/04/10 11:29:47,2.8615,18.24
2026/04/10 11:34:48,2.8603,18.27
2026/04/10 11:39:48,2.8635,18.29
2026/04/10 11:44:49,2.8654,18.29
2026/04/10 11:49:49,2.8655,18.30
2026/04/10 11:54:50,2.8680,18.33
2026/04/10 11:59:50,2.8705,18.32
2026/04/10 12:04:51,2.8722,18.32
2026/04/10 12:09:51,2.8763,18.34
2026/04/10 12:14:52,2.8729,18.35
2026/04/10 12:19:52,2.8738,18.36
2026/04/10 12:24:53,2.8776,18.37
2026/04/10 12:29:54,2.8599,18.39
2026/04/10 12:34:54,2.8397,18.40
2026/04/10 12:39:55,2.8209,18.42
2026/04/10 12:44:55,2.8136,18.42
2026/04/10 12:49:56,2.8043,18.45
2026/04/10 12:54:56,2.7967,18.45
2026/04/10 12:59:57,2.7877,18.45
2026/04/10 13:04:57,2.8193,18.46
2026/04/10 13:09:58,2.8469,18.47
2026/04/10 13:14:58,2.8481,18.46
2026/04/10 13:19:59,2.8523,18.43
2026/04/10 13:24:59,2.8551,18.42
2026/04/10 13:30:00,2.8578,18.46
2026/04/10 13:35:00,2.8628,18.52
2026/04/10 13:40:01,2.8640,18.53
2026/04/10 13:45:01,2.8646,18.54
2026/04/10 13:50:02,2.8786,18.57
2026/04/10 13:55:02,2.8750,18.54
2026/04/10 14:00:03,2.8777,18.55
2026/04/10 14:05:03,2.8802,18.55
2026/04/10 14:10:04,2.8866,18.58
2026/04/10 14:15:04,2.8877,18.59
2026/04/10 14:20:04,2.8945,18.60
2026/04/10 14:25:05,2.8976,18.61
2026/04/10 14:30:05,2.9033,18.63
2026/04/10 14:35:06,2.9079,18.62
2026/04/10 14:40:06,2.9012,18.62
2026/04/10 14:45:07,2.8933,18.63
2026/04/10 14:50:07,2.8933,18.64
2026/04/10 14:55:08,2.8896,18.63
2026/04/10 15:00:09,2.8917,18.66
2026/04/10 15:05:09,2.8917,18.63
2026/04/10 15:10:10,2.8946,18.64
2026/04/10 15:15:10,2.8917,18.65
2026/04/10 15:20:11,2.8821,18.65
2026/04/10 15:25:11,2.8882,18.66
2026/04/10 15:30:12,2.8906,18.63
2026/04/10 15:35:12,2.8861,18.64
2026/04/10 15:40:13,2.8824,18.61
2026/04/10 15:45:13,2.8797,18.65
2026/04/10 15:50:14,2.8817,18.62
2026/04/10 15:55:14,2.8797,18.62
2026/04/10 16:00:15,2.8824,18.63
2026/04/10 16:05:15,2.8873,18.61
2026/04/10 16:10:16,2.8917,18.61
2026/04/10 16:15:16,2.8893,18.63
2026/04/10 16:20:17,2.8910,18.61
2026/04/10 16:25:17,2.8922,18.65
2026/04/10 16:30:18,2.8904,18.57
2026/04/10 16:35:18,2.8822,18.59
2026/04/10 16:40:19,2.8863,18.59
2026/04/10 16:45:19,2.8938,18.60
2026/04/10 16:50:20,2.9088,18.58
2026/04/10 16:55:20,2.9171,18.59
2026/04/10 17:00:21,2.9262,18.57
2026/04/10 17:05:22,2.9338,18.57
2026/04/10 17:10:22,2.9373,18.57
2026/04/10 17:15:22,2.9378,18.59
2026/04/10 17:20:23,2.9415,18.57
2026/04/10 17:25:23,2.9460,18.59
2026/04/10 17:30:24,2.9527,18.58
2026/04/10 17:35:24,2.9579,18.57
2026/04/10 17:40:25,2.9662,18.57
2026/04/10 17:45:25,2.9706,18.56
2026/04/10 17:50:26,2.9787,18.57
2026/04/10 17:55:26,2.9791,18.57
2026/04/10 18:00:27,2.9835,18.55
2026/04/10 18:05:27,2.9937,18.54
2026/04/10 18:10:28,2.9919,18.53
2026/04/10 18:15:28,3.0071,18.54
2026/04/10 18:20:29,3.0044,18.55
2026/04/10 18:25:29,3.0074,18.53
2026/04/10 18:30:30,3.0113,18.54
2026/04/10 18:35:30,3.0159,18.54
2026/04/10 18:40:31,3.0174,18.53
2026/04/10 18:45:31,3.0207,18.53
2026/04/10 18:50:32,3.0229,18.52
2026/04/10 18:55:32,3.0328,18.51
2026/04/10 19:00:33,3.0304,18.52
2026/04/10 19:05:33,3.0335,18.52
2026/04/10 19:10:34,3.0383,18.51
2026/04/10 19:15:34,3.0429,18.51
2026/04/10 19:20:35,3.0422,18.51
2026/04/10 19:25:35,3.0469,18.51
2026/04/10 19:30:36,3.0519,18.50
2026/04/10 19:35:37,3.0520,18.51
2026/04/10 19:40:37,3.0516,18.50
2026/04/10 19:45:38,3.0565,18.51
2026/04/10 19:50:38,3.0555,18.51
2026/04/10 19:55:39,3.0616,18.50
2026/04/10 20:00:40,3.0682,18.51
2026/04/10 20:05:40,3.0719,18.50
2026/04/10 20:10:41,3.0747,18.50
2026/04/10 20:15:41,3.0804,18.50
2026/04/10 20:20:42,3.0783,18.51
2026/04/10 20:25:42,3.0792,18.50
2026/04/10 20:30:43,3.0788,18.50
2026/04/10 20:35:44,3.0798,18.50
2026/04/10 20:40:44,3.0839,18.51
2026/04/10 20:45:45,3.0859,18.50
2026/04/10 20:50:46,3.0863,18.50
2026/04/10 20:55:46,3.0929,18.50
2026/04/10 21:00:47,3.0903,18.49
2026/04/10 21:05:47,3.0937,18.50
2026/04/10 21:10:48,3.0977,18.49
2026/04/10 21:15:48,3.0989,18.50
2026/04/10 21:20:49,3.1035,18.49
2026/04/10 21:25:49,3.1036,18.49
2026/04/10 21:30:50,3.1076,18.48
2026/04/10 21:35:50,3.1111,18.48
2026/04/10 21:40:51,3.1148,18.48
2026/04/10 21:45:51,3.1146,18.48
2026/04/10 21:50:52,3.1157,18.46
2026/04/10 21:55:52,3.1194,18.47
2026/04/10 22:00:53,3.1229,18.46
2026/04/10 22:05:53,3.1225,18.46
2026/04/10 22:10:54,3.1265,18.46
2026/04/10 22:15:54,3.1248,18.46
2026/04/10 22:20:55,3.1209,18.45
2026/04/10 22:25:55,3.1219,18.45
2026/04/10 22:30:56,3.1262,18.46
2026/04/10 22:35:56,3.1259,18.44
2026/04/10 22:40:57,3.1253,18.44
2026/04/10 22:45:57,3.1281,18.44
2026/04/10 22:50:58,3.1279,18.45
2026/04/10 22:55:58,3.1331,18.44
2026/04/10 23:00:59,3.1315,18.44
2026/04/10 23:05:59,3.1357,18.44
2026/04/10 23:11:00,3.1363,18.43
2026/04/10 23:16:00,3.1402,18.43
2026/04/10 23:21:01,3.1439,18.44
2026/04/10 23:26:01,3.1467,18.43
2026/04/10 23:31:02,3.1402,18.43
2026/04/10 23:36:03,3.1445,18.43
2026/04/10 23:41:03,3.1419,18.42
2026/04/10 23:46:04,3.1428,18.42
2026/04/10 23:51:04,3.1435,18.42
2026/04/10 23:56:05,3.1410,18.42
2026/04/11 00:01:05,3.1305,18.42
2026/04/11 00:06:06,3.1254,18.42
2026/04/11 00:11:07,3.1182,18.43
2026/04/11 00:16:07,3.0940,18.42
2026/04/11 00:21:08,3.0845,18.42
2026/04/11 00:26:08,3.0751,18.42
2026/04/11 00:31:09,3.0707,18.42
2026/04/11 00:36:09,3.0666,18.42
2026/04/11 00:41:10,3.0611,18.42
2026/04/11 00:46:10,3.0534,18.41
2026/04/11 00:51:11,3.0483,18.42
2026/04/11 00:56:11,3.0381,18.41
2026/04/11 01:01:12,3.0400,18.41
2026/04/11 01:06:12,3.0494,18.41
2026/04/11 01:11:13,3.0455,18.41
2026/04/11 01:16:13,3.0415,18.41
2026/04/11 01:21:14,3.0423,18.42
2026/04/11 01:26:14,3.0412,18.42
2026/04/11 01:31:15,3.0327,18.42
2026/04/11 01:36:16,3.0303,18.42
2026/04/11 01:41:16,3.0330,18.42
2026/04/11 01:46:17,3.0291,18.43
2026/04/11 01:51:17,3.0190,18.43
2026/04/11 01:56:18,3.0162,18.43
2026/04/11 02:01:18,3.0162,18.44
2026/04/11 02:06:19,3.0120,18.42
2026/04/11 02:11:19,3.0120,18.42
2026/04/11 02:16:20,3.0210,18.43
2026/04/11 02:21:21,3.0279,18.43
2026/04/11 02:26:21,3.0218,18.43
2026/04/11 02:31:22,3.0136,18.45
2026/04/11 02:36:22,3.0153,18.45
2026/04/11 02:41:23,3.0123,18.45
2026/04/11 02:46:23,3.0143,18.44
2026/04/11 02:51:24,3.0180,18.44
2026/04/11 02:56:24,3.0187,18.43
2026/04/11 03:01:25,3.0202,18.44
2026/04/11 03:06:26,3.0132,18.44
2026/04/11 03:11:26,3.0087,18.45
2026/04/11 03:16:27,3.0125,18.45
2026/04/11 03:21:27,3.0096,18.45
2026/04/11 03:26:28,3.0129,18.44
2026/04/11 03:31:28,3.0146,18.45
2026/04/11 03:36:29,3.0127,18.45
2026/04/11 03:41:30,3.0128,18.45
2026/04/11 03:46:30,3.0063,18.45
2026/04/11 03:51:31,3.0046,18.45
2026/04/11 03:56:31,3.0097,18.45
2026/04/11 04:01:32,3.0084,18.45
2026/04/11 04:06:32,3.0038,18.45
2026/04/11 04:11:33,3.0062,18.46
2026/04/11 04:16:33,3.0087,18.46
2026/04/11 04:21:34,3.0071,18.45
2026/04/11 04:26:34,3.0062,18.46
2026/04/11 04:31:35,3.0049,18.46
2026/04/11 04:36:36,3.0022,18.45
2026/04/11 04:41:36,3.0000,18.45
2026/04/11 04:46:37,3.0009,18.45
2026/04/11 04:51:37,2.9991,18.46
2026/04/11 04:56:38,3.0012,18.47
2026/04/11 05:01:38,2.9998,18.47
2026/04/11 05:06:39,2.9977,18.47
2026/04/11 05:11:39,3.0013,18.46
2026/04/11 05:16:40,2.9992,18.47
2026/04/11 05:21:40,2.9934,18.47
2026/04/11 05:26:41,2.9978,18.47
2026/04/11 05:31:41,2.9973,18.46
2026/04/11 05:36:42,2.9942,18.46
2026/04/11 05:41:43,2.9941,18.48
2026/04/11 05:46:43,2.9956,18.48
2026/04/11 05:51:44,2.9953,18.47
2026/04/11 05:56:44,2.9934,18.48
2026/04/11 06:01:45,2.9929,18.47
2026/04/11 06:06:45,2.9891,18.48
2026/04/11 06:11:46,2.9884,18.48
2026/04/11 06:16:46,2.9882,18.48
2026/04/11 06:21:47,2.9878,18.48
2026/04/11 06:26:47,2.9922,18.48
2026/04/11 06:31:48,2.9970,18.48
2026/04/11 06:36:48,2.9909,18.48
2026/04/11 06:41:49,2.9874,18.50
2026/04/11 06:46:49,2.9805,18.52
2026/04/11 06:51:50,2.9786,18.51
2026/04/11 06:56:50,2.9778,18.52
2026/04/11 07:01:51,2.9785,18.50
2026/04/11 07:06:51,2.9832,18.50
2026/04/11 07:11:52,2.9819,18.50
2026/04/11 07:16:52,2.9791,18.52
2026/04/11 07:21:53,2.9799,18.51
2026/04/11 07:26:53,2.9730,18.51
2026/04/11 07:31:54,2.9691,18.53
2026/04/11 07:36:54,2.9719,18.54
2026/04/11 07:41:55,2.9691,18.54
2026/04/11 07:46:55,2.9712,18.53
2026/04/11 07:51:56,2.9710,18.54
2026/04/11 07:56:56,2.9663,18.53
2026/04/11 08:01:57,2.9664,18.55
2026/04/11 08:06:57,2.9624,18.55
2026/04/11 08:11:58,2.9634,18.55
2026/04/11 08:16:58,2.9754,18.55
2026/04/11 08:21:59,2.9919,18.54
2026/04/11 08:27:00,2.9967,18.55
2026/04/11 08:32:00,2.9963,18.58
2026/04/11 08:37:01,3.0002,18.59
2026/04/11 08:42:01,3.0093,18.60
2026/04/11 08:47:02,3.0182,18.60
2026/04/11 08:52:03,3.0132,18.60
2026/04/11 08:57:03,3.0089,18.59
2026/04/11 09:02:04,3.0080,18.59
2026/04/11 09:07:04,3.0044,18.59
2026/04/11 09:12:05,3.0084,18.59
2026/04/11 09:17:05,3.0143,18.60
2026/04/11 09:22:06,3.0168,18.61
2026/04/11 09:27:06,3.0207,18.61
2026/04/11 09:32:07,3.0184,18.61
2026/04/11 09:37:07,3.0208,18.62
2026/04/11 09:42:08,3.0198,18.63
2026/04/11 09:47:08,3.0205,18.63
2026/04/11 09:52:09,3.0298,18.63
2026/04/11 09:57:09,3.0318,18.64
2026/04/11 10:02:10,3.0282,18.63
2026/04/11 10:07:10,3.0332,18.65
2026/04/11 10:12:11,3.0322,18.65
2026/04/11 10:17:11,3.0312,18.66
2026/04/11 10:22:12,3.0314,18.64
2026/04/11 10:27:12,3.0326,18.65
2026/04/11 10:32:13,3.0319,18.66
2026/04/11 10:37:13,3.0342,18.67
2026/04/11 10:42:14,3.0414,18.68
2026/04/11 10:47:14,3.0377,18.68
2026/04/11 10:52:15,3.0276,18.68
2026/04/11 10:57:15,3.0285,18.68
2026/04/11 11:02:16,3.0273,18.68
2026/04/11 11:07:17,3.0243,18.69
2026/04/11 11:12:17,3.0245,18.69
2026/04/11 11:17:18,3.0258,18.70
2026/04/11 11:22:18,3.0258,18.70
2026/04/11 11:27:19,3.0256,18.71
2026/04/11 11:32:19,3.0258,18.71
2026/04/11 11:37:20,3.0262,18.72
2026/04/11 11:42:20,3.0220,18.71
2026/04/11 11:47:21,3.0194,18.72
2026/04/11 11:52:22,3.0212,18.72
2026/04/11 11:57:22,3.0204,18.73
2026/04/11 12:02:23,3.0157,18.73
2026/04/11 12:07:23,3.0200,18.73
2026/04/11 12:12:24,3.0237,18.73
2026/04/11 12:17:24,3.0225,18.73
2026/04/11 12:22:25,3.0282,18.74
2026/04/11 12:27:25,3.0347,18.74
2026/04/11 12:32:26,3.0425,18.73
2026/04/11 12:37:26,3.0388,18.73
2026/04/11 12:42:27,3.0315,18.73
2026/04/11 12:47:27,3.0305,18.73
2026/04/11 12:52:28,3.0339,18.73
2026/04/11 12:57:28,3.0344,18.73
2026/04/11 13:02:29,3.0347,18.74
2026/04/11 13:07:29,3.0395,18.73
2026/04/11 13:12:30,3.0383,18.74
2026/04/11 13:17:30,3.0351,18.73
2026/04/11 13:22:31,3.0349,18.73
2026/04/11 13:27:31,3.0382,18.73
2026/04/11 13:32:32,3.0385,18.73
2026/04/11 13:37:32,3.0429,18.73
2026/04/11 13:42:33,3.0433,18.73
2026/04/11 13:47:33,3.0512,18.72
2026/04/11 13:52:34,3.0513,18.72
2026/04/11 13:57:34,3.0561,18.73
2026/04/11 14:02:35,3.0524,18.72
2026/04/11 14:07:36,3.0569,18.72
2026/04/11 14:12:36,3.0586,18.72
2026/04/11 14:17:37,3.0655,18.71
2026/04/11 14:22:37,3.0643,18.71
2026/04/11 14:27:38,3.0671,18.71
2026/04/11 14:32:38,3.0616,18.71
2026/04/11 14:37:39,3.0665,18.71
2026/04/11 14:42:40,3.0692,18.70
2026/04/11 14:47:40,3.0768,18.71
2026/04/11 14:52:41,3.0785,18.70
2026/04/11 14:57:41,3.0751,18.70
2026/04/11 15:02:42,3.0684,18.70
2026/04/11 15:07:42,3.0758,18.71
2026/04/11 15:12:43,3.0755,18.70
2026/04/11 15:17:43,3.0848,18.70
2026/04/11 15:22:44,3.0884,18.68
2026/04/11 15:27:44,3.0947,18.68
2026/04/11 15:32:45,3.1000,18.68
2026/04/11 15:37:45,3.0990,18.68
2026/04/11 15:42:46,3.0997,18.68
2026/04/11 15:47:46,3.1008,18.67
2026/04/11 15:52:47,3.1043,18.68
2026/04/11 15:57:48,3.1084,18.68
2026/04/11 16:02:48,3.1093,18.67
2026/04/11 16:07:49,3.1131,18.67
2026/04/11 16:12:49,3.1140,18.67
2026/04/11 16:17:50,3.1062,18.67
2026/04/11 16:22:50,3.0946,18.66
2026/04/11 16:27:51,3.1106,18.67
2026/04/11 16:32:51,3.1281,18.67
2026/04/11 16:37:52,3.1333,18.66
2026/04/11 16:42:52,3.1400,18.66
2026/04/11 16:47:53,3.1421,18.66
2026/04/11 16:52:53,3.1457,18.66
2026/04/11 16:57:54,3.1480,18.66
2026/04/11 17:02:54,3.1518,18.66
2026/04/11 17:07:55,3.1639,18.66
2026/04/11 17:12:55,3.1686,18.66
2026/04/11 17:17:56,3.1841,18.65
2026/04/11 17:22:56,3.1970,18.66
2026/04/11 17:27:57,3.1946,18.65
2026/04/11 17:32:58,3.1966,18.65
2026/04/11 17:37:58,3.2065,18.65
2026/04/11 17:42:59,3.2179,18.65
2026/04/11 17:47:59,3.2198,18.65
2026/04/11 17:53:00,3.2226,18.65
2026/04/11 17:58:00,3.2369,18.65
2026/04/11 18:03:01,3.2382,18.65
2026/04/11 18:08:01,3.2497,18.65
2026/04/11 18:13:02,3.2586,18.65
2026/04/11 18:18:02,3.2629,18.64
2026/04/11 18:23:03,3.2648,18.64
2026/04/11 18:28:03,3.2671,18.64
2026/04/11 18:33:04,3.2731,18.64
2026/04/11 18:38:04,3.2812,18.64
2026/04/11 18:43:05,3.2849,18.64
2026/04/11 18:48:05,3.2952,18.64
2026/04/11 18:53:06,3.3022,18.64
2026/04/11 18:58:06,3.3010,18.63
2026/04/11 19:03:07,3.3192,18.63
2026/04/11 19:08:07,3.3307,18.63
2026/04/11 19:13:08,3.3317,18.63
2026/04/11 19:18:08,3.3399,18.63
2026/04/11 19:23:09,3.3369,18.63
2026/04/11 19:28:09,3.3461,18.63
2026/04/11 19:33:10,3.3574,18.62
2026/04/11 19:38:10,3.3577,18.62
2026/04/11 19:43:11,3.3651,18.61
2026/04/11 19:48:11,3.3694,18.61
2026/04/11 19:53:12,3.3664,18.61
2026/04/11 19:58:12,3.3676,18.61
2026/04/11 20:03:13,3.3817,18.61
2026/04/11 20:08:13,3.3827,18.61
2026/04/11 20:13:14,3.3845,18.61
2026/04/11 20:18:14,3.3879,18.60
2026/04/11 20:23:15,3.3940,18.60
2026/04/11 20:28:15,3.3855,18.60
2026/04/11 20:33:16,3.3854,18.60
2026/04/11 20:38:16,3.3884,18.61
2026/04/11 20:43:17,3.3920,18.60
2026/04/11 20:48:17,3.3952,18.59
2026/04/11 20:53:18,3.3951,18.59
2026/04/11 20:58:18,3.3950,18.60
2026/04/11 21:03:19,3.3974,18.60
2026/04/11 21:08:19,3.4073,18.60
2026/04/11 21:13:20,3.4069,18.61
2026/04/11 21:18:20,3.4101,18.60
2026/04/11 21:23:21,3.4186,18.59
2026/04/11 21:28:21,3.4114,18.61
2026/04/11 21:33:22,3.4213,18.61
2026/04/11 21:38:22,3.4255,18.61
2026/04/11 21:43:23,3.4313,18.60
2026/04/11 21:48:24,3.4295,18.60
2026/04/11 21:53:24,3.4314,18.60
2026/04/11 21:58:25,3.4299,18.61
2026/04/11 22:03:25,3.4366,18.62
2026/04/11 22:08:26,3.4388,18.61
2026/04/11 22:13:26,3.4451,18.61
2026/04/11 22:18:27,3.4445,18.61
2026/04/11 22:23:27,3.4401,18.61
2026/04/11 22:28:28,3.4409,18.61
2026/04/11 22:33:28,3.4433,18.62
2026/04/11 22:38:29,3.4466,18.62
2026/04/11 22:43:29,3.4522,18.62
2026/04/11 22:48:30,3.4553,18.62
2026/04/11 22:53:30,3.4571,18.61
2026/04/11 22:58:31,3.4617,18.61
2026/04/11 23:03:31,3.4642,18.61
2026/04/11 23:08:32,3.4669,18.62
2026/04/11 23:13:32,3.4694,18.62
2026/04/11 23:18:33,3.4706,18.62
2026/04/11 23:23:33,3.4759,18.61
2026/04/11 23:28:34,3.4704,18.61
2026/04/11 23:33:34,3.4714,18.61
2026/04/11 23:38:35,3.4751,18.61
2026/04/11 23:43:35,3.4796,18.61
2026/04/11 23:48:36,3.4791,18.61
2026/04/11 23:53:36,3.4751,18.61
2026/04/11 23:58:37,3.4738,18.60
2026/04/12 00:03:37,3.4715,18.60
2026/04/12 00:08:38,3.4791,18.60
2026/04/12 00:13:38,3.4872,18.60
2026/04/12 00:18:39,3.4831,18.60
2026/04/12 00:23:39,3.4861,18.59
2026/04/12 00:28:40,3.4863,18.60
2026/04/12 00:33:40,3.4870,18.60
2026/04/12 00:38:41,3.4909,18.60
2026/04/12 00:43:41,3.4897,18.60
2026/04/12 00:48:42,3.4862,18.59
2026/04/12 00:53:42,3.4855,18.60
2026/04/12 00:58:43,3.4801,18.59
2026/04/12 01:03:43,3.4802,18.60
2026/04/12 01:08:44,3.4809,18.60
2026/04/12 01:13:44,3.4822,18.59
2026/04/12 01:18:45,3.4792,18.59
2026/04/12 01:23:45,3.4809,18.59
2026/04/12 01:28:46,3.4838,18.59
2026/04/12 01:33:46,3.4831,18.60
2026/04/12 01:38:47,3.4885,18.59
2026/04/12 01:43:47,3.4920,18.60
2026/04/12 01:48:48,3.4965,18.59
2026/04/12 01:53:48,3.4977,18.59
2026/04/12 01:58:49,3.5004,18.58
2026/04/12 02:03:49,3.5069,18.59
2026/04/12 02:08:50,3.5091,18.59
2026/04/12 02:13:50,3.5087,18.59
2026/04/12 02:18:51,3.5116,18.59
2026/04/12 02:23:51,3.5138,18.59
2026/04/12 02:28:52,3.5145,18.59
2026/04/12 02:33:52,3.5184,18.59
2026/04/12 02:38:53,3.5181,18.60
2026/04/12 02:43:54,3.5178,18.59
2026/04/12 02:48:54,3.5177,18.59
2026/04/12 02:53:55,3.5205,18.60
2026/04/12 02:58:55,3.5212,18.59
2026/04/12 03:03:56,3.5252,18.60
2026/04/12 03:08:56,3.5285,18.61
2026/04/12 03:13:57,3.5283,18.61
2026/04/12 03:18:57,3.5260,18.61
2026/04/12 03:23:58,3.5235,18.61
2026/04/12 03:28:58,3.5256,18.62
2026/04/12 03:33:59,3.5295,18.61
2026/04/12 03:38:59,3.5318,18.62
2026/04/12 03:44:00,3.5431,18.63
2026/04/12 03:49:00,3.5412,18.62
2026/04/12 03:54:01,3.5387,18.63
2026/04/12 03:59:01,3.5335,18.63
2026/04/12 04:04:02,3.5349,18.63
2026/04/12 04:09:02,3.5432,18.63
2026/04/12 04:14:03,3.5437,18.63
2026/04/12 04:19:04,3.5450,18.64
2026/04/12 04:24:04,3.5451,18.64
2026/04/12 04:29:05,3.5435,18.64
2026/04/12 04:34:05,3.5428,18.64
2026/04/12 04:39:06,3.5430,18.65
2026/04/12 04:44:06,3.5464,18.64
2026/04/12 04:49:07,3.5443,18.65
2026/04/12 04:54:07,3.5447,18.65
2026/04/12 04:59:08,3.5423,18.65
2026/04/12 05:04:08,3.5407,18.65
2026/04/12 05:09:09,3.5466,18.66
2026/04/12 05:14:09,3.5516,18.66
2026/04/12 05:19:10,3.5505,18.66
2026/04/12 05:24:11,3.5660,18.66
2026/04/12 05:29:11,3.5672,18.66
2026/04/12 05:34:11,3.5733,18.67
2026/04/12 05:39:12,3.5696,18.66
2026/04/12 05:44:13,3.5687,18.66
2026/04/12 05:49:13,3.5669,18.66
2026/04/12 05:54:14,3.5725,18.66
2026/04/12 05:59:14,3.5726,18.66
2026/04/12 06:04:15,3.5720,18.67
2026/04/12 06:09:15,3.5783,18.66
2026/04/12 06:14:16,3.5823,18.67
2026/04/12 06:19:16,3.5759,18.67
2026/04/12 06:24:17,3.5754,18.67
2026/04/12 06:29:17,3.5790,18.68
2026/04/12 06:34:18,3.5755,18.68
2026/04/12 06:39:18,3.5745,18.68
2026/04/12 06:44:19,3.5753,18.67
2026/04/12 06:49:19,3.5801,18.68
2026/04/12 06:54:20,3.5809,18.67
2026/04/12 06:59:20,3.5786,18.68
2026/04/12 07:04:21,3.5767,18.67
2026/04/12 07:09:21,3.5830,18.68
2026/04/12 07:14:22,3.5886,18.68
2026/04/12 07:19:22,3.5894,18.68
2026/04/12 07:24:23,3.5937,18.70
2026/04/12 07:29:23,3.5920,18.68
2026/04/12 07:34:23,3.5940,18.68
2026/04/12 07:39:24,3.5953,18.68
2026/04/12 07:44:24,3.5948,18.69
2026/04/12 07:49:25,3.5925,18.69
2026/04/12 07:54:25,3.5902,18.68
2026/04/12 07:59:26,3.5978,18.69
2026/04/12 08:04:26,3.5999,18.69
2026/04/12 08:09:27,3.6004,18.70
2026/04/12 08:14:27,3.5998,18.70
2026/04/12 08:19:28,3.5971,18.70
2026/04/12 08:24:28,3.6014,18.70
2026/04/12 08:29:29,3.6033,18.71
2026/04/12 08:34:29,3.5998,18.71
2026/04/12 08:39:30,3.6053,18.71
2026/04/12 08:44:30,3.6073,18.71
2026/04/12 08:49:30,3.6119,18.72
2026/04/12 08:54:31,3.6133,18.71
2026/04/12 08:59:31,3.6091,18.72
2026/04/12 09:04:32,3.6102,18.73
2026/04/12 09:09:32,3.6094,18.72
2026/04/12 09:14:33,3.6081,18.73
2026/04/12 09:19:33,3.6092,18.74
2026/04/12 09:24:34,3.6138,18.74
2026/04/12 09:29:34,3.6143,18.75
2026/04/12 09:34:35,3.6139,18.75
2026/04/12 09:39:35,3.6142,18.75
2026/04/12 09:44:36,3.6156,18.75
2026/04/12 09:49:36,3.6184,18.76
2026/04/12 09:54:37,3.6169,18.77
2026/04/12 09:59:37,3.6196,18.77
2026/04/12 10:04:38,3.6256,18.77
2026/04/12 10:09:38,3.6269,18.77
2026/04/12 10:14:39,3.6324,18.78
2026/04/12 10:19:39,3.6402,18.78
2026/04/12 10:24:40,3.6426,18.79
2026/04/12 10:29:40,3.6441,18.79
2026/04/12 10:34:41,3.6392,18.78
2026/04/12 10:39:41,3.6433,18.79
2026/04/12 10:44:42,3.6463,18.80
2026/04/12 10:49:42,3.6479,18.79
2026/04/12 10:54:43,3.6482,18.80
2026/04/12 10:59:43,3.6540,18.80
2026/04/12 11:04:44,3.6595,18.80
2026/04/12 11:09:44,3.6594,18.81
2026/04/12 11:14:45,3.6572,18.81
2026/04/12 11:19:45,3.6625,18.81
2026/04/12 11:24:46,3.6657,18.82
2026/04/12 11:29:46,3.6662,18.82
2026/04/12 11:34:47,3.6690,18.82
2026/04/12 11:39:47,3.6685,18.83
2026/04/12 11:44:48,3.6745,18.82
2026/04/12 11:49:48,3.6729,18.83
2026/04/12 11:54:49,3.6683,18.84
2026/04/12 11:59:49,3.6731,18.84
2026/04/12 12:04:50,3.6772,18.84
2026/04/12 12:09:50,3.6788,18.83
2026/04/12 12:14:51,3.6739,18.83
2026/04/12 12:19:51,3.6791,18.84
2026/04/12 12:24:52,3.6886,18.83
2026/04/12 12:29:52,3.6860,18.84
2026/04/12 12:34:53,3.6845,18.84
2026/04/12 12:39:53,3.6827,18.83
2026/04/12 12:44:54,3.6871,18.83
2026/04/12 12:49:54,3.6930,18.83
2026/04/12 12:54:55,3.6864,18.83
2026/04/12 12:59:55,3.6902,18.82
2026/04/12 13:04:56,3.6903,18.82
2026/04/12 13:09:56,3.6903,18.81
2026/04/12 13:14:57,3.6893,18.82
2026/04/12 13:19:57,3.6837,18.80
2026/04/12 13:24:58,3.6913,18.80
2026/04/12 13:29:58,3.6898,18.81
2026/04/12 13:34:59,3.6927,18.80
2026/04/12 13:39:59,3.6934,18.80
2026/04/12 13:45:00,3.6975,18.80
2026/04/12 13:50:00,3.6975,18.81
2026/04/12 13:55:01,3.6985,18.80
2026/04/12 14:00:01,3.6985,18.80
2026/04/12 14:05:02,3.7024,18.79
2026/04/12 14:10:02,3.7010,18.79
2026/04/12 14:15:03,3.6989,18.79
2026/04/12 14:20:03,3.6985,18.79
2026/04/12 14:25:04,3.6974,18.79
2026/04/12 14:30:04,3.7053,18.78
2026/04/12 14:35:05,3.7084,18.79
2026/04/12 14:40:05,3.7113,18.79
2026/04/12 14:45:06,3.7055,18.79
2026/04/12 14:50:06,3.7035,18.79
2026/04/12 14:55:07,3.7031,18.79
2026/04/12 15:00:07,3.7066,18.79
2026/04/12 15:05:08,3.7063,18.79
2026/04/12 15:10:08,3.7087,18.80
2026/04/12 15:15:09,3.7123,18.80
2026/04/12 15:20:09,3.7146,18.79
2026/04/12 15:25:10,3.7218,18.79
2026/04/12 15:30:10,3.7282,18.80
2026/04/12 15:35:11,3.7316,18.79
2026/04/12 15:40:11,3.7345,18.80
2026/04/12 15:45:12,3.7457,18.80
2026/04/12 15:50:12,3.7592,18.80
2026/04/12 15:55:13,3.7628,18.80
2026/04/12 16:00:13,3.7700,18.81
2026/04/12 16:05:14,3.7801,18.82
2026/04/12 16:10:14,3.7877,18.82
2026/04/12 16:15:15,3.7929,18.82
2026/04/12 16:20:15,3.8049,18.83
2026/04/12 16:25:16,3.8074,18.82
2026/04/12 16:30:16,3.8125,18.83
2026/04/12 16:35:17,3.8250,18.83
2026/04/12 16:40:17,3.8273,18.84
2026/04/12 16:45:18,3.8331,18.84
2026/04/12 16:50:18,3.8332,18.84
2026/04/12 16:55:19,3.8495,18.84
2026/04/12 17:00:19,3.8559,18.86
2026/04/12 17:05:20,3.8594,18.86
2026/04/12 17:10:20,3.8651,18.87
2026/04/12 17:15:21,3.8691,18.86
2026/04/12 17:20:21,3.8747,18.86
2026/04/12 17:25:22,3.8846,18.88
2026/04/12 17:30:22,3.8872,18.88
2026/04/12 17:35:23,3.8914,18.88
2026/04/12 17:40:23,3.8973,18.88
2026/04/12 17:45:24,3.9014,18.88
2026/04/12 17:50:24,3.9076,18.89
2026/04/12 17:55:25,3.9103,18.89
2026/04/12 18:00:25,3.9151,18.89
2026/04/12 18:05:26,3.9180,18.89
2026/04/12 18:10:26,3.9293,18.89
2026/04/12 18:15:27,3.9303,18.89
2026/04/12 18:20:27,3.9350,18.89
2026/04/12 18:25:28,3.9350,18.88
2026/04/12 18:30:28,3.9418,18.89
2026/04/12 18:35:29,3.9465,18.88
2026/04/12 18:40:29,3.9457,18.88
2026/04/12 18:45:30,3.9343,18.87
2026/04/12 18:50:30,3.9354,18.88
2026/04/12 18:55:31,3.9368,18.88
2026/04/12 19:00:31,3.9368,18.87
2026/04/12 19:05:32,3.9417,18.87
2026/04/12 19:10:32,3.9376,18.86
2026/04/12 19:15:33,3.9345,18.85
2026/04/12 19:20:33,3.9405,18.86
2026/04/12 19:25:34,3.9429,18.85
2026/04/12 19:30:34,3.9416,18.85
2026/04/12 19:35:35,3.9426,18.84
2026/04/12 19:40:36,3.9403,18.84
2026/04/12 19:45:36,3.9462,18.83
2026/04/12 19:50:37,3.9454,18.83
2026/04/12 19:55:37,3.9432,18.82
2026/04/12 20:00:37,3.9460,18.81
2026/04/12 20:05:38,3.9493,18.80
2026/04/12 20:10:39,3.9519,18.80
2026/04/12 20:15:39,3.9475,18.80
2026/04/12 20:20:39,3.9508,18.79
2026/04/12 20:25:40,3.9540,18.78
2026/04/12 20:30:40,3.9510,18.77
2026/04/12 20:35:41,3.9563,18.76
2026/04/12 20:40:41,3.9565,18.76
2026/04/12 20:45:42,3.9565,18.75
2026/04/12 20:50:42,3.9573,18.75
2026/04/12 20:55:43,3.9590,18.73
2026/04/12 21:00:43,3.9618,18.73
2026/04/12 21:05:44,3.9627,18.71
2026/04/12 21:10:44,3.9633,18.71
2026/04/12 21:15:45,3.9656,18.70
2026/04/12 21:20:46,3.9654,18.70
2026/04/12 21:25:46,3.9648,18.68
2026/04/12 21:30:47,3.9644,18.68
2026/04/12 21:35:47,3.9629,18.66
2026/04/12 21:40:48,3.9721,18.65
2026/04/12 21:45:48,3.9710,18.64
2026/04/12 21:50:49,3.9710,18.64
2026/04/12 21:55:49,3.9718,18.62
2026/04/12 22:00:50,3.9755,18.61
2026/04/12 22:05:50,3.9725,18.61
2026/04/12 22:10:51,3.9755,18.59
2026/04/12 22:15:51,3.9734,18.59
2026/04/12 22:20:52,3.9736,18.59
2026/04/12 22:25:52,3.9746,18.58
2026/04/12 22:30:53,3.9776,18.56
2026/04/12 22:35:53,3.9780,18.57
2026/04/12 22:40:54,3.9796,18.55
2026/04/12 22:45:54,3.9730,18.55
2026/04/12 22:50:55,3.9759,18.54
2026/04/12 22:55:55,3.9779,18.53
2026/04/12 23:00:56,3.9793,18.53
2026/04/12 23:05:56,3.9833,18.51
2026/04/12 23:10:57,3.9969,18.51
2026/04/12 23:15:58,4.0066,18.49
2026/04/12 23:20:58,4.0108,18.48
2026/04/12 23:25:59,4.0157,18.48
2026/04/12 23:30:59,4.0128,18.48
2026/04/12 23:36:00,4.0184,18.48
2026/04/12 23:41:00,4.0230,18.47
2026/04/12 23:46:01,4.0269,18.46
2026/04/12 23:51:01,4.0297,18.46
2026/04/12 23:56:02,4.0353,18.46
2026/04/13 00:01:03,4.0433,18.45
2026/04/13 00:06:03,4.0412,18.45
2026/04/13 00:11:04,4.0510,18.44
2026/04/13 00:16:04,4.0557,18.45
2026/04/13 00:21:05,4.0579,18.45
2026/04/13 00:26:06,4.0629,18.45
2026/04/13 00:31:06,4.0625,18.45
2026/04/13 00:36:07,4.0555,18.45
2026/04/13 00:41:07,4.0536,18.45
2026/04/13 00:46:08,4.0529,18.45
2026/04/13 00:51:08,4.0539,18.45
2026/04/13 00:56:09,4.0545,18.45
2026/04/13 01:01:09,4.0501,18.45
2026/04/13 01:06:10,4.0485,18.45
2026/04/13 01:11:10,4.0481,18.45
2026/04/13 01:16:11,4.0474,18.46
2026/04/13 01:21:11,4.0456,18.46
2026/04/13 01:26:12,4.0465,18.46
2026/04/13 01:31:12,4.0409,18.46
2026/04/13 01:36:13,4.0369,18.46
2026/04/13 01:41:13,4.0364,18.46
2026/04/13 01:46:14,4.0329,18.47
2026/04/13 01:51:14,4.0311,18.46
2026/04/13 01:56:15,4.0307,18.48
2026/04/13 02:01:15,4.0315,18.47
2026/04/13 02:06:16,4.0300,18.47
2026/04/13 02:11:16,4.0289,18.48
2026/04/13 02:16:17,4.0306,18.49
2026/04/13 02:21:17,4.0300,18.49
2026/04/13 02:26:18,4.0243,18.50
2026/04/13 02:31:18,4.0245,18.51
2026/04/13 02:36:19,4.0247,18.53
2026/04/13 02:41:19,4.0240,18.53
2026/04/13 02:46:20,4.0200,18.54
2026/04/13 02:51:20,4.0193,18.55
2026/04/13 02:56:21,4.0201,18.55
2026/04/13 03:01:21,4.0213,18.56
2026/04/13 03:06:22,4.0215,18.57
2026/04/13 03:11:22,4.0179,18.58
2026/04/13 03:16:23,4.0244,18.58
2026/04/13 03:21:23,4.0225,18.59
2026/04/13 03:26:24,4.0198,18.61
2026/04/13 03:31:24,4.0212,18.63
2026/04/13 03:36:25,4.0213,18.63
2026/04/13 03:41:26,4.0179,18.64
2026/04/13 03:46:26,4.0199,18.64
2026/04/13 03:51:27,4.0242,18.68
2026/04/13 03:56:27,4.0261,18.67
2026/04/13 04:01:28,4.0137,18.71
2026/04/13 04:06:28,4.0107,18.70
2026/04/13 04:11:29,4.0044,18.73
2026/04/13 04:16:29,4.0070,18.74
2026/04/13 04:21:30,4.0005,18.75
2026/04/13 04:26:31,4.0006,18.75
2026/04/13 04:31:31,4.0009,18.77
2026/04/13 04:36:32,3.9977,18.79
2026/04/13 04:41:32,3.9917,18.83
2026/04/13 04:46:33,3.9890,18.82
2026/04/13 04:51:33,3.9870,18.82
2026/04/13 04:56:34,3.9858,18.85
2026/04/13 05:01:34,3.9844,18.87
2026/04/13 05:06:35,3.9840,18.85
2026/04/13 05:11:35,3.9806,18.89
2026/04/13 05:16:36,3.9778,18.89
2026/04/13 05:21:36,3.9768,18.91
2026/04/13 05:26:37,3.9756,18.92
2026/04/13 05:31:37,3.9741,18.92
2026/04/13 05:36:38,3.9743,18.95
2026/04/13 05:41:38,3.9732,18.98
2026/04/13 05:46:39,3.9722,18.99
2026/04/13 05:51:39,3.9706,18.98
2026/04/13 05:56:40,3.9712,19.00
2026/04/13 06:01:41,3.9682,19.06
2026/04/13 06:06:41,3.9683,19.04
2026/04/13 06:11:42,3.9677,19.05
2026/04/13 06:16:42,3.9645,19.09
2026/04/13 06:21:43,3.9647,19.08
2026/04/13 06:26:43,3.9620,19.11
2026/04/13 06:31:44,3.9609,19.10
2026/04/13 06:36:44,3.9622,19.12
2026/04/13 06:41:45,3.9644,19.16
2026/04/13 06:46:46,3.9639,19.16
2026/04/13 06:51:46,3.9656,19.18
2026/04/13 06:56:47,3.9643,19.19
2026/04/13 07:01:47,3.9590,19.19
2026/04/13 07:06:48,3.9619,19.21
2026/04/13 07:11:48,3.9609,19.24
2026/04/13 07:16:49,3.9589,19.24
2026/04/13 07:21:49,3.9585,19.26
2026/04/13 07:26:50,3.9574,19.28
2026/04/13 07:31:50,3.9565,19.29
2026/04/13 07:36:51,3.9544,19.32
2026/04/13 07:41:52,3.9554,19.30
2026/04/13 07:46:52,3.9575,19.36
2026/04/13 07:51:53,3.9559,19.37
2026/04/13 07:56:53,3.9544,19.36
2026/04/13 08:01:54,3.9536,19.39
2026/04/13 08:06:54,3.9535,19.39
2026/04/13 08:11:55,3.9514,19.42
2026/04/13 08:16:55,3.9508,19.42
2026/04/13 08:21:56,3.9516,19.46
2026/04/13 08:26:56,3.9501,19.46
2026/04/13 08:31:56,3.9457,19.47
2026/04/13 08:36:57,3.9451,19.49
2026/04/13 08:41:58,3.9483,19.48
2026/04/13 08:46:58,3.9489,19.52
2026/04/13 08:51:58,3.9489,19.54
2026/04/13 08:56:59,3.9469,19.53
2026/04/13 09:02:00,3.9466,19.54
2026/04/13 09:07:00,3.9473,19.55
2026/04/13 09:12:01,3.9486,19.55
2026/04/13 09:17:01,3.9479,19.56
2026/04/13 09:22:02,3.9482,19.57
2026/04/13 09:27:02,3.9469,19.58
2026/04/13 09:32:03,3.9439,19.59
2026/04/13 09:37:03,3.9417,19.60
2026/04/13 09:42:04,3.9387,19.60
2026/04/13 09:47:04,3.9397,19.62
2026/04/13 09:52:05,3.9404,19.61
2026/04/13 09:57:05,3.9390,19.63
2026/04/13 10:02:06,3.9369,19.64
2026/04/13 10:07:06,3.9399,19.64
2026/04/13 10:12:06,3.9354,19.64
2026/04/13 10:17:07,3.9361,19.65
2026/04/13 10:22:07,3.9370,19.66
2026/04/13 10:27:08,3.9353,19.66
2026/04/13 10:32:08,3.9316,19.67
2026/04/13 10:37:09,3.9294,19.69
2026/04/13 10:42:09,3.9266,19.68
2026/04/13 10:47:10,3.9274,19.68
2026/04/13 10:52:10,3.9285,19.70
2026/04/13 10:57:11,3.9225,19.70
2026/04/13 11:02:11,3.9216,19.70
2026/04/13 11:07:12,3.9185,19.71
2026/04/13 11:12:12,3.9261,19.72
2026/04/13 11:17:13,3.9235,19.71
2026/04/13 11:22:13,3.9209,19.73
2026/04/13 11:27:14,3.9193,19.74
2026/04/13 11:32:14,3.9129,19.75
2026/04/13 11:37:15,3.9106,19.74
2026/04/13 11:42:15,3.9052,19.75
2026/04/13 11:47:16,3.9103,19.75
2026/04/13 11:52:16,3.9118,19.77
2026/04/13 11:57:17,3.9125,19.77
2026/04/13 12:02:17,3.9099,19.78
2026/04/13 12:07:18,3.9129,19.78
2026/04/13 12:12:18,3.9166,19.79
2026/04/13 12:17:19,3.9108,19.79
2026/04/13 12:22:19,3.9053,19.80
2026/04/13 12:27:20,3.9033,19.80
2026/04/13 12:32:20,3.9048,19.80
2026/04/13 12:37:21,3.9026,19.80
2026/04/13 12:42:22,3.9021,19.81
2026/04/13 12:47:22,3.9030,19.81
2026/04/13 12:52:22,3.9034,19.81
2026/04/13 12:57:23,3.9002,19.82
2026/04/13 13:02:23,3.8979,19.82
2026/04/13 13:07:24,3.8985,19.82
2026/04/13 13:12:24,3.8986,19.82
2026/04/13 13:17:25,3.8959,19.82
2026/04/13 13:22:25,3.8960,19.83
2026/04/13 13:27:26,3.8935,19.83
2026/04/13 13:32:27,3.8903,19.83
2026/04/13 13:37:27,3.8872,19.83
2026/04/13 13:42:28,3.8922,19.82
2026/04/13 13:47:28,3.8895,19.82
2026/04/13 13:52:29,3.8819,19.83
2026/04/13 13:57:29,3.8781,19.82
2026/04/13 14:02:30,3.8841,19.82
2026/04/13 14:07:30,3.8824,19.82
2026/04/13 14:12:30,3.8754,19.82
2026/04/13 14:17:31,3.8735,19.82
2026/04/13 14:22:31,3.8796,19.81
2026/04/13 14:27:32,3.8768,19.81
2026/04/13 14:32:32,3.8709,19.80
2026/04/13 14:37:33,3.8710,19.80
2026/04/13 14:42:33,3.8729,19.81
2026/04/13 14:47:34,3.8713,19.80
2026/04/13 14:52:34,3.8635,19.80
2026/04/13 14:57:35,3.8612,19.80
2026/04/13 15:02:36,3.8655,19.80
2026/04/13 15:07:36,3.8666,19.80
2026/04/13 15:12:37,3.8630,19.80
2026/04/13 15:17:37,3.8609,19.80
2026/04/13 15:22:38,3.8558,19.80
2026/04/13 15:27:39,3.8528,19.79
2026/04/13 15:32:39,3.8515,19.80
2026/04/13 15:37:40,3.8509,19.80
2026/04/13 15:42:40,3.8517,19.80
2026/04/13 15:47:41,3.8503,19.79
2026/04/13 15:52:41,3.8515,19.79
2026/04/13 15:57:42,3.8504,19.79
2026/04/13 16:02:42,3.8446,19.79
2026/04/13 16:07:43,3.8488,19.79
2026/04/13 16:12:44,3.8460,19.79
2026/04/13 16:17:44,3.8475,19.78
2026/04/13 16:22:45,3.8444,19.78
2026/04/13 16:27:45,3.8430,19.77
2026/04/13 16:32:46,3.8441,19.77
2026/04/13 16:37:46,3.8436,19.77
2026/04/13 16:42:47,3.8414,19.77
2026/04/13 16:47:47,3.8414,19.76
2026/04/13 16:52:47,3.8397,19.76
2026/04/13 16:57:48,3.8350,19.75
2026/04/13 17:02:49,3.8353,19.75
2026/04/13 17:07:49,3.8340,19.75
2026/04/13 17:12:49,3.8326,19.74
2026/04/13 17:17:50,3.8406,19.74
2026/04/13 17:22:50,3.8450,19.73
2026/04/13 17:27:51,3.8426,19.73
2026/04/13 17:32:51,3.8417,19.72
2026/04/13 17:37:52,3.8394,19.73
2026/04/13 17:42:52,3.8347,19.73
2026/04/13 17:47:53,3.8346,19.72
2026/04/13 17:52:53,3.8332,19.72
2026/04/13 17:57:54,3.8339,19.71
2026/04/13 18:02:54,3.8281,19.71
2026/04/13 18:07:55,3.8350,19.71
2026/04/13 18:12:55,3.8336,19.71
2026/04/13 18:17:56,3.8385,19.70
2026/04/13 18:22:56,3.8380,19.70
2026/04/13 18:27:57,3.8396,19.70
2026/04/13 18:32:57,3.8427,19.70
2026/04/13 18:37:58,3.8472,19.70
2026/04/13 18:42:58,3.8456,19.70
2026/04/13 18:47:59,3.8460,19.68
2026/04/13 18:52:59,3.8497,19.68
2026/04/13 18:58:00,3.8492,19.68
2026/04/13 19:03:00,3.8505,19.68
2026/04/13 19:08:01,3.8509,19.68
2026/04/13 19:13:01,3.8525,19.68
2026/04/13 19:18:02,3.8537,19.68
2026/04/13 19:23:02,3.8519,19.68
2026/04/13 19:28:02,3.8521,19.67
2026/04/13 19:33:03,3.8511,19.67
2026/04/13 19:38:03,3.8519,19.67
2026/04/13 19:43:04,3.8470,19.67
2026/04/13 19:48:04,3.8484,19.66
2026/04/13 19:53:05,3.8504,19.67
2026/04/13 19:58:05,3.8506,19.66
2026/04/13 20:03:06,3.8494,19.66
2026/04/13 20:08:06,3.8486,19.67
2026/04/13 20:13:07,3.8504,19.66
2026/04/13 20:18:07,3.8530,19.66
2026/04/13 20:23:07,3.8508,19.66
2026/04/13 20:28:08,3.8520,19.66
2026/04/13 20:33:08,3.8575,19.66
2026/04/13 20:38:09,3.8584,19.66
2026/04/13 20:43:09,3.8506,19.65
2026/04/13 20:48:10,3.8530,19.66
2026/04/13 20:53:10,3.8496,19.64
2026/04/13 20:58:11,3.8500,19.65
2026/04/13 21:03:11,3.8498,19.65
2026/04/13 21:08:12,3.8498,19.65
2026/04/13 21:13:12,3.8492,19.66
2026/04/13 21:18:13,3.8484,19.65
2026/04/13 21:23:13,3.8481,19.64
2026/04/13 21:28:14,3.8462,19.65
2026/04/13 21:33:14,3.8417,19.64
2026/04/13 21:38:15,3.8420,19.64
2026/04/13 21:43:15,3.8421,19.64
2026/04/13 21:48:16,3.8401,19.64
2026/04/13 21:53:16,3.8399,19.63
2026/04/13 21:58:17,3.8361,19.63
2026/04/13 22:03:17,3.8331,19.63
2026/04/13 22:08:18,3.8330,19.62
2026/04/13 22:13:18,3.8337,19.62
2026/04/13 22:18:19,3.8343,19.62
2026/04/13 22:23:19,3.8302,19.62
2026/04/13 22:28:20,3.8303,19.62
2026/04/13 22:33:20,3.8266,19.62
2026/04/13 22:38:21,3.8254,19.61
2026/04/13 22:43:21,3.8233,19.61
2026/04/13 22:48:22,3.8251,19.61
2026/04/13 22:53:22,3.8204,19.61
2026/04/13 22:58:23,3.8176,19.60
2026/04/13 23:03:23,3.8173,19.60
2026/04/13 23:08:24,3.8158,19.60
2026/04/13 23:13:24,3.8157,19.59
2026/04/13 23:18:25,3.8141,19.59
2026/04/13 23:23:25,3.8119,19.59
2026/04/13 23:28:26,3.8101,19.59
2026/04/13 23:33:26,3.8095,19.59
2026/04/13 23:38:27,3.8033,19.58
2026/04/13 23:43:27,3.8045,19.58
2026/04/13 23:48:28,3.8019,19.58
2026/04/13 23:53:28,3.8011,19.58
2026/04/13 23:58:29,3.8078,19.57
2026/04/14 00:03:29,3.8071,19.57
2026/04/14 00:08:29,3.8077,19.57
2026/04/14 00:13:30,3.8019,19.57
2026/04/14 00:18:30,3.7981,19.57
2026/04/14 00:23:31,3.7969,19.56
2026/04/14 00:28:31,3.7989,19.56
2026/04/14 00:33:32,3.7977,19.56
2026/04/14 00:38:32,3.7941,19.56
2026/04/14 00:43:33,3.7944,19.56
2026/04/14 00:48:33,3.7919,19.56
2026/04/14 00:53:34,3.7713,19.55
2026/04/14 00:58:34,3.7540,19.55
2026/04/14 01:03:35,3.7386,19.56
2026/04/14 01:08:35,3.7338,19.56
2026/04/14 01:13:36,3.7268,19.55
2026/04/14 01:18:36,3.7237,19.55
2026/04/14 01:23:37,3.7123,19.55
2026/04/14 01:28:37,3.7060,19.55
2026/04/14 01:33:38,3.6963,19.54
2026/04/14 01:38:38,3.6899,19.55
2026/04/14 01:43:38,3.6887,19.55
2026/04/14 01:48:39,3.6790,19.54
2026/04/14 01:53:39,3.6725,19.54
2026/04/14 01:58:40,3.6665,19.54
2026/04/14 02:03:40,3.6597,19.54
2026/04/14 02:08:41,3.6514,19.54
2026/04/14 02:13:41,3.6431,19.54
2026/04/14 02:18:42,3.6376,19.54
2026/04/14 02:23:42,3.6316,19.53
2026/04/14 02:28:43,3.6301,19.53
2026/04/14 02:33:43,3.6274,19.52
2026/04/14 02:38:44,3.6189,19.52
2026/04/14 02:43:44,3.6183,19.53
2026/04/14 02:48:45,3.6144,19.53
2026/04/14 02:53:45,3.6127,19.52
2026/04/14 02:58:46,3.6100,19.53
2026/04/14 03:03:46,3.6065,19.52
2026/04/14 03:08:47,3.5987,19.53
2026/04/14 03:13:47,3.5957,19.51
2026/04/14 03:18:48,3.5940,19.52
2026/04/14 03:23:48,3.5890,19.52
2026/04/14 03:28:49,3.5880,19.51
2026/04/14 03:33:49,3.5969,19.51
2026/04/14 03:38:50,3.5920,19.51
2026/04/14 03:43:50,3.5863,19.50
2026/04/14 03:48:51,3.5780,19.51
2026/04/14 03:53:51,3.5681,19.51
2026/04/14 03:58:52,3.5647,19.51
2026/04/14 04:03:52,3.5606,19.51
2026/04/14 04:08:53,3.5594,19.51
2026/04/14 04:13:53,3.5631,19.50
2026/04/14 04:18:53,3.5579,19.50
2026/04/14 04:23:54,3.5508,19.50
2026/04/14 04:28:54,3.5490,19.50
2026/04/14 04:33:55,3.5499,19.50
2026/04/14 04:38:55,3.5422,19.50
2026/04/14 04:43:56,3.5402,19.50
2026/04/14 04:48:56,3.5405,19.50
2026/04/14 04:53:57,3.5354,19.50
2026/04/14 04:58:57,3.5304,19.49
2026/04/14 05:03:57,3.5274,19.50
2026/04/14 05:08:58,3.5285,19.48
2026/04/14 05:13:58,3.5201,19.50
2026/04/14 05:18:59,3.5184,19.48
2026/04/14 05:23:59,3.5169,19.49
2026/04/14 05:29:00,3.5177,19.49
2026/04/14 05:34:00,3.5143,19.48
2026/04/14 05:39:01,3.5104,19.49
2026/04/14 05:44:01,3.5064,19.48
2026/04/14 05:49:02,3.5053,19.48
2026/04/14 05:54:02,3.5017,19.48
2026/04/14 05:59:03,3.4974,19.48
2026/04/14 06:04:03,3.5004,19.48
2026/04/14 06:09:04,3.4975,19.48
2026/04/14 06:14:04,3.4951,19.48
2026/04/14 06:19:05,3.4930,19.48
2026/04/14 06:24:05,3.4933,19.48
2026/04/14 06:29:06,3.4890,19.48
2026/04/14 06:34:06,3.4878,19.48
2026/04/14 06:39:07,3.4829,19.48
2026/04/14 06:44:07,3.4841,19.48
2026/04/14 06:49:08,3.4826,19.48
2026/04/14 06:54:08,3.4784,19.48
2026/04/14 06:59:09,3.4787,19.48
2026/04/14 07:04:09,3.4844,19.48
2026/04/14 07:09:10,3.4820,19.48
2026/04/14 07:14:10,3.4805,19.48
2026/04/14 07:19:11,3.4799,19.48
2026/04/14 07:24:11,3.4743,19.47
2026/04/14 07:29:12,3.4672,19.48
2026/04/14 07:34:12,3.4693,19.48
2026/04/14 07:39:13,3.4724,19.47
2026/04/14 07:44:13,3.4701,19.47
2026/04/14 07:49:14,3.4679,19.47
2026/04/14 07:54:14,3.4656,19.46
2026/04/14 07:59:15,3.4613,19.47
2026/04/14 08:04:15,3.4554,19.46
2026/04/14 08:09:16,3.4531,19.48
2026/04/14 08:14:16,3.4535,19.47
2026/04/14 08:19:17,3.4544,19.47
2026/04/14 08:24:17,3.4515,19.48
2026/04/14 08:29:18,3.4502,19.48
2026/04/14 08:34:18,3.4448,19.48
2026/04/14 08:39:19,3.4429,19.48
2026/04/14 08:44:19,3.4339,19.48
2026/04/14 08:49:19,3.4331,19.48
2026/04/14 08:54:20,3.4352,19.48
2026/04/14 08:59:20,3.4396,19.48
2026/04/14 09:04:21,3.4489,19.48
2026/04/14 09:09:21,3.4399,19.49
2026/04/14 09:14:22,3.4443,19.48
2026/04/14 09:19:22,3.4340,19.49
2026/04/14 09:24:23,3.4399,19.48
2026/04/14 09:29:23,3.4361,19.48
2026/04/14 09:34:24,3.4390,19.48
2026/04/14 09:39:24,3.4321,19.48
2026/04/14 09:44:25,3.4323,19.47
2026/04/14 09:49:25,3.4336,19.48
2026/04/14 09:54:26,3.4300,19.48
2026/04/14 09:59:26,3.4271,19.48
2026/04/14 10:04:27,3.4249,19.47
2026/04/14 10:09:27,3.4334,19.48
2026/04/14 10:14:28,3.4322,19.48
2026/04/14 10:19:28,3.4269,19.48
2026/04/14 10:24:29,3.4243,19.48
2026/04/14 10:29:29,3.4176,19.49
2026/04/14 10:34:29,3.4119,19.50
2026/04/14 10:39:30,3.4142,19.48
2026/04/14 10:44:30,3.4133,19.48
2026/04/14 10:49:31,3.4133,19.48
2026/04/14 10:54:31,3.4105,19.49
2026/04/14 10:59:32,3.4045,19.48
2026/04/14 11:04:32,3.4052,19.48
2026/04/14 11:09:33,3.4006,19.48
2026/04/14 11:14:33,3.3977,19.48
2026/04/14 11:19:34,3.3965,19.48
2026/04/14 11:24:34,3.3956,19.48
2026/04/14 11:29:35,3.3918,19.48
2026/04/14 11:34:35,3.3849,19.48
2026/04/14 11:39:36,3.3832,19.47
2026/04/14 11:44:36,3.3788,19.47
2026/04/14 11:49:37,3.3772,19.48
2026/04/14 11:54:37,3.3786,19.48
2026/04/14 11:59:38,3.3840,19.47
2026/04/14 12:04:38,3.3977,19.47
2026/04/14 12:09:39,3.4075,19.47
2026/04/14 12:14:39,3.4127,19.47
2026/04/14 12:19:40,3.4106,19.46
2026/04/14 12:24:41,3.4112,19.46
2026/04/14 12:29:41,3.4155,19.45
2026/04/14 12:34:42,3.4224,19.46
2026/04/14 12:39:42,3.4215,19.46
2026/04/14 12:44:43,3.4245,19.45
2026/04/14 12:49:43,3.4274,19.46
2026/04/14 12:54:44,3.4293,19.46
2026/04/14 12:59:44,3.4267,19.45
2026/04/14 13:04:44,3.4313,19.45
2026/04/14 13:09:45,3.4338,19.45
2026/04/14 13:14:45,3.4346,19.44
2026/04/14 13:19:46,3.4428,19.45
2026/04/14 13:24:46,3.4458,19.45
2026/04/14 13:29:47,3.4469,19.45
2026/04/14 13:34:47,3.4453,19.44
2026/04/14 13:39:48,3.4406,19.44
2026/04/14 13:44:48,3.4418,19.44
2026/04/14 13:49:49,3.4458,19.44
2026/04/14 13:54:49,3.4464,19.44
2026/04/14 13:59:50,3.4456,19.44
2026/04/14 14:04:50,3.4487,19.44
2026/04/14 14:09:51,3.4511,19.44
2026/04/14 14:14:51,3.4489,19.45
2026/04/14 14:19:52,3.4461,19.45
2026/04/14 14:24:53,3.4492,19.44
2026/04/14 14:29:53,3.4510,19.45
2026/04/14 14:34:54,3.4510,19.44
2026/04/14 14:39:54,3.4469,19.44
2026/04/14 14:44:55,3.4464,19.44
2026/04/14 14:49:55,3.4446,19.44
2026/04/14 14:54:55,3.4448,19.44
2026/04/14 14:59:56,3.4436,19.45
2026/04/14 15:04:56,3.4458,19.45
2026/04/14 15:09:57,3.4476,19.45
2026/04/14 15:14:57,3.4476,19.44
2026/04/14 15:19:58,3.4484,19.44
2026/04/14 15:24:58,3.4418,19.44
2026/04/14 15:29:59,3.4443,19.43
2026/04/14 15:34:59,3.4471,19.43
2026/04/14 15:40:00,3.4479,19.43
2026/04/14 15:45:00,3.4434,19.42
2026/04/14 15:50:01,3.4480,19.41
2026/04/14 15:55:01,3.4497,19.41
2026/04/14 16:00:02,3.4497,19.42
2026/04/14 16:05:02,3.4527,19.39
2026/04/14 16:10:03,3.4518,19.40
2026/04/14 16:15:03,3.4510,19.40
2026/04/14 16:20:04,3.4515,19.41
2026/04/14 16:25:04,3.4529,19.40
2026/04/14 16:30:05,3.4600,19.40
2026/04/14 16:35:05,3.4614,19.40
2026/04/14 16:40:06,3.4598,19.40
2026/04/14 16:45:06,3.4600,19.40
2026/04/14 16:50:07,3.4647,19.40
2026/04/14 16:55:07,3.4681,19.41
2026/04/14 17:00:08,3.4682,19.41
2026/04/14 17:05:08,3.4732,19.41
2026/04/14 17:10:09,3.4779,19.42
2026/04/14 17:15:09,3.4744,19.42
2026/04/14 17:20:10,3.4800,19.41
2026/04/14 17:25:10,3.4847,19.42
2026/04/14 17:30:11,3.4880,19.43
2026/04/14 17:35:11,3.4923,19.44
2026/04/14 17:40:12,3.4915,19.43
2026/04/14 17:45:12,3.4957,19.44
2026/04/14 17:50:13,3.4971,19.44
2026/04/14 17:55:13,3.4982,19.45
2026/04/14 18:00:14,3.5014,19.45
2026/04/14 18:05:14,3.5074,19.45
2026/04/14 18:10:15,3.5061,19.44
2026/04/14 18:15:15,3.5099,19.45
2026/04/14 18:20:16,3.5113,19.45
2026/04/14 18:25:16,3.5122,19.45
2026/04/14 18:30:17,3.5154,19.45
2026/04/14 18:35:17,3.5173,19.45
2026/04/14 18:40:18,3.5194,19.45
2026/04/14 18:45:18,3.5255,19.45
2026/04/14 18:50:19,3.5251,19.45
2026/04/14 18:55:19,3.5288,19.45
2026/04/14 19:00:19,3.5303,19.45
2026/04/14 19:05:20,3.5342,19.45
2026/04/14 19:10:20,3.5353,19.45
2026/04/14 19:15:21,3.5399,19.45
2026/04/14 19:20:21,3.5441,19.46
2026/04/14 19:25:22,3.5455,19.46
2026/04/14 19:30:22,3.5467,19.45
2026/04/14 19:35:23,3.5495,19.46
2026/04/14 19:40:23,3.5537,19.45
2026/04/14 19:45:23,3.5536,19.46
2026/04/14 19:50:24,3.5512,19.46
2026/04/14 19:55:24,3.5516,19.46
2026/04/14 20:00:25,3.5511,19.47
2026/04/14 20:05:25,3.5519,19.46
2026/04/14 20:10:26,3.5510,19.47
2026/04/14 20:15:26,3.5558,19.46
2026/04/14 20:20:27,3.5570,19.46
2026/04/14 20:25:27,3.5559,19.46
2026/04/14 20:30:28,3.5559,19.47
2026/04/14 20:35:28,3.5594,19.47
2026/04/14 20:40:29,3.5608,19.47
2026/04/14 20:45:29,3.5649,19.46
2026/04/14 20:50:30,3.5689,19.47
2026/04/14 20:55:30,3.5709,19.46
2026/04/14 21:00:30,3.5746,19.46
2026/04/14 21:05:31,3.5731,19.47
2026/04/14 21:10:31,3.5742,19.46
2026/04/14 21:15:32,3.5747,19.47
2026/04/14 21:20:32,3.5778,19.47
2026/04/14 21:25:33,3.5807,19.47
2026/04/14 21:30:33,3.5814,19.46
2026/04/14 21:35:34,3.5801,19.47
2026/04/14 21:40:35,3.5743,19.48
2026/04/14 21:45:35,3.5729,19.48
2026/04/14 21:50:36,3.5714,19.48
2026/04/14 21:55:36,3.5667,19.48
2026/04/14 22:00:37,3.5660,19.48
2026/04/14 22:05:37,3.5680,19.48
2026/04/14 22:10:38,3.5704,19.48
2026/04/14 22:15:38,3.5731,19.48
2026/04/14 22:20:38,3.5783,19.48
2026/04/14 22:25:39,3.5756,19.48
2026/04/14 22:30:39,3.5777,19.49
2026/04/14 22:35:40,3.5822,19.48
2026/04/14 22:40:40,3.5868,19.48
2026/04/14 22:45:41,3.5823,19.48
2026/04/14 22:50:41,3.5805,19.47
2026/04/14 22:55:42,3.5829,19.47
2026/04/14 23:00:42,3.5846,19.48
2026/04/14 23:05:43,3.5841,19.48
2026/04/14 23:10:43,3.5821,19.48
2026/04/14 23:15:43,3.5800,19.47
2026/04/14 23:20:44,3.5806,19.48
2026/04/14 23:25:44,3.5775,19.48
2026/04/14 23:30:45,3.5789,19.47
2026/04/14 23:35:45,3.5781,19.47
2026/04/14 23:40:46,3.5808,19.47
2026/04/14 23:45:46,3.5809,19.47
2026/04/14 23:50:47,3.5820,19.48
2026/04/14 23:55:47,3.5778,19.46
2026/04/15 00:00:48,3.5800,19.47
2026/04/15 00:05:48,3.5842,19.46
2026/04/15 00:10:49,3.5865,19.46
2026/04/15 00:15:49,3.5881,19.46
2026/04/15 00:20:50,3.5840,19.47
2026/04/15 00:25:50,3.5852,19.46
2026/04/15 00:30:51,3.5818,19.45
2026/04/15 00:35:51,3.5800,19.46
2026/04/15 00:40:52,3.5796,19.46
2026/04/15 00:45:52,3.5780,19.46
2026/04/15 00:50:53,3.5777,19.45
2026/04/15 00:55:53,3.5788,19.45
2026/04/15 01:00:54,3.5733,19.45
2026/04/15 01:05:54,3.5754,19.44
2026/04/15 01:10:55,3.5753,19.45
2026/04/15 01:15:55,3.5753,19.45
2026/04/15 01:20:56,3.5699,19.45
2026/04/15 01:25:57,3.5726,19.44
2026/04/15 01:30:57,3.5728,19.44
2026/04/15 01:35:58,3.5713,19.43
2026/04/15 01:40:58,3.5672,19.44
2026/04/15 01:45:59,3.5665,19.44
2026/04/15 01:51:00,3.5614,19.43
2026/04/15 01:56:00,3.5622,19.43
2026/04/15 02:01:01,3.5627,19.43
2026/04/15 02:06:01,3.5632,19.42
2026/04/15 02:11:02,3.5605,19.41
2026/04/15 02:16:02,3.5547,19.41
2026/04/15 02:21:03,3.5629,19.41
2026/04/15 02:26:03,3.5614,19.41
2026/04/15 02:31:04,3.5591,19.41
2026/04/15 02:36:04,3.5633,19.40
2026/04/15 02:41:05,3.5590,19.40
2026/04/15 02:46:05,3.5573,19.40
2026/04/15 02:51:06,3.5541,19.39
2026/04/15 02:56:06,3.5547,19.39
2026/04/15 03:01:07,3.5563,19.39
2026/04/15 03:06:07,3.5525,19.39
2026/04/15 03:11:08,3.5518,19.38
2026/04/15 03:16:08,3.5522,19.38
2026/04/15 03:21:09,3.5479,19.38
2026/04/15 03:26:09,3.5472,19.38
2026/04/15 03:31:10,3.5489,19.38
2026/04/15 03:36:10,3.5524,19.37
2026/04/15 03:41:11,3.5495,19.37
2026/04/15 03:46:11,3.5495,19.36
2026/04/15 03:51:12,3.5506,19.35
2026/04/15 03:56:12,3.5488,19.35
2026/04/15 04:01:13,3.5463,19.35
2026/04/15 04:06:13,3.5460,19.35
2026/04/15 04:11:14,3.5465,19.34
2026/04/15 04:16:14,3.5464,19.35
2026/04/15 04:21:15,3.5434,19.34
2026/04/15 04:26:15,3.5456,19.33
2026/04/15 04:31:16,3.5456,19.32
2026/04/15 04:36:16,3.5430,19.32
2026/04/15 04:41:17,3.5424,19.32
2026/04/15 04:46:17,3.5434,19.32
2026/04/15 04:51:18,3.5434,19.31
2026/04/15 04:56:19,3.5431,19.29
2026/04/15 05:01:19,3.5462,19.30
2026/04/15 05:06:20,3.5464,19.29
2026/04/15 05:11:20,3.5492,19.30
2026/04/15 05:16:21,3.5509,19.29
2026/04/15 05:21:21,3.5542,19.28
2026/04/15 05:26:22,3.5537,19.28
2026/04/15 05:31:22,3.5552,19.26
2026/04/15 05:36:23,3.5582,19.26
2026/04/15 05:41:23,3.5613,19.25
2026/04/15 05:46:24,3.5645,19.25
2026/04/15 05:51:24,3.5685,19.23
2026/04/15 05:56:25,3.5709,19.23
2026/04/15 06:01:25,3.5760,19.21
2026/04/15 06:06:26,3.5801,19.22
2026/04/15 06:11:26,3.5830,19.21
2026/04/15 06:16:27,3.5811,19.19
2026/04/15 06:21:27,3.5834,19.20
2026/04/15 06:26:28,3.5875,19.19
2026/04/15 06:31:28,3.5925,19.19
2026/04/15 06:36:29,3.5939,19.18
2026/04/15 06:41:29,3.5979,19.16
2026/04/15 06:46:30,3.5969,19.16
2026/04/15 06:51:30,3.5974,19.15
2026/04/15 06:56:31,3.5897,19.16
2026/04/15 07:01:31,3.5872,19.15
2026/04/15 07:06:32,3.5901,19.14
2026/04/15 07:11:32,3.5894,19.13
2026/04/15 07:16:33,3.5922,19.13
2026/04/15 07:21:33,3.5881,19.12
2026/04/15 07:26:34,3.5892,19.12
2026/04/15 07:31:35,3.5901,19.11
2026/04/15 07:36:35,3.5887,19.10
2026/04/15 07:41:36,3.5906,19.09
2026/04/15 07:46:36,3.5866,19.09
2026/04/15 07:51:37,3.5822,19.08
2026/04/15 07:56:37,3.5866,19.07
2026/04/15 08:01:38,3.5851,19.06
2026/04/15 08:06:38,3.5843,19.07
2026/04/15 08:11:39,3.5793,19.05
2026/04/15 08:16:39,3.5811,19.04
2026/04/15 08:21:40,3.5795,19.05
2026/04/15 08:26:41,3.5778,19.04
2026/04/15 08:31:41,3.5801,19.04
2026/04/15 08:36:42,3.5778,19.01
2026/04/15 08:41:42,3.5768,19.04
2026/04/15 08:46:43,3.5748,19.03
2026/04/15 08:51:43,3.5749,19.00
2026/04/15 08:56:44,3.5728,19.00
2026/04/15 09:01:44,3.5747,19.00
2026/04/15 09:06:45,3.5713,19.00
2026/04/15 09:11:45,3.5738,19.02
2026/04/15 09:16:46,3.5785,19.00
2026/04/15 09:21:46,3.5780,18.99
2026/04/15 09:26:47,3.5763,18.97
2026/04/15 09:31:47,3.5732,18.99
2026/04/15 09:36:48,3.5718,18.97
2026/04/15 09:41:48,3.5588,18.95
2026/04/15 09:46:49,3.5415,18.95
2026/04/15 09:51:49,3.5314,18.95
2026/04/15 09:56:50,3.5276,18.96
2026/04/15 10:01:50,3.5247,18.95
2026/04/15 10:06:51,3.5166,18.95
2026/04/15 10:11:51,3.5075,18.95
2026/04/15 10:16:52,3.5016,18.95
2026/04/15 10:21:52,3.4973,18.93
2026/04/15 10:26:53,3.4911,18.93
2026/04/15 10:31:53,3.4865,18.94
2026/04/15 10:36:54,3.4819,18.93
2026/04/15 10:41:54,3.4768,18.91
2026/04/15 10:46:54,3.4684,18.91
2026/04/15 10:51:55,3.4638,18.92
2026/04/15 10:56:55,3.4574,18.91
2026/04/15 11:01:56,3.4522,18.90
2026/04/15 11:06:56,3.4460,18.91
2026/04/15 11:11:57,3.4433,18.91
2026/04/15 11:16:57,3.4359,18.90
2026/04/15 11:21:58,3.4292,18.89
2026/04/15 11:26:58,3.4264,18.91
2026/04/15 11:31:59,3.4185,18.91
2026/04/15 11:36:59,3.4147,18.90
2026/04/15 11:42:00,3.4126,18.90
2026/04/15 11:47:00,3.4067,18.89
2026/04/15 11:52:01,3.4011,18.91
2026/04/15 11:57:01,3.4000,18.89
2026/04/15 12:02:02,3.3963,18.88
2026/04/15 12:07:02,3.3912,18.88
2026/04/15 12:12:03,3.3891,18.88
2026/04/15 12:17:03,3.3897,18.86
2026/04/15 12:22:04,3.3918,18.88
2026/04/15 12:27:04,3.3882,18.86
2026/04/15 12:32:05,3.3803,18.87
2026/04/15 12:37:05,3.3744,18.87
2026/04/15 12:42:06,3.3716,18.89
2026/04/15 12:47:06,3.3681,18.88
2026/04/15 12:52:07,3.3660,18.89
2026/04/15 12:57:07,3.3626,18.88
2026/04/15 13:02:08,3.3589,18.88
2026/04/15 13:07:08,3.3546,18.88
2026/04/15 13:12:09,3.3491,18.88
2026/04/15 13:17:09,3.3460,18.88
2026/04/15 13:22:10,3.3439,18.88
2026/04/15 13:27:10,3.3375,18.86
2026/04/15 13:32:11,3.3344,18.88
2026/04/15 13:37:11,3.3343,18.88
2026/04/15 13:42:12,3.3320,18.85
2026/04/15 13:47:12,3.3260,18.88
2026/04/15 13:52:13,3.3213,18.87
2026/04/15 13:57:13,3.3177,18.87
2026/04/15 14:02:14,3.3161,18.87
2026/04/15 14:07:14,3.3115,18.85
2026/04/15 14:12:15,3.3096,18.86
2026/04/15 14:17:15,3.3071,18.88
2026/04/15 14:22:16,3.3021,18.87
2026/04/15 14:27:16,3.2968,18.86
2026/04/15 14:32:17,3.2957,18.86
2026/04/15 14:37:17,3.2954,18.86
2026/04/15 14:42:18,3.2896,18.85
2026/04/15 14:47:18,3.2841,18.86
2026/04/15 14:52:19,3.2839,18.86
2026/04/15 14:57:19,3.2796,18.86
2026/04/15 15:02:20,3.2754,18.86
2026/04/15 15:07:20,3.2699,18.85
2026/04/15 15:12:21,3.2695,18.85
2026/04/15 15:17:21,3.2692,18.86
2026/04/15 15:22:22,3.2668,18.86
2026/04/15 15:27:22,3.2600,18.86
2026/04/15 15:32:23,3.2582,18.86
2026/04/15 15:37:23,3.2635,18.85
2026/04/15 15:42:24,3.2606,18.83
2026/04/15 15:47:25,3.2512,18.84
2026/04/15 15:52:25,3.2504,18.84
2026/04/15 15:57:26,3.2423,18.84
2026/04/15 16:02:26,3.2355,18.85
2026/04/15 16:07:27,3.2384,18.84
2026/04/15 16:12:27,3.2373,18.84
2026/04/15 16:17:28,3.2405,18.84
2026/04/15 16:22:28,3.2377,18.84
2026/04/15 16:27:29,3.2383,18.81
2026/04/15 16:32:29,3.2409,18.83
2026/04/15 16:37:30,3.2450,18.83
2026/04/15 16:42:30,3.2516,18.84
2026/04/15 16:47:31,3.2562,18.84
2026/04/15 16:52:32,3.2651,18.84
2026/04/15 16:57:32,3.2753,18.83
2026/04/15 17:02:33,3.2883,18.84
2026/04/15 17:07:33,3.2994,18.84
2026/04/15 17:12:34,3.3082,18.81
2026/04/15 17:17:34,3.3142,18.81
2026/04/15 17:22:35,3.3176,18.82
2026/04/15 17:27:35,3.3277,18.81
2026/04/15 17:32:36,3.3309,18.81
2026/04/15 17:37:36,3.3347,18.81
2026/04/15 17:42:37,3.3423,18.80
2026/04/15 17:47:37,3.3426,18.80
2026/04/15 17:52:38,3.3465,18.81
2026/04/15 17:57:38,3.3472,18.79
2026/04/15 18:02:39,3.3569,18.80
2026/04/15 18:07:39,3.3613,18.79
2026/04/15 18:12:40,3.3611,18.79
2026/04/15 18:17:41,3.3672,18.79
2026/04/15 18:22:41,3.3684,18.78
2026/04/15 18:27:42,3.3737,18.77
2026/04/15 18:32:43,3.3765,18.78
2026/04/15 18:37:43,3.3829,18.76
2026/04/15 18:42:44,3.3842,18.77
2026/04/15 18:47:44,3.3803,18.76
2026/04/15 18:52:45,3.3741,18.76
2026/04/15 18:57:45,3.3762,18.76
2026/04/15 19:02:46,3.3743,18.77
2026/04/15 19:07:46,3.3789,18.76
2026/04/15 19:12:47,3.3831,18.75
2026/04/15 19:17:47,3.3827,18.76
2026/04/15 19:22:48,3.3821,18.75
2026/04/15 19:27:48,3.3826,18.75
2026/04/15 19:32:49,3.3791,18.74
2026/04/15 19:37:49,3.3785,18.73
2026/04/15 19:42:50,3.3749,18.73
2026/04/15 19:47:50,3.3780,18.73
2026/04/15 19:52:51,3.3788,18.74
2026/04/15 19:57:51,3.3763,18.73
2026/04/15 20:02:52,3.3724,18.73
2026/04/15 20:07:52,3.3742,18.73
2026/04/15 20:12:53,3.3734,18.73
2026/04/15 20:17:53,3.3757,18.72
2026/04/15 20:22:54,3.3751,18.72
2026/04/15 20:27:54,3.3733,18.73
2026/04/15 20:32:55,3.3707,18.72
2026/04/15 20:37:55,3.3706,18.72
2026/04/15 20:42:56,3.3701,18.71
2026/04/15 20:47:56,3.3687,18.71
2026/04/15 20:52:57,3.3672,18.71
2026/04/15 20:57:57,3.3652,18.71
2026/04/15 21:02:58,3.3651,18.71
2026/04/15 21:07:58,3.3656,18.71
2026/04/15 21:12:59,3.3634,18.71
2026/04/15 21:17:59,3.3607,18.71
2026/04/15 21:23:00,3.3640,18.70
2026/04/15 21:28:00,3.3602,18.70
2026/04/15 21:33:01,3.3553,18.71
2026/04/15 21:38:01,3.3563,18.70
2026/04/15 21:43:02,3.3595,18.70
2026/04/15 21:48:02,3.3595,18.70
2026/04/15 21:53:03,3.3511,18.70
2026/04/15 21:58:03,3.3502,18.70
2026/04/15 22:03:04,3.3479,18.70
2026/04/15 22:08:04,3.3434,18.69
2026/04/15 22:13:05,3.3401,18.70
2026/04/15 22:18:05,3.3380,18.70
2026/04/15 22:23:06,3.3395,18.70
2026/04/15 22:28:06,3.3394,18.70
2026/04/15 22:33:07,3.3332,18.69
2026/04/15 22:38:07,3.3337,18.69
2026/04/15 22:43:08,3.3326,18.68
2026/04/15 22:48:08,3.3313,18.69
2026/04/15 22:53:09,3.3304,18.68
2026/04/15 22:58:09,3.3315,18.69
2026/04/15 23:03:10,3.3317,18.68
2026/04/15 23:08:10,3.3249,18.68
2026/04/15 23:13:11,3.3254,18.68
2026/04/15 23:18:11,3.3232,18.68
2026/04/15 23:23:12,3.3208,18.68
2026/04/15 23:28:12,3.3200,18.68
2026/04/15 23:33:13,3.3172,18.68
2026/04/15 23:38:13,3.3161,18.68
2026/04/15 23:43:14,3.3140,18.67
2026/04/15 23:48:14,3.3084,18.68
2026/04/15 23:53:15,3.3075,18.67
2026/04/15 23:58:15,3.3057,18.68
2026/04/16 00:03:16,3.3028,18.67
2026/04/16 00:08:16,3.3025,18.67
2026/04/16 00:13:17,3.2972,18.67
2026/04/16 00:18:17,3.2962,18.67
2026/04/16 00:23:18,3.2953,18.67
2026/04/16 00:28:18,3.2900,18.66
2026/04/16 00:33:19,3.2906,18.66
2026/04/16 00:38:19,3.2902,18.66
2026/04/16 00:43:20,3.2874,18.66
2026/04/16 00:48:20,3.2847,18.66
2026/04/16 00:53:21,3.2819,18.66
2026/04/16 00:58:21,3.2655,18.66
2026/04/16 01:03:22,3.2514,18.66
2026/04/16 01:08:22,3.2444,18.66
2026/04/16 01:13:23,3.2375,18.66
2026/04/16 01:18:23,3.2329,18.66
2026/04/16 01:23:24,3.2338,18.66
2026/04/16 01:28:24,3.2307,18.65
2026/04/16 01:33:25,3.2200,18.65
2026/04/16 01:38:25,3.2122,18.65
2026/04/16 01:43:26,3.2022,18.65
2026/04/16 01:48:26,3.2002,18.64
2026/04/16 01:53:27,3.1975,18.65
2026/04/16 01:58:27,3.1935,18.64
2026/04/16 02:03:28,3.1908,18.64
2026/04/16 02:08:28,3.1876,18.65
2026/04/16 02:13:29,3.1771,18.64
2026/04/16 02:18:29,3.1698,18.64
2026/04/16 02:23:30,3.1654,18.63
2026/04/16 02:28:30,3.1593,18.64
2026/04/16 02:33:31,3.1599,18.64
2026/04/16 02:38:31,3.1536,18.64
2026/04/16 02:43:32,3.1551,18.63
2026/04/16 02:48:32,3.1462,18.63
2026/04/16 02:53:33,3.1385,18.63
2026/04/16 02:58:33,3.1310,18.62
2026/04/16 03:03:34,3.1293,18.62
2026/04/16 03:08:34,3.1311,18.62
2026/04/16 03:13:35,3.1306,18.61
2026/04/16 03:18:35,3.1276,18.62
2026/04/16 03:23:36,3.1254,18.61
2026/04/16 03:28:36,3.1241,18.61
2026/04/16 03:33:37,3.1200,18.61
2026/04/16 03:38:37,3.1168,18.61
2026/04/16 03:43:38,3.1167,18.61
2026/04/16 03:48:38,3.1104,18.60
2026/04/16 03:53:39,3.1082,18.60
2026/04/16 03:58:39,3.1083,18.60
2026/04/16 04:03:40,3.1042,18.60
2026/04/16 04:08:40,3.0978,18.59
2026/04/16 04:13:41,3.0961,18.59
2026/04/16 04:18:42,3.0960,18.59
2026/04/16 04:23:42,3.0932,18.58
2026/04/16 04:28:43,3.0974,18.59
2026/04/16 04:33:43,3.0943,18.59
2026/04/16 04:38:44,3.0891,18.58
2026/04/16 04:43:44,3.0818,18.59
2026/04/16 04:48:45,3.0806,18.59
2026/04/16 04:53:45,3.0871,18.57
2026/04/16 04:58:46,3.1007,18.58
2026/04/16 05:03:46,3.1143,18.58
2026/04/16 05:08:46,3.1277,18.58
2026/04/16 05:13:47,3.1400,18.57
2026/04/16 05:18:47,3.1424,18.57
2026/04/16 05:23:48,3.1498,18.57
2026/04/16 05:28:48,3.1548,18.57
2026/04/16 05:33:49,3.1620,18.57
2026/04/16 05:38:49,3.1717,18.57
2026/04/16 05:43:50,3.1731,18.57
2026/04/16 05:48:50,3.1793,18.57
2026/04/16 05:53:51,3.1818,18.57
2026/04/16 05:58:51,3.1837,18.57
2026/04/16 06:03:52,3.1736,18.56
2026/04/16 06:08:52,3.1729,18.55
2026/04/16 06:13:53,3.1760,18.56
2026/04/16 06:18:53,3.1716,18.56
2026/04/16 06:23:54,3.1756,18.55
2026/04/16 06:28:54,3.1743,18.55
2026/04/16 06:33:55,3.1741,18.54
2026/04/16 06:38:55,3.1700,18.53
2026/04/16 06:43:56,3.1767,18.52
2026/04/16 06:48:57,3.1725,18.53
2026/04/16 06:53:57,3.1761,18.54
2026/04/16 06:58:58,3.1771,18.54
2026/04/16 07:03:58,3.1764,18.54
2026/04/16 07:08:59,3.1784,18.53
2026/04/16 07:13:59,3.1813,18.54
2026/04/16 07:19:00,3.1902,18.54
2026/04/16 07:24:00,3.1931,18.54
2026/04/16 07:29:01,3.1974,18.53
2026/04/16 07:34:01,3.1912,18.54
2026/04/16 07:39:02,3.1837,18.54
2026/04/16 07:44:02,3.1741,18.53
2026/04/16 07:49:03,3.1728,18.53
2026/04/16 07:54:03,3.1746,18.53
2026/04/16 07:59:04,3.1693,18.54
2026/04/16 08:04:04,3.1645,18.53
2026/04/16 08:09:05,3.1638,18.53
2026/04/16 08:14:05,3.1621,18.53
2026/04/16 08:19:06,3.1748,18.52
2026/04/16 08:24:06,3.1825,18.52
2026/04/16 08:29:07,3.1795,18.53
2026/04/16 08:34:07,3.1838,18.54
2026/04/16 08:39:08,3.1828,18.54
2026/04/16 08:44:08,3.1938,18.55
2026/04/16 08:49:09,3.1994,18.54
2026/04/16 08:54:09,3.1987,18.54
2026/04/16 08:59:10,3.1968,18.55
2026/04/16 09:04:10,3.1995,18.55
2026/04/16 09:09:10,3.1959,18.55
2026/04/16 09:14:11,3.1973,18.54
2026/04/16 09:19:11,3.2019,18.55
2026/04/16 09:24:12,3.2012,18.55
2026/04/16 09:29:13,3.2016,18.55
2026/04/16 09:34:13,3.2015,18.55
2026/04/16 09:39:14,3.2035,18.55
2026/04/16 09:44:14,3.2125,18.55
2026/04/16 09:49:15,3.2089,18.56
2026/04/16 09:54:15,3.2092,18.57
2026/04/16 09:59:16,3.2039,18.57
2026/04/16 10:04:16,3.2073,18.57
2026/04/16 10:09:17,3.2063,18.58
2026/04/16 10:14:17,3.2101,18.57
2026/04/16 10:19:18,3.2123,18.58
2026/04/16 10:24:18,3.2099,18.58
2026/04/16 10:29:19,3.2042,18.59
2026/04/16 10:34:19,3.2008,18.59
2026/04/16 10:39:20,3.2015,18.59
2026/04/16 10:44:20,3.2033,18.60
2026/04/16 10:49:21,3.1967,18.59
2026/04/16 10:54:21,3.1943,18.60
2026/04/16 10:59:22,3.1968,18.60
2026/04/16 11:04:22,3.1919,18.60
2026/04/16 11:09:23,3.1934,18.60
2026/04/16 11:14:23,3.1930,18.61
2026/04/16 11:19:24,3.1896,18.60
2026/04/16 11:24:24,3.1880,18.60
2026/04/16 11:29:25,3.1858,18.61
2026/04/16 11:34:25,3.1836,18.58
2026/04/16 11:39:26,3.1826,18.59
2026/04/16 11:44:26,3.1760,18.59
2026/04/16 11:49:27,3.1767,18.61
2026/04/16 11:54:27,3.1749,18.59
2026/04/16 11:59:28,3.1774,18.59
2026/04/16 12:04:28,3.1749,18.59
2026/04/16 12:09:29,3.1722,18.57
2026/04/16 12:14:29,3.1728,18.57
2026/04/16 12:19:30,3.1678,18.58
2026/04/16 12:24:30,3.1613,18.57
2026/04/16 12:29:30,3.1654,18.57
2026/04/16 12:34:31,3.1675,18.57
2026/04/16 12:39:31,3.1683,18.56
2026/04/16 12:44:32,3.1664,18.54
2026/04/16 12:49:32,3.1653,18.54
2026/04/16 12:54:33,3.1691,18.55
2026/04/16 12:59:34,3.1653,18.54
2026/04/16 13:04:34,3.1626,18.54
2026/04/16 13:09:35,3.1645,18.53
2026/04/16 13:14:35,3.1618,18.54
2026/04/16 13:19:36,3.1627,18.52
2026/04/16 13:24:36,3.1586,18.50
2026/04/16 13:29:37,3.1630,18.52
2026/04/16 13:34:37,3.1598,18.52
2026/04/16 13:39:38,3.1595,18.52
2026/04/16 13:44:38,3.1568,18.49
2026/04/16 13:49:39,3.1548,18.47
2026/04/16 13:54:39,3.1599,18.50
2026/04/16 13:59:40,3.1522,18.46
2026/04/16 14:04:40,3.1547,18.46
2026/04/16 14:09:41,3.1563,18.47
2026/04/16 14:14:41,3.1524,18.46
2026/04/16 14:19:42,3.1540,18.46
2026/04/16 14:24:42,3.1564,18.47
2026/04/16 14:29:43,3.1574,18.46
2026/04/16 14:34:43,3.1532,18.45
2026/04/16 14:39:44,3.1564,18.45
2026/04/16 14:44:44,3.1600,18.44
2026/04/16 14:49:45,3.1668,18.43
2026/04/16 14:54:45,3.1697,18.43
2026/04/16 14:59:45,3.1686,18.45
2026/04/16 15:04:46,3.1652,18.41
2026/04/16 15:09:46,3.1635,18.41
2026/04/16 15:14:47,3.1631,18.41
2026/04/16 15:19:47,3.1614,18.41
2026/04/16 15:24:48,3.1600,18.39
2026/04/16 15:29:48,3.1612,18.38
2026/04/16 15:34:49,3.1615,18.38
2026/04/16 15:39:49,3.1582,18.38
2026/04/16 15:44:50,3.1577,18.38
2026/04/16 15:49:50,3.1588,18.36
2026/04/16 15:54:51,3.1537,18.36
2026/04/16 15:59:51,3.1605,18.36
2026/04/16 16:04:52,3.1657,18.34
2026/04/16 16:09:52,3.1621,18.33
2026/04/16 16:14:53,3.1588,18.34
2026/04/16 16:19:53,3.1555,18.34
2026/04/16 16:24:54,3.1548,18.32
2026/04/16 16:29:54,3.1498,18.32
2026/04/16 16:34:55,3.1526,18.31
2026/04/16 16:39:55,3.1551,18.31
2026/04/16 16:44:56,3.1765,18.31
2026/04/16 16:49:56,3.1993,18.31
2026/04/16 16:54:57,3.2202,18.31
2026/04/16 16:59:57,3.2470,18.31
2026/04/16 17:04:58,3.2732,18.32
2026/04/16 17:09:58,3.2934,18.31
2026/04/16 17:14:59,3.3092,18.30
2026/04/16 17:19:59,3.3275,18.30
2026/04/16 17:25:00,3.3489,18.30
2026/04/16 17:30:00,3.3556,18.29
2026/04/16 17:35:01,3.3679,18.30
2026/04/16 17:40:01,3.3712,18.28
2026/04/16 17:45:02,3.3818,18.27
2026/04/16 17:50:02,3.3891,18.25
2026/04/16 17:55:03,3.3960,18.24
2026/04/16 18:00:03,3.4017,18.23
2026/04/16 18:05:04,3.4039,18.23
2026/04/16 18:10:04,3.4066,18.23
2026/04/16 18:15:05,3.4123,18.24
2026/04/16 18:20:05,3.4132,18.21
2026/04/16 18:25:06,3.4153,18.21
2026/04/16 18:30:06,3.4219,18.20
2026/04/16 18:35:07,3.4204,18.18
2026/04/16 18:40:07,3.4198,18.20
2026/04/16 18:45:08,3.4166,18.19
2026/04/16 18:50:08,3.4155,18.18
2026/04/16 18:55:09,3.4148,18.18
2026/04/16 19:00:09,3.4100,18.17
2026/04/16 19:05:10,3.4116,18.18
2026/04/16 19:10:10,3.4067,18.16
2026/04/16 19:15:11,3.4056,18.16
2026/04/16 19:20:11,3.4080,18.14
2026/04/16 19:25:12,3.4117,18.14
2026/04/16 19:30:12,3.4095,18.11
2026/04/16 19:35:13,3.4113,18.10
2026/04/16 19:40:13,3.4112,18.10
2026/04/16 19:45:14,3.4117,18.08
2026/04/16 19:50:14,3.4102,18.06
2026/04/16 19:55:15,3.4093,18.06
2026/04/16 20:00:15,3.4106,18.05
2026/04/16 20:05:16,3.4147,18.05
2026/04/16 20:10:16,3.4100,18.04
2026/04/16 20:15:17,3.4091,18.04
2026/04/16 20:20:17,3.4080,18.04
2026/04/16 20:25:18,3.4109,18.00
2026/04/16 20:30:19,3.4083,18.00
2026/04/16 20:35:19,3.4100,17.99
2026/04/16 20:40:20,3.4104,17.98
2026/04/16 20:45:20,3.4101,17.97
2026/04/16 20:50:21,3.4123,17.96
2026/04/16 20:55:21,3.4098,17.96
2026/04/16 21:00:22,3.4080,17.94
2026/04/16 21:05:22,3.4106,17.92
2026/04/16 21:10:23,3.4131,17.93
2026/04/16 21:15:24,3.4137,17.91
2026/04/16 21:20:24,3.4112,17.91
2026/04/16 21:25:25,3.4085,17.92
2026/04/16 21:30:25,3.4048,17.90
2026/04/16 21:35:26,3.4020,17.89
2026/04/16 21:40:26,3.4028,17.90
2026/04/16 21:45:27,3.4034,17.87
2026/04/16 21:50:27,3.4022,17.87
2026/04/16 21:55:28,3.3999,17.86
2026/04/16 22:00:28,3.3994,17.86
2026/04/16 22:05:29,3.4000,17.86
2026/04/16 22:10:29,3.3961,17.84
2026/04/16 22:15:30,3.3950,17.84
2026/04/16 22:20:30,3.3956,17.84
2026/04/16 22:25:31,3.3968,17.82
2026/04/16 22:30:31,3.3923,17.81
2026/04/16 22:35:32,3.3917,17.81
2026/04/16 22:40:32,3.3926,17.80
2026/04/16 22:45:33,3.3919,17.79
2026/04/16 22:50:33,3.3908,17.80
2026/04/16 22:55:34,3.3904,17.79
2026/04/16 23:00:34,3.3903,17.79
2026/04/16 23:05:35,3.3923,17.79
2026/04/16 23:10:35,3.3943,17.77
2026/04/16 23:15:36,3.3908,17.77
2026/04/16 23:20:36,3.3866,17.77
2026/04/16 23:25:37,3.3865,17.77
2026/04/16 23:30:37,3.3880,17.77
2026/04/16 23:35:38,3.3879,17.77
2026/04/16 23:40:39,3.3867,17.77
2026/04/16 23:45:39,3.3875,17.77
2026/04/16 23:50:40,3.3855,17.77
2026/04/16 23:55:40,3.3843,17.77
2026/04/17 00:00:41,3.3825,17.78
2026/04/17 00:05:41,3.3839,17.78
2026/04/17 00:10:41,3.3816,17.78
2026/04/17 00:15:42,3.3816,17.78
2026/04/17 00:20:42,3.3822,17.79
2026/04/17 00:25:43,3.3789,17.79
2026/04/17 00:30:44,3.3816,17.80
2026/04/17 00:35:44,3.3841,17.79
2026/04/17 00:40:45,3.3803,17.80
2026/04/17 00:45:45,3.3766,17.81
2026/04/17 00:50:46,3.3743,17.80
2026/04/17 00:55:46,3.3692,17.81
2026/04/17 01:00:47,3.3629,17.82
2026/04/17 01:05:47,3.3599,17.82
2026/04/17 01:10:48,3.3544,17.83
2026/04/17 01:15:49,3.3518,17.84
2026/04/17 01:20:49,3.3500,17.84
2026/04/17 01:25:50,3.3469,17.84
2026/04/17 01:30:50,3.3437,17.84
2026/04/17 01:35:51,3.3389,17.86
2026/04/17 01:40:51,3.3358,17.87
2026/04/17 01:45:52,3.3344,17.85
2026/04/17 01:50:52,3.3298,17.88
2026/04/17 01:55:53,3.3258,17.88
2026/04/17 02:00:53,3.3226,17.87
2026/04/17 02:05:54,3.3184,17.88
2026/04/17 02:10:54,3.3138,17.90
2026/04/17 02:15:55,3.3106,17.88
2026/04/17 02:20:55,3.3110,17.89
2026/04/17 02:25:56,3.3062,17.91
2026/04/17 02:30:56,3.3020,17.91
2026/04/17 02:35:57,3.3027,17.91
2026/04/17 02:40:58,3.2958,17.91
2026/04/17 02:45:58,3.2948,17.92
2026/04/17 02:50:59,3.2903,17.93
2026/04/17 02:55:59,3.2847,17.92
2026/04/17 03:01:00,3.2839,17.93
2026/04/17 03:06:00,3.2812,17.94
2026/04/17 03:11:01,3.2761,17.93
2026/04/17 03:16:02,3.2769,17.95
2026/04/17 03:21:02,3.2722,17.97
2026/04/17 03:26:03,3.2702,17.95
2026/04/17 03:31:03,3.2712,17.95
2026/04/17 03:36:04,3.2675,17.96
2026/04/17 03:41:04,3.2674,17.96
2026/04/17 03:46:05,3.2670,17.97
2026/04/17 03:51:05,3.2632,17.99
2026/04/17 03:56:06,3.2617,17.99
2026/04/17 04:01:06,3.2619,17.99
2026/04/17 04:06:07,3.2638,17.99
2026/04/17 04:11:08,3.2611,18.00
2026/04/17 04:16:08,3.2576,18.02
2026/04/17 04:21:09,3.2510,18.00
2026/04/17 04:26:09,3.2498,18.00
2026/04/17 04:31:10,3.2466,18.01
2026/04/17 04:36:10,3.2492,18.02
2026/04/17 04:41:11,3.2440,18.03
2026/04/17 04:46:12,3.2391,18.03
2026/04/17 04:51:12,3.2399,18.03
2026/04/17 04:56:13,3.2366,18.04
2026/04/17 05:01:13,3.2337,18.04
2026/04/17 05:06:14,3.2397,18.04
2026/04/17 05:11:14,3.2639,18.07
2026/04/17 05:16:15,3.2941,18.06
2026/04/17 05:21:15,3.3195,18.05
2026/04/17 05:26:16,3.3510,18.04
2026/04/17 05:31:16,3.3770,18.04
2026/04/17 05:36:17,3.3967,18.04
2026/04/17 05:41:17,3.4069,18.04
2026/04/17 05:46:18,3.4300,18.05
2026/04/17 05:51:18,3.4451,18.05
2026/04/17 05:56:19,3.4473,18.05
2026/04/17 06:01:19,3.4556,18.05
2026/04/17 06:06:20,3.4664,18.05
2026/04/17 06:11:20,3.4694,18.05
2026/04/17 06:16:21,3.4700,18.05
2026/04/17 06:21:21,3.4746,18.08
2026/04/17 06:26:22,3.4783,18.07
2026/04/17 06:31:22,3.4739,18.08
2026/04/17 06:36:23,3.4704,18.12
2026/04/17 06:41:24,3.4679,18.12
2026/04/17 06:46:24,3.4675,18.15
2026/04/17 06:51:25,3.4644,18.14
2026/04/17 06:56:25,3.4668,18.14
2026/04/17 07:01:26,3.4704,18.14
2026/04/17 07:06:26,3.4669,18.16
2026/04/17 07:11:27,3.4632,18.14
2026/04/17 07:16:28,3.4623,18.14
2026/04/17 07:21:28,3.4586,18.15
2026/04/17 07:26:29,3.4569,18.16
2026/04/17 07:31:29,3.4559,18.16
2026/04/17 07:36:30,3.4555,18.18
2026/04/17 07:41:30,3.4557,18.18
2026/04/17 07:46:31,3.4544,18.18
2026/04/17 07:51:31,3.4566,18.19
2026/04/17 07:56:32,3.4562,18.20
2026/04/17 08:01:32,3.4556,18.21
2026/04/17 08:06:33,3.4521,18.20
2026/04/17 08:11:33,3.4483,18.21
2026/04/17 08:16:34,3.4530,18.21
2026/04/17 08:21:34,3.4501,18.22
2026/04/17 08:26:35,3.4426,18.22
2026/04/17 08:31:36,3.4386,18.25
2026/04/17 08:36:36,3.4404,18.26
2026/04/17 08:41:37,3.4359,18.25
2026/04/17 08:46:37,3.4291,18.27
2026/04/17 08:51:38,3.4283,18.28
2026/04/17 08:56:38,3.4280,18.28
2026/04/17 09:01:39,3.4261,18.29
2026/04/17 09:06:39,3.4234,18.29
2026/04/17 09:11:40,3.4196,18.31
2026/04/17 09:16:40,3.4185,18.32
2026/04/17 09:21:41,3.4115,18.32
2026/04/17 09:26:41,3.4090,18.31
2026/04/17 09:31:42,3.4106,18.33
2026/04/17 09:36:42,3.4097,18.33
2026/04/17 09:41:43,3.4020,18.34
2026/04/17 09:46:44,3.3974,18.34
2026/04/17 09:51:44,3.3945,18.34
2026/04/17 09:56:45,3.3908,18.35
2026/04/17 10:01:45,3.3870,18.35
2026/04/17 10:06:46,3.3868,18.36
2026/04/17 10:11:46,3.3868,18.37
2026/04/17 10:16:47,3.3803,18.36
2026/04/17 10:21:47,3.3760,18.37
2026/04/17 10:26:48,3.3710,18.38
2026/04/17 10:31:48,3.3722,18.38
2026/04/17 10:36:49,3.3666,18.38
2026/04/17 10:41:49,3.3648,18.39
2026/04/17 10:46:50,3.3621,18.39
2026/04/17 10:51:50,3.3593,18.39
2026/04/17 10:56:51,3.3528,18.39
2026/04/17 11:01:51,3.3493,18.40
2026/04/17 11:06:52,3.3448,18.40
2026/04/17 11:11:52,3.3431,18.41
2026/04/17 11:16:53,3.3387,18.42
2026/04/17 11:21:53,3.3371,18.43
2026/04/17 11:26:54,3.3349,18.45
2026/04/17 11:31:54,3.3314,18.45
2026/04/17 11:36:55,3.3276,18.46
2026/04/17 11:41:56,3.3224,18.48
2026/04/17 11:46:56,3.3214,18.49
2026/04/17 11:51:57,3.3192,18.51
2026/04/17 11:56:57,3.3144,18.51
2026/04/17 12:01:58,3.3106,18.54
2026/04/17 12:06:58,3.3083,18.54
2026/04/17 12:11:59,3.3116,18.55
2026/04/17 12:16:59,3.3132,18.55
2026/04/17 12:22:00,3.3066,18.57
2026/04/17 12:27:01,3.3053,18.57
2026/04/17 12:32:01,3.2997,18.59
2026/04/17 12:37:02,3.2944,18.59
2026/04/17 12:42:02,3.2994,18.59
2026/04/17 12:47:03,3.3059,18.59
2026/04/17 12:52:03,3.3051,18.61
2026/04/17 12:57:04,3.3035,18.61
2026/04/17 13:02:04,3.3032,18.61
2026/04/17 13:07:05,3.3037,18.61
2026/04/17 13:12:05,3.3038,18.62
2026/04/17 13:17:06,3.3013,18.62
2026/04/17 13:22:06,3.3019,18.63
2026/04/17 13:27:07,3.3009,18.63
2026/04/17 13:32:07,3.2974,18.63
2026/04/17 13:37:07,3.2961,18.63
2026/04/17 13:42:08,3.2952,18.63
2026/04/17 13:47:08,3.2945,18.64
2026/04/17 13:52:09,3.2939,18.64
2026/04/17 13:57:10,3.2926,18.63
2026/04/17 14:02:10,3.2951,18.65
2026/04/17 14:07:11,3.2959,18.66
2026/04/17 14:12:11,3.2932,18.65
2026/04/17 14:17:11,3.2975,18.64
2026/04/17 14:22:12,3.2938,18.64
2026/04/17 14:27:12,3.2905,18.63
2026/04/17 14:32:13,3.2861,18.63
2026/04/17 14:37:13,3.2844,18.64
2026/04/17 14:42:14,3.2824,18.63
2026/04/17 14:47:14,3.2819,18.64
2026/04/17 14:52:15,3.2788,18.63
2026/04/17 14:57:15,3.2785,18.63
2026/04/17 15:02:16,3.2787,18.63
2026/04/17 15:07:16,3.2779,18.61
2026/04/17 15:12:17,3.2756,18.60
2026/04/17 15:17:17,3.2785,18.61
2026/04/17 15:22:18,3.2697,18.62
2026/04/17 15:27:18,3.2703,18.61
2026/04/17 15:32:18,3.2677,18.61
2026/04/17 15:37:19,3.2682,18.61
2026/04/17 15:42:19,3.2684,18.58
2026/04/17 15:47:20,3.2703,18.58
2026/04/17 15:52:20,3.2694,18.58
2026/04/17 15:57:21,3.2718,18.56
2026/04/17 16:02:22,3.2713,18.57
2026/04/17 16:07:22,3.2694,18.54
2026/04/17 16:12:23,3.2667,18.51
2026/04/17 16:17:23,3.2669,18.53
2026/04/17 16:22:24,3.2655,18.52
2026/04/17 16:27:24,3.2617,18.52
2026/04/17 16:32:25,3.2626,18.49
2026/04/17 16:37:26,3.2640,18.49
2026/04/17 16:42:26,3.2640,18.47
2026/04/17 16:47:27,3.2666,18.46
2026/04/17 16:52:27,3.2661,18.44
2026/04/17 16:57:28,3.2626,18.45
2026/04/17 17:02:28,3.2584,18.43
2026/04/17 17:07:29,3.2570,18.41
2026/04/17 17:12:29,3.2587,18.41
2026/04/17 17:17:30,3.2680,18.39
2026/04/17 17:22:30,3.3065,18.41
2026/04/17 17:27:31,3.3433,18.37
2026/04/17 17:32:31,3.3820,18.39
2026/04/17 17:37:32,3.4217,18.41
2026/04/17 17:42:32,3.4524,18.39
2026/04/17 17:47:33,3.4769,18.41
2026/04/17 17:52:33,3.4988,18.40
2026/04/17 17:57:34,3.5237,18.38
2026/04/17 18:02:34,3.5306,18.39
2026/04/17 18:07:35,3.5325,18.39
2026/04/17 18:12:35,3.5443,18.36
2026/04/17 18:17:36,3.5565,18.35
2026/04/17 18:22:36,3.5589,18.22
2026/04/17 18:27:37,3.5620,18.21
2026/04/17 18:32:37,3.5717,18.24
2026/04/17 18:37:38,3.5680,18.18
2026/04/17 18:42:38,3.5605,18.21
2026/04/17 18:47:39,3.5625,18.20
2026/04/17 18:52:39,3.5640,18.18
2026/04/17 18:57:40,3.5612,18.19
2026/04/17 19:02:40,3.5596,18.18
2026/04/17 19:07:41,3.5696,18.20
2026/04/17 19:12:41,3.5734,18.16
2026/04/17 19:17:42,3.5682,18.19
2026/04/17 19:22:42,3.5631,18.16
2026/04/17 19:27:43,3.5568,18.15
2026/04/17 19:32:43,3.5521,18.15
2026/04/17 19:37:44,3.5506,18.13
2026/04/17 19:42:44,3.5477,18.12
2026/04/17 19:47:45,3.5467,18.10
2026/04/17 19:52:45,3.5440,18.09
2026/04/17 19:57:46,3.5402,18.07
2026/04/17 20:02:46,3.5382,18.05
2026/04/17 20:07:47,3.5387,18.05
2026/04/17 20:12:47,3.5372,18.03
2026/04/17 20:17:48,3.5368,18.03
2026/04/17 20:22:48,3.5353,18.01
2026/04/17 20:27:49,3.5355,18.00
2026/04/17 20:32:49,3.5351,18.00
2026/04/17 20:37:50,3.5324,17.98
2026/04/17 20:42:51,3.5307,17.98
2026/04/17 20:47:51,3.5231,17.97
2026/04/17 20:52:52,3.5254,17.96
2026/04/17 20:57:52,3.5230,17.95
2026/04/17 21:02:53,3.5239,17.96
2026/04/17 21:07:53,3.5243,17.94
2026/04/17 21:12:54,3.5243,17.93
2026/04/17 21:17:55,3.5186,17.94
2026/04/17 21:22:55,3.5150,17.93
2026/04/17 21:27:56,3.5112,17.92
2026/04/17 21:32:56,3.5160,17.92
2026/04/17 21:37:57,3.5131,17.92
2026/04/17 21:42:57,3.5138,17.92
2026/04/17 21:47:58,3.5088,17.91
2026/04/17 21:52:58,3.5062,17.91
2026/04/17 21:57:59,3.5030,17.92
2026/04/17 22:02:59,3.5016,17.91
2026/04/17 22:08:00,3.5034,17.91
2026/04/17 22:13:00,3.5021,17.90
2026/04/17 22:18:01,3.5006,17.90
2026/04/17 22:23:01,3.4970,17.90
2026/04/17 22:28:02,3.4950,17.91
2026/04/17 22:33:02,3.4937,17.90
2026/04/17 22:38:03,3.4915,17.90
2026/04/17 22:43:03,3.4893,17.89
2026/04/17 22:48:04,3.4902,17.90
2026/04/17 22:53:04,3.4882,17.89
2026/04/17 22:58:05,3.4854,17.89
2026/04/17 23:03:05,3.4826,17.89
2026/04/17 23:08:06,3.4819,17.89
2026/04/17 23:13:07,3.4798,17.89
2026/04/17 23:18:07,3.4816,17.89
2026/04/17 23:23:08,3.4801,17.89
2026/04/17 23:28:08,3.4769,17.88
2026/04/17 23:33:09,3.4759,17.88
2026/04/17 23:38:09,3.4738,17.88
2026/04/17 23:43:10,3.4733,17.89
2026/04/17 23:48:10,3.4734,17.89
2026/04/17 23:53:11,3.4693,17.90
2026/04/17 23:58:11,3.4690,17.90
2026/04/18 00:03:12,3.4673,17.90
2026/04/18 00:08:12,3.4647,17.91
2026/04/18 00:13:13,3.4676,17.90
2026/04/18 00:18:13,3.4669,17.91
2026/04/18 00:23:14,3.4621,17.91
2026/04/18 00:28:14,3.4564,17.91
2026/04/18 00:33:15,3.4552,17.91
2026/04/18 00:38:15,3.4500,17.92
2026/04/18 00:43:16,3.4512,17.92
2026/04/18 00:48:16,3.4495,17.91
2026/04/18 00:53:17,3.4425,17.93
2026/04/18 00:58:17,3.4221,17.92
2026/04/18 01:03:18,3.4018,17.93
2026/04/18 01:08:18,3.3921,17.93
2026/04/18 01:13:19,3.3867,17.92
2026/04/18 01:18:20,3.3811,17.93
2026/04/18 01:23:20,3.3722,17.93
2026/04/18 01:28:21,3.3628,17.93
2026/04/18 01:33:21,3.3554,17.94
2026/04/18 01:38:22,3.3463,17.94
2026/04/18 01:43:22,3.3404,17.94
2026/04/18 01:48:23,3.3326,17.94
2026/04/18 01:53:23,3.3287,17.93
2026/04/18 01:58:24,3.3213,17.94
2026/04/18 02:03:24,3.3157,17.94
2026/04/18 02:08:25,3.3069,17.94
2026/04/18 02:13:25,3.2979,17.95
2026/04/18 02:18:26,3.2903,17.94
2026/04/18 02:23:26,3.2814,17.95
2026/04/18 02:28:27,3.2769,17.94
2026/04/18 02:33:28,3.2758,17.94
2026/04/18 02:38:28,3.2722,17.94
2026/04/18 02:43:29,3.2615,17.94
2026/04/18 02:48:29,3.2609,17.94
2026/04/18 02:53:30,3.2535,17.94
2026/04/18 02:58:30,3.2502,17.95
2026/04/18 03:03:31,3.2497,17.95
2026/04/18 03:08:31,3.2512,17.96
2026/04/18 03:13:32,3.2489,17.95
2026/04/18 03:18:32,3.2354,17.95
2026/04/18 03:23:33,3.2288,17.96
2026/04/18 03:28:33,3.2237,17.96
2026/04/18 03:33:34,3.2223,17.96
2026/04/18 03:38:34,3.2238,17.96
2026/04/18 03:43:35,3.2168,17.96
2026/04/18 03:48:35,3.2161,17.95
2026/04/18 03:53:36,3.2076,17.95
2026/04/18 03:58:36,3.2008,17.95
2026/04/18 04:03:37,3.1988,17.95
2026/04/18 04:08:38,3.1991,17.96
2026/04/18 04:13:38,3.1934,17.96
2026/04/18 04:18:39,3.1906,17.96
2026/04/18 04:23:39,3.1892,17.96
2026/04/18 04:28:40,3.1877,17.96
2026/04/18 04:33:40,3.1804,17.96
2026/04/18 04:38:41,3.1768,17.96
2026/04/18 04:43:41,3.1696,17.96
2026/04/18 04:48:42,3.1707,17.96
2026/04/18 04:53:42,3.1649,17.95
2026/04/18 04:58:43,3.1662,17.95
2026/04/18 05:03:43,3.1623,17.95
2026/04/18 05:08:44,3.1580,17.96
2026/04/18 05:13:44,3.1517,17.96
2026/04/18 05:18:45,3.1491,17.96
2026/04/18 05:23:45,3.2403,17.96
2026/04/18 05:28:46,3.3266,17.96
2026/04/18 05:33:46,3.3841,17.96
2026/04/18 05:38:47,3.4370,17.96
2026/04/18 05:43:47,3.4905,17.96
2026/04/18 05:48:48,3.5235,17.96
2026/04/18 05:53:49,3.5201,17.96
2026/04/18 05:58:49,3.5430,17.96
2026/04/18 06:03:50,3.5465,17.96
2026/04/18 06:08:50,3.5233,17.95
2026/04/18 06:13:51,3.5217,17.96
2026/04/18 06:18:51,3.5451,17.95
2026/04/18 06:23:52,3.5509,17.94
2026/04/18 06:28:52,3.5434,17.94
2026/04/18 06:33:53,3.5545,17.93
2026/04/18 06:38:53,3.5416,17.95
2026/04/18 06:43:54,3.5306,17.95
2026/04/18 06:48:55,3.5308,17.94
2026/04/18 06:53:55,3.5421,17.96
2026/04/18 06:58:56,3.5559,17.96
2026/04/18 07:03:56,3.5697,17.95
2026/04/18 07:08:57,3.5872,17.94
2026/04/18 07:13:57,3.5980,17.95
2026/04/18 07:18:58,3.6127,17.95
2026/04/18 07:23:58,3.6238,17.96
2026/04/18 07:28:58,3.6009,17.95
2026/04/18 07:33:59,3.5611,17.95
2026/04/18 07:38:59,3.5409,17.95
2026/04/18 07:44:00,3.5374,17.96
2026/04/18 07:49:00,3.5484,17.95
2026/04/18 07:54:01,3.5570,17.96
2026/04/18 07:59:01,3.5550,17.96
2026/04/18 08:04:02,3.5448,17.96
2026/04/18 08:09:02,3.5253,17.97
2026/04/18 08:14:03,3.5093,17.97
2026/04/18 08:19:04,3.5030,17.97
2026/04/18 08:24:04,3.5057,17.97
2026/04/18 08:29:05,3.4970,17.98
2026/04/18 08:34:05,3.4952,17.98
2026/04/18 08:39:06,3.4855,17.99
2026/04/18 08:44:06,3.4649,18.00
2026/04/18 08:49:07,3.4585,18.01
2026/04/18 08:54:07,3.4453,18.03
2026/04/18 08:59:08,3.4342,18.03
2026/04/18 09:04:08,3.4314,18.04
2026/04/18 09:09:09,3.4230,18.04
2026/04/18 09:14:09,3.4099,18.05
2026/04/18 09:19:10,3.3986,18.04
2026/04/18 09:24:10,3.3827,18.04
2026/04/18 09:29:11,3.3637,18.05
2026/04/18 09:34:11,3.3524,18.05
2026/04/18 09:39:12,3.3444,18.05
2026/04/18 09:44:12,3.3319,18.05
2026/04/18 09:49:13,3.3208,18.05
2026/04/18 09:54:13,3.3051,18.06
2026/04/18 09:59:14,3.2969,18.06
2026/04/18 10:04:14,3.2893,18.07
2026/04/18 10:09:15,3.2844,18.07
2026/04/18 10:14:15,3.2783,18.08
2026/04/18 10:19:16,3.2635,18.09
2026/04/18 10:24:17,3.2498,18.09
2026/04/18 10:29:17,3.2391,18.09
2026/04/18 10:34:18,3.2295,18.09
2026/04/18 10:39:18,3.2229,18.09
2026/04/18 10:44:19,3.2130,18.09
2026/04/18 10:49:19,3.2060,18.09
2026/04/18 10:54:20,3.2010,18.10
2026/04/18 10:59:20,3.2083,18.11
2026/04/18 11:04:21,3.2043,18.11
2026/04/18 11:09:21,3.1910,18.10
2026/04/18 11:14:22,3.1765,18.10
2026/04/18 11:19:22,3.1598,18.09
2026/04/18 11:24:23,3.1493,18.13
2026/04/18 11:29:23,3.1547,18.14
2026/04/18 11:34:24,3.1537,18.12
2026/04/18 11:39:24,3.1476,18.10
2026/04/18 11:44:25,3.1376,18.07
2026/04/18 11:49:26,3.1221,18.08
2026/04/18 11:54:26,3.1149,18.08
2026/04/18 11:59:27,3.1101,18.07
2026/04/18 12:04:27,3.1071,18.08
2026/04/18 12:09:28,3.1052,18.09
2026/04/18 12:14:28,3.1070,18.09
2026/04/18 12:19:29,3.1019,18.11
2026/04/18 12:24:29,3.0990,18.11
2026/04/18 12:29:30,3.0844,18.10
2026/04/18 12:34:31,3.0752,18.11
2026/04/18 12:39:31,3.0730,18.13
2026/04/18 12:44:32,3.0722,18.12
2026/04/18 12:49:32,3.0710,18.11
2026/04/18 12:54:33,3.0650,18.11
2026/04/18 12:59:34,3.0634,18.11
2026/04/18 13:04:34,3.0553,18.11
2026/04/18 13:09:35,3.0476,18.11
2026/04/18 13:14:35,3.0489,18.12
2026/04/18 13:19:36,3.0445,18.12
2026/04/18 13:24:36,3.0418,18.13
2026/04/18 13:29:37,3.0372,18.13
2026/04/18 13:34:37,3.0343,18.12
2026/04/18 13:39:38,3.0292,18.12
2026/04/18 13:44:39,3.0208,18.12
2026/04/18 13:49:39,3.0200,18.13
2026/04/18 13:54:40,3.0182,18.13
2026/04/18 13:59:40,3.0132,18.14
2026/04/18 14:04:41,3.0076,18.15
2026/04/18 14:09:41,3.0022,18.14
2026/04/18 14:14:42,2.9962,18.15
2026/04/18 14:19:43,2.9930,18.14
2026/04/18 14:24:43,2.9872,18.13
2026/04/18 14:29:44,2.9889,18.13
2026/04/18 14:34:44,2.9957,18.13
2026/04/18 14:39:45,2.9934,18.14
2026/04/18 14:44:45,2.9819,18.17
2026/04/18 14:49:46,2.9715,18.21
2026/04/18 14:54:46,2.9590,18.21
2026/04/18 14:59:47,2.9487,18.22
2026/04/18 15:04:47,2.9510,18.23
2026/04/18 15:09:47,2.9531,18.20
2026/04/18 15:14:48,2.9541,18.17
2026/04/18 15:19:48,2.9437,18.15
2026/04/18 15:24:49,2.9302,18.20
2026/04/18 15:29:50,2.9294,18.23
2026/04/18 15:34:50,2.9225,18.23
2026/04/18 15:39:51,2.9137,18.23
2026/04/18 15:44:51,2.9110,18.22
2026/04/18 15:49:52,2.9101,18.21
2026/04/18 15:54:52,2.9053,18.23
2026/04/18 15:59:53,2.9051,18.21
2026/04/18 16:04:53,2.8953,18.22
2026/04/18 16:09:54,2.8891,18.23
2026/04/18 16:14:54,2.8760,18.24
2026/04/18 16:19:55,2.8777,18.25
2026/04/18 16:24:55,2.8794,18.26
2026/04/18 16:29:56,2.8760,18.21
2026/04/18 16:34:56,2.8759,18.24
2026/04/18 16:39:57,2.8689,18.22
2026/04/18 16:44:57,2.8553,18.21
2026/04/18 16:49:58,2.8540,18.23
2026/04/18 16:54:58,2.8506,18.23
2026/04/18 16:59:59,2.8507,18.24
2026/04/18 17:04:59,2.8428,18.29
2026/04/18 17:10:00,2.8341,18.27
2026/04/18 17:15:00,2.8333,18.26
2026/04/18 17:20:01,2.8291,18.23
2026/04/18 17:25:01,2.8388,18.24
2026/04/18 17:30:02,2.8444,18.21
2026/04/18 17:35:02,2.8331,18.24
2026/04/18 17:40:03,2.8312,18.23
2026/04/18 17:45:03,2.9103,18.24
2026/04/18 17:50:04,2.9998,18.35
2026/04/18 17:55:04,3.0661,18.24
2026/04/18 18:00:05,3.1410,18.27
2026/04/18 18:05:05,3.1996,18.43
2026/04/18 18:10:06,3.2411,18.45
2026/04/18 18:15:06,3.2510,18.54
2026/04/18 18:20:07,3.2921,18.54
2026/04/18 18:25:07,3.3095,18.58
2026/04/18 18:30:08,3.2951,18.64
2026/04/18 18:35:08,3.3188,18.68
2026/04/18 18:40:09,3.3322,18.68
2026/04/18 18:45:09,3.3559,18.59
2026/04/18 18:50:10,3.3573,18.56
2026/04/18 18:55:10,3.3717,18.34
2026/04/18 19:00:11,3.3830,18.34
2026/04/18 19:05:11,3.3850,18.31
2026/04/18 19:10:12,3.3898,18.27
2026/04/18 19:15:12,3.4094,18.33
2026/04/18 19:20:13,3.4276,18.30
2026/04/18 19:25:13,3.4351,18.38
2026/04/18 19:30:14,3.4468,18.41
2026/04/18 19:35:14,3.4585,18.48
2026/04/18 19:40:15,3.4661,18.54
2026/04/18 19:45:15,3.4685,18.53
2026/04/18 19:50:16,3.4795,18.50
2026/04/18 19:55:16,3.4744,18.50
2026/04/18 20:00:17,3.4611,18.49
2026/04/18 20:05:17,3.4478,18.44
2026/04/18 20:10:18,3.4433,18.41
2026/04/18 20:15:18,3.4370,18.35
2026/04/18 20:20:19,3.4284,18.37
2026/04/18 20:25:19,3.4226,18.38
2026/04/18 20:30:20,3.4158,18.38
2026/04/18 20:35:20,3.4022,18.35
2026/04/18 20:40:21,3.3916,18.32
2026/04/18 20:45:21,3.3865,18.31
2026/04/18 20:50:22,3.3845,18.30
2026/04/18 20:55:23,3.3763,18.28
2026/04/18 21:00:23,3.3697,18.27
2026/04/18 21:05:24,3.3619,18.25
2026/04/18 21:10:24,3.3556,18.23
2026/04/18 21:15:25,3.3470,18.20
2026/04/18 21:20:26,3.3384,18.17
2026/04/18 21:25:26,3.3349,18.12
2026/04/18 21:30:27,3.3317,18.13
2026/04/18 21:35:27,3.3257,18.09
2026/04/18 21:40:28,3.3223,18.14
2026/04/18 21:45:28,3.3153,18.09
2026/04/18 21:50:29,3.3067,18.08
2026/04/18 21:55:30,3.3033,18.08
2026/04/18 22:00:30,3.2971,18.07
2026/04/18 22:05:31,3.2913,18.05
2026/04/18 22:10:31,3.2826,18.04
2026/04/18 22:15:32,3.2824,18.04
2026/04/18 22:20:32,3.2794,18.02
2026/04/18 22:25:32,3.2731,18.02
2026/04/18 22:30:33,3.2731,18.02
2026/04/18 22:35:33,3.2698,18.00
2026/04/18 22:40:34,3.2655,17.98
2026/04/18 22:45:34,3.2644,17.97
2026/04/18 22:50:35,3.2600,17.97
2026/04/18 22:55:36,3.2558,17.97
2026/04/18 23:00:36,3.2567,17.96
2026/04/18 23:05:37,3.2545,17.95
2026/04/18 23:10:37,3.2517,17.94
2026/04/18 23:15:38,3.2510,17.94
2026/04/18 23:20:38,3.2459,17.94
2026/04/18 23:25:39,3.2417,17.93
2026/04/18 23:30:40,3.2390,17.94
2026/04/18 23:35:40,3.2388,17.93
2026/04/18 23:40:41,3.2402,17.93
2026/04/18 23:45:41,3.2386,17.93
2026/04/18 23:50:42,3.2361,17.91
2026/04/18 23:55:42,3.2375,17.91
2026/04/19 00:00:43,3.2350,17.90
2026/04/19 00:05:43,3.2341,17.89
2026/04/19 00:10:44,3.2324,17.88
2026/04/19 00:15:44,3.2324,17.88
2026/04/19 00:20:45,3.2280,17.87
2026/04/19 00:25:45,3.2284,17.85
2026/04/19 00:30:46,3.2262,17.85
2026/04/19 00:35:46,3.2231,17.84
2026/04/19 00:40:47,3.2209,17.83
2026/04/19 00:45:47,3.2195,17.84
2026/04/19 00:50:48,3.2195,17.82
2026/04/19 00:55:48,3.2128,17.82
2026/04/19 01:00:49,3.2048,17.81
2026/04/19 01:05:49,3.1981,17.80
2026/04/19 01:10:50,3.1962,17.81
2026/04/19 01:15:50,3.1966,17.79
2026/04/19 01:20:51,3.1907,17.79
2026/04/19 01:25:51,3.1901,17.79
2026/04/19 01:30:52,3.1861,17.77
2026/04/19 01:35:52,3.1825,17.75
2026/04/19 01:40:53,3.1782,17.73
2026/04/19 01:45:53,3.1767,17.75
2026/04/19 01:50:54,3.1757,17.73
2026/04/19 01:55:54,3.1712,17.74
2026/04/19 02:00:55,3.1697,17.74
2026/04/19 02:05:55,3.1664,17.71
2026/04/19 02:10:56,3.1650,17.72
2026/04/19 02:15:56,3.1654,17.69
2026/04/19 02:20:57,3.1659,17.70
2026/04/19 02:25:57,3.1653,17.67
2026/04/19 02:30:58,3.1588,17.67
2026/04/19 02:35:58,3.1536,17.66
2026/04/19 02:40:59,3.1519,17.65
2026/04/19 02:45:59,3.1485,17.62
2026/04/19 02:51:00,3.1505,17.63
2026/04/19 02:56:00,3.1510,17.65
2026/04/19 03:01:01,3.1478,17.60
2026/04/19 03:06:01,3.1473,17.59
2026/04/19 03:11:02,3.1441,17.58
2026/04/19 03:16:02,3.1398,17.56
2026/04/19 03:21:03,3.1395,17.57
2026/04/19 03:26:04,3.1388,17.59
2026/04/19 03:31:04,3.1399,17.58
2026/04/19 03:36:05,3.1359,17.57
2026/04/19 03:41:05,3.1349,17.55
2026/04/19 03:46:06,3.1322,17.54
2026/04/19 03:51:06,3.1276,17.54
2026/04/19 03:56:07,3.1226,17.54
2026/04/19 04:01:07,3.1216,17.53
2026/04/19 04:06:08,3.1230,17.54
2026/04/19 04:11:08,3.1174,17.54
2026/04/19 04:16:09,3.1153,17.54
2026/04/19 04:21:09,3.1126,17.54
2026/04/19 04:26:10,3.1116,17.54
2026/04/19 04:31:10,3.1068,17.53
2026/04/19 04:36:11,3.1092,17.54
2026/04/19 04:41:12,3.1102,17.54
2026/04/19 04:46:12,3.1051,17.54
2026/04/19 04:51:13,3.1011,17.54
2026/04/19 04:56:13,3.1047,17.54
2026/04/19 05:01:14,3.1077,17.53
2026/04/19 05:06:14,3.1030,17.54
2026/04/19 05:11:15,3.0994,17.53
2026/04/19 05:16:15,3.0979,17.54
2026/04/19 05:21:16,3.0940,17.54
2026/04/19 05:26:16,3.0908,17.54
2026/04/19 05:31:17,3.0888,17.53
2026/04/19 05:36:17,3.0897,17.53
2026/04/19 05:41:18,3.0908,17.53
2026/04/19 05:46:18,3.0883,17.53
2026/04/19 05:51:19,3.1998,17.53
2026/04/19 05:56:19,3.3143,17.54
2026/04/19 06:01:20,3.3937,17.54
2026/04/19 06:06:20,3.4593,17.54
2026/04/19 06:11:21,3.5270,17.53
2026/04/19 06:16:21,3.5536,17.53
2026/04/19 06:21:22,3.5478,17.53
2026/04/19 06:26:22,3.5737,17.52
2026/04/19 06:31:23,3.5854,17.54
2026/04/19 06:36:23,3.5604,17.53
2026/04/19 06:41:24,3.5632,17.53
2026/04/19 06:46:25,3.5909,17.53
2026/04/19 06:51:25,3.5957,17.52
2026/04/19 06:56:26,3.5898,17.52
2026/04/19 07:01:26,3.6060,17.52
2026/04/19 07:06:27,3.6016,17.52
2026/04/19 07:11:27,3.5868,17.52
2026/04/19 07:16:28,3.5943,17.53
2026/04/19 07:21:28,3.6100,17.53
2026/04/19 07:26:29,3.6120,17.52
2026/04/19 07:31:29,3.6009,17.52
2026/04/19 07:36:30,3.5827,17.52
2026/04/19 07:41:30,3.5787,17.53
2026/04/19 07:46:31,3.5738,17.53
2026/04/19 07:51:32,3.5688,17.54
2026/04/19 07:56:32,3.5603,17.54
2026/04/19 08:01:33,3.5353,17.54
2026/04/19 08:06:33,3.5309,17.53
2026/04/19 08:11:34,3.5373,17.54
2026/04/19 08:16:34,3.5394,17.52
2026/04/19 08:21:35,3.5303,17.54
2026/04/19 08:26:35,3.5188,17.55
2026/04/19 08:31:36,3.5105,17.55
2026/04/19 08:36:36,3.4963,17.56
2026/04/19 08:41:37,3.4913,17.60
2026/04/19 08:46:37,3.4852,17.64
2026/04/19 08:51:38,3.4771,17.67
2026/04/19 08:56:38,3.4568,17.71
2026/04/19 09:01:39,3.4498,17.73
2026/04/19 09:06:39,3.4342,17.75
2026/04/19 09:11:40,3.4186,17.78
2026/04/19 09:16:40,3.4015,17.79
2026/04/19 09:21:41,3.3941,17.80
2026/04/19 09:26:41,3.3849,17.80
2026/04/19 09:31:42,3.3769,17.83
2026/04/19 09:36:42,3.3679,17.82
2026/04/19 09:41:43,3.3597,17.84
2026/04/19 09:46:43,3.3472,17.84
2026/04/19 09:51:44,3.3306,17.86
2026/04/19 09:56:45,3.3186,17.86
2026/04/19 10:01:45,3.3121,17.87
2026/04/19 10:06:46,3.2979,17.89
2026/04/19 10:11:46,3.2869,17.89
2026/04/19 10:16:47,3.2782,17.90
2026/04/19 10:21:47,3.2638,17.90
2026/04/19 10:26:48,3.2513,17.89
2026/04/19 10:31:48,3.2517,17.91
2026/04/19 10:36:49,3.2506,17.92
2026/04/19 10:41:50,3.2390,17.91
2026/04/19 10:46:50,3.2246,17.91
2026/04/19 10:51:51,3.2023,17.93
2026/04/19 10:56:51,3.1856,17.93
2026/04/19 11:01:52,3.1837,17.92
2026/04/19 11:06:52,3.1826,17.92
2026/04/19 11:11:53,3.1784,17.92
2026/04/19 11:16:53,3.1599,17.91
2026/04/19 11:21:54,3.1478,17.88
2026/04/19 11:26:54,3.1347,17.89
2026/04/19 11:31:55,3.1284,17.88
2026/04/19 11:36:55,3.1276,17.90
2026/04/19 11:41:56,3.1161,17.91
2026/04/19 11:46:56,3.1150,17.88
2026/04/19 11:51:57,3.1078,17.89
2026/04/19 11:56:57,3.1059,17.89
2026/04/19 12:01:58,3.1010,17.90
2026/04/19 12:06:58,3.0978,17.91
2026/04/19 12:11:59,3.0880,17.93
2026/04/19 12:16:59,3.0904,17.94
2026/04/19 12:22:00,3.0912,17.94
2026/04/19 12:27:00,3.0839,17.95
2026/04/19 12:32:01,3.0835,17.93
2026/04/19 12:37:01,3.0752,17.94
2026/04/19 12:42:02,3.0696,17.94
2026/04/19 12:47:02,3.0761,17.95
2026/04/19 12:52:03,3.0803,17.92
2026/04/19 12:57:03,3.0709,17.89
2026/04/19 13:02:04,3.0619,17.86
2026/04/19 13:07:04,3.0454,17.92
2026/04/19 13:12:05,3.0313,17.91
2026/04/19 13:17:05,3.0340,17.93
2026/04/19 13:22:06,3.0371,17.94
2026/04/19 13:27:06,3.0404,17.93
2026/04/19 13:32:07,3.0338,17.91
2026/04/19 13:37:07,3.0229,17.91
2026/04/19 13:42:08,3.0156,17.89
2026/04/19 13:47:08,3.0238,17.89
2026/04/19 13:52:09,3.0692,17.89
2026/04/19 13:57:09,3.0831,17.94
2026/04/19 14:02:10,3.0855,18.07
2026/04/19 14:07:10,3.0961,18.04
2026/04/19 14:12:11,3.0891,18.15
2026/04/19 14:17:12,3.0935,18.23
2026/04/19 14:22:12,3.0995,18.30
2026/04/19 14:27:13,3.0922,18.38
2026/04/19 14:32:13,3.0908,18.55
2026/04/19 14:37:14,3.0916,18.59
2026/04/19 14:42:14,3.0906,18.50
2026/04/19 14:47:15,3.0887,18.55
2026/04/19 14:52:15,3.0878,18.47
2026/04/19 14:57:16,3.0845,18.47
2026/04/19 15:02:16,3.0858,18.48
2026/04/19 15:07:17,3.0878,18.46
2026/04/19 15:12:18,3.0866,18.48
2026/04/19 15:17:18,3.0846,18.50
2026/04/19 15:22:19,3.0797,18.52
2026/04/19 15:27:19,3.0781,18.51
2026/04/19 15:32:19,3.0757,18.50
2026/04/19 15:37:20,3.0824,18.49
2026/04/19 15:42:20,3.0783,18.48
2026/04/19 15:47:21,3.0716,18.50
2026/04/19 15:52:22,3.0670,18.46
2026/04/19 15:57:22,3.0632,18.50
2026/04/19 16:02:23,3.0536,18.47
2026/04/19 16:07:23,3.0491,18.47
2026/04/19 16:12:24,3.0550,18.45
2026/04/19 16:17:24,3.0528,18.43
2026/04/19 16:22:25,3.0451,18.47
2026/04/19 16:27:25,3.0393,18.46
2026/04/19 16:32:26,3.0377,18.47
2026/04/19 16:37:26,3.0325,18.46
2026/04/19 16:42:27,3.0335,18.45
2026/04/19 16:47:27,3.0341,18.47
2026/04/19 16:52:28,3.0339,18.49
2026/04/19 16:57:28,3.0309,18.46
2026/04/19 17:02:28,3.0259,18.47
2026/04/19 17:07:29,3.0236,18.46
2026/04/19 17:12:29,3.0203,18.47
2026/04/19 17:17:30,3.0185,18.46
2026/04/19 17:22:31,3.0134,18.46
2026/04/19 17:27:31,3.0121,18.47
2026/04/19 17:32:32,3.0104,18.47
2026/04/19 17:37:32,3.0093,18.46
2026/04/19 17:42:33,3.0052,18.44
2026/04/19 17:47:33,3.0064,18.43
2026/04/19 17:52:34,3.0076,18.43
2026/04/19 17:57:34,3.0090,18.44
2026/04/19 18:02:35,3.0146,18.43
2026/04/19 18:07:35,3.0147,18.41
2026/04/19 18:12:36,3.0158,18.39
2026/04/19 18:17:36,3.0198,18.39
2026/04/19 18:22:37,3.0236,18.39
2026/04/19 18:27:37,3.0304,18.37
2026/04/19 18:32:38,3.0902,18.36
2026/04/19 18:37:38,3.1366,18.34
2026/04/19 18:42:39,3.1755,18.33
2026/04/19 18:47:39,3.2380,18.34
2026/04/19 18:52:40,3.2788,18.35
2026/04/19 18:57:40,3.3044,18.32
2026/04/19 19:02:41,3.3161,18.30
2026/04/19 19:07:41,3.3426,18.33
2026/04/19 19:12:42,3.3541,18.30
2026/04/19 19:17:42,3.3497,18.29
2026/04/19 19:22:43,3.3658,18.30
2026/04/19 19:27:43,3.3822,18.33
2026/04/19 19:32:44,3.3909,18.31
2026/04/19 19:37:44,3.3874,18.32
2026/04/19 19:42:45,3.3969,18.27
2026/04/19 19:47:45,3.4014,18.26
2026/04/19 19:52:46,3.3949,18.25
2026/04/19 19:57:46,3.3998,18.25
2026/04/19 20:02:47,3.4060,18.25
2026/04/19 20:07:47,3.4065,18.25
2026/04/19 20:12:48,3.4051,18.25
2026/04/19 20:17:48,3.4112,18.25
2026/04/19 20:22:49,3.4133,18.24
2026/04/19 20:27:49,3.4100,18.25
2026/04/19 20:32:50,3.4033,18.25
2026/04/19 20:37:50,3.4015,18.23
2026/04/19 20:42:51,3.3938,18.23
2026/04/19 20:47:51,3.3842,18.24
2026/04/19 20:52:51,3.3814,18.23
2026/04/19 20:57:52,3.3751,18.23
2026/04/19 21:02:52,3.3634,18.23
2026/04/19 21:07:53,3.3666,18.22
2026/04/19 21:12:54,3.3649,18.22
2026/04/19 21:17:54,3.3570,18.23
2026/04/19 21:22:55,3.3555,18.23
2026/04/19 21:27:55,3.3570,18.22
2026/04/19 21:32:56,3.3528,18.22
2026/04/19 21:37:56,3.3475,18.22
2026/04/19 21:42:57,3.3421,18.22
2026/04/19 21:47:57,3.3415,18.22
2026/04/19 21:52:58,3.3436,18.22
2026/04/19 21:57:58,3.3417,18.23
2026/04/19 22:02:59,3.3337,18.22
2026/04/19 22:07:59,3.3303,18.23
2026/04/19 22:13:00,3.3240,18.22
2026/04/19 22:18:00,3.3176,18.23
2026/04/19 22:23:01,3.3210,18.22
2026/04/19 22:28:01,3.3172,18.23
2026/04/19 22:33:02,3.3147,18.23
2026/04/19 22:38:02,3.3129,18.23
2026/04/19 22:43:03,3.3078,18.23
2026/04/19 22:48:03,3.2998,18.24
2026/04/19 22:53:04,3.3002,18.24
2026/04/19 22:58:04,3.2950,18.23
2026/04/19 23:03:05,3.2895,18.23
2026/04/19 23:08:05,3.2793,18.23
2026/04/19 23:13:06,3.2762,18.23
2026/04/19 23:18:06,3.2752,18.23
2026/04/19 23:23:07,3.2727,18.23
2026/04/19 23:28:07,3.2688,18.23
2026/04/19 23:33:08,3.2672,18.23
2026/04/19 23:38:08,3.2693,18.23
2026/04/19 23:43:09,3.2641,18.22
2026/04/19 23:48:09,3.2614,18.21
2026/04/19 23:53:10,3.2574,18.21
2026/04/19 23:58:10,3.2524,18.21
2026/04/20 00:03:11,3.2475,18.21
2026/04/20 00:08:11,3.2425,18.21
2026/04/20 00:13:12,3.2439,18.21
2026/04/20 00:18:12,3.2416,18.21
2026/04/20 00:23:13,3.2359,18.21
2026/04/20 00:28:13,3.2366,18.20
2026/04/20 00:33:14,3.2327,18.21
2026/04/20 00:38:14,3.2287,18.20
2026/04/20 00:43:15,3.2283,18.21
2026/04/20 00:48:16,3.2272,18.21
2026/04/20 00:53:16,3.2234,18.20
2026/04/20 00:58:17,3.2143,18.20
2026/04/20 01:03:17,3.1981,18.20
2026/04/20 01:08:18,3.1841,18.20
2026/04/20 01:13:18,3.1767,18.20
2026/04/20 01:18:19,3.1705,18.19
2026/04/20 01:23:19,3.1706,18.18
2026/04/20 01:28:20,3.1677,18.19
2026/04/20 01:33:20,3.1548,18.18
2026/04/20 01:38:21,3.1454,18.18
2026/04/20 01:43:21,3.1340,18.18
2026/04/20 01:48:22,3.1300,18.18
2026/04/20 01:53:22,3.1304,18.18
2026/04/20 01:58:23,3.1238,18.18
2026/04/20 02:03:23,3.1213,18.18
2026/04/20 02:08:24,3.1128,18.17
2026/04/20 02:13:24,3.1063,18.16
2026/04/20 02:18:25,3.0994,18.17
2026/04/20 02:23:25,3.0927,18.16
2026/04/20 02:28:26,3.0854,18.16
2026/04/20 02:33:26,3.0845,18.15
2026/04/20 02:38:27,3.0833,18.14
2026/04/20 02:43:27,3.0818,18.16
2026/04/20 02:48:28,3.0731,18.14
2026/04/20 02:53:28,3.0664,18.13
2026/04/20 02:58:29,3.0600,18.13
2026/04/20 03:03:29,3.0602,18.13
2026/04/20 03:08:30,3.0588,18.12
2026/04/20 03:13:30,3.0563,18.12
2026/04/20 03:18:31,3.0549,18.12
2026/04/20 03:23:31,3.0499,18.12
2026/04/20 03:28:32,3.0462,18.12
2026/04/20 03:33:33,3.0432,18.11
2026/04/20 03:38:33,3.0382,18.11
2026/04/20 03:43:34,3.0449,18.11
2026/04/20 03:48:34,3.0483,18.11
2026/04/20 03:53:35,3.0465,18.11
2026/04/20 03:58:35,3.0381,18.11
2026/04/20 04:03:36,3.0338,18.11
2026/04/20 04:08:36,3.0224,18.11
2026/04/20 04:13:37,3.0197,18.12
2026/04/20 04:18:37,3.0181,18.11
2026/04/20 04:23:38,3.0210,18.11
2026/04/20 04:28:38,3.0208,18.11
2026/04/20 04:33:39,3.0151,18.11
2026/04/20 04:38:39,3.0109,18.10
2026/04/20 04:43:40,3.0060,18.12
2026/04/20 04:48:40,3.0052,18.12
2026/04/20 04:53:41,2.9986,18.12
2026/04/20 04:58:41,2.9983,18.12
2026/04/20 05:03:42,2.9994,18.11
2026/04/20 05:08:42,2.9967,18.11
2026/04/20 05:13:43,2.9924,18.12
2026/04/20 05:18:43,2.9871,18.13
2026/04/20 05:23:44,2.9835,18.14
2026/04/20 05:28:44,2.9799,18.13
2026/04/20 05:33:44,2.9762,18.13
2026/04/20 05:38:45,2.9789,18.14
2026/04/20 05:43:46,2.9797,18.13
2026/04/20 05:48:46,2.9737,18.15
2026/04/20 05:53:47,2.9660,18.14
2026/04/20 05:58:47,2.9657,18.16
2026/04/20 06:03:48,2.9626,18.15
2026/04/20 06:08:48,2.9606,18.15
2026/04/20 06:13:49,2.9584,18.17
2026/04/20 06:18:49,2.9605,18.17
2026/04/20 06:23:50,3.1050,18.20
2026/04/20 06:28:50,3.2147,18.20
2026/04/20 06:33:51,3.2789,18.19
2026/04/20 06:38:51,3.3444,18.18
2026/04/20 06:43:52,3.4020,18.17
2026/04/20 06:48:52,3.4171,18.17
2026/04/20 06:53:53,3.4110,18.15
2026/04/20 06:58:53,3.4380,18.14
2026/04/20 07:03:54,3.4496,18.13
2026/04/20 07:08:54,3.4223,18.11
2026/04/20 07:13:55,3.4221,18.10
2026/04/20 07:18:55,3.4458,18.10
2026/04/20 07:23:56,3.4485,18.14
2026/04/20 07:28:56,3.4293,18.16
2026/04/20 07:33:57,3.4291,18.19
2026/04/20 07:38:57,3.4054,18.21
2026/04/20 07:43:58,3.3895,18.21
2026/04/20 07:48:58,3.3890,18.23
2026/04/20 07:53:59,3.4013,18.24
2026/04/20 07:58:59,3.4086,18.25
2026/04/20 08:04:00,3.4169,18.25
2026/04/20 08:09:00,3.4287,18.25
2026/04/20 08:14:01,3.4399,18.25
2026/04/20 08:19:01,3.4535,18.24
2026/04/20 08:24:02,3.4656,18.25
2026/04/20 08:29:02,3.4695,18.24
2026/04/20 08:34:03,3.4731,18.23
2026/04/20 08:39:03,3.4836,18.24
2026/04/20 08:44:04,3.4874,18.26
2026/04/20 08:49:04,3.4864,18.28
2026/04/20 08:54:05,3.4814,18.26
2026/04/20 08:59:05,3.4789,18.25
2026/04/20 09:04:06,3.4783,18.27
2026/04/20 09:09:06,3.4619,18.28
2026/04/20 09:14:07,3.4566,18.30
2026/04/20 09:19:07,3.4586,18.30
2026/04/20 09:24:08,3.4583,18.32
2026/04/20 09:29:08,3.4479,18.33
2026/04/20 09:34:09,3.4379,18.33
2026/04/20 09:39:09,3.4144,18.38
2026/04/20 09:44:10,3.3931,18.39
2026/04/20 09:49:10,3.3857,18.41
2026/04/20 09:54:11,3.3870,18.41
2026/04/20 09:59:11,3.3797,18.40
2026/04/20 10:04:12,3.3749,18.42
2026/04/20 10:09:12,3.3695,18.44
2026/04/20 10:14:13,3.3580,18.47
2026/04/20 10:19:13,3.3457,18.50
2026/04/20 10:24:14,3.3342,18.50
2026/04/20 10:29:14,3.3167,18.51
2026/04/20 10:34:15,3.3030,18.52
2026/04/20 10:39:15,3.2870,18.52
2026/04/20 10:44:16,3.2737,18.52
2026/04/20 10:49:16,3.2634,18.51
2026/04/20 10:54:17,3.2494,18.52
2026/04/20 10:59:17,3.2360,18.53
2026/04/20 11:04:18,3.2301,18.55
2026/04/20 11:09:18,3.2173,18.57
2026/04/20 11:14:19,3.2061,18.57
2026/04/20 11:19:19,3.1969,18.57
2026/04/20 11:24:20,3.1806,18.58
2026/04/20 11:29:20,3.1712,18.58
2026/04/20 11:34:21,3.1606,18.57
2026/04/20 11:39:21,3.1533,18.55
2026/04/20 11:44:22,3.1419,18.57
2026/04/20 11:49:22,3.1339,18.59
2026/04/20 11:54:23,3.1190,18.59
2026/04/20 11:59:23,3.1110,18.61
2026/04/20 12:04:24,3.1040,18.61
2026/04/20 12:09:24,3.0993,18.60
2026/04/20 12:14:25,3.0960,18.59
2026/04/20 12:19:25,3.1049,18.60
2026/04/20 12:24:26,3.1035,18.59
2026/04/20 12:29:26,3.0911,18.59
2026/04/20 12:34:27,3.0807,18.58
2026/04/20 12:39:27,3.0658,18.58
2026/04/20 12:44:28,3.0584,18.61
2026/04/20 12:49:28,3.0624,18.63
2026/04/20 12:54:29,3.0653,18.86
2026/04/20 12:59:29,3.0658,18.88
2026/04/20 13:04:30,3.0594,18.75
2026/04/20 13:09:30,3.0521,18.73
2026/04/20 13:14:31,3.0461,18.71
2026/04/20 13:19:31,3.0385,18.70
2026/04/20 13:24:32,3.0378,18.66
2026/04/20 13:29:32,3.0328,18.75
2026/04/20 13:34:33,3.0293,18.85
2026/04/20 13:39:33,3.0283,18.81
2026/04/20 13:44:34,3.0249,18.74
2026/04/20 13:49:34,3.0166,18.80
2026/04/20 13:54:35,3.0074,18.83
2026/04/20 13:59:35,3.0083,18.86
2026/04/20 14:04:36,3.0064,18.87
2026/04/20 14:09:36,3.0052,18.86
2026/04/20 14:14:37,3.0028,18.88
2026/04/20 14:19:37,3.0055,18.92
2026/04/20 14:24:38,2.9984,18.92
2026/04/20 14:29:38,2.9899,18.89
2026/04/20 14:34:39,2.9881,18.86
2026/04/20 14:39:39,2.9878,18.86
2026/04/20 14:44:40,2.9875,18.89
2026/04/20 14:49:40,2.9842,18.92
2026/04/20 14:54:41,2.9786,18.93
2026/04/20 14:59:41,2.9761,18.90
2026/04/20 15:04:42,2.9694,18.97
2026/04/20 15:09:42,2.9675,19.02
2026/04/20 15:14:43,2.9698,19.03
2026/04/20 15:19:43,2.9668,18.96
2026/04/20 15:24:44,2.9621,18.95
2026/04/20 15:29:44,2.9556,18.94
2026/04/20 15:34:45,2.9481,18.94
2026/04/20 15:39:45,2.9461,18.88
2026/04/20 15:44:46,2.9441,18.94
2026/04/20 15:49:46,2.9393,19.02
2026/04/20 15:54:47,2.9378,18.95
2026/04/20 15:59:47,2.9381,18.96
2026/04/20 16:04:47,2.9372,18.95
2026/04/20 16:09:48,2.9430,18.91
2026/04/20 16:14:48,2.9463,18.87
2026/04/20 16:19:49,2.9424,18.87
2026/04/20 16:24:49,2.9320,18.84
2026/04/20 16:29:50,2.9182,18.86
2026/04/20 16:34:50,2.9114,18.85
2026/04/20 16:39:51,2.9115,18.86
2026/04/20 16:44:51,2.9124,18.83
2026/04/20 16:49:52,2.9092,18.90
2026/04/20 16:54:52,2.9063,18.89
2026/04/20 16:59:53,2.8984,18.86
2026/04/20 17:04:53,2.8802,18.81
2026/04/20 17:09:54,2.8762,18.76
2026/04/20 17:14:54,2.8708,18.78
2026/04/20 17:19:55,2.8753,18.91
2026/04/20 17:24:55,2.8699,18.86
2026/04/20 17:29:56,2.8672,18.83
2026/04/20 17:34:56,2.8654,18.83
2026/04/20 17:39:57,2.8658,18.82
2026/04/20 17:44:57,2.8540,18.82
2026/04/20 17:49:58,2.8503,18.84
2026/04/20 17:54:58,2.8425,18.91
2026/04/20 17:59:59,2.8461,18.91
2026/04/20 18:04:59,2.8625,18.92
2026/04/20 18:10:00,2.8683,18.89
2026/04/20 18:15:00,2.8766,18.92
2026/04/20 18:20:01,2.8876,18.97
2026/04/20 18:25:01,2.8948,18.92
2026/04/20 18:30:02,2.8978,18.95
2026/04/20 18:35:02,2.9108,18.97
2026/04/20 18:40:03,2.9179,18.95
2026/04/20 18:45:03,2.9259,19.00
2026/04/20 18:50:04,2.9343,19.03
2026/04/20 18:55:04,2.9343,19.01
2026/04/20 19:00:05,2.9627,19.00
2026/04/20 19:05:05,3.0574,18.98
2026/04/20 19:10:06,3.1255,18.97
2026/04/20 19:15:06,3.1688,18.95
2026/04/20 19:20:07,3.2287,18.95
2026/04/20 19:25:07,3.2566,18.97
2026/04/20 19:30:08,3.2825,18.96
2026/04/20 19:35:08,3.2954,18.96
2026/04/20 19:40:09,3.3260,18.95
2026/04/20 19:45:09,3.3468,18.93
2026/04/20 19:50:09,3.3396,18.93
2026/04/20 19:55:10,3.3624,18.93
2026/04/20 20:00:10,3.3697,18.94
2026/04/20 20:05:11,3.3869,18.95
2026/04/20 20:10:11,3.3834,18.96
2026/04/20 20:15:12,3.3936,18.96
2026/04/20 20:20:12,3.4009,18.94
2026/04/20 20:25:13,3.4041,18.88
2026/04/20 20:30:13,3.4186,18.83
2026/04/20 20:35:14,3.4263,18.84
2026/04/20 20:40:14,3.4382,18.83
2026/04/20 20:45:15,3.4460,18.84
2026/04/20 20:50:15,3.4563,18.84
2026/04/20 20:55:16,3.4634,18.84
2026/04/20 21:00:16,3.4677,18.83
2026/04/20 21:05:17,3.4736,18.83
2026/04/20 21:10:18,3.4606,18.81
2026/04/20 21:15:18,3.4533,18.80
2026/04/20 21:20:18,3.4417,18.80
2026/04/20 21:25:19,3.4373,18.81
2026/04/20 21:30:19,3.4314,18.81
2026/04/20 21:35:20,3.4230,18.77
2026/04/20 21:40:20,3.4174,18.77
2026/04/20 21:45:21,3.4191,18.77
2026/04/20 21:50:21,3.4163,18.75
2026/04/20 21:55:22,3.4096,18.75
2026/04/20 22:00:22,3.4150,18.71
2026/04/20 22:05:23,3.4065,18.72
2026/04/20 22:10:23,3.4019,18.69
2026/04/20 22:15:24,3.3982,18.70
2026/04/20 22:20:24,3.3848,18.67
2026/04/20 22:25:25,3.3757,18.65
2026/04/20 22:30:25,3.3662,18.65
2026/04/20 22:35:26,3.3675,18.64
2026/04/20 22:40:26,3.3589,18.64
2026/04/20 22:45:27,3.3450,18.63
2026/04/20 22:50:27,3.3441,18.61
2026/04/20 22:55:28,3.3469,18.61
2026/04/20 23:00:29,3.3477,18.62
2026/04/20 23:05:29,3.3368,18.61
2026/04/20 23:10:30,3.3414,18.61
2026/04/20 23:15:30,3.3425,18.60
2026/04/20 23:20:31,3.3367,18.60
2026/04/20 23:25:31,3.3230,18.60
2026/04/20 23:30:32,3.3091,18.59
2026/04/20 23:35:32,3.3164,18.58
2026/04/20 23:40:33,3.3126,18.59
2026/04/20 23:45:33,3.3037,18.58
2026/04/20 23:50:34,3.3145,18.57
2026/04/20 23:55:34,3.3053,18.56
2026/04/21 00:00:35,3.2965,18.55
2026/04/21 00:05:35,3.2955,18.54
2026/04/21 00:10:36,3.2986,18.54
2026/04/21 00:15:36,3.2922,18.54
2026/04/21 00:20:37,3.2860,18.52
2026/04/21 00:25:37,3.2928,18.52
2026/04/21 00:30:38,3.2781,18.50
2026/04/21 00:35:38,3.2764,18.51
2026/04/21 00:40:39,3.2845,18.50
2026/04/21 00:45:39,3.2807,18.48
2026/04/21 00:50:40,3.2767,18.48
2026/04/21 00:55:40,3.2718,18.48
2026/04/21 01:00:41,3.2539,18.47
2026/04/21 01:05:42,3.2489,18.47
2026/04/21 01:10:42,3.2410,18.47
2026/04/21 01:15:43,3.2334,18.46
2026/04/21 01:20:43,3.2335,18.47
2026/04/21 01:25:44,3.2242,18.46
2026/04/21 01:30:44,3.2199,18.45
2026/04/21 01:35:45,3.2131,18.46
2026/04/21 01:40:45,3.2060,18.45
2026/04/21 01:45:46,3.2032,18.45
2026/04/21 01:50:46,3.1983,18.45
2026/04/21 01:55:47,3.1924,18.43
2026/04/21 02:00:47,3.1870,18.44
2026/04/21 02:05:48,3.1838,18.42
2026/04/21 02:10:48,3.1851,18.43
2026/04/21 02:15:49,3.1798,18.41
2026/04/21 02:20:49,3.1678,18.41
2026/04/21 02:25:50,3.1661,18.39
2026/04/21 02:30:50,3.1617,18.40
2026/04/21 02:35:51,3.1523,18.38
2026/04/21 02:40:51,3.1533,18.39
2026/04/21 02:45:52,3.1558,18.38
2026/04/21 02:50:53,3.1485,18.38
2026/04/21 02:55:53,3.1446,18.36
2026/04/21 03:00:54,3.1368,18.37
2026/04/21 03:05:54,3.1355,18.36
2026/04/21 03:10:55,3.1335,18.36
2026/04/21 03:15:55,3.1273,18.32
2026/04/21 03:20:56,3.1326,18.32
2026/04/21 03:25:56,3.1339,18.33
2026/04/21 03:30:57,3.1313,18.31
2026/04/21 03:35:57,3.1244,18.30
2026/04/21 03:40:58,3.1254,18.30
2026/04/21 03:45:58,3.1249,18.29
2026/04/21 03:50:59,3.1214,18.30
2026/04/21 03:55:59,3.1184,18.29
2026/04/21 04:01:00,3.1156,18.29
2026/04/21 04:06:00,3.1174,18.29
2026/04/21 04:11:01,3.1139,18.29
2026/04/21 04:16:01,3.1106,18.29
2026/04/21 04:21:02,3.1199,18.28
2026/04/21 04:26:02,3.1311,18.28
2026/04/21 04:31:03,3.1219,18.27
2026/04/21 04:36:03,3.1150,18.27
2026/04/21 04:41:04,3.1116,18.27
2026/04/21 04:46:04,3.1117,18.27
2026/04/21 04:51:05,3.1093,18.27
2026/04/21 04:56:05,3.1116,18.27
2026/04/21 05:01:06,3.1165,18.26
2026/04/21 05:06:06,3.1198,18.27
2026/04/21 05:11:07,3.1098,18.27
2026/04/21 05:16:07,3.1082,18.26
2026/04/21 05:21:07,3.1080,18.27
2026/04/21 05:26:08,3.1045,18.27
2026/04/21 05:31:08,3.1035,18.27
2026/04/21 05:36:09,3.1024,18.27
2026/04/21 05:41:09,3.1050,18.27
2026/04/21 05:46:10,3.1043,18.28
2026/04/21 05:51:10,3.0978,18.27
2026/04/21 05:56:11,3.0951,18.27
2026/04/21 06:01:11,3.0922,18.27
2026/04/21 06:06:12,3.0906,18.27
2026/04/21 06:11:12,3.0881,18.27
2026/04/21 06:16:13,3.0873,18.27
2026/04/21 06:21:13,3.0890,18.27
2026/04/21 06:26:14,3.0924,18.27
2026/04/21 06:31:14,3.0878,18.27
2026/04/21 06:36:15,3.0886,18.29
2026/04/21 06:41:15,3.0834,18.28
2026/04/21 06:46:16,3.0821,18.29
2026/04/21 06:51:16,3.1406,18.29
2026/04/21 06:56:17,3.2297,18.30
2026/04/21 07:01:17,3.3048,18.31
2026/04/21 07:06:18,3.3839,18.31
2026/04/21 07:11:18,3.4542,18.31
2026/04/21 07:16:19,3.4877,18.29
2026/04/21 07:21:19,3.4989,18.29
2026/04/21 07:26:20,3.5240,18.28
2026/04/21 07:31:20,3.5422,18.28
2026/04/21 07:36:21,3.5290,18.28
2026/04/21 07:41:21,3.5415,18.26
2026/04/21 07:46:22,3.5590,18.24
2026/04/21 07:51:22,3.5639,18.23
2026/04/21 07:56:23,3.5650,18.24
2026/04/21 08:01:23,3.5728,18.25
2026/04/21 08:06:24,3.5707,18.24
2026/04/21 08:11:24,3.5612,18.27
2026/04/21 08:16:25,3.5666,18.29
2026/04/21 08:21:25,3.5775,18.25
2026/04/21 08:26:26,3.5903,18.25
2026/04/21 08:31:26,3.6072,18.28
2026/04/21 08:36:27,3.6303,18.29
2026/04/21 08:41:27,3.6506,18.29
2026/04/21 08:46:28,3.6719,18.28
2026/04/21 08:51:28,3.6952,18.25
2026/04/21 08:56:29,3.7104,18.27
2026/04/21 09:01:29,3.7113,18.26
2026/04/21 09:06:30,3.7128,18.28
2026/04/21 09:11:30,3.7139,18.29
2026/04/21 09:16:31,3.7118,18.30
2026/04/21 09:21:31,3.7037,18.32
2026/04/21 09:26:32,3.7053,18.32
2026/04/21 09:31:32,3.7006,18.33
2026/04/21 09:36:33,3.6991,18.32
2026/04/21 09:41:33,3.6959,18.32
2026/04/21 09:46:34,3.6822,18.31
2026/04/21 09:51:34,3.6734,18.31
2026/04/21 09:56:35,3.6547,18.32
2026/04/21 10:01:35,3.6526,18.32
2026/04/21 10:06:36,3.6429,18.32
2026/04/21 10:11:36,3.6226,18.33
2026/04/21 10:16:37,3.6129,18.34
2026/04/21 10:21:37,3.5985,18.34
2026/04/21 10:26:38,3.5827,18.34
2026/04/21 10:31:38,3.5698,18.35
2026/04/21 10:36:39,3.5609,18.36
2026/04/21 10:41:39,3.5573,18.36
2026/04/21 10:46:40,3.5646,18.38
2026/04/21 10:51:40,3.5693,18.38
2026/04/21 10:56:41,3.5558,18.40
2026/04/21 11:01:41,3.5461,18.41
2026/04/21 11:06:42,3.5312,18.41
2026/04/21 11:11:42,3.5287,18.43
2026/04/21 11:16:43,3.5257,18.45
2026/04/21 11:21:44,3.5207,18.46
2026/04/21 11:26:44,3.5152,18.46
2026/04/21 11:31:45,3.5074,18.48
2026/04/21 11:36:45,3.5023,18.48
2026/04/21 11:41:46,3.5001,18.50
2026/04/21 11:46:46,3.4946,18.52
2026/04/21 11:51:47,3.4909,18.54
2026/04/21 11:56:47,3.4979,18.56
2026/04/21 12:01:48,3.4925,18.55
2026/04/21 12:06:48,3.4920,18.56
2026/04/21 12:11:49,3.4892,18.59
2026/04/21 12:16:49,3.4779,18.59
2026/04/21 12:21:50,3.4688,18.60
2026/04/21 12:26:50,3.4684,18.60
2026/04/21 12:31:51,3.4764,18.63
2026/04/21 12:36:51,3.4728,18.62
2026/04/21 12:41:52,3.4688,18.63
2026/04/21 12:46:52,3.4665,18.62
2026/04/21 12:51:53,3.4628,18.63
2026/04/21 12:56:54,3.4593,18.62
2026/04/21 13:01:54,3.4583,18.61
2026/04/21 13:06:55,3.4577,18.62
2026/04/21 13:11:55,3.4558,18.62
2026/04/21 13:16:56,3.4544,18.62
2026/04/21 13:21:56,3.4500,18.61
2026/04/21 13:26:57,3.4434,18.61
2026/04/21 13:31:57,3.4434,18.60
2026/04/21 13:36:58,3.4424,18.60
2026/04/21 13:41:58,3.4414,18.59
2026/04/21 13:46:59,3.4436,18.61
2026/04/21 13:51:59,3.4382,18.61
2026/04/21 13:57:00,3.4379,18.59
2026/04/21 14:02:00,3.4332,18.60
2026/04/21 14:07:01,3.4339,18.60
2026/04/21 14:12:01,3.4288,18.61
2026/04/21 14:17:02,3.4289,18.61
2026/04/21 14:22:02,3.4263,18.60
2026/04/21 14:27:03,3.4278,18.61
2026/04/21 14:32:03,3.4295,18.61
2026/04/21 14:37:04,3.4244,18.60
2026/04/21 14:42:04,3.4207,18.60
2026/04/21 14:47:05,3.4239,18.60
2026/04/21 14:52:05,3.4236,18.59
2026/04/21 14:57:06,3.4258,18.59
2026/04/21 15:02:06,3.4247,18.57
2026/04/21 15:07:07,3.4212,18.56
2026/04/21 15:12:07,3.4208,18.57
2026/04/21 15:17:07,3.4206,18.57
2026/04/21 15:22:08,3.4186,18.57
2026/04/21 15:27:08,3.4188,18.55
2026/04/21 15:32:09,3.4168,18.54
2026/04/21 15:37:09,3.4173,18.55
2026/04/21 15:42:10,3.4123,18.51
2026/04/21 15:47:10,3.4149,18.53
2026/04/21 15:52:11,3.4184,18.52
2026/04/21 15:57:12,3.4201,18.52
2026/04/21 16:02:12,3.4180,18.50
2026/04/21 16:07:13,3.4126,18.50
2026/04/21 16:12:13,3.4123,18.50
2026/04/21 16:17:14,3.4097,18.48
2026/04/21 16:22:14,3.4130,18.46
2026/04/21 16:27:15,3.4128,18.46
2026/04/21 16:32:15,3.4138,18.46
2026/04/21 16:37:16,3.4180,18.45
2026/04/21 16:42:16,3.4105,18.45
2026/04/21 16:47:17,3.4132,18.44
2026/04/21 16:52:17,3.4116,18.44
2026/04/21 16:57:18,3.4119,18.41
2026/04/21 17:02:18,3.4099,18.41
2026/04/21 17:07:19,3.4139,18.42
2026/04/21 17:12:20,3.4124,18.42
2026/04/21 17:17:20,3.4092,18.41
2026/04/21 17:22:21,3.4057,18.40
2026/04/21 17:27:21,3.4068,18.39
2026/04/21 17:32:22,3.4044,18.41
2026/04/21 17:37:22,3.4061,18.41
2026/04/21 17:42:23,3.4049,18.40
2026/04/21 17:47:24,3.4065,18.39
2026/04/21 17:52:24,3.4064,18.40
2026/04/21 17:57:25,3.4021,18.40
2026/04/21 18:02:25,3.4008,18.40
2026/04/21 18:07:26,3.4038,18.39
2026/04/21 18:12:26,3.4018,18.39
2026/04/21 18:17:27,3.3979,18.40
2026/04/21 18:22:27,3.3954,18.39
2026/04/21 18:27:28,3.3948,18.39
2026/04/21 18:32:28,3.3928,18.39
2026/04/21 18:37:29,3.3886,18.39
2026/04/21 18:42:29,3.3807,18.39
2026/04/21 18:47:30,3.3769,18.38
2026/04/21 18:52:31,3.3797,18.39
2026/04/21 18:57:31,3.3784,18.38
2026/04/21 19:02:32,3.3756,18.39
2026/04/21 19:07:32,3.3661,18.38
2026/04/21 19:12:33,3.3608,18.38
2026/04/21 19:17:33,3.3588,18.38
2026/04/21 19:22:34,3.3567,18.37
2026/04/21 19:27:34,3.3552,18.38
2026/04/21 19:32:35,3.3527,18.37
2026/04/21 19:37:35,3.3480,18.36
2026/04/21 19:42:36,3.3468,18.37
2026/04/21 19:47:36,3.3480,18.37
2026/04/21 19:52:37,3.3617,18.36
2026/04/21 19:57:37,3.3852,18.36
2026/04/21 20:02:38,3.4042,18.36
2026/04/21 20:07:38,3.4299,18.36
2026/04/21 20:12:39,3.4503,18.36
2026/04/21 20:17:39,3.4662,18.36
2026/04/21 20:22:40,3.4795,18.36
2026/04/21 20:27:41,3.4945,18.36
2026/04/21 20:32:41,3.5007,18.36
2026/04/21 20:37:42,3.5042,18.35
2026/04/21 20:42:42,3.5092,18.35
2026/04/21 20:47:43,3.5137,18.35
2026/04/21 20:52:43,3.5190,18.35
2026/04/21 20:57:44,3.5168,18.35
2026/04/21 21:02:44,3.5174,18.35
2026/04/21 21:07:45,3.5192,18.35
2026/04/21 21:12:45,3.5106,18.34
2026/04/21 21:17:46,3.5040,18.34
2026/04/21 21:22:46,3.5032,18.34
2026/04/21 21:27:47,3.5012,18.34
2026/04/21 21:32:47,3.4940,18.33
2026/04/21 21:37:48,3.5004,18.34
2026/04/21 21:42:48,3.5013,18.33
2026/04/21 21:47:49,3.4980,18.34
2026/04/21 21:52:49,3.4981,18.33
2026/04/21 21:57:50,3.4963,18.34
2026/04/21 22:02:50,3.4923,18.33
2026/04/21 22:07:51,3.4885,18.32
2026/04/21 22:12:51,3.4908,18.32
2026/04/21 22:17:52,3.4888,18.32
2026/04/21 22:22:52,3.4887,18.32
2026/04/21 22:27:53,3.4890,18.32
2026/04/21 22:32:53,3.4886,18.32
2026/04/21 22:37:54,3.4860,18.32
2026/04/21 22:42:54,3.4809,18.32
2026/04/21 22:47:55,3.4784,18.32
2026/04/21 22:52:55,3.4767,18.31
2026/04/21 22:57:56,3.4763,18.31
2026/04/21 23:02:56,3.4795,18.31
2026/04/21 23:07:57,3.4747,18.31
2026/04/21 23:12:57,3.4686,18.30
2026/04/21 23:17:58,3.4688,18.30
2026/04/21 23:22:58,3.4627,18.30
2026/04/21 23:27:59,3.4616,18.30
2026/04/21 23:32:59,3.4621,18.30
2026/04/21 23:38:00,3.4637,18.30
2026/04/21 23:43:00,3.4570,18.30
2026/04/21 23:48:01,3.4501,18.29
2026/04/21 23:53:01,3.4463,18.30
2026/04/21 23:58:02,3.4355,18.30
2026/04/22 00:03:02,3.4242,18.30
2026/04/22 00:08:03,3.4191,18.30
2026/04/22 00:13:03,3.4122,18.30
2026/04/22 00:18:04,3.4081,18.30
2026/04/22 00:23:04,3.4035,18.30
2026/04/22 00:28:05,3.3969,18.30
2026/04/22 00:33:05,3.3979,18.30
2026/04/22 00:38:06,3.3905,18.30
2026/04/22 00:43:06,3.3908,18.30
2026/04/22 00:48:07,3.3864,18.31
2026/04/22 00:53:07,3.3804,18.30
2026/04/22 00:58:08,3.3642,18.30
2026/04/22 01:03:08,3.3416,18.30
2026/04/22 01:08:09,3.3278,18.30
2026/04/22 01:13:09,3.3172,18.30
2026/04/22 01:18:10,3.3113,18.30
2026/04/22 01:23:10,3.3026,18.30
2026/04/22 01:28:11,3.2949,18.30
2026/04/22 01:33:11,3.2881,18.30
2026/04/22 01:38:12,3.2770,18.31
2026/04/22 01:43:12,3.2698,18.31
2026/04/22 01:48:13,3.2639,18.31
2026/04/22 01:53:13,3.2614,18.31
2026/04/22 01:58:14,3.2528,18.32
2026/04/22 02:03:15,3.2479,18.32
2026/04/22 02:08:15,3.2412,18.32
2026/04/22 02:13:16,3.2329,18.32
2026/04/22 02:18:16,3.2262,18.32
2026/04/22 02:23:17,3.2206,18.32
2026/04/22 02:28:17,3.2179,18.31
2026/04/22 02:33:18,3.2156,18.32
2026/04/22 02:38:18,3.2114,18.33
2026/04/22 02:43:19,3.2047,18.33
2026/04/22 02:48:19,3.1978,18.32
2026/04/22 02:53:20,3.1914,18.34
2026/04/22 02:58:21,3.1836,18.32
2026/04/22 03:03:21,3.1820,18.33
2026/04/22 03:08:22,3.1792,18.33
2026/04/22 03:13:22,3.1739,18.34
2026/04/22 03:18:23,3.1789,18.34
2026/04/22 03:23:23,3.1771,18.34
2026/04/22 03:28:24,3.1698,18.34
2026/04/22 03:33:24,3.1611,18.35
2026/04/22 03:38:25,3.1512,18.36
2026/04/22 03:43:25,3.1415,18.38
2026/04/22 03:48:26,3.1416,18.37
2026/04/22 03:53:26,3.1391,18.37
2026/04/22 03:58:27,3.1363,18.35
2026/04/22 04:03:27,3.1334,18.36
2026/04/22 04:08:28,3.1276,18.36
2026/04/22 04:13:29,3.1181,18.35
2026/04/22 04:18:29,3.1138,18.36
2026/04/22 04:23:30,3.1127,18.35
2026/04/22 04:28:30,3.1114,18.35
2026/04/22 04:33:31,3.1079,18.37
2026/04/22 04:38:32,3.1055,18.37
2026/04/22 04:43:32,3.0994,18.36
2026/04/22 04:48:33,3.0938,18.36
2026/04/22 04:53:33,3.0864,18.37
2026/04/22 04:58:34,3.0824,18.38
2026/04/22 05:03:34,3.0816,18.37
2026/04/22 05:08:35,3.0766,18.37
2026/04/22 05:13:35,3.0736,18.39
2026/04/22 05:18:36,3.0681,18.39
2026/04/22 05:23:36,3.0650,18.39
2026/04/22 05:28:37,3.0591,18.37
2026/04/22 05:33:37,3.0557,18.38
2026/04/22 05:38:38,3.0517,18.39
2026/04/22 05:43:38,3.0502,18.39
2026/04/22 05:48:39,3.0469,18.39
2026/04/22 05:53:39,3.0440,18.40
2026/04/22 05:58:40,3.0368,18.40
2026/04/22 06:03:40,3.0333,18.40
2026/04/22 06:08:41,3.0345,18.41
2026/04/22 06:13:41,3.0320,18.41
2026/04/22 06:18:42,3.0278,18.43
2026/04/22 06:23:42,3.0189,18.43
2026/04/22 06:28:43,3.0155,18.42
2026/04/22 06:33:43,3.0125,18.44
2026/04/22 06:38:44,3.0145,18.41
2026/04/22 06:43:44,3.0049,18.43
2026/04/22 06:48:45,3.0092,18.42
2026/04/22 06:53:45,3.0150,18.45
2026/04/22 06:58:46,3.0125,18.44
2026/04/22 07:03:46,3.0065,18.45
2026/04/22 07:08:47,2.9906,18.46
2026/04/22 07:13:47,2.9826,18.45
2026/04/22 07:18:48,2.9756,18.46
2026/04/22 07:23:48,2.9804,18.45
2026/04/22 07:28:49,2.9773,18.46
2026/04/22 07:33:49,2.9771,18.46
2026/04/22 07:38:50,2.9750,18.45
2026/04/22 07:43:50,2.9691,18.45
2026/04/22 07:48:51,2.9843,18.47
2026/04/22 07:53:51,2.9942,18.46
2026/04/22 07:58:52,2.9970,18.46
2026/04/22 08:03:53,3.0280,18.50
2026/04/22 08:08:53,3.0699,18.51
2026/04/22 08:13:54,3.1061,18.51
2026/04/22 08:18:54,3.1495,18.51
2026/04/22 08:23:55,3.1887,18.52
2026/04/22 08:28:55,3.2197,18.52
2026/04/22 08:33:56,3.2389,18.52
2026/04/22 08:38:56,3.2647,18.52
2026/04/22 08:43:57,3.2992,18.50
2026/04/22 08:48:57,3.3285,18.50
2026/04/22 08:53:58,3.3468,18.51
2026/04/22 08:58:59,3.3668,18.51
2026/04/22 09:03:59,3.3870,18.51
2026/04/22 09:09:00,3.3996,18.51
2026/04/22 09:14:00,3.4143,18.52
2026/04/22 09:19:01,3.4307,18.52
2026/04/22 09:24:01,3.4322,18.52
2026/04/22 09:29:02,3.4402,18.53
2026/04/22 09:34:02,3.4469,18.54
2026/04/22 09:39:03,3.4622,18.54
2026/04/22 09:44:03,3.4670,18.54
2026/04/22 09:49:04,3.4794,18.56
2026/04/22 09:54:05,3.4824,18.57
2026/04/22 09:59:05,3.4848,18.58
2026/04/22 10:04:06,3.4916,18.59
2026/04/22 10:09:06,3.4917,18.59
2026/04/22 10:14:07,3.4856,18.59
2026/04/22 10:19:07,3.4778,18.58
2026/04/22 10:24:08,3.4661,18.59
2026/04/22 10:29:09,3.4564,18.59
2026/04/22 10:34:09,3.4549,18.59
2026/04/22 10:39:10,3.4471,18.60
2026/04/22 10:44:10,3.4470,18.61
2026/04/22 10:49:11,3.4458,18.60
2026/04/22 10:54:11,3.4326,18.61
2026/04/22 10:59:12,3.4266,18.61
2026/04/22 11:04:12,3.4252,18.61
2026/04/22 11:09:13,3.4252,18.61
2026/04/22 11:14:13,3.4198,18.62
2026/04/22 11:19:14,3.4140,18.63
2026/04/22 11:24:14,3.4040,18.63
2026/04/22 11:29:15,3.3956,18.64
2026/04/22 11:34:15,3.3923,18.64
2026/04/22 11:39:16,3.3885,18.64
2026/04/22 11:44:16,3.3853,18.64
2026/04/22 11:49:17,3.3880,18.65
2026/04/22 11:54:17,3.3847,18.65
2026/04/22 11:59:18,3.3780,18.66
2026/04/22 12:04:18,3.3749,18.66
2026/04/22 12:09:19,3.3713,18.66
2026/04/22 12:14:19,3.3652,18.66
2026/04/22 12:19:20,3.3630,18.66
2026/04/22 12:24:20,3.3643,18.66
2026/04/22 12:29:21,3.3578,18.67
2026/04/22 12:34:21,3.3573,18.67
2026/04/22 12:39:22,3.3509,18.66
2026/04/22 12:44:22,3.3561,18.67
2026/04/22 12:49:23,3.3621,18.67
2026/04/22 12:54:23,3.3598,18.67
2026/04/22 12:59:24,3.3540,18.67
2026/04/22 13:04:24,3.3504,18.67
2026/04/22 13:09:25,3.3490,18.67
2026/04/22 13:14:25,3.3450,18.67
2026/04/22 13:19:26,3.3489,18.67
2026/04/22 13:24:26,3.3461,18.67
2026/04/22 13:29:27,3.3460,18.68
2026/04/22 13:34:27,3.3459,18.68
2026/04/22 13:39:28,3.3446,18.68
2026/04/22 13:44:28,3.3447,18.68
2026/04/22 13:49:29,3.3430,18.69
2026/04/22 13:54:29,3.3458,18.69
2026/04/22 13:59:30,3.3443,18.69
2026/04/22 14:04:31,3.3443,18.69
2026/04/22 14:09:31,3.3458,18.70
2026/04/22 14:14:32,3.3440,18.70
2026/04/22 14:19:32,3.3428,18.70
2026/04/22 14:24:33,3.3419,18.71
2026/04/22 14:29:33,3.3427,18.71
2026/04/22 14:34:34,3.3431,18.71
2026/04/22 14:39:35,3.3428,18.71
2026/04/22 14:44:35,3.3426,18.71
2026/04/22 14:49:36,3.3461,18.72
2026/04/22 14:54:36,3.3433,18.72
2026/04/22 14:59:37,3.3376,18.71
2026/04/22 15:04:37,3.3404,18.72
2026/04/22 15:09:38,3.3434,18.72
2026/04/22 15:14:38,3.3429,18.72
2026/04/22 15:19:39,3.3394,18.71
2026/04/22 15:24:39,3.3389,18.73
2026/04/22 15:29:40,3.3441,18.72
2026/04/22 15:34:40,3.3428,18.73
2026/04/22 15:39:41,3.3388,18.73
2026/04/22 15:44:41,3.3431,18.73
2026/04/22 15:49:42,3.3412,18.73
2026/04/22 15:54:42,3.3413,18.73
2026/04/22 15:59:43,3.3443,18.72
2026/04/22 16:04:43,3.3448,18.73
2026/04/22 16:09:44,3.3453,18.73
2026/04/22 16:14:45,3.3455,18.73
2026/04/22 16:19:45,3.3483,18.74
2026/04/22 16:24:46,3.3496,18.74
2026/04/22 16:29:46,3.3475,18.74
2026/04/22 16:34:47,3.3472,18.74
2026/04/22 16:39:47,3.3483,18.75
2026/04/22 16:44:48,3.3476,18.77
2026/04/22 16:49:48,3.3503,18.78
2026/04/22 16:54:49,3.3507,18.78
2026/04/22 16:59:49,3.3521,18.77
2026/04/22 17:04:50,3.3545,18.78
2026/04/22 17:09:50,3.3555,18.79
2026/04/22 17:14:51,3.3504,18.80
2026/04/22 17:19:51,3.3507,18.79
2026/04/22 17:24:52,3.3484,18.81
2026/04/22 17:29:53,3.3532,18.80
2026/04/22 17:34:53,3.3546,18.80
2026/04/22 17:39:54,3.3520,18.83
2026/04/22 17:44:54,3.3545,18.83
2026/04/22 17:49:55,3.3520,18.83
2026/04/22 17:54:55,3.3559,18.81
2026/04/22 17:59:56,3.3552,18.84
2026/04/22 18:04:56,3.3562,18.85
2026/04/22 18:09:57,3.3561,18.83
2026/04/22 18:14:57,3.3532,18.86
2026/04/22 18:19:58,3.3546,18.86
2026/04/22 18:24:58,3.3540,18.86
2026/04/22 18:29:59,3.3541,18.86
2026/04/22 18:34:59,3.3537,18.88
2026/04/22 18:40:00,3.3562,18.88
2026/04/22 18:45:00,3.3588,18.88
2026/04/22 18:50:01,3.3553,18.88
2026/04/22 18:55:01,3.3565,18.87
2026/04/22 19:00:02,3.3597,18.88
2026/04/22 19:05:02,3.3587,18.89
2026/04/22 19:10:03,3.3513,18.88
2026/04/22 19:15:03,3.3536,18.88
2026/04/22 19:20:04,3.3595,18.88
2026/04/22 19:25:04,3.3562,18.89
2026/04/22 19:30:05,3.3533,18.89
2026/04/22 19:35:05,3.3565,18.89
2026/04/22 19:40:06,3.3543,18.89
2026/04/22 19:45:06,3.3614,18.88
2026/04/22 19:50:07,3.3565,18.88
2026/04/22 19:55:07,3.3572,18.87
2026/04/22 20:00:08,3.3537,18.88
2026/04/22 20:05:08,3.3523,18.87
2026/04/22 20:10:09,3.3543,18.87
2026/04/22 20:15:09,3.3542,18.86
2026/04/22 20:20:10,3.3588,18.85
2026/04/22 20:25:10,3.3630,18.84
2026/04/22 20:30:11,3.3657,18.84
2026/04/22 20:35:11,3.3605,18.83
2026/04/22 20:40:12,3.3582,18.84
2026/04/22 20:45:12,3.3590,18.81
2026/04/22 20:50:13,3.3550,18.81
2026/04/22 20:55:13,3.3613,18.80
2026/04/22 21:00:14,3.3556,18.79
2026/04/22 21:05:14,3.3590,18.79
2026/04/22 21:10:15,3.3622,18.78
2026/04/22 21:15:15,3.3605,18.77
2026/04/22 21:20:16,3.3609,18.76
2026/04/22 21:25:16,3.3613,18.75
2026/04/22 21:30:17,3.3648,18.75
2026/04/22 21:35:17,3.3670,18.74
2026/04/22 21:40:18,3.3636,18.73
2026/04/22 21:45:18,3.3695,18.73
2026/04/22 21:50:19,3.3726,18.71
2026/04/22 21:55:19,3.3772,18.71
2026/04/22 22:00:20,3.3814,18.71
2026/04/22 22:05:20,3.3866,18.71
2026/04/22 22:10:21,3.3899,18.70
2026/04/22 22:15:21,3.3897,18.70
2026/04/22 22:20:22,3.3918,18.69
2026/04/22 22:25:22,3.3976,18.69
2026/04/22 22:30:23,3.3974,18.68
2026/04/22 22:35:23,3.3953,18.68
2026/04/22 22:40:24,3.3951,18.68
2026/04/22 22:45:24,3.4022,18.68
2026/04/22 22:50:25,3.4034,18.67
2026/04/22 22:55:25,3.4018,18.67
2026/04/22 23:00:26,3.4031,18.66
2026/04/22 23:05:26,3.4085,18.66
2026/04/22 23:10:27,3.4115,18.66
2026/04/22 23:15:27,3.4121,18.66
2026/04/22 23:20:28,3.4149,18.65
2026/04/22 23:25:28,3.4157,18.66
2026/04/22 23:30:29,3.4161,18.65
2026/04/22 23:35:29,3.4202,18.67
2026/04/22 23:40:30,3.4208,18.66
2026/04/22 23:45:30,3.4233,18.66
2026/04/22 23:50:31,3.4270,18.66
2026/04/22 23:55:31,3.4280,18.66
2026/04/23 00:00:32,3.4300,18.66
2026/04/23 00:05:32,3.4274,18.66
2026/04/23 00:10:33,3.4254,18.65
2026/04/23 00:15:33,3.4269,18.65
2026/04/23 00:20:34,3.4282,18.66
2026/04/23 00:25:34,3.4281,18.65
2026/04/23 00:30:34,3.4304,18.67
2026/04/23 00:35:35,3.4282,18.66
2026/04/23 00:40:35,3.4268,18.66
2026/04/23 00:45:36,3.4293,18.67
2026/04/23 00:50:36,3.4285,18.67
2026/04/23 00:55:37,3.4169,18.67
2026/04/23 01:00:37,3.4091,18.67
2026/04/23 01:05:38,3.4055,18.67
2026/04/23 01:10:38,3.4017,18.68
2026/04/23 01:15:39,3.3980,18.68
2026/04/23 01:20:39,3.3955,18.67
2026/04/23 01:25:40,3.3923,18.68
2026/04/23 01:30:40,3.3891,18.70
2026/04/23 01:35:41,3.3847,18.69
2026/04/23 01:40:41,3.3824,18.70
2026/04/23 01:45:42,3.3775,18.70
2026/04/23 01:50:42,3.3738,18.68
2026/04/23 01:55:43,3.3711,18.70
2026/04/23 02:00:44,3.3656,18.71
2026/04/23 02:05:44,3.3647,18.70
2026/04/23 02:10:45,3.3639,18.70
2026/04/23 02:15:45,3.3581,18.71
2026/04/23 02:20:46,3.3540,18.71
2026/04/23 02:25:46,3.3541,18.69
2026/04/23 02:30:47,3.3515,18.70
2026/04/23 02:35:47,3.3464,18.71
2026/04/23 02:40:48,3.3476,18.72
2026/04/23 02:45:48,3.3433,18.71
2026/04/23 02:50:49,3.3397,18.71
2026/04/23 02:55:49,3.3360,18.71
2026/04/23 03:00:50,3.3344,18.72
2026/04/23 03:05:50,3.3299,18.71
2026/04/23 03:10:51,3.3348,18.71
2026/04/23 03:15:51,3.3338,18.71
2026/04/23 03:20:52,3.3288,18.72
2026/04/23 03:25:52,3.3281,18.73
2026/04/23 03:30:53,3.3217,18.72
2026/04/23 03:35:53,3.3163,18.73
2026/04/23 03:40:54,3.3157,18.73
2026/04/23 03:45:54,3.3155,18.73
2026/04/23 03:50:55,3.3153,18.72
2026/04/23 03:55:55,3.3133,18.73
2026/04/23 04:00:56,3.3053,18.73
2026/04/23 04:05:56,3.3057,18.73
2026/04/23 04:10:57,3.3034,18.75
2026/04/23 04:15:57,3.2964,18.75
2026/04/23 04:20:58,3.3017,18.75
2026/04/23 04:25:58,3.2995,18.75
2026/04/23 04:30:59,3.2977,18.75
2026/04/23 04:35:59,3.2946,18.75
2026/04/23 04:41:00,3.2918,18.78
2026/04/23 04:46:00,3.2884,18.76
2026/04/23 04:51:01,3.2861,18.76
2026/04/23 04:56:01,3.2837,18.77
2026/04/23 05:01:02,3.2809,18.77
2026/04/23 05:06:02,3.2783,18.77
2026/04/23 05:11:03,3.2751,18.77
2026/04/23 05:16:03,3.2729,18.79
2026/04/23 05:21:04,3.2730,18.77
2026/04/23 05:26:04,3.2683,18.78
2026/04/23 05:31:05,3.2710,18.77
2026/04/23 05:36:05,3.2699,18.78
2026/04/23 05:41:06,3.2640,18.79
2026/04/23 05:46:06,3.2623,18.80
2026/04/23 05:51:07,3.2580,18.79
2026/04/23 05:56:07,3.2570,18.80
2026/04/23 06:01:08,3.2555,18.81
2026/04/23 06:06:08,3.2515,18.82
2026/04/23 06:11:09,3.2480,18.79
2026/04/23 06:16:09,3.2457,18.81
2026/04/23 06:21:10,3.2439,18.80
2026/04/23 06:26:10,3.2431,18.81
2026/04/23 06:31:11,3.2428,18.82
2026/04/23 06:36:11,3.2378,18.82
2026/04/23 06:41:12,3.2341,18.82
2026/04/23 06:46:12,3.2407,18.80
2026/04/23 06:51:13,3.2427,18.82
2026/04/23 06:56:13,3.2361,18.83
2026/04/23 07:01:14,3.2333,18.83
2026/04/23 07:06:14,3.2312,18.83
2026/04/23 07:11:14,3.2249,18.84
2026/04/23 07:16:15,3.2217,18.84
2026/04/23 07:21:15,3.2253,18.84
2026/04/23 07:26:16,3.2223,18.84
2026/04/23 07:31:16,3.2294,18.85
2026/04/23 07:36:16,3.2208,18.84
2026/04/23 07:41:17,3.2205,18.84
2026/04/23 07:46:17,3.2152,18.86
2026/04/23 07:51:18,3.2149,18.86
2026/04/23 07:56:18,3.2114,18.86
2026/04/23 08:01:19,3.2099,18.86
2026/04/23 08:06:19,3.2119,18.85
2026/04/23 08:11:20,3.2110,18.86
2026/04/23 08:16:20,3.2136,18.87
2026/04/23 08:21:21,3.2144,18.86
2026/04/23 08:26:21,3.2154,18.86
2026/04/23 08:31:22,3.2135,18.88
2026/04/23 08:36:22,3.2122,18.87
2026/04/23 08:41:23,3.2114,18.88
2026/04/23 08:46:23,3.2135,18.89
2026/04/23 08:51:24,3.2152,18.88
2026/04/23 08:56:25,3.2258,18.88
2026/04/23 09:01:25,3.2474,18.90
2026/04/23 09:06:26,3.2753,18.90
2026/04/23 09:11:26,3.3063,18.89
2026/04/23 09:16:27,3.3346,18.88
2026/04/23 09:21:27,3.3605,18.88
2026/04/23 09:26:28,3.3890,18.88
2026/04/23 09:31:28,3.4072,18.88
2026/04/23 09:36:29,3.4254,18.89
2026/04/23 09:41:29,3.4501,18.90
2026/04/23 09:46:30,3.4613,18.89
2026/04/23 09:51:30,3.4664,18.89
2026/04/23 09:56:31,3.4786,18.90
2026/04/23 10:01:31,3.4877,18.90
2026/04/23 10:06:31,3.4928,18.89
2026/04/23 10:11:32,3.4937,18.91
2026/04/23 10:16:32,3.5007,18.94
2026/04/23 10:21:33,3.4981,18.93
2026/04/23 10:26:33,3.4954,18.94
2026/04/23 10:31:34,3.4966,18.95
2026/04/23 10:36:34,3.4897,18.96
2026/04/23 10:41:35,3.4884,18.96
2026/04/23 10:46:35,3.4874,18.95
2026/04/23 10:51:36,3.4869,18.95
2026/04/23 10:56:36,3.4844,18.94
2026/04/23 11:01:37,3.4838,18.94
2026/04/23 11:06:37,3.4793,18.94
2026/04/23 11:11:38,3.4726,18.94
2026/04/23 11:16:38,3.4714,18.94
2026/04/23 11:21:39,3.4684,18.95
2026/04/23 11:26:39,3.4675,18.94
2026/04/23 11:31:40,3.4657,18.95
2026/04/23 11:36:40,3.4662,18.94
2026/04/23 11:41:41,3.4655,18.95
2026/04/23 11:46:41,3.4647,18.95
2026/04/23 11:51:42,3.4632,18.96
2026/04/23 11:56:42,3.4639,18.96
2026/04/23 12:01:43,3.4680,18.96
2026/04/23 12:06:43,3.4702,18.96
2026/04/23 12:11:43,3.4653,18.96
2026/04/23 12:16:44,3.4529,18.96
2026/04/23 12:21:44,3.4469,18.96
2026/04/23 12:26:45,3.4449,18.96
2026/04/23 12:31:45,3.4467,18.96
2026/04/23 12:36:46,3.4487,18.96
2026/04/23 12:41:46,3.4464,18.96
2026/04/23 12:46:47,3.4484,18.95
2026/04/23 12:51:47,3.4443,18.95
2026/04/23 12:56:48,3.4367,18.95
2026/04/23 13:01:48,3.4369,18.95
2026/04/23 13:06:49,3.4379,18.94
2026/04/23 13:11:49,3.4386,18.94
2026/04/23 13:16:50,3.4369,18.94
2026/04/23 13:21:50,3.4367,18.93
2026/04/23 13:26:51,3.4337,18.93
2026/04/23 13:31:51,3.4324,18.93
2026/04/23 13:36:51,3.4307,18.92
2026/04/23 13:41:52,3.4327,18.92
2026/04/23 13:46:52,3.4365,18.92
2026/04/23 13:51:53,3.4398,18.91
2026/04/23 13:56:53,3.4385,18.91
2026/04/23 14:01:54,3.4337,18.90
2026/04/23 14:06:54,3.4338,18.90
2026/04/23 14:11:55,3.4300,18.91
2026/04/23 14:16:55,3.4246,18.89
2026/04/23 14:21:56,3.4257,18.89
2026/04/23 14:26:56,3.4270,18.88
2026/04/23 14:31:57,3.4265,18.89
2026/04/23 14:36:57,3.4260,18.88
2026/04/23 14:41:58,3.4271,18.86
2026/04/23 14:46:59,3.4306,18.86
2026/04/23 14:51:59,3.4265,18.86
2026/04/23 14:57:00,3.4243,18.86
2026/04/23 15:02:00,3.4260,18.85
2026/04/23 15:07:01,3.4290,18.84
2026/04/23 15:12:01,3.4234,18.84
2026/04/23 15:17:02,3.4234,18.84
2026/04/23 15:22:03,3.4208,18.83
2026/04/23 15:27:03,3.4202,18.82
2026/04/23 15:32:04,3.4183,18.82
2026/04/23 15:37:04,3.4186,18.80
2026/04/23 15:42:05,3.4186,18.80
2026/04/23 15:47:05,3.4207,18.80
2026/04/23 15:52:06,3.4196,18.80
2026/04/23 15:57:06,3.4199,18.79
2026/04/23 16:02:07,3.4186,18.79
2026/04/23 16:07:07,3.4176,18.79
2026/04/23 16:12:08,3.4176,18.77
2026/04/23 16:17:08,3.4181,18.77
2026/04/23 16:22:09,3.4159,18.77
2026/04/23 16:27:09,3.4161,18.75
2026/04/23 16:32:10,3.4189,18.75
2026/04/23 16:37:10,3.4224,18.74
2026/04/23 16:42:11,3.4148,18.74
2026/04/23 16:47:11,3.4162,18.73
2026/04/23 16:52:12,3.4178,18.73
2026/04/23 16:57:12,3.4185,18.72
2026/04/23 17:02:13,3.4169,18.71
2026/04/23 17:07:13,3.4193,18.72
2026/04/23 17:12:14,3.4204,18.70
2026/04/23 17:17:14,3.4163,18.70
2026/04/23 17:22:15,3.4118,18.67
2026/04/23 17:27:15,3.4150,18.68
2026/04/23 17:32:16,3.4159,18.66
2026/04/23 17:37:16,3.4137,18.66
2026/04/23 17:42:17,3.4114,18.64
2026/04/23 17:47:17,3.4089,18.63
2026/04/23 17:52:18,3.4085,18.63
2026/04/23 17:57:18,3.4054,18.59
2026/04/23 18:02:19,3.4063,18.61
2026/04/23 18:07:19,3.4046,18.60
2026/04/23 18:12:20,3.4052,18.58
2026/04/23 18:17:20,3.4017,18.59
2026/04/23 18:22:21,3.4042,18.57
2026/04/23 18:27:21,3.4047,18.55
2026/04/23 18:32:22,3.4030,18.54
2026/04/23 18:37:22,3.4000,18.54
2026/04/23 18:42:23,3.4000,18.52
2026/04/23 18:47:23,3.4020,18.52
2026/04/23 18:52:24,3.4013,18.52
2026/04/23 18:57:24,3.3968,18.50
2026/04/23 19:02:25,3.3940,18.51
2026/04/23 19:07:25,3.3990,18.48
2026/04/23 19:12:26,3.4031,18.46
2026/04/23 19:17:26,3.4026,18.46
2026/04/23 19:22:27,3.3986,18.46
2026/04/23 19:27:27,3.3976,18.46
2026/04/23 19:32:28,3.3975,18.44
2026/04/23 19:37:28,3.3931,18.41
2026/04/23 19:42:29,3.3942,18.41
2026/04/23 19:47:29,3.3970,18.41
2026/04/23 19:52:30,3.3981,18.41
2026/04/23 19:57:30,3.3943,18.39
2026/04/23 20:02:31,3.3957,18.39
2026/04/23 20:07:31,3.3970,18.39
2026/04/23 20:12:32,3.3953,18.37
2026/04/23 20:17:32,3.3964,18.36
2026/04/23 20:22:33,3.3959,18.36
2026/04/23 20:27:33,3.3953,18.35
2026/04/23 20:32:34,3.3962,18.35
2026/04/23 20:37:34,3.3956,18.36
2026/04/23 20:42:35,3.3914,18.34
2026/04/23 20:47:35,3.3947,18.33
2026/04/23 20:52:36,3.3901,18.32
2026/04/23 20:57:36,3.3895,18.32
2026/04/23 21:02:37,3.3880,18.32
2026/04/23 21:07:37,3.3899,18.31
2026/04/23 21:12:38,3.3876,18.31
2026/04/23 21:17:38,3.3857,18.30
2026/04/23 21:22:39,3.3850,18.30
2026/04/23 21:27:39,3.3819,18.29
2026/04/23 21:32:40,3.3857,18.29
2026/04/23 21:37:40,3.3847,18.29
2026/04/23 21:42:41,3.3817,18.28
2026/04/23 21:47:41,3.3800,18.28
2026/04/23 21:52:42,3.3809,18.27
2026/04/23 21:57:42,3.3822,18.28
2026/04/23 22:02:43,3.3773,18.27
2026/04/23 22:07:43,3.3800,18.27
2026/04/23 22:12:44,3.3814,18.26
2026/04/23 22:17:44,3.3801,18.26
2026/04/23 22:22:45,3.3835,18.27
2026/04/23 22:27:45,3.3771,18.26
2026/04/23 22:32:46,3.3759,18.25
2026/04/23 22:37:46,3.3681,18.25
2026/04/23 22:42:47,3.3679,18.25
2026/04/23 22:47:47,3.3720,18.25
2026/04/23 22:52:48,3.3741,18.25
2026/04/23 22:57:48,3.3728,18.25
2026/04/23 23:02:49,3.3742,18.25
2026/04/23 23:07:49,3.3742,18.24
2026/04/23 23:12:50,3.3764,18.24
2026/04/23 23:17:50,3.3766,18.25
2026/04/23 23:22:51,3.3781,18.24
2026/04/23 23:27:51,3.3803,18.25
2026/04/23 23:32:52,3.3844,18.24
2026/04/23 23:37:52,3.3871,18.24
2026/04/23 23:42:53,3.3867,18.25
2026/04/23 23:47:53,3.3876,18.24
2026/04/23 23:52:54,3.3883,18.25
2026/04/23 23:57:54,3.3911,18.25
2026/04/24 00:02:55,3.3923,18.25
2026/04/24 00:07:55,3.3947,18.25
2026/04/24 00:12:56,3.3938,18.24
2026/04/24 00:17:56,3.3937,18.24
2026/04/24 00:22:57,3.3950,18.25
2026/04/24 00:27:57,3.3919,18.25
2026/04/24 00:32:58,3.3951,18.25
2026/04/24 00:37:58,3.3990,18.25
2026/04/24 00:42:59,3.3949,18.25
2026/04/24 00:47:59,3.3957,18.25
2026/04/24 00:53:00,3.3952,18.25
2026/04/24 00:58:00,3.3895,18.25
2026/04/24 01:03:01,3.3860,18.25
2026/04/24 01:08:01,3.3791,18.25
2026/04/24 01:13:02,3.3774,18.25
2026/04/24 01:18:02,3.3769,18.26
2026/04/24 01:23:03,3.3749,18.26
2026/04/24 01:28:04,3.3704,18.27
2026/04/24 01:33:04,3.3671,18.26
2026/04/24 01:38:05,3.3741,18.27
2026/04/24 01:43:05,3.3741,18.27
2026/04/24 01:48:06,3.3674,18.27
2026/04/24 01:53:06,3.3662,18.26
2026/04/24 01:58:07,3.3607,18.26
2026/04/24 02:03:07,3.3574,18.26
2026/04/24 02:08:08,3.3568,18.27
2026/04/24 02:13:08,3.3544,18.26
2026/04/24 02:18:09,3.3559,18.26
2026/04/24 02:23:09,3.3524,18.27
2026/04/24 02:28:10,3.3476,18.27
2026/04/24 02:33:10,3.3447,18.27
2026/04/24 02:38:11,3.3450,18.27
2026/04/24 02:43:11,3.3415,18.26
2026/04/24 02:48:12,3.3395,18.27
2026/04/24 02:53:12,3.3361,18.27
2026/04/24 02:58:13,3.3328,18.27
2026/04/24 03:03:13,3.3336,18.26
2026/04/24 03:08:14,3.3289,18.27
2026/04/24 03:13:14,3.3243,18.28
2026/04/24 03:18:15,3.3257,18.27
2026/04/24 03:23:15,3.3229,18.27
2026/04/24 03:28:16,3.3229,18.26
2026/04/24 03:33:17,3.3188,18.26
2026/04/24 03:38:17,3.3203,18.26
2026/04/24 03:43:18,3.3136,18.27
2026/04/24 03:48:18,3.3079,18.27
2026/04/24 03:53:19,3.3100,18.27
2026/04/24 03:58:19,3.3093,18.28
2026/04/24 04:03:20,3.3096,18.27
2026/04/24 04:08:20,3.3113,18.27
2026/04/24 04:13:21,3.3104,18.27
2026/04/24 04:18:21,3.3071,18.27
2026/04/24 04:23:22,3.2988,18.27
2026/04/24 04:28:22,3.2940,18.27
2026/04/24 04:33:23,3.2974,18.27
2026/04/24 04:38:23,3.2965,18.27
2026/04/24 04:43:24,3.2911,18.27
2026/04/24 04:48:24,3.2881,18.28
2026/04/24 04:53:25,3.2900,18.27
2026/04/24 04:58:25,3.2851,18.27
2026/04/24 05:03:26,3.2818,18.27
2026/04/24 05:08:26,3.2814,18.28
2026/04/24 05:13:27,3.2824,18.28
2026/04/24 05:18:27,3.2824,18.27
2026/04/24 05:23:28,3.2808,18.29
2026/04/24 05:28:28,3.2768,18.29
2026/04/24 05:33:29,3.2747,18.29
2026/04/24 05:38:29,3.2742,18.28
2026/04/24 05:43:30,3.2702,18.27
2026/04/24 05:48:30,3.2692,18.28
2026/04/24 05:53:31,3.2699,18.29
2026/04/24 05:58:31,3.2692,18.28
2026/04/24 06:03:32,3.2636,18.29
2026/04/24 06:08:33,3.2633,18.28
2026/04/24 06:13:33,3.2625,18.29
2026/04/24 06:18:34,3.2566,18.29
2026/04/24 06:23:34,3.2577,18.28
2026/04/24 06:28:35,3.2553,18.30
2026/04/24 06:33:35,3.2567,18.30
2026/04/24 06:38:36,3.2539,18.31
2026/04/24 06:43:36,3.2531,18.30
2026/04/24 06:48:37,3.2543,18.31
2026/04/24 06:53:37,3.2516,18.33
2026/04/24 06:58:38,3.2525,18.32
2026/04/24 07:03:39,3.2560,18.32
2026/04/24 07:08:39,3.2518,18.33
2026/04/24 07:13:40,3.2465,18.32
2026/04/24 07:18:40,3.2406,18.34
2026/04/24 07:23:41,3.2383,18.32
2026/04/24 07:28:41,3.2344,18.34
2026/04/24 07:33:42,3.2358,18.34
2026/04/24 07:38:42,3.2330,18.34
2026/04/24 07:43:43,3.2322,18.34
2026/04/24 07:48:43,3.2316,18.36
2026/04/24 07:53:44,3.2309,18.36
2026/04/24 07:58:44,3.2286,18.36
2026/04/24 08:03:45,3.2272,18.37
2026/04/24 08:08:45,3.2245,18.38
2026/04/24 08:13:46,3.2220,18.38
2026/04/24 08:18:46,3.2213,18.39
2026/04/24 08:23:47,3.2185,18.40
2026/04/24 08:28:47,3.2167,18.41
2026/04/24 08:33:48,3.2129,18.41
2026/04/24 08:38:48,3.2095,18.41
2026/04/24 08:43:49,3.2089,18.42
2026/04/24 08:48:49,3.2076,18.43
2026/04/24 08:53:50,3.2023,18.45
2026/04/24 08:58:50,3.1897,18.45
2026/04/24 09:03:51,3.1657,18.46
2026/04/24 09:08:51,3.1423,18.46
2026/04/24 09:13:52,3.1217,18.46
2026/04/24 09:18:52,3.1096,18.48
2026/04/24 09:23:53,3.1017,18.48
2026/04/24 09:28:53,3.0886,18.49
2026/04/24 09:33:53,3.0738,18.50
2026/04/24 09:38:54,3.0674,18.50
2026/04/24 09:43:54,3.0658,18.51
2026/04/24 09:48:55,3.0582,18.51
2026/04/24 09:53:55,3.0516,18.53
2026/04/24 09:58:56,3.0385,18.53
2026/04/24 10:03:56,3.0221,18.54
2026/04/24 10:08:57,3.0117,18.54
2026/04/24 10:13:57,3.0103,18.55
2026/04/24 10:18:58,3.0152,18.56
2026/04/24 10:23:58,3.0106,18.58
2026/04/24 10:28:59,3.0025,18.57
2026/04/24 10:33:59,2.9912,18.56
2026/04/24 10:39:00,2.9905,18.67
2026/04/24 10:44:00,2.9900,18.64
2026/04/24 10:49:01,2.9856,18.70
2026/04/24 10:54:01,2.9850,18.63
2026/04/24 10:59:02,2.9906,18.61
2026/04/24 11:04:02,2.9814,18.60
2026/04/24 11:09:03,2.9941,18.57
2026/04/24 11:14:03,2.9964,18.56
2026/04/24 11:19:04,2.9947,18.57
2026/04/24 11:24:04,2.9987,18.56
2026/04/24 11:29:05,2.9973,18.56
2026/04/24 11:34:05,3.0144,18.55
2026/04/24 11:39:06,3.0293,18.55
2026/04/24 11:44:06,3.0294,18.56
2026/04/24 11:49:07,3.0141,18.56
2026/04/24 11:54:07,2.9999,18.56
2026/04/24 11:59:08,2.9954,18.57
2026/04/24 12:04:08,2.9953,18.57
2026/04/24 12:09:09,3.0059,18.57
2026/04/24 12:14:09,3.0170,18.58
2026/04/24 12:19:10,3.0161,18.60
2026/04/24 12:24:10,3.0128,18.65
2026/04/24 12:29:11,3.0110,18.64
2026/04/24 12:34:11,3.0157,18.65
2026/04/24 12:39:12,3.0259,18.62
2026/04/24 12:44:12,3.0244,18.64
2026/04/24 12:49:13,3.0242,18.64
2026/04/24 12:54:13,3.0275,18.61
2026/04/24 12:59:14,3.0233,18.63
2026/04/24 13:04:14,3.0294,18.63
2026/04/24 13:09:15,3.0308,18.64
2026/04/24 13:14:15,3.0236,18.75
2026/04/24 13:19:16,3.0254,18.71
2026/04/24 13:24:16,3.0285,18.68
2026/04/24 13:29:17,3.0249,18.67
2026/04/24 13:34:17,3.0398,18.67
2026/04/24 13:39:18,3.0423,18.68